source,target,source_label,target_label,source_type,target_type,distance,source_base_queriability,pairwise_influence
schema:root,schema:root,EHR Schema,EHR Schema,root,root,0.0,0.02,0.02
family:openEHR-EHR-COMPOSITION.outpatient_high_complexity_procedures.v1,schema:root,openEHR-EHR-COMPOSITION.outpatient_high_complexity_procedures.v1,EHR Schema,composition_family,root,5.114493259294764,0.02,0.0006713953646121443
group:openEHR-EHR-COMPOSITION.outpatient_high_complexity_procedures.v1::HCPA,schema:root,HCPA,EHR Schema,canonical_group,root,17.913080490639956,0.02,2.403243275849054e-07
subgroup:openEHR-EHR-COMPOSITION.outpatient_high_complexity_procedures.v1::HCPA::components_/_General_data,schema:root,components / General data,EHR Schema,canonical_subgroup,root,21.665361295767944,0.02,2.3466532961772855e-08
field:cf_5cd62eaa6e16a8,schema:root,issue date,EHR Schema,field,root,26.55796092854883,0.5096153846153846,3.059119266605648e-08
field:cf_775d9002cb4e7b,schema:root,reason for encounter,EHR Schema,field,root,26.461938146852027,0.425,2.7076850733061802e-08
field:cf_b87e8363f020f7,schema:root,healthcare unit,EHR Schema,field,root,26.815807632087402,0.425,2.1742743408974922e-08
field:cf_8b431261fa7dca,schema:root,State,EHR Schema,field,root,27.751561936005988,0.425,1.2171685540837375e-08
field:cf_16800b2d3f5ef6,schema:root,patient age,EHR Schema,field,root,26.038597418217403,0.49038461538461536,4.061962165020697e-08
group:openEHR-EHR-COMPOSITION.outpatient_high_complexity_procedures.v1::Patient_discharge,schema:root,Patient discharge,EHR Schema,canonical_group,root,10.254039488230225,0.02,2.7739004252637325e-05
subgroup:openEHR-EHR-COMPOSITION.outpatient_high_complexity_procedures.v1::Patient_discharge::Components,schema:root,Components,EHR Schema,canonical_subgroup,root,11.254039488230225,0.02,1.492204304212127e-05
field:cf_469c691048a0ce,schema:root,date of discharge,EHR Schema,field,root,13.217419183580438,0.4168269230769231,9.781789529040956e-05
field:cf_49533263f29569,schema:root,reason for discharge,EHR Schema,field,root,13.292051815899715,0.39375,8.822412165436272e-05
group:openEHR-EHR-COMPOSITION.outpatient_high_complexity_procedures.v1::Problem/Diagnosis,schema:root,Problem/Diagnosis,EHR Schema,canonical_group,root,15.109197565360944,0.02,1.3670313770513878e-06
subgroup:openEHR-EHR-COMPOSITION.outpatient_high_complexity_procedures.v1::Problem/Diagnosis::structure,schema:root,structure,EHR Schema,canonical_subgroup,root,19.75251088065968,0.02,7.682595464709494e-08
field:cf_bd9db9ae67063d,schema:root,Problem,EHR Schema,field,root,23.526188134223066,0.425,1.6714206746761797e-07
field:cf_4e7e8ca2916a1e,schema:root,Secondary Diagnosis,EHR Schema,field,root,23.053523156860614,0.425,2.2405609399758117e-07
field:cf_0a229c157b8d2a,schema:root,Associated causes,EHR Schema,field,root,23.31977438990537,0.425,1.8996135859282604e-07
group:openEHR-EHR-COMPOSITION.outpatient_high_complexity_procedures.v1::Procedure_undertaken,schema:root,Procedure undertaken,EHR Schema,canonical_group,root,20.12186305077616,0.02,6.110197493943438e-08
subgroup:openEHR-EHR-COMPOSITION.outpatient_high_complexity_procedures.v1::Procedure_undertaken::Procedure_list,schema:root,Procedure list,EHR Schema,canonical_subgroup,root,21.12186305077616,0.02,3.286946754471795e-08
field:cf_0b6364bb149692,schema:root,Procedure,EHR Schema,field,root,24.849238362092265,0.39375,6.818196138950171e-08
field:cf_af0c9a7d79fe64,schema:root,Invaded regional linphonodes,EHR Schema,field,root,26.342636057136367,0.23173076923076924,1.589704898192128e-08
field:cf_e5c01940113606,schema:root,irradiated area 1,EHR Schema,field,root,30.109900796477774,0.1610576923076923,1.068884704646786e-09
field:cf_fc5be63ab59287,schema:root,irradiated area 2,EHR Schema,field,root,25.264601027937044,0.31490384615384615,4.214880500625998e-08
field:cf_821e1930333a5c,schema:root,irradiated area 3,EHR Schema,field,root,34.109900796477774,0.10336538461538461,5.744790562673421e-11
field:cf_c9b3a708f95249,schema:root,fields/insertions 1,EHR Schema,field,root,28.488978337559132,0.1923076923076923,3.486581392928782e-09
field:cf_bbec72e0a270f7,schema:root,fields/insertions 2,EHR Schema,field,root,26.903374634061795,0.23557692307692307,1.1415097858450589e-08
family:openEHR-EHR-COMPOSITION.hospitalisation.v1,schema:root,openEHR-EHR-COMPOSITION.hospitalisation.v1,EHR Schema,composition_family,root,2.401683351969219,0.02,0.0036094125985381385
group:openEHR-EHR-COMPOSITION.hospitalisation.v1::Patient_discharge,schema:root,Patient discharge,EHR Schema,canonical_group,root,10.52766703177675,0.02,2.3410635824644472e-05
subgroup:openEHR-EHR-COMPOSITION.hospitalisation.v1::Patient_discharge::Components,schema:root,Components,EHR Schema,canonical_subgroup,root,11.52766703177675,0.02,1.2593621322422107e-05
field:cf_79ed78f34fef6f,schema:root,date of discharge,EHR Schema,field,root,13.971686134859702,0.8854166666666666,0.0001301710415460919
field:cf_be52992cb12705,schema:root,hospital infection,EHR Schema,field,root,20.01099943010398,0.13541666666666666,4.7084475232208675e-07
field:cf_1285e1e2c004f2,schema:root,claim reason,EHR Schema,field,root,14.790671895354533,0.39375,3.4838948284074394e-05
field:cf_80f721f9446bd3,schema:root,death indicator,EHR Schema,field,root,16.23147187104886,0.39375,1.4259737113444698e-05
group:openEHR-EHR-COMPOSITION.hospitalisation.v1::Authorization_for_hospital_admission,schema:root,Authorization for hospital admission,EHR Schema,canonical_group,root,6.9232847559114195,0.02,0.0002187451716543438
subgroup:openEHR-EHR-COMPOSITION.hospitalisation.v1::Authorization_for_hospital_admission::Components,schema:root,Components,EHR Schema,canonical_subgroup,root,7.9232847559114195,0.02,0.00011767274834214648
field:cf_ba8421601b1980,schema:root,Issue date,EHR Schema,field,root,9.611161533727312,0.9270833333333334,0.0020352209274058543
field:cf_ba09c313b94cba,schema:root,ICU - Total,EHR Schema,field,root,10.377033497328659,0.39375,0.0005376413871546506
group:openEHR-EHR-COMPOSITION.hospitalisation.v1::Patient_admission,schema:root,Patient admission,EHR Schema,canonical_group,root,9.255896673312947,0.02,5.150547247979437e-05
subgroup:openEHR-EHR-COMPOSITION.hospitalisation.v1::Patient_admission::Tree,schema:root,Tree,EHR Schema,canonical_subgroup,root,12.952381344405321,0.02,5.206290300475255e-06
field:cf_3db72fcc22b158,schema:root,Patient class,EHR Schema,field,root,21.499316779327778,0.13541666666666666,1.8712403210205652e-07
subgroup:openEHR-EHR-COMPOSITION.hospitalisation.v1::Patient_admission::Tree_/_Assigned_patient_location_/_Facility,schema:root,Tree / Assigned patient location / Facility,EHR Schema,canonical_subgroup,root,11.571968968314337,0.02,1.2252417210939293e-05
field:cf_9449e602105d68,schema:root,Universal ID,EHR Schema,field,root,12.571968968314337,0.7395833333333334,0.0002589674954640903
subgroup:openEHR-EHR-COMPOSITION.hospitalisation.v1::Patient_admission::Tree_/_Assigned_patient_location_/_Address,schema:root,Tree / Assigned patient location / Address,EHR Schema,canonical_subgroup,root,12.614901161281722,0.02,6.417991903952168e-06
field:cf_1d8359b2d21168,schema:root,State/province,EHR Schema,field,root,13.614901161281722,0.4875,8.941495230494276e-05
field:cf_10f7d6c8e1d5c5,schema:root,Admission type,EHR Schema,field,root,17.71978922027266,0.39375,5.667132302576464e-06
field:cf_2a67f6f1c22886,schema:root,Hospital service,EHR Schema,field,root,15.87841782367894,0.59375,2.6764480504606485e-05
field:cf_22f759c45e42f4,schema:root,Admit date/time,EHR Schema,field,root,15.53307424254153,0.9583333333333334,5.351307323972046e-05
group:openEHR-EHR-COMPOSITION.hospitalisation.v1::Problem/Diagnosis,schema:root,Problem/Diagnosis,EHR Schema,canonical_group,root,5.643521423968254,0.02,0.00048364961972213673
subgroup:openEHR-EHR-COMPOSITION.hospitalisation.v1::Problem/Diagnosis::structure,schema:root,structure,EHR Schema,canonical_subgroup,root,6.643521423968254,0.02,0.000260176622674303
field:cf_2db2fd852fb674,schema:root,Problem,EHR Schema,field,root,8.682710550237195,0.9583333333333334,0.003741161758921975
field:cf_49398dcbba5447,schema:root,Secondary Diagnosis,EHR Schema,field,root,8.60581016883836,1.0815217391304348,0.004428243976563458
group:openEHR-EHR-COMPOSITION.hospitalisation.v1::Procedure_undertaken,schema:root,Procedure undertaken,EHR Schema,canonical_group,root,7.366563037790373,0.02,0.00016618056161540748
subgroup:openEHR-EHR-COMPOSITION.hospitalisation.v1::Procedure_undertaken::Procedure_list,schema:root,Procedure list,EHR Schema,canonical_subgroup,root,8.366563037790373,0.02,8.939590875736753e-05
field:cf_18704e514938d4,schema:root,Procedure,EHR Schema,field,root,9.366563037790373,0.6770833333333334,0.001729800950684257
family:openEHR-EHR-COMPOSITION.demographic_data.v1,schema:root,openEHR-EHR-COMPOSITION.demographic_data.v1,EHR Schema,composition_family,root,2.576638336158122,0.02,0.0032383791873584014
group:openEHR-EHR-COMPOSITION.demographic_data.v1::Demographic_data,schema:root,Demographic data,EHR Schema,canonical_group,root,3.576638336158122,0.02,0.0017420680706618143
subgroup:openEHR-EHR-COMPOSITION.demographic_data.v1::Demographic_data::components,schema:root,components,EHR Schema,canonical_subgroup,root,4.576638336158123,0.02,0.0009371358285238089
field:cf_7f3b6795a0e812,schema:root,birth date,EHR Schema,field,root,7.5613471001975885,1.09375,0.008557544624306938
field:cf_e7551706658b4a,schema:root,gender,EHR Schema,field,root,8.700497140159605,0.39375,0.001520271646575837
field:cf_19e1b0f55ef007,schema:root,race,EHR Schema,field,root,15.359953829495023,0.1846590909090909,1.147965511826446e-05
field:cf_4122372d727029,schema:root,ethnic group,EHR Schema,field,root,19.359953829495023,0.1846590909090909,9.61343348289427e-07
field:cf_7ab0248b87b82e,schema:root,educational level,EHR Schema,field,root,10.5683110087883,0.39375,0.00047751697745841557
field:cf_eee397355aecbe,schema:root,nationality,EHR Schema,field,root,11.902193515153176,0.39375,0.0002088450438991981
schema:root,family:openEHR-EHR-COMPOSITION.outpatient_high_complexity_procedures.v1,EHR Schema,openEHR-EHR-COMPOSITION.outpatient_high_complexity_procedures.v1,root,composition_family,5.114493259294764,0.02,0.0006713953646121443
family:openEHR-EHR-COMPOSITION.outpatient_high_complexity_procedures.v1,family:openEHR-EHR-COMPOSITION.outpatient_high_complexity_procedures.v1,openEHR-EHR-COMPOSITION.outpatient_high_complexity_procedures.v1,openEHR-EHR-COMPOSITION.outpatient_high_complexity_procedures.v1,composition_family,composition_family,0.0,0.02,0.02
group:openEHR-EHR-COMPOSITION.outpatient_high_complexity_procedures.v1::HCPA,family:openEHR-EHR-COMPOSITION.outpatient_high_complexity_procedures.v1,HCPA,openEHR-EHR-COMPOSITION.outpatient_high_complexity_procedures.v1,canonical_group,composition_family,12.798587231345193,0.02,5.727160841480929e-06
subgroup:openEHR-EHR-COMPOSITION.outpatient_high_complexity_procedures.v1::HCPA::components_/_General_data,family:openEHR-EHR-COMPOSITION.outpatient_high_complexity_procedures.v1,components / General data,openEHR-EHR-COMPOSITION.outpatient_high_complexity_procedures.v1,canonical_subgroup,composition_family,16.550868036473183,0.02,5.592301454229813e-07
field:cf_5cd62eaa6e16a8,family:openEHR-EHR-COMPOSITION.outpatient_high_complexity_procedures.v1,issue date,openEHR-EHR-COMPOSITION.outpatient_high_complexity_procedures.v1,field,composition_family,21.44346766925407,0.5096153846153846,7.290176674658093e-07
field:cf_775d9002cb4e7b,family:openEHR-EHR-COMPOSITION.outpatient_high_complexity_procedures.v1,reason for encounter,openEHR-EHR-COMPOSITION.outpatient_high_complexity_procedures.v1,field,composition_family,21.347444887557266,0.425,6.452675049063796e-07
field:cf_b87e8363f020f7,family:openEHR-EHR-COMPOSITION.outpatient_high_complexity_procedures.v1,healthcare unit,openEHR-EHR-COMPOSITION.outpatient_high_complexity_procedures.v1,field,composition_family,21.70131437279264,0.425,5.181505754728665e-07
field:cf_8b431261fa7dca,family:openEHR-EHR-COMPOSITION.outpatient_high_complexity_procedures.v1,State,openEHR-EHR-COMPOSITION.outpatient_high_complexity_procedures.v1,field,composition_family,22.637068676711227,0.425,2.900630223533048e-07
field:cf_16800b2d3f5ef6,family:openEHR-EHR-COMPOSITION.outpatient_high_complexity_procedures.v1,patient age,openEHR-EHR-COMPOSITION.outpatient_high_complexity_procedures.v1,field,composition_family,20.924104158922642,0.49038461538461536,9.68004816027819e-07
group:openEHR-EHR-COMPOSITION.outpatient_high_complexity_procedures.v1::Patient_discharge,family:openEHR-EHR-COMPOSITION.outpatient_high_complexity_procedures.v1,Patient discharge,openEHR-EHR-COMPOSITION.outpatient_high_complexity_procedures.v1,canonical_group,composition_family,5.139546228935461,0.02,0.0006610472628130047
subgroup:openEHR-EHR-COMPOSITION.outpatient_high_complexity_procedures.v1::Patient_discharge::Components,family:openEHR-EHR-COMPOSITION.outpatient_high_complexity_procedures.v1,Components,openEHR-EHR-COMPOSITION.outpatient_high_complexity_procedures.v1,canonical_subgroup,composition_family,6.139546228935461,0.02,0.0003556066980174409
field:cf_469c691048a0ce,family:openEHR-EHR-COMPOSITION.outpatient_high_complexity_procedures.v1,date of discharge,openEHR-EHR-COMPOSITION.outpatient_high_complexity_procedures.v1,field,composition_family,8.102925924285675,0.4168269230769231,0.0023310949213220743
field:cf_49533263f29569,family:openEHR-EHR-COMPOSITION.outpatient_high_complexity_procedures.v1,reason for discharge,openEHR-EHR-COMPOSITION.outpatient_high_complexity_procedures.v1,field,composition_family,8.177558556604952,0.39375,0.0021024660295134085
group:openEHR-EHR-COMPOSITION.outpatient_high_complexity_procedures.v1::Problem/Diagnosis,family:openEHR-EHR-COMPOSITION.outpatient_high_complexity_procedures.v1,Problem/Diagnosis,openEHR-EHR-COMPOSITION.outpatient_high_complexity_procedures.v1,canonical_group,composition_family,9.99470430606618,0.02,3.2577678050335697e-05
subgroup:openEHR-EHR-COMPOSITION.outpatient_high_complexity_procedures.v1::Problem/Diagnosis::structure,family:openEHR-EHR-COMPOSITION.outpatient_high_complexity_procedures.v1,structure,openEHR-EHR-COMPOSITION.outpatient_high_complexity_procedures.v1,canonical_subgroup,composition_family,14.63801762136492,0.02,1.8308367009111201e-06
field:cf_bd9db9ae67063d,family:openEHR-EHR-COMPOSITION.outpatient_high_complexity_procedures.v1,Problem,openEHR-EHR-COMPOSITION.outpatient_high_complexity_procedures.v1,field,composition_family,18.411694874928305,0.425,3.983156900445348e-06
field:cf_4e7e8ca2916a1e,family:openEHR-EHR-COMPOSITION.outpatient_high_complexity_procedures.v1,Secondary Diagnosis,openEHR-EHR-COMPOSITION.outpatient_high_complexity_procedures.v1,field,composition_family,17.939029897565852,0.425,5.339473122565029e-06
field:cf_0a229c157b8d2a,family:openEHR-EHR-COMPOSITION.outpatient_high_complexity_procedures.v1,Associated causes,openEHR-EHR-COMPOSITION.outpatient_high_complexity_procedures.v1,field,composition_family,18.205281130610608,0.425,4.52696264777017e-06
group:openEHR-EHR-COMPOSITION.outpatient_high_complexity_procedures.v1::Procedure_undertaken,family:openEHR-EHR-COMPOSITION.outpatient_high_complexity_procedures.v1,Procedure undertaken,openEHR-EHR-COMPOSITION.outpatient_high_complexity_procedures.v1,canonical_group,composition_family,15.007369791481395,0.02,1.4561190776104244e-06
subgroup:openEHR-EHR-COMPOSITION.outpatient_high_complexity_procedures.v1::Procedure_undertaken::Procedure_list,family:openEHR-EHR-COMPOSITION.outpatient_high_complexity_procedures.v1,Procedure list,openEHR-EHR-COMPOSITION.outpatient_high_complexity_procedures.v1,canonical_subgroup,composition_family,16.007369791481395,0.02,7.833111582760167e-07
field:cf_0b6364bb149692,family:openEHR-EHR-COMPOSITION.outpatient_high_complexity_procedures.v1,Procedure,openEHR-EHR-COMPOSITION.outpatient_high_complexity_procedures.v1,field,composition_family,19.7347451027975,0.39375,1.624841992858011e-06
field:cf_af0c9a7d79fe64,family:openEHR-EHR-COMPOSITION.outpatient_high_complexity_procedures.v1,Invaded regional linphonodes,openEHR-EHR-COMPOSITION.outpatient_high_complexity_procedures.v1,field,composition_family,21.228142797841606,0.23173076923076924,3.78842031263763e-07
field:cf_e5c01940113606,family:openEHR-EHR-COMPOSITION.outpatient_high_complexity_procedures.v1,irradiated area 1,openEHR-EHR-COMPOSITION.outpatient_high_complexity_procedures.v1,field,composition_family,24.995407537183013,0.1610576923076923,2.5472554884599516e-08
field:cf_fc5be63ab59287,family:openEHR-EHR-COMPOSITION.outpatient_high_complexity_procedures.v1,irradiated area 2,openEHR-EHR-COMPOSITION.outpatient_high_complexity_procedures.v1,field,composition_family,20.15010776864228,0.31490384615384615,1.0044467323508262e-06
field:cf_821e1930333a5c,family:openEHR-EHR-COMPOSITION.outpatient_high_complexity_procedures.v1,irradiated area 3,openEHR-EHR-COMPOSITION.outpatient_high_complexity_procedures.v1,field,composition_family,28.995407537183013,0.10336538461538461,1.3690390766381524e-09
field:cf_c9b3a708f95249,family:openEHR-EHR-COMPOSITION.outpatient_high_complexity_procedures.v1,fields/insertions 1,openEHR-EHR-COMPOSITION.outpatient_high_complexity_procedures.v1,field,composition_family,23.374485078264367,0.1923076923076923,8.308860207738699e-08
field:cf_bbec72e0a270f7,family:openEHR-EHR-COMPOSITION.outpatient_high_complexity_procedures.v1,fields/insertions 2,openEHR-EHR-COMPOSITION.outpatient_high_complexity_procedures.v1,field,composition_family,21.78888137476703,0.23557692307692307,2.7203280713848676e-07
family:openEHR-EHR-COMPOSITION.hospitalisation.v1,family:openEHR-EHR-COMPOSITION.outpatient_high_complexity_procedures.v1,openEHR-EHR-COMPOSITION.hospitalisation.v1,openEHR-EHR-COMPOSITION.outpatient_high_complexity_procedures.v1,composition_family,composition_family,7.516176611263983,0.02,0.0001798574799413767
group:openEHR-EHR-COMPOSITION.hospitalisation.v1::Patient_discharge,family:openEHR-EHR-COMPOSITION.outpatient_high_complexity_procedures.v1,Patient discharge,openEHR-EHR-COMPOSITION.outpatient_high_complexity_procedures.v1,canonical_group,composition_family,15.642160291071514,0.02,9.823620234555812e-07
subgroup:openEHR-EHR-COMPOSITION.hospitalisation.v1::Patient_discharge::Components,family:openEHR-EHR-COMPOSITION.outpatient_high_complexity_procedures.v1,Components,openEHR-EHR-COMPOSITION.outpatient_high_complexity_procedures.v1,canonical_subgroup,composition_family,16.642160291071512,0.02,5.284561862221795e-07
field:cf_79ed78f34fef6f,family:openEHR-EHR-COMPOSITION.outpatient_high_complexity_procedures.v1,date of discharge,openEHR-EHR-COMPOSITION.outpatient_high_complexity_procedures.v1,field,composition_family,19.086179394154463,0.8854166666666666,5.4622646187988185e-06
field:cf_be52992cb12705,family:openEHR-EHR-COMPOSITION.outpatient_high_complexity_procedures.v1,hospital infection,openEHR-EHR-COMPOSITION.outpatient_high_complexity_procedures.v1,field,composition_family,25.12549268939874,0.13541666666666666,1.9757686510062674e-08
field:cf_1285e1e2c004f2,family:openEHR-EHR-COMPOSITION.outpatient_high_complexity_procedures.v1,claim reason,openEHR-EHR-COMPOSITION.outpatient_high_complexity_procedures.v1,field,composition_family,19.905165154649296,0.39375,1.461919274118113e-06
field:cf_80f721f9446bd3,family:openEHR-EHR-COMPOSITION.outpatient_high_complexity_procedures.v1,death indicator,openEHR-EHR-COMPOSITION.outpatient_high_complexity_procedures.v1,field,composition_family,21.34596513034362,0.39375,5.983700874096591e-07
group:openEHR-EHR-COMPOSITION.hospitalisation.v1::Authorization_for_hospital_admission,family:openEHR-EHR-COMPOSITION.outpatient_high_complexity_procedures.v1,Authorization for hospital admission,openEHR-EHR-COMPOSITION.outpatient_high_complexity_procedures.v1,canonical_group,composition_family,12.037778015206184,0.02,9.17903089250088e-06
subgroup:openEHR-EHR-COMPOSITION.hospitalisation.v1::Authorization_for_hospital_admission::Components,family:openEHR-EHR-COMPOSITION.outpatient_high_complexity_procedures.v1,Components,openEHR-EHR-COMPOSITION.outpatient_high_complexity_procedures.v1,canonical_subgroup,composition_family,13.037778015206184,0.02,4.937808611130528e-06
field:cf_ba8421601b1980,family:openEHR-EHR-COMPOSITION.outpatient_high_complexity_procedures.v1,Issue date,openEHR-EHR-COMPOSITION.outpatient_high_complexity_procedures.v1,field,composition_family,14.725654793022077,0.9270833333333334,8.540236853886992e-05
field:cf_ba09c313b94cba,family:openEHR-EHR-COMPOSITION.outpatient_high_complexity_procedures.v1,ICU - Total,openEHR-EHR-COMPOSITION.outpatient_high_complexity_procedures.v1,field,composition_family,15.491526756623424,0.39375,2.2560620947454727e-05
group:openEHR-EHR-COMPOSITION.hospitalisation.v1::Patient_admission,family:openEHR-EHR-COMPOSITION.outpatient_high_complexity_procedures.v1,Patient admission,openEHR-EHR-COMPOSITION.outpatient_high_complexity_procedures.v1,canonical_group,composition_family,14.370389932607711,0.02,2.161283467193269e-06
subgroup:openEHR-EHR-COMPOSITION.hospitalisation.v1::Patient_admission::Tree,family:openEHR-EHR-COMPOSITION.outpatient_high_complexity_procedures.v1,Tree,openEHR-EHR-COMPOSITION.outpatient_high_complexity_procedures.v1,canonical_subgroup,composition_family,18.066874603700086,0.02,2.1846744841026552e-07
field:cf_3db72fcc22b158,family:openEHR-EHR-COMPOSITION.outpatient_high_complexity_procedures.v1,Patient class,openEHR-EHR-COMPOSITION.outpatient_high_complexity_procedures.v1,field,composition_family,26.613810038622546,0.13541666666666666,7.852137985053411e-09
subgroup:openEHR-EHR-COMPOSITION.hospitalisation.v1::Patient_admission::Tree_/_Assigned_patient_location_/_Facility,family:openEHR-EHR-COMPOSITION.outpatient_high_complexity_procedures.v1,Tree / Assigned patient location / Facility,openEHR-EHR-COMPOSITION.outpatient_high_complexity_procedures.v1,canonical_subgroup,composition_family,16.686462227609102,0.02,5.141385075449185e-07
field:cf_9449e602105d68,family:openEHR-EHR-COMPOSITION.outpatient_high_complexity_procedures.v1,Universal ID,openEHR-EHR-COMPOSITION.outpatient_high_complexity_procedures.v1,field,composition_family,17.686462227609102,0.7395833333333334,1.0866848502487912e-05
subgroup:openEHR-EHR-COMPOSITION.hospitalisation.v1::Patient_admission::Tree_/_Assigned_patient_location_/_Address,family:openEHR-EHR-COMPOSITION.outpatient_high_complexity_procedures.v1,Tree / Assigned patient location / Address,openEHR-EHR-COMPOSITION.outpatient_high_complexity_procedures.v1,canonical_subgroup,composition_family,17.729394420576487,0.02,2.693131259019847e-07
field:cf_1d8359b2d21168,family:openEHR-EHR-COMPOSITION.outpatient_high_complexity_procedures.v1,State/province,openEHR-EHR-COMPOSITION.outpatient_high_complexity_procedures.v1,field,composition_family,18.729394420576487,0.4875,3.7520490315346518e-06
field:cf_10f7d6c8e1d5c5,family:openEHR-EHR-COMPOSITION.outpatient_high_complexity_procedures.v1,Admission type,openEHR-EHR-COMPOSITION.outpatient_high_complexity_procedures.v1,field,composition_family,22.834282479567428,0.39375,2.3780539741209825e-07
field:cf_2a67f6f1c22886,family:openEHR-EHR-COMPOSITION.outpatient_high_complexity_procedures.v1,Hospital service,openEHR-EHR-COMPOSITION.outpatient_high_complexity_procedures.v1,field,composition_family,20.992911082973706,0.59375,1.123096759190306e-06
field:cf_22f759c45e42f4,family:openEHR-EHR-COMPOSITION.outpatient_high_complexity_procedures.v1,Admit date/time,openEHR-EHR-COMPOSITION.outpatient_high_complexity_procedures.v1,field,composition_family,20.647567501836296,0.9583333333333334,2.245526832456152e-06
group:openEHR-EHR-COMPOSITION.hospitalisation.v1::Problem/Diagnosis,family:openEHR-EHR-COMPOSITION.outpatient_high_complexity_procedures.v1,Problem/Diagnosis,openEHR-EHR-COMPOSITION.outpatient_high_complexity_procedures.v1,canonical_group,composition_family,10.758014683263019,0.02,2.0295007048616785e-05
subgroup:openEHR-EHR-COMPOSITION.hospitalisation.v1::Problem/Diagnosis::structure,family:openEHR-EHR-COMPOSITION.outpatient_high_complexity_procedures.v1,structure,openEHR-EHR-COMPOSITION.outpatient_high_complexity_procedures.v1,canonical_subgroup,composition_family,11.758014683263019,0.02,1.0917586152748111e-05
field:cf_2db2fd852fb674,family:openEHR-EHR-COMPOSITION.outpatient_high_complexity_procedures.v1,Problem,openEHR-EHR-COMPOSITION.outpatient_high_complexity_procedures.v1,field,composition_family,13.79720380953196,0.9583333333333334,0.00015698741645027688
field:cf_49398dcbba5447,family:openEHR-EHR-COMPOSITION.outpatient_high_complexity_procedures.v1,Secondary Diagnosis,openEHR-EHR-COMPOSITION.outpatient_high_complexity_procedures.v1,field,composition_family,13.720303428133125,1.0815217391304348,0.00018581890495227214
group:openEHR-EHR-COMPOSITION.hospitalisation.v1::Procedure_undertaken,family:openEHR-EHR-COMPOSITION.outpatient_high_complexity_procedures.v1,Procedure undertaken,openEHR-EHR-COMPOSITION.outpatient_high_complexity_procedures.v1,canonical_group,composition_family,12.481056297085136,0.02,6.9733036723267205e-06
subgroup:openEHR-EHR-COMPOSITION.hospitalisation.v1::Procedure_undertaken::Procedure_list,family:openEHR-EHR-COMPOSITION.outpatient_high_complexity_procedures.v1,Procedure list,openEHR-EHR-COMPOSITION.outpatient_high_complexity_procedures.v1,canonical_subgroup,composition_family,13.481056297085136,0.02,3.7512499221866787e-06
field:cf_18704e514938d4,family:openEHR-EHR-COMPOSITION.outpatient_high_complexity_procedures.v1,Procedure,openEHR-EHR-COMPOSITION.outpatient_high_complexity_procedures.v1,field,composition_family,14.481056297085136,0.6770833333333334,7.258627124944315e-05
family:openEHR-EHR-COMPOSITION.demographic_data.v1,family:openEHR-EHR-COMPOSITION.outpatient_high_complexity_procedures.v1,openEHR-EHR-COMPOSITION.demographic_data.v1,openEHR-EHR-COMPOSITION.outpatient_high_complexity_procedures.v1,composition_family,composition_family,7.691131595452886,0.02,0.00016136883878800233
group:openEHR-EHR-COMPOSITION.demographic_data.v1::Demographic_data,family:openEHR-EHR-COMPOSITION.outpatient_high_complexity_procedures.v1,Demographic data,openEHR-EHR-COMPOSITION.outpatient_high_complexity_procedures.v1,canonical_group,composition_family,8.691131595452886,0.02,7.310102671757272e-05
subgroup:openEHR-EHR-COMPOSITION.demographic_data.v1::Demographic_data::components,family:openEHR-EHR-COMPOSITION.outpatient_high_complexity_procedures.v1,components,openEHR-EHR-COMPOSITION.outpatient_high_complexity_procedures.v1,canonical_subgroup,composition_family,9.691131595452886,0.02,3.932429070517793e-05
field:cf_7f3b6795a0e812,family:openEHR-EHR-COMPOSITION.outpatient_high_complexity_procedures.v1,birth date,openEHR-EHR-COMPOSITION.outpatient_high_complexity_procedures.v1,field,composition_family,12.675840359492351,1.09375,0.0003590934870763285
field:cf_e7551706658b4a,family:openEHR-EHR-COMPOSITION.outpatient_high_complexity_procedures.v1,gender,openEHR-EHR-COMPOSITION.outpatient_high_complexity_procedures.v1,field,composition_family,13.814990399454366,0.39375,6.379395852889317e-05
field:cf_19e1b0f55ef007,family:openEHR-EHR-COMPOSITION.outpatient_high_complexity_procedures.v1,race,openEHR-EHR-COMPOSITION.outpatient_high_complexity_procedures.v1,field,composition_family,20.474447088789788,0.1846590909090909,4.817117021093021e-07
field:cf_4122372d727029,family:openEHR-EHR-COMPOSITION.outpatient_high_complexity_procedures.v1,ethnic group,openEHR-EHR-COMPOSITION.outpatient_high_complexity_procedures.v1,field,composition_family,24.474447088789788,0.1846590909090909,4.034009174013996e-08
field:cf_7ab0248b87b82e,family:openEHR-EHR-COMPOSITION.outpatient_high_complexity_procedures.v1,educational level,openEHR-EHR-COMPOSITION.outpatient_high_complexity_procedures.v1,field,composition_family,15.682804268083064,0.39375,2.0037667824323858e-05
field:cf_eee397355aecbe,family:openEHR-EHR-COMPOSITION.outpatient_high_complexity_procedures.v1,nationality,openEHR-EHR-COMPOSITION.outpatient_high_complexity_procedures.v1,field,composition_family,17.01668677444794,0.39375,8.763599649758827e-06
schema:root,group:openEHR-EHR-COMPOSITION.outpatient_high_complexity_procedures.v1::HCPA,EHR Schema,HCPA,root,canonical_group,17.913080490639956,0.02,2.403243275849054e-07
family:openEHR-EHR-COMPOSITION.outpatient_high_complexity_procedures.v1,group:openEHR-EHR-COMPOSITION.outpatient_high_complexity_procedures.v1::HCPA,openEHR-EHR-COMPOSITION.outpatient_high_complexity_procedures.v1,HCPA,composition_family,canonical_group,12.798587231345193,0.02,5.727160841480929e-06
group:openEHR-EHR-COMPOSITION.outpatient_high_complexity_procedures.v1::HCPA,group:openEHR-EHR-COMPOSITION.outpatient_high_complexity_procedures.v1::HCPA,HCPA,HCPA,canonical_group,canonical_group,0.0,0.02,0.02
subgroup:openEHR-EHR-COMPOSITION.outpatient_high_complexity_procedures.v1::HCPA::components_/_General_data,group:openEHR-EHR-COMPOSITION.outpatient_high_complexity_procedures.v1::HCPA,components / General data,HCPA,canonical_subgroup,canonical_group,3.7522808051279894,0.02,0.0015623242605587468
field:cf_5cd62eaa6e16a8,group:openEHR-EHR-COMPOSITION.outpatient_high_complexity_procedures.v1::HCPA,issue date,HCPA,field,canonical_group,8.644880437908878,0.5096153846153846,0.0020366605727170045
field:cf_775d9002cb4e7b,group:openEHR-EHR-COMPOSITION.outpatient_high_complexity_procedures.v1::HCPA,reason for encounter,HCPA,field,canonical_group,8.548857656212071,0.425,0.0018026872938027073
field:cf_b87e8363f020f7,group:openEHR-EHR-COMPOSITION.outpatient_high_complexity_procedures.v1::HCPA,healthcare unit,HCPA,field,canonical_group,8.902727141447446,0.425,0.0014475600453753166
field:cf_8b431261fa7dca,group:openEHR-EHR-COMPOSITION.outpatient_high_complexity_procedures.v1::HCPA,State,HCPA,field,canonical_group,9.838481445366034,0.425,0.0008103506233033967
field:cf_16800b2d3f5ef6,group:openEHR-EHR-COMPOSITION.outpatient_high_complexity_procedures.v1::HCPA,patient age,HCPA,field,canonical_group,8.125516927577449,0.49038461538461536,0.002704320253111697
group:openEHR-EHR-COMPOSITION.outpatient_high_complexity_procedures.v1::Patient_discharge,group:openEHR-EHR-COMPOSITION.outpatient_high_complexity_procedures.v1::HCPA,Patient discharge,HCPA,canonical_group,canonical_group,17.938133460280653,0.02,2.809865467229104e-07
subgroup:openEHR-EHR-COMPOSITION.outpatient_high_complexity_procedures.v1::Patient_discharge::Components,group:openEHR-EHR-COMPOSITION.outpatient_high_complexity_procedures.v1::HCPA,Components,HCPA,canonical_subgroup,canonical_group,18.938133460280653,0.02,1.2728854724086387e-07
field:cf_469c691048a0ce,group:openEHR-EHR-COMPOSITION.outpatient_high_complexity_procedures.v1::HCPA,date of discharge,HCPA,field,canonical_group,20.901513155630866,0.4168269230769231,8.344097219481796e-07
field:cf_49533263f29569,group:openEHR-EHR-COMPOSITION.outpatient_high_complexity_procedures.v1::HCPA,reason for discharge,HCPA,field,canonical_group,20.976145787950145,0.39375,7.525725696733176e-07
group:openEHR-EHR-COMPOSITION.outpatient_high_complexity_procedures.v1::Problem/Diagnosis,group:openEHR-EHR-COMPOSITION.outpatient_high_complexity_procedures.v1::HCPA,Problem/Diagnosis,HCPA,canonical_group,canonical_group,22.793291537411374,0.02,1.3847556401128329e-08
subgroup:openEHR-EHR-COMPOSITION.outpatient_high_complexity_procedures.v1::Problem/Diagnosis::structure,group:openEHR-EHR-COMPOSITION.outpatient_high_complexity_procedures.v1::HCPA,structure,HCPA,canonical_subgroup,canonical_group,27.43660485271011,0.02,6.553435162877692e-10
field:cf_bd9db9ae67063d,group:openEHR-EHR-COMPOSITION.outpatient_high_complexity_procedures.v1::HCPA,Problem,HCPA,field,canonical_group,31.210282106273496,0.425,1.4257612641065755e-09
field:cf_4e7e8ca2916a1e,group:openEHR-EHR-COMPOSITION.outpatient_high_complexity_procedures.v1::HCPA,Secondary Diagnosis,HCPA,field,canonical_group,30.737617128911044,0.425,1.911251336355898e-09
field:cf_0a229c157b8d2a,group:openEHR-EHR-COMPOSITION.outpatient_high_complexity_procedures.v1::HCPA,Associated causes,HCPA,field,canonical_group,31.003868361955796,0.425,1.620415200447266e-09
group:openEHR-EHR-COMPOSITION.outpatient_high_complexity_procedures.v1::Procedure_undertaken,group:openEHR-EHR-COMPOSITION.outpatient_high_complexity_procedures.v1::HCPA,Procedure undertaken,HCPA,canonical_group,canonical_group,27.80595702282659,0.02,6.189419338853561e-10
subgroup:openEHR-EHR-COMPOSITION.outpatient_high_complexity_procedures.v1::Procedure_undertaken::Procedure_list,group:openEHR-EHR-COMPOSITION.outpatient_high_complexity_procedures.v1::HCPA,Procedure list,HCPA,canonical_subgroup,canonical_group,28.80595702282659,0.02,2.8038431202334125e-10
field:cf_0b6364bb149692,group:openEHR-EHR-COMPOSITION.outpatient_high_complexity_procedures.v1::HCPA,Procedure,HCPA,field,canonical_group,32.5333323341427,0.39375,5.816082146931371e-10
field:cf_af0c9a7d79fe64,group:openEHR-EHR-COMPOSITION.outpatient_high_complexity_procedures.v1::HCPA,Invaded regional linphonodes,HCPA,field,canonical_group,34.026730029186794,0.23173076923076924,1.356055779100577e-10
field:cf_e5c01940113606,group:openEHR-EHR-COMPOSITION.outpatient_high_complexity_procedures.v1::HCPA,irradiated area 1,HCPA,field,canonical_group,37.79399476852821,0.1610576923076923,9.117838679221982e-12
field:cf_fc5be63ab59287,group:openEHR-EHR-COMPOSITION.outpatient_high_complexity_procedures.v1::HCPA,irradiated area 2,HCPA,field,canonical_group,32.948694999987474,0.31490384615384615,3.595392495545701e-10
field:cf_821e1930333a5c,group:openEHR-EHR-COMPOSITION.outpatient_high_complexity_procedures.v1::HCPA,irradiated area 3,HCPA,field,canonical_group,41.79399476852821,0.10336538461538461,4.900441868862008e-13
field:cf_c9b3a708f95249,group:openEHR-EHR-COMPOSITION.outpatient_high_complexity_procedures.v1::HCPA,fields/insertions 1,HCPA,field,canonical_group,36.173072309609566,0.1923076923076923,2.974136176193753e-11
field:cf_bbec72e0a270f7,group:openEHR-EHR-COMPOSITION.outpatient_high_complexity_procedures.v1::HCPA,fields/insertions 2,HCPA,field,canonical_group,34.587468606112225,0.23557692307692307,9.73734775401046e-11
family:openEHR-EHR-COMPOSITION.hospitalisation.v1,group:openEHR-EHR-COMPOSITION.outpatient_high_complexity_procedures.v1::HCPA,openEHR-EHR-COMPOSITION.hospitalisation.v1,HCPA,composition_family,canonical_group,20.314763842609175,0.02,5.4214353482510236e-08
group:openEHR-EHR-COMPOSITION.hospitalisation.v1::Patient_discharge,group:openEHR-EHR-COMPOSITION.outpatient_high_complexity_procedures.v1::HCPA,Patient discharge,HCPA,canonical_group,canonical_group,28.440747522416707,0.02,4.1756547244126023e-10
subgroup:openEHR-EHR-COMPOSITION.hospitalisation.v1::Patient_discharge::Components,group:openEHR-EHR-COMPOSITION.outpatient_high_complexity_procedures.v1::HCPA,Components,HCPA,canonical_subgroup,canonical_group,29.440747522416707,0.02,1.891595985106264e-10
field:cf_79ed78f34fef6f,group:openEHR-EHR-COMPOSITION.outpatient_high_complexity_procedures.v1::HCPA,date of discharge,HCPA,field,canonical_group,31.88476662549966,0.8854166666666666,1.955204251911958e-09
field:cf_be52992cb12705,group:openEHR-EHR-COMPOSITION.outpatient_high_complexity_procedures.v1::HCPA,hospital infection,HCPA,field,canonical_group,37.924079920743935,0.13541666666666666,7.072215531167914e-12
field:cf_1285e1e2c004f2,group:openEHR-EHR-COMPOSITION.outpatient_high_complexity_procedures.v1::HCPA,claim reason,HCPA,field,canonical_group,32.70375238599449,0.39375,5.232904262584671e-10
field:cf_80f721f9446bd3,group:openEHR-EHR-COMPOSITION.outpatient_high_complexity_procedures.v1::HCPA,death indicator,HCPA,field,canonical_group,34.14455236168882,0.39375,2.1418510833288233e-10
group:openEHR-EHR-COMPOSITION.hospitalisation.v1::Authorization_for_hospital_admission,group:openEHR-EHR-COMPOSITION.outpatient_high_complexity_procedures.v1::HCPA,Authorization for hospital admission,HCPA,canonical_group,canonical_group,24.836365246551374,0.02,3.901663826231345e-09
subgroup:openEHR-EHR-COMPOSITION.hospitalisation.v1::Authorization_for_hospital_admission::Components,group:openEHR-EHR-COMPOSITION.outpatient_high_complexity_procedures.v1::HCPA,Components,HCPA,canonical_subgroup,canonical_group,25.836365246551374,0.02,1.7674765075246357e-09
field:cf_ba8421601b1980,group:openEHR-EHR-COMPOSITION.outpatient_high_complexity_procedures.v1::HCPA,Issue date,HCPA,field,canonical_group,27.524242024367265,0.9270833333333334,3.056956880409625e-08
field:cf_ba09c313b94cba,group:openEHR-EHR-COMPOSITION.outpatient_high_complexity_procedures.v1::HCPA,ICU - Total,HCPA,field,canonical_group,28.290113987968613,0.39375,8.075519053109826e-09
group:openEHR-EHR-COMPOSITION.hospitalisation.v1::Patient_admission,group:openEHR-EHR-COMPOSITION.outpatient_high_complexity_procedures.v1::HCPA,Patient admission,HCPA,canonical_group,canonical_group,27.168977163952903,0.02,9.186810264544484e-10
subgroup:openEHR-EHR-COMPOSITION.hospitalisation.v1::Patient_admission::Tree,group:openEHR-EHR-COMPOSITION.outpatient_high_complexity_procedures.v1::HCPA,Tree,HCPA,canonical_subgroup,canonical_group,30.865461835045277,0.02,7.819988847959554e-11
field:cf_3db72fcc22b158,group:openEHR-EHR-COMPOSITION.outpatient_high_complexity_procedures.v1::HCPA,Patient class,HCPA,field,canonical_group,39.412397269967734,0.13541666666666666,2.8106535743689315e-12
subgroup:openEHR-EHR-COMPOSITION.hospitalisation.v1::Patient_admission::Tree_/_Assigned_patient_location_/_Facility,group:openEHR-EHR-COMPOSITION.outpatient_high_complexity_procedures.v1::HCPA,Tree / Assigned patient location / Facility,HCPA,canonical_subgroup,canonical_group,29.485049458954293,0.02,1.8403462046929421e-10
field:cf_9449e602105d68,group:openEHR-EHR-COMPOSITION.outpatient_high_complexity_procedures.v1::HCPA,Universal ID,HCPA,field,canonical_group,30.485049458954293,0.7395833333333334,3.889761825859655e-09
subgroup:openEHR-EHR-COMPOSITION.hospitalisation.v1::Patient_admission::Tree_/_Assigned_patient_location_/_Address,group:openEHR-EHR-COMPOSITION.outpatient_high_complexity_procedures.v1::HCPA,Tree / Assigned patient location / Address,HCPA,canonical_subgroup,canonical_group,30.527981651921678,0.02,9.639997429766678e-11
field:cf_1d8359b2d21168,group:openEHR-EHR-COMPOSITION.outpatient_high_complexity_procedures.v1::HCPA,State/province,HCPA,field,canonical_group,31.527981651921678,0.4875,1.3430367680451098e-09
field:cf_10f7d6c8e1d5c5,group:openEHR-EHR-COMPOSITION.outpatient_high_complexity_procedures.v1::HCPA,Admission type,HCPA,field,canonical_group,35.632869710912615,0.39375,8.512185999696157e-11
field:cf_2a67f6f1c22886,group:openEHR-EHR-COMPOSITION.outpatient_high_complexity_procedures.v1::HCPA,Hospital service,HCPA,field,canonical_group,33.7914983143189,0.59375,4.020097362768032e-10
field:cf_22f759c45e42f4,group:openEHR-EHR-COMPOSITION.outpatient_high_complexity_procedures.v1::HCPA,Admit date/time,HCPA,field,canonical_group,33.44615473318149,0.9583333333333334,8.037808339585996e-10
group:openEHR-EHR-COMPOSITION.hospitalisation.v1::Problem/Diagnosis,group:openEHR-EHR-COMPOSITION.outpatient_high_complexity_procedures.v1::HCPA,Problem/Diagnosis,HCPA,canonical_group,canonical_group,23.55660191460821,0.02,8.626650872195063e-09
subgroup:openEHR-EHR-COMPOSITION.hospitalisation.v1::Problem/Diagnosis::structure,group:openEHR-EHR-COMPOSITION.outpatient_high_complexity_procedures.v1::HCPA,structure,HCPA,canonical_subgroup,canonical_group,24.55660191460821,0.02,3.9079232435945976e-09
field:cf_2db2fd852fb674,group:openEHR-EHR-COMPOSITION.outpatient_high_complexity_procedures.v1::HCPA,Problem,HCPA,field,canonical_group,26.59579104087715,0.9583333333333334,5.619326150620535e-08
field:cf_49398dcbba5447,group:openEHR-EHR-COMPOSITION.outpatient_high_complexity_procedures.v1::HCPA,Secondary Diagnosis,HCPA,field,canonical_group,26.518890659478313,1.0815217391304348,6.651342225309527e-08
group:openEHR-EHR-COMPOSITION.hospitalisation.v1::Procedure_undertaken,group:openEHR-EHR-COMPOSITION.outpatient_high_complexity_procedures.v1::HCPA,Procedure undertaken,HCPA,canonical_group,canonical_group,25.279643528430327,0.02,2.964091417305433e-09
subgroup:openEHR-EHR-COMPOSITION.hospitalisation.v1::Procedure_undertaken::Procedure_list,group:openEHR-EHR-COMPOSITION.outpatient_high_complexity_procedures.v1::HCPA,Procedure list,HCPA,canonical_subgroup,canonical_group,26.279643528430327,0.02,1.3427507288097465e-09
field:cf_18704e514938d4,group:openEHR-EHR-COMPOSITION.outpatient_high_complexity_procedures.v1::HCPA,Procedure,HCPA,field,canonical_group,27.279643528430327,0.6770833333333334,2.598207814555776e-08
family:openEHR-EHR-COMPOSITION.demographic_data.v1,group:openEHR-EHR-COMPOSITION.outpatient_high_complexity_procedures.v1::HCPA,openEHR-EHR-COMPOSITION.demographic_data.v1,HCPA,composition_family,canonical_group,20.48971882679808,0.02,4.8641331291678735e-08
group:openEHR-EHR-COMPOSITION.demographic_data.v1::Demographic_data,group:openEHR-EHR-COMPOSITION.outpatient_high_complexity_procedures.v1::HCPA,Demographic data,HCPA,canonical_group,canonical_group,21.48971882679808,0.02,3.107252115660057e-08
subgroup:openEHR-EHR-COMPOSITION.demographic_data.v1::Demographic_data::components,group:openEHR-EHR-COMPOSITION.outpatient_high_complexity_procedures.v1::HCPA,components,HCPA,canonical_subgroup,canonical_group,22.48971882679808,0.02,1.4076033615356716e-08
field:cf_7f3b6795a0e812,group:openEHR-EHR-COMPOSITION.outpatient_high_complexity_procedures.v1::HCPA,birth date,HCPA,field,canonical_group,25.474427590837543,1.09375,1.2853663485089915e-07
field:cf_e7551706658b4a,group:openEHR-EHR-COMPOSITION.outpatient_high_complexity_procedures.v1::HCPA,gender,HCPA,field,canonical_group,26.61357763079956,0.39375,2.2834891325608436e-08
field:cf_19e1b0f55ef007,group:openEHR-EHR-COMPOSITION.outpatient_high_complexity_procedures.v1::HCPA,race,HCPA,field,canonical_group,33.27303432013498,0.1846590909090909,1.7242752482521992e-10
field:cf_4122372d727029,group:openEHR-EHR-COMPOSITION.outpatient_high_complexity_procedures.v1::HCPA,ethnic group,HCPA,field,canonical_group,37.27303432013498,0.1846590909090909,1.4439637109742354e-11
field:cf_7ab0248b87b82e,group:openEHR-EHR-COMPOSITION.outpatient_high_complexity_procedures.v1::HCPA,educational level,HCPA,field,canonical_group,28.481391499428256,0.39375,7.172434157379391e-09
field:cf_eee397355aecbe,group:openEHR-EHR-COMPOSITION.outpatient_high_complexity_procedures.v1::HCPA,nationality,HCPA,field,canonical_group,29.815274005793132,0.39375,3.1369090465321795e-09
schema:root,subgroup:openEHR-EHR-COMPOSITION.outpatient_high_complexity_procedures.v1::HCPA::components_/_General_data,EHR Schema,components / General data,root,canonical_subgroup,21.665361295767948,0.02,2.3466532961772812e-08
family:openEHR-EHR-COMPOSITION.outpatient_high_complexity_procedures.v1,subgroup:openEHR-EHR-COMPOSITION.outpatient_high_complexity_procedures.v1::HCPA::components_/_General_data,openEHR-EHR-COMPOSITION.outpatient_high_complexity_procedures.v1,components / General data,composition_family,canonical_subgroup,16.550868036473183,0.02,5.592301454229813e-07
group:openEHR-EHR-COMPOSITION.outpatient_high_complexity_procedures.v1::HCPA,subgroup:openEHR-EHR-COMPOSITION.outpatient_high_complexity_procedures.v1::HCPA::components_/_General_data,HCPA,components / General data,canonical_group,canonical_subgroup,3.7522808051279894,0.02,0.0015623242605587468
subgroup:openEHR-EHR-COMPOSITION.outpatient_high_complexity_procedures.v1::HCPA::components_/_General_data,subgroup:openEHR-EHR-COMPOSITION.outpatient_high_complexity_procedures.v1::HCPA::components_/_General_data,components / General data,components / General data,canonical_subgroup,canonical_subgroup,0.0,0.02,0.02
field:cf_5cd62eaa6e16a8,subgroup:openEHR-EHR-COMPOSITION.outpatient_high_complexity_procedures.v1::HCPA::components_/_General_data,issue date,components / General data,field,canonical_subgroup,4.892599632780888,0.5096153846153846,0.02085775020341672
field:cf_775d9002cb4e7b,subgroup:openEHR-EHR-COMPOSITION.outpatient_high_complexity_procedures.v1::HCPA::components_/_General_data,reason for encounter,components / General data,field,canonical_subgroup,4.796576851084081,0.425,0.018461594323913255
field:cf_b87e8363f020f7,subgroup:openEHR-EHR-COMPOSITION.outpatient_high_complexity_procedures.v1::HCPA::components_/_General_data,healthcare unit,components / General data,field,canonical_subgroup,5.150446336319457,0.425,0.014824682244722888
field:cf_8b431261fa7dca,subgroup:openEHR-EHR-COMPOSITION.outpatient_high_complexity_procedures.v1::HCPA::components_/_General_data,State,components / General data,field,canonical_subgroup,6.086200640238045,0.425,0.008298923789493833
field:cf_16800b2d3f5ef6,subgroup:openEHR-EHR-COMPOSITION.outpatient_high_complexity_procedures.v1::HCPA::components_/_General_data,patient age,components / General data,field,canonical_subgroup,4.37323612244946,0.49038461538461536,0.027695354378170174
group:openEHR-EHR-COMPOSITION.outpatient_high_complexity_procedures.v1::Patient_discharge,subgroup:openEHR-EHR-COMPOSITION.outpatient_high_complexity_procedures.v1::HCPA::components_/_General_data,Patient discharge,components / General data,canonical_group,canonical_subgroup,21.690414265408645,0.02,2.3104847307148753e-08
subgroup:openEHR-EHR-COMPOSITION.outpatient_high_complexity_procedures.v1::Patient_discharge::Components,subgroup:openEHR-EHR-COMPOSITION.outpatient_high_complexity_procedures.v1::HCPA::components_/_General_data,Components,components / General data,canonical_subgroup,canonical_subgroup,22.690414265408645,0.02,1.4759584857296529e-08
field:cf_469c691048a0ce,subgroup:openEHR-EHR-COMPOSITION.outpatient_high_complexity_procedures.v1::HCPA::components_/_General_data,date of discharge,components / General data,field,canonical_subgroup,24.653793960758858,0.4168269230769231,8.147615949035721e-08
field:cf_49533263f29569,subgroup:openEHR-EHR-COMPOSITION.outpatient_high_complexity_procedures.v1::HCPA::components_/_General_data,reason for discharge,components / General data,field,canonical_subgroup,24.728426593078137,0.39375,7.348514896447878e-08
group:openEHR-EHR-COMPOSITION.outpatient_high_complexity_procedures.v1::Problem/Diagnosis,subgroup:openEHR-EHR-COMPOSITION.outpatient_high_complexity_procedures.v1::HCPA::components_/_General_data,Problem/Diagnosis,components / General data,canonical_group,canonical_subgroup,26.545572342539366,0.02,1.1386512271020177e-09
subgroup:openEHR-EHR-COMPOSITION.outpatient_high_complexity_procedures.v1::Problem/Diagnosis::structure,subgroup:openEHR-EHR-COMPOSITION.outpatient_high_complexity_procedures.v1::HCPA::components_/_General_data,structure,components / General data,canonical_subgroup,canonical_subgroup,31.188885657838103,0.02,7.598954068526893e-11
field:cf_bd9db9ae67063d,subgroup:openEHR-EHR-COMPOSITION.outpatient_high_complexity_procedures.v1::HCPA::components_/_General_data,Problem,components / General data,field,canonical_subgroup,34.962562911401484,0.425,1.392188382924132e-10
field:cf_4e7e8ca2916a1e,subgroup:openEHR-EHR-COMPOSITION.outpatient_high_complexity_procedures.v1::HCPA::components_/_General_data,Secondary Diagnosis,components / General data,field,canonical_subgroup,34.489897934039035,0.425,1.8662464567588352e-10
field:cf_0a229c157b8d2a,subgroup:openEHR-EHR-COMPOSITION.outpatient_high_complexity_procedures.v1::HCPA::components_/_General_data,Associated causes,components / General data,field,canonical_subgroup,34.75614916708379,0.425,1.582258737398076e-10
group:openEHR-EHR-COMPOSITION.outpatient_high_complexity_procedures.v1::Procedure_undertaken,subgroup:openEHR-EHR-COMPOSITION.outpatient_high_complexity_procedures.v1::HCPA::components_/_General_data,Procedure undertaken,components / General data,canonical_group,canonical_subgroup,31.558237827954578,0.02,5.0894105220328445e-11
subgroup:openEHR-EHR-COMPOSITION.outpatient_high_complexity_procedures.v1::Procedure_undertaken::Procedure_list,subgroup:openEHR-EHR-COMPOSITION.outpatient_high_complexity_procedures.v1::HCPA::components_/_General_data,Procedure list,components / General data,canonical_subgroup,canonical_subgroup,32.55823782795458,0.02,3.251161346144007e-11
field:cf_0b6364bb149692,subgroup:openEHR-EHR-COMPOSITION.outpatient_high_complexity_procedures.v1::HCPA::components_/_General_data,Procedure,components / General data,field,canonical_subgroup,36.28561313927068,0.39375,5.6791288997209506e-11
field:cf_af0c9a7d79fe64,subgroup:openEHR-EHR-COMPOSITION.outpatient_high_complexity_procedures.v1::HCPA::components_/_General_data,Invaded regional linphonodes,components / General data,field,canonical_subgroup,37.77901083431479,0.23173076923076924,1.3241242764748239e-11
field:cf_e5c01940113606,subgroup:openEHR-EHR-COMPOSITION.outpatient_high_complexity_procedures.v1::HCPA::components_/_General_data,irradiated area 1,components / General data,field,canonical_subgroup,41.546275573656196,0.1610576923076923,8.903137857755897e-13
field:cf_fc5be63ab59287,subgroup:openEHR-EHR-COMPOSITION.outpatient_high_complexity_procedures.v1::HCPA::components_/_General_data,irradiated area 2,components / General data,field,canonical_subgroup,36.70097580511546,0.31490384615384615,3.510730576263693e-11
field:cf_821e1930333a5c,subgroup:openEHR-EHR-COMPOSITION.outpatient_high_complexity_procedures.v1::HCPA::components_/_General_data,irradiated area 3,components / General data,field,canonical_subgroup,45.546275573656196,0.10336538461538461,4.785049511988104e-14
field:cf_c9b3a708f95249,subgroup:openEHR-EHR-COMPOSITION.outpatient_high_complexity_procedures.v1::HCPA::components_/_General_data,fields/insertions 1,components / General data,field,canonical_subgroup,39.925353114737554,0.1923076923076923,2.9041031889205796e-12
field:cf_bbec72e0a270f7,subgroup:openEHR-EHR-COMPOSITION.outpatient_high_complexity_procedures.v1::HCPA::components_/_General_data,fields/insertions 2,components / General data,field,canonical_subgroup,38.33974941124021,0.23557692307692307,9.508059143492359e-12
family:openEHR-EHR-COMPOSITION.hospitalisation.v1,subgroup:openEHR-EHR-COMPOSITION.outpatient_high_complexity_procedures.v1::HCPA::components_/_General_data,openEHR-EHR-COMPOSITION.hospitalisation.v1,components / General data,composition_family,canonical_subgroup,24.067044647737166,0.02,5.293774982264577e-09
group:openEHR-EHR-COMPOSITION.hospitalisation.v1::Patient_discharge,subgroup:openEHR-EHR-COMPOSITION.outpatient_high_complexity_procedures.v1::HCPA::components_/_General_data,Patient discharge,components / General data,canonical_group,canonical_subgroup,32.193028327544695,0.02,3.433540357719243e-11
subgroup:openEHR-EHR-COMPOSITION.hospitalisation.v1::Patient_discharge::Components,subgroup:openEHR-EHR-COMPOSITION.outpatient_high_complexity_procedures.v1::HCPA::components_/_General_data,Components,components / General data,canonical_subgroup,canonical_subgroup,33.193028327544695,0.02,2.1933765498216238e-11
field:cf_79ed78f34fef6f,subgroup:openEHR-EHR-COMPOSITION.outpatient_high_complexity_procedures.v1::HCPA::components_/_General_data,date of discharge,components / General data,field,canonical_subgroup,35.637047430627646,0.8854166666666666,1.9091643981935429e-10
field:cf_be52992cb12705,subgroup:openEHR-EHR-COMPOSITION.outpatient_high_complexity_procedures.v1::HCPA::components_/_General_data,hospital infection,components / General data,field,canonical_subgroup,41.67636072587192,0.13541666666666666,6.905683687652503e-13
field:cf_1285e1e2c004f2,subgroup:openEHR-EHR-COMPOSITION.outpatient_high_complexity_procedures.v1::HCPA::components_/_General_data,claim reason,components / General data,field,canonical_subgroup,36.45603319112248,0.39375,5.109683301635822e-11
field:cf_80f721f9446bd3,subgroup:openEHR-EHR-COMPOSITION.outpatient_high_complexity_procedures.v1::HCPA::components_/_General_data,death indicator,components / General data,field,canonical_subgroup,37.896833166816805,0.39375,2.0914161937429103e-11
group:openEHR-EHR-COMPOSITION.hospitalisation.v1::Authorization_for_hospital_admission,subgroup:openEHR-EHR-COMPOSITION.outpatient_high_complexity_procedures.v1::HCPA::components_/_General_data,Authorization for hospital admission,components / General data,canonical_group,canonical_subgroup,28.58864605167937,0.02,3.208244238034557e-10
subgroup:openEHR-EHR-COMPOSITION.hospitalisation.v1::Authorization_for_hospital_admission::Components,subgroup:openEHR-EHR-COMPOSITION.outpatient_high_complexity_procedures.v1::HCPA::components_/_General_data,Components,components / General data,canonical_subgroup,canonical_subgroup,29.58864605167937,0.02,2.049455356476333e-10
field:cf_ba8421601b1980,subgroup:openEHR-EHR-COMPOSITION.outpatient_high_complexity_procedures.v1::HCPA::components_/_General_data,Issue date,components / General data,field,canonical_subgroup,31.27652282949526,0.9270833333333334,2.9849736860912043e-09
field:cf_ba09c313b94cba,subgroup:openEHR-EHR-COMPOSITION.outpatient_high_complexity_procedures.v1::HCPA::components_/_General_data,ICU - Total,components / General data,field,canonical_subgroup,32.042394793096605,0.39375,7.885362083298679e-10
group:openEHR-EHR-COMPOSITION.hospitalisation.v1::Patient_admission,subgroup:openEHR-EHR-COMPOSITION.outpatient_high_complexity_procedures.v1::HCPA::components_/_General_data,Patient admission,components / General data,canonical_group,canonical_subgroup,30.921257969080894,0.02,7.554092922867357e-11
subgroup:openEHR-EHR-COMPOSITION.hospitalisation.v1::Patient_admission::Tree,subgroup:openEHR-EHR-COMPOSITION.outpatient_high_complexity_procedures.v1::HCPA::components_/_General_data,Tree,components / General data,canonical_subgroup,canonical_subgroup,34.61774264017327,0.02,9.067570609174033e-12
field:cf_3db72fcc22b158,subgroup:openEHR-EHR-COMPOSITION.outpatient_high_complexity_procedures.v1::HCPA::components_/_General_data,Patient class,components / General data,field,canonical_subgroup,43.16467807509573,0.13541666666666666,2.7444701670392044e-13
subgroup:openEHR-EHR-COMPOSITION.hospitalisation.v1::Patient_admission::Tree_/_Assigned_patient_location_/_Facility,subgroup:openEHR-EHR-COMPOSITION.outpatient_high_complexity_procedures.v1::HCPA::components_/_General_data,Tree / Assigned patient location / Facility,components / General data,canonical_subgroup,canonical_subgroup,33.23733026408228,0.02,2.1339505056625382e-11
field:cf_9449e602105d68,subgroup:openEHR-EHR-COMPOSITION.outpatient_high_complexity_procedures.v1::HCPA::components_/_General_data,Universal ID,components / General data,field,canonical_subgroup,34.23733026408228,0.7395833333333334,3.7981682927098947e-10
subgroup:openEHR-EHR-COMPOSITION.hospitalisation.v1::Patient_admission::Tree_/_Assigned_patient_location_/_Address,subgroup:openEHR-EHR-COMPOSITION.outpatient_high_complexity_procedures.v1::HCPA::components_/_General_data,Tree / Assigned patient location / Address,components / General data,canonical_subgroup,canonical_subgroup,34.28026245704967,0.02,1.117793887768436e-11
field:cf_1d8359b2d21168,subgroup:openEHR-EHR-COMPOSITION.outpatient_high_complexity_procedures.v1::HCPA::components_/_General_data,State/province,components / General data,field,canonical_subgroup,35.28026245704967,0.4875,1.3114118284620447e-10
field:cf_10f7d6c8e1d5c5,subgroup:openEHR-EHR-COMPOSITION.outpatient_high_complexity_procedures.v1::HCPA::components_/_General_data,Admission type,components / General data,field,canonical_subgroup,39.38515051604061,0.39375,8.31174668607111e-12
field:cf_2a67f6f1c22886,subgroup:openEHR-EHR-COMPOSITION.outpatient_high_complexity_procedures.v1::HCPA::components_/_General_data,Hospital service,components / General data,field,canonical_subgroup,37.54377911944689,0.59375,3.925434774787962e-11
field:cf_22f759c45e42f4,subgroup:openEHR-EHR-COMPOSITION.outpatient_high_complexity_procedures.v1::HCPA::components_/_General_data,Admit date/time,components / General data,field,canonical_subgroup,37.198435538309475,0.9583333333333334,7.848539356660392e-11
group:openEHR-EHR-COMPOSITION.hospitalisation.v1::Problem/Diagnosis,subgroup:openEHR-EHR-COMPOSITION.outpatient_high_complexity_procedures.v1::HCPA::components_/_General_data,Problem/Diagnosis,components / General data,canonical_group,canonical_subgroup,27.308882719736204,0.02,7.093487339473991e-10
subgroup:openEHR-EHR-COMPOSITION.hospitalisation.v1::Problem/Diagnosis::structure,subgroup:openEHR-EHR-COMPOSITION.outpatient_high_complexity_procedures.v1::HCPA::components_/_General_data,structure,components / General data,canonical_subgroup,canonical_subgroup,28.308882719736204,0.02,4.5313836931842026e-10
field:cf_2db2fd852fb674,subgroup:openEHR-EHR-COMPOSITION.outpatient_high_complexity_procedures.v1::HCPA::components_/_General_data,Problem,components / General data,field,canonical_subgroup,30.348071846005144,0.9583333333333334,5.487005983191645e-09
field:cf_49398dcbba5447,subgroup:openEHR-EHR-COMPOSITION.outpatient_high_complexity_procedures.v1::HCPA::components_/_General_data,Secondary Diagnosis,components / General data,field,canonical_subgroup,30.271171464606308,1.0815217391304348,6.49472082742488e-09
group:openEHR-EHR-COMPOSITION.hospitalisation.v1::Procedure_undertaken,subgroup:openEHR-EHR-COMPOSITION.outpatient_high_complexity_procedures.v1::HCPA::components_/_General_data,Procedure undertaken,components / General data,canonical_group,canonical_subgroup,29.03192433355832,0.02,2.4373010167211756e-10
subgroup:openEHR-EHR-COMPOSITION.hospitalisation.v1::Procedure_undertaken::Procedure_list,subgroup:openEHR-EHR-COMPOSITION.outpatient_high_complexity_procedures.v1::HCPA::components_/_General_data,Procedure list,components / General data,canonical_subgroup,canonical_subgroup,30.03192433355832,0.02,1.556969873068187e-10
field:cf_18704e514938d4,subgroup:openEHR-EHR-COMPOSITION.outpatient_high_complexity_procedures.v1::HCPA::components_/_General_data,Procedure,components / General data,field,canonical_subgroup,31.03192433355832,0.6770833333333334,2.537026939158624e-09
family:openEHR-EHR-COMPOSITION.demographic_data.v1,subgroup:openEHR-EHR-COMPOSITION.outpatient_high_complexity_procedures.v1::HCPA::components_/_General_data,openEHR-EHR-COMPOSITION.demographic_data.v1,components / General data,composition_family,canonical_subgroup,24.24199963192607,0.02,4.749595746429058e-09
group:openEHR-EHR-COMPOSITION.demographic_data.v1::Demographic_data,subgroup:openEHR-EHR-COMPOSITION.outpatient_high_complexity_procedures.v1::HCPA::components_/_General_data,Demographic data,components / General data,canonical_group,canonical_subgroup,25.24199963192607,0.02,2.555018612614835e-09
subgroup:openEHR-EHR-COMPOSITION.demographic_data.v1::Demographic_data::components,subgroup:openEHR-EHR-COMPOSITION.outpatient_high_complexity_procedures.v1::HCPA::components_/_General_data,components,components / General data,canonical_subgroup,canonical_subgroup,26.24199963192607,0.02,1.632168935095829e-09
field:cf_7f3b6795a0e812,subgroup:openEHR-EHR-COMPOSITION.outpatient_high_complexity_procedures.v1::HCPA::components_/_General_data,birth date,components / General data,field,canonical_subgroup,29.226708395965534,1.09375,1.2550993937383802e-08
field:cf_e7551706658b4a,subgroup:openEHR-EHR-COMPOSITION.outpatient_high_complexity_procedures.v1::HCPA::components_/_General_data,gender,components / General data,field,canonical_subgroup,30.365858435927553,0.39375,2.2297190440762773e-09
field:cf_19e1b0f55ef007,subgroup:openEHR-EHR-COMPOSITION.outpatient_high_complexity_procedures.v1::HCPA::components_/_General_data,race,components / General data,field,canonical_subgroup,37.02531512526297,0.1846590909090909,1.6836731576408554e-11
field:cf_4122372d727029,subgroup:openEHR-EHR-COMPOSITION.outpatient_high_complexity_procedures.v1::HCPA::components_/_General_data,ethnic group,components / General data,field,canonical_subgroup,41.02531512526297,0.1846590909090909,1.4099622106384299e-12
field:cf_7ab0248b87b82e,subgroup:openEHR-EHR-COMPOSITION.outpatient_high_complexity_procedures.v1::HCPA::components_/_General_data,educational level,components / General data,field,canonical_subgroup,32.23367230455625,0.39375,7.00354243208374e-10
field:cf_eee397355aecbe,subgroup:openEHR-EHR-COMPOSITION.outpatient_high_complexity_procedures.v1::HCPA::components_/_General_data,nationality,components / General data,field,canonical_subgroup,33.56755481092112,0.39375,3.0630431916021355e-10
schema:root,field:cf_5cd62eaa6e16a8,EHR Schema,issue date,root,field,26.557960928548834,0.02,1.2005600140640993e-09
family:openEHR-EHR-COMPOSITION.outpatient_high_complexity_procedures.v1,field:cf_5cd62eaa6e16a8,openEHR-EHR-COMPOSITION.outpatient_high_complexity_procedures.v1,issue date,composition_family,field,21.44346766925407,0.02,2.8610504685450627e-08
group:openEHR-EHR-COMPOSITION.outpatient_high_complexity_procedures.v1::HCPA,field:cf_5cd62eaa6e16a8,HCPA,issue date,canonical_group,field,8.644880437908878,0.02,7.992932058964848e-05
subgroup:openEHR-EHR-COMPOSITION.outpatient_high_complexity_procedures.v1::HCPA::components_/_General_data,field:cf_5cd62eaa6e16a8,components / General data,issue date,canonical_subgroup,field,4.892599632780888,0.02,0.0008185683098699392
field:cf_5cd62eaa6e16a8,field:cf_5cd62eaa6e16a8,issue date,issue date,field,field,0.0,0.5096153846153846,0.5096153846153846
field:cf_775d9002cb4e7b,field:cf_5cd62eaa6e16a8,reason for encounter,issue date,field,field,4.184873949579832,0.425,0.030149671445909087
field:cf_b87e8363f020f7,field:cf_5cd62eaa6e16a8,healthcare unit,issue date,field,field,6.53781512605042,0.425,0.007010089695900983
field:cf_8b431261fa7dca,field:cf_5cd62eaa6e16a8,State,issue date,field,field,8.890756302521009,0.425,0.0016299135343063565
field:cf_16800b2d3f5ef6,field:cf_5cd62eaa6e16a8,patient age,issue date,field,field,2.0,0.49038461538461536,0.1348140899917981
group:openEHR-EHR-COMPOSITION.outpatient_high_complexity_procedures.v1::Patient_discharge,field:cf_5cd62eaa6e16a8,Patient discharge,issue date,canonical_group,field,26.58301389818953,0.02,1.1820559881259856e-09
subgroup:openEHR-EHR-COMPOSITION.outpatient_high_complexity_procedures.v1::Patient_discharge::Components,field:cf_5cd62eaa6e16a8,Components,issue date,canonical_subgroup,field,27.58301389818953,0.02,6.35880443737852e-10
field:cf_469c691048a0ce,field:cf_5cd62eaa6e16a8,date of discharge,issue date,field,field,29.546393593539744,0.4168269230769231,4.384713637389603e-09
field:cf_49533263f29569,field:cf_5cd62eaa6e16a8,reason for discharge,issue date,field,field,29.621026225859023,0.39375,3.954670136953253e-09
group:openEHR-EHR-COMPOSITION.outpatient_high_complexity_procedures.v1::Problem/Diagnosis,field:cf_5cd62eaa6e16a8,Problem/Diagnosis,issue date,canonical_group,field,31.43817197532025,0.02,5.825398815626442e-11
subgroup:openEHR-EHR-COMPOSITION.outpatient_high_complexity_procedures.v1::Problem/Diagnosis::structure,field:cf_5cd62eaa6e16a8,structure,issue date,canonical_subgroup,field,36.08148529061899,0.02,3.27382262560703e-12
field:cf_bd9db9ae67063d,field:cf_5cd62eaa6e16a8,Problem,issue date,field,field,39.85516254418238,0.425,7.492188422486006e-12
field:cf_4e7e8ca2916a1e,field:cf_5cd62eaa6e16a8,Secondary Diagnosis,issue date,field,field,39.38249756681993,0.425,1.0043375069303426e-11
field:cf_0a229c157b8d2a,field:cf_5cd62eaa6e16a8,Associated causes,issue date,field,field,39.64874879986468,0.425,8.515069324750467e-12
group:openEHR-EHR-COMPOSITION.outpatient_high_complexity_procedures.v1::Procedure_undertaken,field:cf_5cd62eaa6e16a8,Procedure undertaken,issue date,canonical_group,field,36.450837460735464,0.02,2.6037688557841934e-12
subgroup:openEHR-EHR-COMPOSITION.outpatient_high_complexity_procedures.v1::Procedure_undertaken::Procedure_list,field:cf_5cd62eaa6e16a8,Procedure list,issue date,canonical_subgroup,field,37.450837460735464,0.02,1.400682972751361e-12
field:cf_0b6364bb149692,field:cf_5cd62eaa6e16a8,Procedure,issue date,field,field,41.178212772051566,0.39375,3.056274877321257e-12
field:cf_af0c9a7d79fe64,field:cf_5cd62eaa6e16a8,Invaded regional linphonodes,issue date,field,field,42.671610467095675,0.23173076923076924,7.125895242208755e-13
field:cf_e5c01940113606,field:cf_5cd62eaa6e16a8,irradiated area 1,issue date,field,field,46.43887520643708,0.1610576923076923,4.7913046251378544e-14
field:cf_fc5be63ab59287,field:cf_5cd62eaa6e16a8,irradiated area 2,issue date,field,field,41.59357543789635,0.31490384615384615,1.8893315948165007e-12
field:cf_821e1930333a5c,field:cf_5cd62eaa6e16a8,irradiated area 3,issue date,field,field,50.43887520643708,0.10336538461538461,2.5751179218605457e-15
field:cf_c9b3a708f95249,field:cf_5cd62eaa6e16a8,fields/insertions 1,issue date,field,field,44.81795274751844,0.1923076923076923,1.5628695481595073e-13
field:cf_bbec72e0a270f7,field:cf_5cd62eaa6e16a8,fields/insertions 2,issue date,field,field,43.2323490440211,0.23557692307692307,5.116848517695754e-13
family:openEHR-EHR-COMPOSITION.hospitalisation.v1,field:cf_5cd62eaa6e16a8,openEHR-EHR-COMPOSITION.hospitalisation.v1,issue date,composition_family,field,28.959644280518052,0.02,2.708322775040051e-10
group:openEHR-EHR-COMPOSITION.hospitalisation.v1::Patient_discharge,field:cf_5cd62eaa6e16a8,Patient discharge,issue date,canonical_group,field,37.08562796032558,0.02,1.756617079680298e-12
subgroup:openEHR-EHR-COMPOSITION.hospitalisation.v1::Patient_discharge::Components,field:cf_5cd62eaa6e16a8,Components,issue date,canonical_subgroup,field,38.08562796032558,0.02,9.449623869978164e-13
field:cf_79ed78f34fef6f,field:cf_5cd62eaa6e16a8,date of discharge,issue date,field,field,40.52964706340853,0.8854166666666666,1.0274341875145264e-11
field:cf_be52992cb12705,field:cf_5cd62eaa6e16a8,hospital infection,issue date,field,field,46.56896035865281,0.13541666666666666,3.7163564937461807e-14
field:cf_1285e1e2c004f2,field:cf_5cd62eaa6e16a8,claim reason,issue date,field,field,41.348632823903365,0.39375,2.7498225487758833e-12
field:cf_80f721f9446bd3,field:cf_5cd62eaa6e16a8,death indicator,issue date,field,field,42.78943279959769,0.39375,1.1255146491345449e-12
group:openEHR-EHR-COMPOSITION.hospitalisation.v1::Authorization_for_hospital_admission,field:cf_5cd62eaa6e16a8,Authorization for hospital admission,issue date,canonical_group,field,33.481245684460255,0.02,1.6413544147362047e-11
subgroup:openEHR-EHR-COMPOSITION.hospitalisation.v1::Authorization_for_hospital_admission::Components,field:cf_5cd62eaa6e16a8,Components,issue date,canonical_subgroup,field,34.481245684460255,0.02,8.829574775288028e-12
field:cf_ba8421601b1980,field:cf_5cd62eaa6e16a8,Issue date,issue date,field,field,36.16912246227615,0.9270833333333334,1.6063907418466597e-10
field:cf_ba09c313b94cba,field:cf_5cd62eaa6e16a8,ICU - Total,issue date,field,field,36.93499442587749,0.39375,4.243579333962897e-11
group:openEHR-EHR-COMPOSITION.hospitalisation.v1::Patient_admission,field:cf_5cd62eaa6e16a8,Patient admission,issue date,canonical_group,field,35.813857601861784,0.02,3.864713172795e-12
subgroup:openEHR-EHR-COMPOSITION.hospitalisation.v1::Patient_admission::Tree,field:cf_5cd62eaa6e16a8,Tree,issue date,canonical_subgroup,field,39.510342272954155,0.02,3.906539972725222e-13
field:cf_3db72fcc22b158,field:cf_5cd62eaa6e16a8,Patient class,issue date,field,field,48.057277707876615,0.13541666666666666,1.4769615853395596e-14
subgroup:openEHR-EHR-COMPOSITION.hospitalisation.v1::Patient_admission::Tree_/_Assigned_patient_location_/_Facility,field:cf_5cd62eaa6e16a8,Tree / Assigned patient location / Facility,issue date,canonical_subgroup,field,38.129929896863175,0.02,9.193601361927789e-13
field:cf_9449e602105d68,field:cf_5cd62eaa6e16a8,Universal ID,issue date,field,field,39.129929896863175,0.7395833333333334,2.044018816586065e-11
subgroup:openEHR-EHR-COMPOSITION.hospitalisation.v1::Patient_admission::Tree_/_Assigned_patient_location_/_Address,field:cf_5cd62eaa6e16a8,Tree / Assigned patient location / Address,issue date,canonical_subgroup,field,39.17286208983056,0.02,4.815740281545055e-13
field:cf_1d8359b2d21168,field:cf_5cd62eaa6e16a8,State/province,issue date,field,field,40.17286208983056,0.4875,7.057482046845987e-12
field:cf_10f7d6c8e1d5c5,field:cf_5cd62eaa6e16a8,Admission type,issue date,field,field,44.2777501488215,0.39375,4.473042086532929e-13
field:cf_2a67f6f1c22886,field:cf_5cd62eaa6e16a8,Hospital service,issue date,field,field,42.436378752227775,0.59375,2.11250843159012e-12
field:cf_22f759c45e42f4,field:cf_5cd62eaa6e16a8,Admit date/time,issue date,field,field,42.09103517109036,0.9583333333333334,4.223762848666268e-12
group:openEHR-EHR-COMPOSITION.hospitalisation.v1::Problem/Diagnosis,field:cf_5cd62eaa6e16a8,Problem/Diagnosis,issue date,canonical_group,field,32.20148235251709,0.02,3.629064964098148e-11
subgroup:openEHR-EHR-COMPOSITION.hospitalisation.v1::Problem/Diagnosis::structure,field:cf_5cd62eaa6e16a8,structure,issue date,canonical_subgroup,field,33.20148235251709,0.02,1.9522353111063204e-11
field:cf_2db2fd852fb674,field:cf_5cd62eaa6e16a8,Problem,issue date,field,field,35.24067147878603,0.9583333333333334,2.952882182153683e-10
field:cf_49398dcbba5447,field:cf_5cd62eaa6e16a8,Secondary Diagnosis,issue date,field,field,35.1637710973872,1.0815217391304348,3.495193092209802e-10
group:openEHR-EHR-COMPOSITION.hospitalisation.v1::Procedure_undertaken,field:cf_5cd62eaa6e16a8,Procedure undertaken,issue date,canonical_group,field,33.92452396633921,0.02,1.2469358586885854e-11
subgroup:openEHR-EHR-COMPOSITION.hospitalisation.v1::Procedure_undertaken::Procedure_list,field:cf_5cd62eaa6e16a8,Procedure list,issue date,canonical_subgroup,field,34.92452396633921,0.02,6.70782209218863e-12
field:cf_18704e514938d4,field:cf_5cd62eaa6e16a8,Procedure,issue date,field,field,35.92452396633921,0.6770833333333334,1.3653241252577863e-10
family:openEHR-EHR-COMPOSITION.demographic_data.v1,field:cf_5cd62eaa6e16a8,openEHR-EHR-COMPOSITION.demographic_data.v1,issue date,composition_family,field,29.134599264706956,0.02,2.429917851699933e-10
group:openEHR-EHR-COMPOSITION.demographic_data.v1::Demographic_data,field:cf_5cd62eaa6e16a8,Demographic data,issue date,canonical_group,field,30.134599264706956,0.02,1.3071607921339784e-10
subgroup:openEHR-EHR-COMPOSITION.demographic_data.v1::Demographic_data::components,field:cf_5cd62eaa6e16a8,components,issue date,canonical_subgroup,field,31.134599264706956,0.02,7.031798771703217e-11
field:cf_7f3b6795a0e812,field:cf_5cd62eaa6e16a8,birth date,issue date,field,field,34.119308028746424,1.09375,6.754431556945654e-10
field:cf_e7551706658b4a,field:cf_5cd62eaa6e16a8,gender,issue date,field,field,35.258458068708435,0.39375,1.1999435861070066e-10
field:cf_19e1b0f55ef007,field:cf_5cd62eaa6e16a8,race,issue date,field,field,41.91791475804386,0.1846590909090909,9.06084025240336e-13
field:cf_4122372d727029,field:cf_5cd62eaa6e16a8,ethnic group,issue date,field,field,45.91791475804386,0.1846590909090909,7.58783989311864e-14
field:cf_7ab0248b87b82e,field:cf_5cd62eaa6e16a8,educational level,issue date,field,field,37.12627193733714,0.39375,3.769020067229446e-11
field:cf_eee397355aecbe,field:cf_5cd62eaa6e16a8,nationality,issue date,field,field,38.46015444370201,0.39375,1.6484045563930554e-11
schema:root,field:cf_775d9002cb4e7b,EHR Schema,reason for encounter,root,field,26.46193814685203,0.02,1.2742047403793744e-09
family:openEHR-EHR-COMPOSITION.outpatient_high_complexity_procedures.v1,field:cf_775d9002cb4e7b,openEHR-EHR-COMPOSITION.outpatient_high_complexity_procedures.v1,reason for encounter,composition_family,field,21.347444887557266,0.02,3.036552964265316e-08
group:openEHR-EHR-COMPOSITION.outpatient_high_complexity_procedures.v1::HCPA,field:cf_775d9002cb4e7b,HCPA,reason for encounter,canonical_group,field,8.548857656212071,0.02,8.483234323777447e-05
subgroup:openEHR-EHR-COMPOSITION.outpatient_high_complexity_procedures.v1::HCPA::components_/_General_data,field:cf_775d9002cb4e7b,components / General data,reason for encounter,canonical_subgroup,field,4.796576851084081,0.02,0.0008687809093606239
field:cf_5cd62eaa6e16a8,field:cf_775d9002cb4e7b,issue date,reason for encounter,field,field,4.184873949579832,0.5096153846153846,0.03615232096455162
field:cf_775d9002cb4e7b,field:cf_775d9002cb4e7b,reason for encounter,reason for encounter,field,field,0.0,0.425,0.425
field:cf_b87e8363f020f7,field:cf_775d9002cb4e7b,healthcare unit,reason for encounter,field,field,2.3529411764705883,0.425,0.09387577306763845
field:cf_8b431261fa7dca,field:cf_775d9002cb4e7b,State,reason for encounter,field,field,4.705882352941177,0.425,0.021827023576586387
field:cf_16800b2d3f5ef6,field:cf_775d9002cb4e7b,patient age,reason for encounter,field,field,2.184873949579832,0.49038461538461536,0.12021416608460105
group:openEHR-EHR-COMPOSITION.outpatient_high_complexity_procedures.v1::Patient_discharge,field:cf_775d9002cb4e7b,Patient discharge,reason for encounter,canonical_group,field,26.486991116492728,0.02,1.2545656408839382e-09
subgroup:openEHR-EHR-COMPOSITION.outpatient_high_complexity_procedures.v1::Patient_discharge::Components,field:cf_775d9002cb4e7b,Components,reason for encounter,canonical_subgroup,field,27.486991116492728,0.02,6.748866081109142e-10
field:cf_469c691048a0ce,field:cf_775d9002cb4e7b,date of discharge,reason for encounter,field,field,29.45037081184294,0.4168269230769231,4.65368064613022e-09
field:cf_49533263f29569,field:cf_775d9002cb4e7b,reason for discharge,reason for encounter,field,field,29.52500344416222,0.39375,4.197257426627524e-09
group:openEHR-EHR-COMPOSITION.outpatient_high_complexity_procedures.v1::Problem/Diagnosis,field:cf_775d9002cb4e7b,Problem/Diagnosis,reason for encounter,canonical_group,field,31.34214919362345,0.02,6.182740303289244e-11
subgroup:openEHR-EHR-COMPOSITION.outpatient_high_complexity_procedures.v1::Problem/Diagnosis::structure,field:cf_775d9002cb4e7b,structure,reason for encounter,canonical_subgroup,field,35.98546250892219,0.02,3.474645382023365e-12
field:cf_bd9db9ae67063d,field:cf_775d9002cb4e7b,Problem,reason for encounter,field,field,39.759139762485574,0.425,7.951774082022222e-12
field:cf_4e7e8ca2916a1e,field:cf_775d9002cb4e7b,Secondary Diagnosis,reason for encounter,field,field,39.286474785123126,0.425,1.0659455564735469e-11
field:cf_0a229c157b8d2a,field:cf_775d9002cb4e7b,Associated causes,reason for encounter,field,field,39.552726018167874,0.425,9.037400522383844e-12
group:openEHR-EHR-COMPOSITION.outpatient_high_complexity_procedures.v1::Procedure_undertaken,field:cf_775d9002cb4e7b,Procedure undertaken,reason for encounter,canonical_group,field,36.35481467903866,0.02,2.7634891884007576e-12
subgroup:openEHR-EHR-COMPOSITION.outpatient_high_complexity_procedures.v1::Procedure_undertaken::Procedure_list,field:cf_775d9002cb4e7b,Procedure list,reason for encounter,canonical_subgroup,field,37.35481467903866,0.02,1.4866036372532128e-12
field:cf_0b6364bb149692,field:cf_775d9002cb4e7b,Procedure,reason for encounter,field,field,41.08218999035476,0.39375,3.2437528244858032e-12
field:cf_af0c9a7d79fe64,field:cf_775d9002cb4e7b,Invaded regional linphonodes,reason for encounter,field,field,42.57558768539887,0.23173076923076924,7.563011753433629e-13
field:cf_e5c01940113606,field:cf_775d9002cb4e7b,irradiated area 1,reason for encounter,field,field,46.34285242474028,0.1610576923076923,5.0852127294207197e-14
field:cf_fc5be63ab59287,field:cf_775d9002cb4e7b,irradiated area 2,reason for encounter,field,field,41.497552656199545,0.31490384615384615,2.0052269324831736e-12
field:cf_821e1930333a5c,field:cf_775d9002cb4e7b,irradiated area 3,reason for encounter,field,field,50.34285242474028,0.10336538461538461,2.7330807495104555e-15
field:cf_c9b3a708f95249,field:cf_775d9002cb4e7b,fields/insertions 1,reason for encounter,field,field,44.72192996582164,0.1923076923076923,1.6587390580485317e-13
field:cf_bbec72e0a270f7,field:cf_775d9002cb4e7b,fields/insertions 2,reason for encounter,field,field,43.136326262324296,0.23557692307692307,5.430726128367457e-13
family:openEHR-EHR-COMPOSITION.hospitalisation.v1,field:cf_775d9002cb4e7b,openEHR-EHR-COMPOSITION.hospitalisation.v1,reason for encounter,composition_family,field,28.86362149882125,0.02,2.874456651901456e-10
group:openEHR-EHR-COMPOSITION.hospitalisation.v1::Patient_discharge,field:cf_775d9002cb4e7b,Patient discharge,reason for encounter,canonical_group,field,36.98960517862878,0.02,1.864371446441081e-12
subgroup:openEHR-EHR-COMPOSITION.hospitalisation.v1::Patient_discharge::Components,field:cf_775d9002cb4e7b,Components,reason for encounter,canonical_subgroup,field,37.98960517862878,0.02,1.002928249223316e-12
field:cf_79ed78f34fef6f,field:cf_775d9002cb4e7b,date of discharge,reason for encounter,field,field,40.43362428171173,0.8854166666666666,1.0904590331366334e-11
field:cf_be52992cb12705,field:cf_775d9002cb4e7b,hospital infection,reason for encounter,field,field,46.47293757695601,0.13541666666666666,3.9443251530932857e-14
field:cf_1285e1e2c004f2,field:cf_775d9002cb4e7b,claim reason,reason for encounter,field,field,41.25261004220656,0.39375,2.9185021038567184e-12
field:cf_80f721f9446bd3,field:cf_775d9002cb4e7b,death indicator,reason for encounter,field,field,42.69341001790089,0.39375,1.194555944303752e-12
group:openEHR-EHR-COMPOSITION.hospitalisation.v1::Authorization_for_hospital_admission,field:cf_775d9002cb4e7b,Authorization for hospital admission,reason for encounter,canonical_group,field,33.38522290276345,0.02,1.742038341606655e-11
subgroup:openEHR-EHR-COMPOSITION.hospitalisation.v1::Authorization_for_hospital_admission::Components,field:cf_775d9002cb4e7b,Components,reason for encounter,canonical_subgroup,field,34.38522290276345,0.02,9.371198359439507e-12
field:cf_ba8421601b1980,field:cf_775d9002cb4e7b,Issue date,reason for encounter,field,field,36.07309968057935,0.9270833333333334,1.7049299278538767e-10
field:cf_ba09c313b94cba,field:cf_775d9002cb4e7b,ICU - Total,reason for encounter,field,field,36.83897164418069,0.39375,4.503888885327125e-11
group:openEHR-EHR-COMPOSITION.hospitalisation.v1::Patient_admission,field:cf_775d9002cb4e7b,Patient admission,reason for encounter,canonical_group,field,35.71783482016498,0.02,4.101782324327089e-12
subgroup:openEHR-EHR-COMPOSITION.hospitalisation.v1::Patient_admission::Tree,field:cf_775d9002cb4e7b,Tree,reason for encounter,canonical_subgroup,field,39.41431949125735,0.02,4.146174862910455e-13
field:cf_3db72fcc22b158,field:cf_775d9002cb4e7b,Patient class,reason for encounter,field,field,47.96125492617981,0.13541666666666666,1.5675613308385793e-14
subgroup:openEHR-EHR-COMPOSITION.hospitalisation.v1::Patient_admission::Tree_/_Assigned_patient_location_/_Facility,field:cf_775d9002cb4e7b,Tree / Assigned patient location / Facility,reason for encounter,canonical_subgroup,field,38.03390711516637,0.02,9.757555057052908e-13
field:cf_9449e602105d68,field:cf_775d9002cb4e7b,Universal ID,reason for encounter,field,field,39.03390711516637,0.7395833333333334,2.169402974451843e-11
subgroup:openEHR-EHR-COMPOSITION.hospitalisation.v1::Patient_admission::Tree_/_Assigned_patient_location_/_Address,field:cf_775d9002cb4e7b,Tree / Assigned patient location / Address,reason for encounter,canonical_subgroup,field,39.076839308133756,0.02,5.111147317332687e-13
field:cf_1d8359b2d21168,field:cf_775d9002cb4e7b,State/province,reason for encounter,field,field,40.076839308133756,0.4875,7.490401957326357e-12
field:cf_10f7d6c8e1d5c5,field:cf_775d9002cb4e7b,Admission type,reason for encounter,field,field,44.181727367124694,0.39375,4.747427337083043e-13
field:cf_2a67f6f1c22886,field:cf_775d9002cb4e7b,Hospital service,reason for encounter,field,field,42.34035597053097,0.59375,2.24209387793238e-12
field:cf_22f759c45e42f4,field:cf_775d9002cb4e7b,Admit date/time,reason for encounter,field,field,41.99501238939356,0.9583333333333334,4.4828568176197e-12
group:openEHR-EHR-COMPOSITION.hospitalisation.v1::Problem/Diagnosis,field:cf_775d9002cb4e7b,Problem/Diagnosis,reason for encounter,canonical_group,field,32.10545957082029,0.02,3.851678988328921e-11
subgroup:openEHR-EHR-COMPOSITION.hospitalisation.v1::Problem/Diagnosis::structure,field:cf_775d9002cb4e7b,structure,reason for encounter,canonical_subgroup,field,33.10545957082029,0.02,2.071989287171831e-11
field:cf_2db2fd852fb674,field:cf_775d9002cb4e7b,Problem,reason for encounter,field,field,35.144648697089224,0.9583333333333334,3.134017816856198e-10
field:cf_49398dcbba5447,field:cf_775d9002cb4e7b,Secondary Diagnosis,reason for encounter,field,field,35.067748315690395,1.0815217391304348,3.709595150981925e-10
group:openEHR-EHR-COMPOSITION.hospitalisation.v1::Procedure_undertaken,field:cf_775d9002cb4e7b,Procedure undertaken,reason for encounter,canonical_group,field,33.828501184642406,0.02,1.3234253710578696e-11
subgroup:openEHR-EHR-COMPOSITION.hospitalisation.v1::Procedure_undertaken::Procedure_list,field:cf_775d9002cb4e7b,Procedure list,reason for encounter,canonical_subgroup,field,34.828501184642406,0.02,7.119293169322484e-12
field:cf_18704e514938d4,field:cf_775d9002cb4e7b,Procedure,reason for encounter,field,field,35.828501184642406,0.6770833333333334,1.4490758081044248e-10
family:openEHR-EHR-COMPOSITION.demographic_data.v1,field:cf_775d9002cb4e7b,openEHR-EHR-COMPOSITION.demographic_data.v1,reason for encounter,composition_family,field,29.038576483010154,0.02,2.5789738197987414e-10
group:openEHR-EHR-COMPOSITION.demographic_data.v1::Demographic_data,field:cf_775d9002cb4e7b,Demographic data,reason for encounter,canonical_group,field,30.038576483010154,0.02,1.387344621063022e-10
subgroup:openEHR-EHR-COMPOSITION.demographic_data.v1::Demographic_data::components,field:cf_775d9002cb4e7b,components,reason for encounter,canonical_subgroup,field,31.038576483010154,0.02,7.463143219277434e-11
field:cf_7f3b6795a0e812,field:cf_775d9002cb4e7b,birth date,reason for encounter,field,field,34.02328524704962,1.09375,7.168761750854614e-10
field:cf_e7551706658b4a,field:cf_775d9002cb4e7b,gender,reason for encounter,field,field,35.16243528701163,0.39375,1.273550499511922e-10
field:cf_19e1b0f55ef007,field:cf_775d9002cb4e7b,race,reason for encounter,field,field,41.821891976347054,0.1846590909090909,9.61665011843064e-13
field:cf_4122372d727029,field:cf_775d9002cb4e7b,ethnic group,reason for encounter,field,field,45.821891976347054,0.1846590909090909,8.053293003089547e-14
field:cf_7ab0248b87b82e,field:cf_775d9002cb4e7b,educational level,reason for encounter,field,field,37.030249155640334,0.39375,4.000219214357691e-11
field:cf_eee397355aecbe,field:cf_775d9002cb4e7b,nationality,reason for encounter,field,field,38.36413166200521,0.39375,1.7495209528999425e-11
schema:root,field:cf_b87e8363f020f7,EHR Schema,healthcare unit,root,field,26.815807632087402,0.02,1.0231879251282314e-09
family:openEHR-EHR-COMPOSITION.outpatient_high_complexity_procedures.v1,field:cf_b87e8363f020f7,openEHR-EHR-COMPOSITION.outpatient_high_complexity_procedures.v1,healthcare unit,composition_family,field,21.701314372792638,0.02,2.438355649284082e-08
group:openEHR-EHR-COMPOSITION.outpatient_high_complexity_procedures.v1::HCPA,field:cf_b87e8363f020f7,HCPA,healthcare unit,canonical_group,field,8.902727141447446,0.02,6.812047272354433e-05
subgroup:openEHR-EHR-COMPOSITION.outpatient_high_complexity_procedures.v1::HCPA::components_/_General_data,field:cf_b87e8363f020f7,components / General data,healthcare unit,canonical_subgroup,field,5.150446336319457,0.02,0.0006976321056340184
field:cf_5cd62eaa6e16a8,field:cf_b87e8363f020f7,issue date,healthcare unit,field,field,6.53781512605042,0.5096153846153846,0.008405763662505705
field:cf_775d9002cb4e7b,field:cf_b87e8363f020f7,reason for encounter,healthcare unit,field,field,2.3529411764705883,0.425,0.09387577306763845
field:cf_b87e8363f020f7,field:cf_b87e8363f020f7,healthcare unit,healthcare unit,field,field,0.0,0.425,0.425
field:cf_8b431261fa7dca,field:cf_b87e8363f020f7,State,healthcare unit,field,field,2.3529411764705883,0.425,0.09387577306763845
field:cf_16800b2d3f5ef6,field:cf_b87e8363f020f7,patient age,healthcare unit,field,field,4.53781512605042,0.49038461538461536,0.02795095424117254
group:openEHR-EHR-COMPOSITION.outpatient_high_complexity_procedures.v1::Patient_discharge,field:cf_b87e8363f020f7,Patient discharge,healthcare unit,canonical_group,field,26.8408606017281,0.02,1.007417704827419e-09
subgroup:openEHR-EHR-COMPOSITION.outpatient_high_complexity_procedures.v1::Patient_discharge::Components,field:cf_b87e8363f020f7,Components,healthcare unit,canonical_subgroup,field,27.8408606017281,0.02,5.419347506463032e-10
field:cf_469c691048a0ce,field:cf_b87e8363f020f7,date of discharge,healthcare unit,field,field,29.804240297078312,0.4168269230769231,3.7369111051224644e-09
field:cf_49533263f29569,field:cf_b87e8363f020f7,reason for discharge,healthcare unit,field,field,29.87887292939759,0.39375,3.370402715894321e-09
group:openEHR-EHR-COMPOSITION.outpatient_high_complexity_procedures.v1::Problem/Diagnosis,field:cf_b87e8363f020f7,Problem/Diagnosis,healthcare unit,canonical_group,field,31.69601867885882,0.02,4.964747832162133e-11
subgroup:openEHR-EHR-COMPOSITION.outpatient_high_complexity_procedures.v1::Problem/Diagnosis::structure,field:cf_b87e8363f020f7,structure,healthcare unit,canonical_subgroup,field,36.33933199415756,0.02,2.7901443828645378e-12
field:cf_bd9db9ae67063d,field:cf_b87e8363f020f7,Problem,healthcare unit,field,field,40.113009247720946,0.425,6.3852840648280146e-12
field:cf_4e7e8ca2916a1e,field:cf_b87e8363f020f7,Secondary Diagnosis,healthcare unit,field,field,39.6403442703585,0.425,8.55955552247513e-12
field:cf_0a229c157b8d2a,field:cf_b87e8363f020f7,Associated causes,healthcare unit,field,field,39.906595503403246,0.425,7.257043390293426e-12
group:openEHR-EHR-COMPOSITION.outpatient_high_complexity_procedures.v1::Procedure_undertaken,field:cf_b87e8363f020f7,Procedure undertaken,healthcare unit,canonical_group,field,36.70868416427403,0.02,2.2190851118260695e-12
subgroup:openEHR-EHR-COMPOSITION.outpatient_high_complexity_procedures.v1::Procedure_undertaken::Procedure_list,field:cf_b87e8363f020f7,Procedure list,healthcare unit,canonical_subgroup,field,37.70868416427403,0.02,1.1937444924559891e-12
field:cf_0b6364bb149692,field:cf_b87e8363f020f7,Procedure,healthcare unit,field,field,41.43605947559014,0.39375,2.60473738398295e-12
field:cf_af0c9a7d79fe64,field:cf_b87e8363f020f7,Invaded regional linphonodes,healthcare unit,field,field,42.92945717063425,0.23173076923076924,6.073107451642464e-13
field:cf_e5c01940113606,field:cf_b87e8363f020f7,irradiated area 1,healthcare unit,field,field,46.69672190997565,0.1610576923076923,4.083431882306849e-14
field:cf_fc5be63ab59287,field:cf_b87e8363f020f7,irradiated area 2,healthcare unit,field,field,41.85142214143492,0.31490384615384615,1.6101996166234935e-12
field:cf_821e1930333a5c,field:cf_b87e8363f020f7,irradiated area 3,healthcare unit,field,field,50.69672190997565,0.10336538461538461,2.194667099156219e-15
field:cf_c9b3a708f95249,field:cf_b87e8363f020f7,fields/insertions 1,healthcare unit,field,field,45.07579945105701,0.1923076923076923,1.3319694405064865e-13
field:cf_bbec72e0a270f7,field:cf_b87e8363f020f7,fields/insertions 2,healthcare unit,field,field,43.49019574755967,0.23557692307692307,4.360879553445678e-13
family:openEHR-EHR-COMPOSITION.hospitalisation.v1,field:cf_b87e8363f020f7,openEHR-EHR-COMPOSITION.hospitalisation.v1,healthcare unit,composition_family,field,29.21749098405662,0.02,2.308192117268709e-10
group:openEHR-EHR-COMPOSITION.hospitalisation.v1::Patient_discharge,field:cf_b87e8363f020f7,Patient discharge,healthcare unit,canonical_group,field,37.34347466386415,0.02,1.4970924934594139e-12
subgroup:openEHR-EHR-COMPOSITION.hospitalisation.v1::Patient_discharge::Components,field:cf_b87e8363f020f7,Components,healthcare unit,canonical_subgroup,field,38.34347466386415,0.02,8.053525794212326e-13
field:cf_79ed78f34fef6f,field:cf_b87e8363f020f7,date of discharge,healthcare unit,field,field,40.7874937669471,0.8854166666666666,8.75639903223256e-12
field:cf_be52992cb12705,field:cf_b87e8363f020f7,hospital infection,healthcare unit,field,field,46.82680706219138,0.13541666666666666,3.1672977988003766e-14
field:cf_1285e1e2c004f2,field:cf_b87e8363f020f7,claim reason,healthcare unit,field,field,41.606479527441934,0.39375,2.343560667682375e-12
field:cf_80f721f9446bd3,field:cf_b87e8363f020f7,death indicator,healthcare unit,field,field,43.04727950313626,0.39375,9.592298469536726e-13
group:openEHR-EHR-COMPOSITION.hospitalisation.v1::Authorization_for_hospital_admission,field:cf_b87e8363f020f7,Authorization for hospital admission,healthcare unit,canonical_group,field,33.739092387998824,0.02,1.3988588644801628e-11
subgroup:openEHR-EHR-COMPOSITION.hospitalisation.v1::Authorization_for_hospital_admission::Components,field:cf_b87e8363f020f7,Components,healthcare unit,canonical_subgroup,field,34.739092387998824,0.02,7.525083451271082e-12
field:cf_ba8421601b1980,field:cf_b87e8363f020f7,Issue date,healthcare unit,field,field,36.42696916581472,0.9270833333333334,1.3690607640106884e-10
field:cf_ba09c313b94cba,field:cf_b87e8363f020f7,ICU - Total,healthcare unit,field,field,37.19284112941607,0.39375,3.616628142674995e-11
group:openEHR-EHR-COMPOSITION.hospitalisation.v1::Patient_admission,field:cf_b87e8363f020f7,Patient admission,healthcare unit,canonical_group,field,36.071704305400345,0.02,3.2937360949593773e-12
subgroup:openEHR-EHR-COMPOSITION.hospitalisation.v1::Patient_admission::Tree,field:cf_b87e8363f020f7,Tree,healthcare unit,canonical_subgroup,field,39.768188976492716,0.02,3.3293833563490835e-13
field:cf_3db72fcc22b158,field:cf_b87e8363f020f7,Patient class,healthcare unit,field,field,48.31512441141518,0.13541666666666666,1.2587536168908319e-14
subgroup:openEHR-EHR-COMPOSITION.hospitalisation.v1::Patient_admission::Tree_/_Assigned_patient_location_/_Facility,field:cf_b87e8363f020f7,Tree / Assigned patient location / Facility,healthcare unit,canonical_subgroup,field,38.387776600401736,0.02,7.83532833991652e-13
field:cf_9449e602105d68,field:cf_b87e8363f020f7,Universal ID,healthcare unit,field,field,39.387776600401736,0.7395833333333334,1.7420331739901707e-11
subgroup:openEHR-EHR-COMPOSITION.hospitalisation.v1::Patient_admission::Tree_/_Assigned_patient_location_/_Address,field:cf_b87e8363f020f7,Tree / Assigned patient location / Address,healthcare unit,canonical_subgroup,field,39.43070879336912,0.02,4.104257387309129e-13
field:cf_1d8359b2d21168,field:cf_b87e8363f020f7,State/province,healthcare unit,field,field,40.43070879336912,0.4875,6.0148016988316485e-12
field:cf_10f7d6c8e1d5c5,field:cf_b87e8363f020f7,Admission type,healthcare unit,field,field,44.53559685236006,0.39375,3.8121898096853845e-13
field:cf_2a67f6f1c22886,field:cf_b87e8363f020f7,Hospital service,healthcare unit,field,field,42.694225455766336,0.59375,1.8004040561184248e-12
field:cf_22f759c45e42f4,field:cf_b87e8363f020f7,Admit date/time,healthcare unit,field,field,42.34888187462892,0.9583333333333334,3.5997393672398356e-12
group:openEHR-EHR-COMPOSITION.hospitalisation.v1::Problem/Diagnosis,field:cf_b87e8363f020f7,Problem/Diagnosis,healthcare unit,canonical_group,field,32.45932905605566,0.02,3.0929028180784405e-11
subgroup:openEHR-EHR-COMPOSITION.hospitalisation.v1::Problem/Diagnosis::structure,field:cf_b87e8363f020f7,structure,healthcare unit,canonical_subgroup,field,33.45932905605566,0.02,1.6638098670061886e-11
field:cf_2db2fd852fb674,field:cf_b87e8363f020f7,Problem,healthcare unit,field,field,35.4985181823246,0.9583333333333334,2.516620042073646e-10
field:cf_49398dcbba5447,field:cf_b87e8363f020f7,Secondary Diagnosis,healthcare unit,field,field,35.421617800925766,1.0815217391304348,2.9788093273525624e-10
group:openEHR-EHR-COMPOSITION.hospitalisation.v1::Procedure_undertaken,field:cf_b87e8363f020f7,Procedure undertaken,healthcare unit,canonical_group,field,34.18237066987778,0.02,1.0627121502244536e-11
subgroup:openEHR-EHR-COMPOSITION.hospitalisation.v1::Procedure_undertaken::Procedure_list,field:cf_b87e8363f020f7,Procedure list,healthcare unit,canonical_subgroup,field,35.18237066987778,0.02,5.716800899775204e-12
field:cf_18704e514938d4,field:cf_b87e8363f020f7,Procedure,healthcare unit,field,field,36.18237066987778,0.6770833333333334,1.1636096009236616e-10
family:openEHR-EHR-COMPOSITION.demographic_data.v1,field:cf_b87e8363f020f7,openEHR-EHR-COMPOSITION.demographic_data.v1,healthcare unit,composition_family,field,29.392445968245525,0.02,2.070919050932302e-10
group:openEHR-EHR-COMPOSITION.demographic_data.v1::Demographic_data,field:cf_b87e8363f020f7,Demographic data,healthcare unit,canonical_group,field,30.392445968245525,0.02,1.1140393841578732e-10
subgroup:openEHR-EHR-COMPOSITION.demographic_data.v1::Demographic_data::components,field:cf_b87e8363f020f7,components,healthcare unit,canonical_subgroup,field,31.392445968245525,0.02,5.992912899691261e-11
field:cf_7f3b6795a0e812,field:cf_b87e8363f020f7,birth date,healthcare unit,field,field,34.37715473228499,1.09375,5.756524229702429e-10
field:cf_e7551706658b4a,field:cf_b87e8363f020f7,gender,healthcare unit,field,field,35.516304772247004,0.39375,1.0226625689319399e-10
field:cf_19e1b0f55ef007,field:cf_b87e8363f020f7,race,healthcare unit,field,field,42.175761461582425,0.1846590909090909,7.722181506271598e-13
field:cf_4122372d727029,field:cf_b87e8363f020f7,ethnic group,healthcare unit,field,field,46.175761461582425,0.1846590909090909,6.466803879435857e-14
field:cf_7ab0248b87b82e,field:cf_b87e8363f020f7,educational level,healthcare unit,field,field,37.384118640875705,0.39375,3.212180796610517e-11
field:cf_eee397355aecbe,field:cf_b87e8363f020f7,nationality,healthcare unit,field,field,38.71800114724058,0.39375,1.4048674102664914e-11
schema:root,field:cf_8b431261fa7dca,EHR Schema,State,root,field,27.75156193600599,0.02,5.727852019217566e-10
family:openEHR-EHR-COMPOSITION.outpatient_high_complexity_procedures.v1,field:cf_8b431261fa7dca,openEHR-EHR-COMPOSITION.outpatient_high_complexity_procedures.v1,State,composition_family,field,22.637068676711227,0.02,1.3650024581331992e-08
group:openEHR-EHR-COMPOSITION.outpatient_high_complexity_procedures.v1::HCPA,field:cf_8b431261fa7dca,HCPA,State,canonical_group,field,9.838481445366034,0.02,3.813414697898337e-05
subgroup:openEHR-EHR-COMPOSITION.outpatient_high_complexity_procedures.v1::HCPA::components_/_General_data,field:cf_8b431261fa7dca,components / General data,State,canonical_subgroup,field,6.086200640238045,0.02,0.0003905375900938274
field:cf_5cd62eaa6e16a8,field:cf_8b431261fa7dca,issue date,State,field,field,8.890756302521009,0.5096153846153846,0.001954421206294952
field:cf_775d9002cb4e7b,field:cf_8b431261fa7dca,reason for encounter,State,field,field,4.705882352941177,0.425,0.021827023576586387
field:cf_b87e8363f020f7,field:cf_8b431261fa7dca,healthcare unit,State,field,field,2.3529411764705883,0.425,0.09387577306763845
field:cf_8b431261fa7dca,field:cf_8b431261fa7dca,State,State,field,field,0.0,0.425,0.425
field:cf_16800b2d3f5ef6,field:cf_8b431261fa7dca,patient age,State,field,field,6.890756302521009,0.49038461538461536,0.006498866717939963
group:openEHR-EHR-COMPOSITION.outpatient_high_complexity_procedures.v1::Patient_discharge,field:cf_8b431261fa7dca,Patient discharge,State,canonical_group,field,27.77661490564669,0.02,5.639569616762343e-10
subgroup:openEHR-EHR-COMPOSITION.outpatient_high_complexity_procedures.v1::Patient_discharge::Components,field:cf_8b431261fa7dca,Components,State,canonical_subgroup,field,28.77661490564669,0.02,3.0337751057652303e-10
field:cf_469c691048a0ce,field:cf_8b431261fa7dca,date of discharge,State,field,field,30.7399946009969,0.4168269230769231,2.0919396421170436e-09
field:cf_49533263f29569,field:cf_8b431261fa7dca,reason for discharge,State,field,field,30.81462723331618,0.39375,1.886766597581993e-09
group:openEHR-EHR-COMPOSITION.outpatient_high_complexity_procedures.v1::Problem/Diagnosis,field:cf_8b431261fa7dca,Problem/Diagnosis,State,canonical_group,field,32.631772982777406,0.02,2.7792881636862643e-11
subgroup:openEHR-EHR-COMPOSITION.outpatient_high_complexity_procedures.v1::Problem/Diagnosis::structure,field:cf_8b431261fa7dca,structure,State,canonical_subgroup,field,37.27508629807615,0.02,1.5619353732400974e-12
field:cf_bd9db9ae67063d,field:cf_8b431261fa7dca,Problem,State,field,field,41.04876355163953,0.425,3.574510735104649e-12
field:cf_4e7e8ca2916a1e,field:cf_8b431261fa7dca,Secondary Diagnosis,State,field,field,40.57609857427708,0.425,4.791677675131847e-12
field:cf_0a229c157b8d2a,field:cf_8b431261fa7dca,Associated causes,State,field,field,40.84234980732183,0.425,4.062525525937236e-12
group:openEHR-EHR-COMPOSITION.outpatient_high_complexity_procedures.v1::Procedure_undertaken,field:cf_8b431261fa7dca,Procedure undertaken,State,canonical_group,field,37.64443846819262,0.02,1.2422538251705497e-12
subgroup:openEHR-EHR-COMPOSITION.outpatient_high_complexity_procedures.v1::Procedure_undertaken::Procedure_list,field:cf_8b431261fa7dca,Procedure list,State,canonical_subgroup,field,38.64443846819262,0.02,6.682635353312062e-13
field:cf_0b6364bb149692,field:cf_8b431261fa7dca,Procedure,State,field,field,42.37181377950873,0.39375,1.4581437014621217e-12
field:cf_af0c9a7d79fe64,field:cf_8b431261fa7dca,Invaded regional linphonodes,State,field,field,43.86521147455284,0.23173076923076924,3.399752863136674e-13
field:cf_e5c01940113606,field:cf_8b431261fa7dca,irradiated area 1,State,field,field,47.632476213894236,0.1610576923076923,2.285923531542603e-14
field:cf_fc5be63ab59287,field:cf_8b431261fa7dca,irradiated area 2,State,field,field,42.7871764453535,0.31490384615384615,9.013969867035311e-13
field:cf_821e1930333a5c,field:cf_8b431261fa7dca,irradiated area 3,State,field,field,51.632476213894236,0.10336538461538461,1.228584511866373e-15
field:cf_c9b3a708f95249,field:cf_8b431261fa7dca,fields/insertions 1,State,field,field,46.011553754975594,0.1923076923076923,7.456424828689291e-14
field:cf_bbec72e0a270f7,field:cf_8b431261fa7dca,fields/insertions 2,State,field,field,44.42595005147825,0.23557692307692307,2.441239985571377e-13
family:openEHR-EHR-COMPOSITION.hospitalisation.v1,field:cf_8b431261fa7dca,openEHR-EHR-COMPOSITION.hospitalisation.v1,State,composition_family,field,30.15324528797521,0.02,1.2921363275453788e-10
group:openEHR-EHR-COMPOSITION.hospitalisation.v1::Patient_discharge,field:cf_8b431261fa7dca,Patient discharge,State,canonical_group,field,38.27922896778274,0.02,8.380791104959809e-13
subgroup:openEHR-EHR-COMPOSITION.hospitalisation.v1::Patient_discharge::Components,field:cf_8b431261fa7dca,Components,State,canonical_subgroup,field,39.27922896778274,0.02,4.508399957556051e-13
field:cf_79ed78f34fef6f,field:cf_8b431261fa7dca,date of discharge,State,field,field,41.723248070865694,0.8854166666666666,4.9018715571298664e-12
field:cf_be52992cb12705,field:cf_8b431261fa7dca,hospital infection,State,field,field,47.76256136610997,0.13541666666666666,1.7730675515984476e-14
field:cf_1285e1e2c004f2,field:cf_8b431261fa7dca,claim reason,State,field,field,42.54223383136053,0.39375,1.3119358011248075e-12
field:cf_80f721f9446bd3,field:cf_8b431261fa7dca,death indicator,State,field,field,43.98303380705485,0.39375,5.3698118213023e-13
group:openEHR-EHR-COMPOSITION.hospitalisation.v1::Authorization_for_hospital_admission,field:cf_8b431261fa7dca,Authorization for hospital admission,State,canonical_group,field,34.67484669191741,0.02,7.830874832215192e-12
subgroup:openEHR-EHR-COMPOSITION.hospitalisation.v1::Authorization_for_hospital_admission::Components,field:cf_8b431261fa7dca,Components,State,canonical_subgroup,field,35.67484669191741,0.02,4.212575557490288e-12
field:cf_ba8421601b1980,field:cf_8b431261fa7dca,Issue date,State,field,field,37.362723469733304,0.9270833333333334,7.664063725720228e-11
field:cf_ba09c313b94cba,field:cf_8b431261fa7dca,ICU - Total,State,field,field,38.12859543333465,0.39375,2.024604698807799e-11
group:openEHR-EHR-COMPOSITION.hospitalisation.v1::Patient_admission,field:cf_8b431261fa7dca,Patient admission,State,canonical_group,field,37.00745860931894,0.02,1.843848278400907e-12
subgroup:openEHR-EHR-COMPOSITION.hospitalisation.v1::Patient_admission::Tree,field:cf_8b431261fa7dca,Tree,State,canonical_subgroup,field,40.70394328041131,0.02,1.8638037756381334e-13
field:cf_3db72fcc22b158,field:cf_8b431261fa7dca,Patient class,State,field,field,49.25087871533377,0.13541666666666666,7.046559355459532e-15
subgroup:openEHR-EHR-COMPOSITION.hospitalisation.v1::Patient_admission::Tree_/_Assigned_patient_location_/_Facility,field:cf_8b431261fa7dca,Tree / Assigned patient location / Facility,State,canonical_subgroup,field,39.32353090432033,0.02,4.386252041373427e-13
field:cf_9449e602105d68,field:cf_8b431261fa7dca,Universal ID,State,field,field,40.32353090432033,0.7395833333333334,9.751980049933715e-12
subgroup:openEHR-EHR-COMPOSITION.hospitalisation.v1::Patient_admission::Tree_/_Assigned_patient_location_/_Address,field:cf_8b431261fa7dca,Tree / Assigned patient location / Address,State,canonical_subgroup,field,40.36646309728771,0.02,2.297581742898401e-13
field:cf_1d8359b2d21168,field:cf_8b431261fa7dca,State/province,State,field,field,41.36646309728771,0.4875,3.3671130405031438e-12
field:cf_10f7d6c8e1d5c5,field:cf_8b431261fa7dca,Admission type,State,field,field,45.47135115627865,0.39375,2.1340809994713818e-13
field:cf_2a67f6f1c22886,field:cf_8b431261fa7dca,Hospital service,State,field,field,43.62997975968493,0.59375,1.0078742873116885e-12
field:cf_22f759c45e42f4,field:cf_8b431261fa7dca,Admit date/time,State,field,field,43.284636178547515,0.9583333333333334,2.0151502863677365e-12
group:openEHR-EHR-COMPOSITION.hospitalisation.v1::Problem/Diagnosis,field:cf_8b431261fa7dca,Problem/Diagnosis,State,canonical_group,field,33.395083359974244,0.02,1.731420906824534e-11
subgroup:openEHR-EHR-COMPOSITION.hospitalisation.v1::Problem/Diagnosis::structure,field:cf_8b431261fa7dca,structure,State,canonical_subgroup,field,34.395083359974244,0.02,9.314082459613841e-12
field:cf_2db2fd852fb674,field:cf_8b431261fa7dca,Problem,State,field,field,36.43427248624319,0.9583333333333334,1.4088152171839295e-10
field:cf_49398dcbba5447,field:cf_8b431261fa7dca,Secondary Diagnosis,State,field,field,36.35737210484435,1.0815217391304348,1.6675508576200498e-10
group:openEHR-EHR-COMPOSITION.hospitalisation.v1::Procedure_undertaken,field:cf_8b431261fa7dca,Procedure undertaken,State,canonical_group,field,35.11812497379636,0.02,5.949110408772012e-12
subgroup:openEHR-EHR-COMPOSITION.hospitalisation.v1::Procedure_undertaken::Procedure_list,field:cf_8b431261fa7dca,Procedure list,State,canonical_subgroup,field,36.11812497379636,0.02,3.2002908530354923e-12
field:cf_18704e514938d4,field:cf_8b431261fa7dca,Procedure,State,field,field,37.11812497379636,0.6770833333333334,6.513938875301205e-11
family:openEHR-EHR-COMPOSITION.demographic_data.v1,field:cf_8b431261fa7dca,openEHR-EHR-COMPOSITION.demographic_data.v1,State,composition_family,field,30.328200272164114,0.02,1.1593097979564365e-10
group:openEHR-EHR-COMPOSITION.demographic_data.v1::Demographic_data,field:cf_8b431261fa7dca,Demographic data,State,canonical_group,field,31.328200272164114,0.02,6.236442572596703e-11
subgroup:openEHR-EHR-COMPOSITION.demographic_data.v1::Demographic_data::components,field:cf_8b431261fa7dca,components,State,canonical_subgroup,field,32.32820027216411,0.02,3.354859592307027e-11
field:cf_7f3b6795a0e812,field:cf_8b431261fa7dca,birth date,State,field,field,35.31290903620358,1.09375,3.222528151770724e-10
field:cf_e7551706658b4a,field:cf_8b431261fa7dca,gender,State,field,field,36.45205907616559,0.39375,5.724911051604662e-11
field:cf_19e1b0f55ef007,field:cf_8b431261fa7dca,race,State,field,field,43.11151576550101,0.1846590909090909,4.322911935060136e-13
field:cf_4122372d727029,field:cf_8b431261fa7dca,ethnic group,State,field,field,47.11151576550101,0.1846590909090909,3.620145893929371e-14
field:cf_7ab0248b87b82e,field:cf_8b431261fa7dca,educational level,State,field,field,38.31987294479429,0.39375,1.798193255618387e-11
field:cf_eee397355aecbe,field:cf_8b431261fa7dca,nationality,State,field,field,39.653755451159164,0.39375,7.864510941740664e-12
schema:root,field:cf_16800b2d3f5ef6,EHR Schema,patient age,root,field,26.038597418217407,0.02,1.656643392792749e-09
family:openEHR-EHR-COMPOSITION.outpatient_high_complexity_procedures.v1,field:cf_16800b2d3f5ef6,openEHR-EHR-COMPOSITION.outpatient_high_complexity_procedures.v1,patient age,composition_family,field,20.924104158922642,0.02,3.9479412104663995e-08
group:openEHR-EHR-COMPOSITION.outpatient_high_complexity_procedures.v1::HCPA,field:cf_16800b2d3f5ef6,HCPA,patient age,canonical_group,field,8.125516927577449,0.02,0.00011029384561710452
subgroup:openEHR-EHR-COMPOSITION.outpatient_high_complexity_procedures.v1::HCPA::components_/_General_data,field:cf_16800b2d3f5ef6,components / General data,patient age,canonical_subgroup,field,4.37323612244946,0.02,0.0011295360216979208
field:cf_5cd62eaa6e16a8,field:cf_16800b2d3f5ef6,issue date,patient age,field,field,2.0,0.5096153846153846,0.14010091705029998
field:cf_775d9002cb4e7b,field:cf_16800b2d3f5ef6,reason for encounter,patient age,field,field,2.184873949579832,0.425,0.10418561060665424
field:cf_b87e8363f020f7,field:cf_16800b2d3f5ef6,healthcare unit,patient age,field,field,4.53781512605042,0.425,0.024224160342349536
field:cf_8b431261fa7dca,field:cf_16800b2d3f5ef6,State,patient age,field,field,6.890756302521009,0.425,0.0056323511555479685
field:cf_16800b2d3f5ef6,field:cf_16800b2d3f5ef6,patient age,patient age,field,field,0.0,0.49038461538461536,0.49038461538461536
group:openEHR-EHR-COMPOSITION.outpatient_high_complexity_procedures.v1::Patient_discharge,field:cf_16800b2d3f5ef6,Patient discharge,patient age,canonical_group,field,26.063650387858104,0.02,1.63110983182842e-09
subgroup:openEHR-EHR-COMPOSITION.outpatient_high_complexity_procedures.v1::Patient_discharge::Components,field:cf_16800b2d3f5ef6,Components,patient age,canonical_subgroup,field,27.063650387858104,0.02,8.774464611380857e-10
field:cf_469c691048a0ce,field:cf_16800b2d3f5ef6,date of discharge,patient age,field,field,29.027030083208317,0.4168269230769231,6.050432124655032e-09
field:cf_49533263f29569,field:cf_16800b2d3f5ef6,reason for discharge,patient age,field,field,29.101662715527596,0.39375,5.457018454979639e-09
group:openEHR-EHR-COMPOSITION.outpatient_high_complexity_procedures.v1::Problem/Diagnosis,field:cf_16800b2d3f5ef6,Problem/Diagnosis,patient age,canonical_group,field,30.91880846498882,0.02,8.038422357264207e-11
subgroup:openEHR-EHR-COMPOSITION.outpatient_high_complexity_procedures.v1::Problem/Diagnosis::structure,field:cf_16800b2d3f5ef6,structure,patient age,canonical_subgroup,field,35.56212178028756,0.02,4.517522288225857e-12
field:cf_bd9db9ae67063d,field:cf_16800b2d3f5ef6,Problem,patient age,field,field,39.33579903385095,0.425,1.03384123261389e-11
field:cf_4e7e8ca2916a1e,field:cf_16800b2d3f5ef6,Secondary Diagnosis,patient age,field,field,38.8631340564885,0.425,1.3858774867553317e-11
field:cf_0a229c157b8d2a,field:cf_16800b2d3f5ef6,Associated causes,patient age,field,field,39.129385289533246,0.425,1.1749877699380815e-11
group:openEHR-EHR-COMPOSITION.outpatient_high_complexity_procedures.v1::Procedure_undertaken,field:cf_16800b2d3f5ef6,Procedure undertaken,patient age,canonical_group,field,35.93147395040404,0.02,3.5929203211528236e-12
subgroup:openEHR-EHR-COMPOSITION.outpatient_high_complexity_procedures.v1::Procedure_undertaken::Procedure_list,field:cf_16800b2d3f5ef6,Procedure list,patient age,canonical_subgroup,field,36.93147395040404,0.02,1.932791501485031e-12
field:cf_0b6364bb149692,field:cf_16800b2d3f5ef6,Procedure,patient age,field,field,40.65884926172015,0.39375,4.217329848370552e-12
field:cf_af0c9a7d79fe64,field:cf_16800b2d3f5ef6,Invaded regional linphonodes,patient age,field,field,42.152246956764245,0.23173076923076924,9.832967225666885e-13
field:cf_e5c01940113606,field:cf_16800b2d3f5ef6,irradiated area 1,patient age,field,field,45.91951169610566,0.1610576923076923,6.611483855123777e-14
field:cf_fc5be63ab59287,field:cf_16800b2d3f5ef6,irradiated area 2,patient age,field,field,41.074211927564924,0.31490384615384615,2.607073921071165e-12
field:cf_821e1930333a5c,field:cf_16800b2d3f5ef6,irradiated area 3,patient age,field,field,49.91951169610566,0.10336538461538461,3.553385121057916e-15
field:cf_c9b3a708f95249,field:cf_16800b2d3f5ef6,fields/insertions 1,patient age,field,field,44.29858923718702,0.1923076923076923,2.1565914909916303e-13
field:cf_bbec72e0a270f7,field:cf_16800b2d3f5ef6,fields/insertions 2,patient age,field,field,42.712985533689675,0.23557692307692307,7.060699331528319e-13
family:openEHR-EHR-COMPOSITION.hospitalisation.v1,field:cf_16800b2d3f5ef6,openEHR-EHR-COMPOSITION.hospitalisation.v1,patient age,composition_family,field,28.440280770186625,0.02,3.7371934582694446e-10
group:openEHR-EHR-COMPOSITION.hospitalisation.v1::Patient_discharge,field:cf_16800b2d3f5ef6,Patient discharge,patient age,canonical_group,field,36.56626444999416,0.02,2.423942197498406e-12
subgroup:openEHR-EHR-COMPOSITION.hospitalisation.v1::Patient_discharge::Components,field:cf_16800b2d3f5ef6,Components,patient age,canonical_subgroup,field,37.56626444999416,0.02,1.303946222195278e-12
field:cf_79ed78f34fef6f,field:cf_16800b2d3f5ef6,date of discharge,patient age,field,field,40.01028355307711,0.8854166666666666,1.4177484160191628e-11
field:cf_be52992cb12705,field:cf_16800b2d3f5ef6,hospital infection,patient age,field,field,46.049596848321386,0.13541666666666666,5.12817131880448e-14
field:cf_1285e1e2c004f2,field:cf_16800b2d3f5ef6,claim reason,patient age,field,field,40.82926931357194,0.39375,3.794458672133359e-12
field:cf_80f721f9446bd3,field:cf_16800b2d3f5ef6,death indicator,patient age,field,field,42.27006928926627,0.39375,1.5530888794707391e-12
group:openEHR-EHR-COMPOSITION.hospitalisation.v1::Authorization_for_hospital_admission,field:cf_16800b2d3f5ef6,Authorization for hospital admission,patient age,canonical_group,field,32.961882174128824,0.02,2.2648921457905275e-11
subgroup:openEHR-EHR-COMPOSITION.hospitalisation.v1::Authorization_for_hospital_admission::Components,field:cf_16800b2d3f5ef6,Components,patient age,canonical_subgroup,field,33.961882174128824,0.02,1.2183861315798838e-11
field:cf_ba8421601b1980,field:cf_16800b2d3f5ef6,Issue date,patient age,field,field,35.64975895194472,0.9270833333333334,2.2166460464687993e-10
field:cf_ba09c313b94cba,field:cf_16800b2d3f5ef6,ICU - Total,patient age,field,field,36.41563091554606,0.39375,5.855682000938393e-11
group:openEHR-EHR-COMPOSITION.hospitalisation.v1::Patient_admission,field:cf_16800b2d3f5ef6,Patient admission,patient age,canonical_group,field,35.29449409153035,0.02,5.332887542270007e-12
subgroup:openEHR-EHR-COMPOSITION.hospitalisation.v1::Patient_admission::Tree,field:cf_16800b2d3f5ef6,Tree,patient age,canonical_subgroup,field,38.990978762622724,0.02,5.390604017027068e-13
field:cf_3db72fcc22b158,field:cf_16800b2d3f5ef6,Patient class,patient age,field,field,47.537914197545184,0.13541666666666666,2.038047763625465e-14
subgroup:openEHR-EHR-COMPOSITION.hospitalisation.v1::Patient_admission::Tree_/_Assigned_patient_location_/_Facility,field:cf_16800b2d3f5ef6,Tree / Assigned patient location / Facility,patient age,canonical_subgroup,field,37.610566386531744,0.02,1.2686178761401736e-12
field:cf_9449e602105d68,field:cf_16800b2d3f5ef6,Universal ID,patient age,field,field,38.610566386531744,0.7395833333333334,2.8205256110258707e-11
subgroup:openEHR-EHR-COMPOSITION.hospitalisation.v1::Patient_admission::Tree_/_Assigned_patient_location_/_Address,field:cf_16800b2d3f5ef6,Tree / Assigned patient location / Address,patient age,canonical_subgroup,field,38.65349857949913,0.02,6.645202426674821e-13
field:cf_1d8359b2d21168,field:cf_16800b2d3f5ef6,State/province,patient age,field,field,39.65349857949913,0.4875,9.738564391364627e-12
field:cf_10f7d6c8e1d5c5,field:cf_16800b2d3f5ef6,Admission type,patient age,field,field,43.758386638490066,0.39375,6.172315862206477e-13
field:cf_2a67f6f1c22886,field:cf_16800b2d3f5ef6,Hospital service,patient age,field,field,41.917015241896344,0.59375,2.9150338961946357e-12
field:cf_22f759c45e42f4,field:cf_16800b2d3f5ef6,Admit date/time,patient age,field,field,41.57167166075893,0.9583333333333334,5.8283373875492595e-12
group:openEHR-EHR-COMPOSITION.hospitalisation.v1::Problem/Diagnosis,field:cf_16800b2d3f5ef6,Problem/Diagnosis,patient age,canonical_group,field,31.68211884218566,0.02,5.007718418371281e-11
subgroup:openEHR-EHR-COMPOSITION.hospitalisation.v1::Problem/Diagnosis::structure,field:cf_16800b2d3f5ef6,structure,patient age,canonical_subgroup,field,32.68211884218566,0.02,2.6938742682032287e-11
field:cf_2db2fd852fb674,field:cf_16800b2d3f5ef6,Problem,patient age,field,field,34.721307968454596,0.9583333333333334,4.074659075309793e-10
field:cf_49398dcbba5447,field:cf_16800b2d3f5ef6,Secondary Diagnosis,patient age,field,field,34.64440758705577,1.0815217391304348,4.822989667249652e-10
group:openEHR-EHR-COMPOSITION.hospitalisation.v1::Procedure_undertaken,field:cf_16800b2d3f5ef6,Procedure undertaken,patient age,canonical_group,field,33.40516045600778,0.02,1.720637058817209e-11
subgroup:openEHR-EHR-COMPOSITION.hospitalisation.v1::Procedure_undertaken::Procedure_list,field:cf_16800b2d3f5ef6,Procedure list,patient age,canonical_subgroup,field,34.40516045600778,0.02,9.256071349099773e-12
field:cf_18704e514938d4,field:cf_16800b2d3f5ef6,Procedure,patient age,field,field,35.40516045600778,0.6770833333333334,1.884000103811634e-10
family:openEHR-EHR-COMPOSITION.demographic_data.v1,field:cf_16800b2d3f5ef6,openEHR-EHR-COMPOSITION.demographic_data.v1,patient age,composition_family,field,28.61523575437553,0.02,3.353024677559284e-10
group:openEHR-EHR-COMPOSITION.demographic_data.v1::Demographic_data,field:cf_16800b2d3f5ef6,Demographic data,patient age,canonical_group,field,29.61523575437553,0.02,1.8037409744106917e-10
subgroup:openEHR-EHR-COMPOSITION.demographic_data.v1::Demographic_data::components,field:cf_16800b2d3f5ef6,components,patient age,canonical_subgroup,field,30.61523575437553,0.02,9.703124240458288e-11
field:cf_7f3b6795a0e812,field:cf_16800b2d3f5ef6,birth date,patient age,field,field,33.59994451841499,1.09375,9.320387385721702e-10
field:cf_e7551706658b4a,field:cf_16800b2d3f5ef6,gender,patient age,field,field,34.73909455837701,0.39375,1.6557927886661021e-10
field:cf_19e1b0f55ef007,field:cf_16800b2d3f5ef6,race,patient age,field,field,41.39855124771243,0.1846590909090909,1.2502982742596265e-12
field:cf_4122372d727029,field:cf_16800b2d3f5ef6,ethnic group,patient age,field,field,45.39855124771243,0.1846590909090909,1.0470401043885714e-13
field:cf_7ab0248b87b82e,field:cf_16800b2d3f5ef6,educational level,patient age,field,field,36.606908427005706,0.39375,5.200841372804189e-11
field:cf_eee397355aecbe,field:cf_16800b2d3f5ef6,nationality,patient age,field,field,37.940790933370586,0.39375,2.2746205812350307e-11
schema:root,group:openEHR-EHR-COMPOSITION.outpatient_high_complexity_procedures.v1::Patient_discharge,EHR Schema,Patient discharge,root,canonical_group,10.254039488230225,0.02,2.7739004252637325e-05
family:openEHR-EHR-COMPOSITION.outpatient_high_complexity_procedures.v1,group:openEHR-EHR-COMPOSITION.outpatient_high_complexity_procedures.v1::Patient_discharge,openEHR-EHR-COMPOSITION.outpatient_high_complexity_procedures.v1,Patient discharge,composition_family,canonical_group,5.139546228935461,0.02,0.0006610472628130047
group:openEHR-EHR-COMPOSITION.outpatient_high_complexity_procedures.v1::HCPA,group:openEHR-EHR-COMPOSITION.outpatient_high_complexity_procedures.v1::Patient_discharge,HCPA,Patient discharge,canonical_group,canonical_group,17.938133460280653,0.02,2.809865467229104e-07
subgroup:openEHR-EHR-COMPOSITION.outpatient_high_complexity_procedures.v1::HCPA::components_/_General_data,group:openEHR-EHR-COMPOSITION.outpatient_high_complexity_procedures.v1::Patient_discharge,components / General data,Patient discharge,canonical_subgroup,canonical_group,21.69041426540864,0.02,2.3104847307148793e-08
field:cf_5cd62eaa6e16a8,group:openEHR-EHR-COMPOSITION.outpatient_high_complexity_procedures.v1::Patient_discharge,issue date,Patient discharge,field,canonical_group,26.583013898189527,0.5096153846153846,3.0119695851287236e-08
field:cf_775d9002cb4e7b,group:openEHR-EHR-COMPOSITION.outpatient_high_complexity_procedures.v1::Patient_discharge,reason for encounter,Patient discharge,field,canonical_group,26.486991116492725,0.425,2.6659519868783778e-08
field:cf_b87e8363f020f7,group:openEHR-EHR-COMPOSITION.outpatient_high_complexity_procedures.v1::Patient_discharge,healthcare unit,Patient discharge,field,canonical_group,26.8408606017281,0.425,2.140762622758265e-08
field:cf_8b431261fa7dca,group:openEHR-EHR-COMPOSITION.outpatient_high_complexity_procedures.v1::Patient_discharge,State,Patient discharge,field,canonical_group,27.776614905646685,0.425,1.1984085435619981e-08
field:cf_16800b2d3f5ef6,group:openEHR-EHR-COMPOSITION.outpatient_high_complexity_procedures.v1::Patient_discharge,patient age,Patient discharge,field,canonical_group,26.0636503878581,0.49038461538461536,3.999355837656236e-08
group:openEHR-EHR-COMPOSITION.outpatient_high_complexity_procedures.v1::Patient_discharge,group:openEHR-EHR-COMPOSITION.outpatient_high_complexity_procedures.v1::Patient_discharge,Patient discharge,Patient discharge,canonical_group,canonical_group,0.0,0.02,0.02
subgroup:openEHR-EHR-COMPOSITION.outpatient_high_complexity_procedures.v1::Patient_discharge::Components,group:openEHR-EHR-COMPOSITION.outpatient_high_complexity_procedures.v1::Patient_discharge,Components,Patient discharge,canonical_subgroup,canonical_group,1.0,0.02,0.008607111001514792
field:cf_469c691048a0ce,group:openEHR-EHR-COMPOSITION.outpatient_high_complexity_procedures.v1::Patient_discharge,date of discharge,Patient discharge,field,canonical_group,2.963379695350213,0.4168269230769231,0.05642186397147796
field:cf_49533263f29569,group:openEHR-EHR-COMPOSITION.outpatient_high_complexity_procedures.v1::Patient_discharge,reason for discharge,Patient discharge,field,canonical_group,3.038012327669491,0.39375,0.05088812610624238
group:openEHR-EHR-COMPOSITION.outpatient_high_complexity_procedures.v1::Problem/Diagnosis,group:openEHR-EHR-COMPOSITION.outpatient_high_complexity_procedures.v1::Patient_discharge,Problem/Diagnosis,Patient discharge,canonical_group,canonical_group,15.134250535001641,0.02,1.598329348342096e-06
subgroup:openEHR-EHR-COMPOSITION.outpatient_high_complexity_procedures.v1::Problem/Diagnosis::structure,group:openEHR-EHR-COMPOSITION.outpatient_high_complexity_procedures.v1::Patient_discharge,structure,Patient discharge,canonical_subgroup,canonical_group,19.77756385030038,0.02,7.564184936218055e-08
field:cf_bd9db9ae67063d,group:openEHR-EHR-COMPOSITION.outpatient_high_complexity_procedures.v1::Patient_discharge,Problem,Patient discharge,field,canonical_group,23.551241103863763,0.425,1.645659353996335e-07
field:cf_4e7e8ca2916a1e,group:openEHR-EHR-COMPOSITION.outpatient_high_complexity_procedures.v1::Patient_discharge,Secondary Diagnosis,Patient discharge,field,canonical_group,23.07857612650131,0.425,2.2060275578345147e-07
field:cf_0a229c157b8d2a,group:openEHR-EHR-COMPOSITION.outpatient_high_complexity_procedures.v1::Patient_discharge,Associated causes,Patient discharge,field,canonical_group,23.344827359546066,0.425,1.8703351669782444e-07
group:openEHR-EHR-COMPOSITION.outpatient_high_complexity_procedures.v1::Procedure_undertaken,group:openEHR-EHR-COMPOSITION.outpatient_high_complexity_procedures.v1::Patient_discharge,Procedure undertaken,Patient discharge,canonical_group,canonical_group,20.146916020416857,0.02,7.14402620355438e-08
subgroup:openEHR-EHR-COMPOSITION.outpatient_high_complexity_procedures.v1::Procedure_undertaken::Procedure_list,group:openEHR-EHR-COMPOSITION.outpatient_high_complexity_procedures.v1::Patient_discharge,Procedure list,Patient discharge,canonical_subgroup,canonical_group,21.146916020416857,0.02,3.2362856069327784e-08
field:cf_0b6364bb149692,group:openEHR-EHR-COMPOSITION.outpatient_high_complexity_procedures.v1::Patient_discharge,Procedure,Patient discharge,field,canonical_group,24.874291331732962,0.39375,6.713108449265093e-08
field:cf_af0c9a7d79fe64,group:openEHR-EHR-COMPOSITION.outpatient_high_complexity_procedures.v1::Patient_discharge,Invaded regional linphonodes,Patient discharge,field,canonical_group,26.367689026777064,0.23173076923076924,1.565203048783937e-08
field:cf_e5c01940113606,group:openEHR-EHR-COMPOSITION.outpatient_high_complexity_procedures.v1::Patient_discharge,irradiated area 1,Patient discharge,field,canonical_group,30.13495376611847,0.1610576923076923,1.0524101677074098e-09
field:cf_fc5be63ab59287,group:openEHR-EHR-COMPOSITION.outpatient_high_complexity_procedures.v1::Patient_discharge,irradiated area 2,Patient discharge,field,canonical_group,25.28965399757774,0.31490384615384615,4.1499172691373804e-08
field:cf_821e1930333a5c,group:openEHR-EHR-COMPOSITION.outpatient_high_complexity_procedures.v1::Patient_discharge,irradiated area 3,Patient discharge,field,canonical_group,34.13495376611847,0.10336538461538461,5.6562470893480916e-11
field:cf_c9b3a708f95249,group:openEHR-EHR-COMPOSITION.outpatient_high_complexity_procedures.v1::Patient_discharge,fields/insertions 1,Patient discharge,field,canonical_group,28.51403130719983,0.1923076923076923,3.4328433108884664e-09
field:cf_bbec72e0a270f7,group:openEHR-EHR-COMPOSITION.outpatient_high_complexity_procedures.v1::Patient_discharge,fields/insertions 2,Patient discharge,field,canonical_group,26.92842760370249,0.23557692307692307,1.1239158909639655e-08
family:openEHR-EHR-COMPOSITION.hospitalisation.v1,group:openEHR-EHR-COMPOSITION.outpatient_high_complexity_procedures.v1::Patient_discharge,openEHR-EHR-COMPOSITION.hospitalisation.v1,Patient discharge,composition_family,canonical_group,12.655722840199443,0.02,6.257594463773261e-06
group:openEHR-EHR-COMPOSITION.hospitalisation.v1::Patient_discharge,group:openEHR-EHR-COMPOSITION.outpatient_high_complexity_procedures.v1::Patient_discharge,Patient discharge,Patient discharge,canonical_group,canonical_group,20.781706520006974,0.02,4.819674534077495e-08
subgroup:openEHR-EHR-COMPOSITION.hospitalisation.v1::Patient_discharge::Components,group:openEHR-EHR-COMPOSITION.outpatient_high_complexity_procedures.v1::Patient_discharge,Components,Patient discharge,canonical_subgroup,canonical_group,21.781706520006974,0.02,2.183340721367318e-08
field:cf_79ed78f34fef6f,group:openEHR-EHR-COMPOSITION.outpatient_high_complexity_procedures.v1::Patient_discharge,date of discharge,Patient discharge,field,canonical_group,24.22572562308993,0.8854166666666666,2.2567594218857936e-07
field:cf_be52992cb12705,group:openEHR-EHR-COMPOSITION.outpatient_high_complexity_procedures.v1::Patient_discharge,hospital infection,Patient discharge,field,canonical_group,30.265038918334206,0.13541666666666666,8.162977866871451e-10
field:cf_1285e1e2c004f2,group:openEHR-EHR-COMPOSITION.outpatient_high_complexity_procedures.v1::Patient_discharge,claim reason,Patient discharge,field,canonical_group,25.044711383584758,0.39375,6.039985841308452e-08
field:cf_80f721f9446bd3,group:openEHR-EHR-COMPOSITION.outpatient_high_complexity_procedures.v1::Patient_discharge,death indicator,Patient discharge,field,canonical_group,26.485511359279087,0.39375,2.472193177695832e-08
group:openEHR-EHR-COMPOSITION.hospitalisation.v1::Authorization_for_hospital_admission,group:openEHR-EHR-COMPOSITION.outpatient_high_complexity_procedures.v1::Patient_discharge,Authorization for hospital admission,Patient discharge,canonical_group,canonical_group,17.177324244141644,0.02,4.5034254565824546e-07
subgroup:openEHR-EHR-COMPOSITION.hospitalisation.v1::Authorization_for_hospital_admission::Components,group:openEHR-EHR-COMPOSITION.outpatient_high_complexity_procedures.v1::Patient_discharge,Components,Patient discharge,canonical_subgroup,canonical_group,18.177324244141644,0.02,2.040078041676452e-07
field:cf_ba8421601b1980,group:openEHR-EHR-COMPOSITION.outpatient_high_complexity_procedures.v1::Patient_discharge,Issue date,Patient discharge,field,canonical_group,19.865201021957535,0.9270833333333334,3.5284376225229732e-06
field:cf_ba09c313b94cba,group:openEHR-EHR-COMPOSITION.outpatient_high_complexity_procedures.v1::Patient_discharge,ICU - Total,Patient discharge,field,canonical_group,20.631072985558884,0.39375,9.321022952922934e-07
group:openEHR-EHR-COMPOSITION.hospitalisation.v1::Patient_admission,group:openEHR-EHR-COMPOSITION.outpatient_high_complexity_procedures.v1::Patient_discharge,Patient admission,Patient discharge,canonical_group,canonical_group,19.509936161543173,0.02,1.0603710891746516e-07
subgroup:openEHR-EHR-COMPOSITION.hospitalisation.v1::Patient_admission::Tree,group:openEHR-EHR-COMPOSITION.outpatient_high_complexity_procedures.v1::Patient_discharge,Tree,Patient discharge,canonical_subgroup,canonical_group,23.206420832635548,0.02,9.026081799084217e-09
field:cf_3db72fcc22b158,group:openEHR-EHR-COMPOSITION.outpatient_high_complexity_procedures.v1::Patient_discharge,Patient class,Patient discharge,field,canonical_group,31.753356267558004,0.13541666666666666,3.24414645140599e-10
subgroup:openEHR-EHR-COMPOSITION.hospitalisation.v1::Patient_admission::Tree_/_Assigned_patient_location_/_Facility,group:openEHR-EHR-COMPOSITION.outpatient_high_complexity_procedures.v1::Patient_discharge,Tree / Assigned patient location / Facility,Patient discharge,canonical_subgroup,canonical_group,21.826008456544564,0.02,2.1241865819958217e-08
field:cf_9449e602105d68,group:openEHR-EHR-COMPOSITION.outpatient_high_complexity_procedures.v1::Patient_discharge,Universal ID,Patient discharge,field,canonical_group,22.826008456544564,0.7395833333333334,4.4896877862332735e-07
subgroup:openEHR-EHR-COMPOSITION.hospitalisation.v1::Patient_admission::Tree_/_Assigned_patient_location_/_Address,group:openEHR-EHR-COMPOSITION.outpatient_high_complexity_procedures.v1::Patient_discharge,Tree / Assigned patient location / Address,Patient discharge,canonical_subgroup,canonical_group,22.86894064951195,0.02,1.1126794044820058e-08
field:cf_1d8359b2d21168,group:openEHR-EHR-COMPOSITION.outpatient_high_complexity_procedures.v1::Patient_discharge,State/province,Patient discharge,field,canonical_group,23.86894064951195,0.4875,1.5501760888976054e-07
field:cf_10f7d6c8e1d5c5,group:openEHR-EHR-COMPOSITION.outpatient_high_complexity_procedures.v1::Patient_discharge,Admission type,Patient discharge,field,canonical_group,27.973828708502886,0.39375,9.825037940089154e-09
field:cf_2a67f6f1c22886,group:openEHR-EHR-COMPOSITION.outpatient_high_complexity_procedures.v1::Patient_discharge,Hospital service,Patient discharge,field,canonical_group,26.132457311909167,0.59375,4.640125240855671e-08
field:cf_22f759c45e42f4,group:openEHR-EHR-COMPOSITION.outpatient_high_complexity_procedures.v1::Patient_discharge,Admit date/time,Patient discharge,field,canonical_group,25.787113730771758,0.9583333333333334,9.277496038551857e-08
group:openEHR-EHR-COMPOSITION.hospitalisation.v1::Problem/Diagnosis,group:openEHR-EHR-COMPOSITION.outpatient_high_complexity_procedures.v1::Patient_discharge,Problem/Diagnosis,Patient discharge,canonical_group,canonical_group,15.897560912198479,0.02,9.95715696511394e-07
subgroup:openEHR-EHR-COMPOSITION.hospitalisation.v1::Problem/Diagnosis::structure,group:openEHR-EHR-COMPOSITION.outpatient_high_complexity_procedures.v1::Patient_discharge,structure,Patient discharge,canonical_subgroup,canonical_group,16.89756091219848,0.02,4.510650276749567e-07
field:cf_2db2fd852fb674,group:openEHR-EHR-COMPOSITION.outpatient_high_complexity_procedures.v1::Patient_discharge,Problem,Patient discharge,field,canonical_group,18.93675003846742,0.9583333333333334,6.486006371283805e-06
field:cf_49398dcbba5447,group:openEHR-EHR-COMPOSITION.outpatient_high_complexity_procedures.v1::Patient_discharge,Secondary Diagnosis,Patient discharge,field,canonical_group,18.859849657068583,1.0815217391304348,7.677192406100592e-06
group:openEHR-EHR-COMPOSITION.hospitalisation.v1::Procedure_undertaken,group:openEHR-EHR-COMPOSITION.outpatient_high_complexity_procedures.v1::Patient_discharge,Procedure undertaken,Patient discharge,canonical_group,canonical_group,17.620602526020598,0.02,3.4212493281934963e-07
subgroup:openEHR-EHR-COMPOSITION.hospitalisation.v1::Procedure_undertaken::Procedure_list,group:openEHR-EHR-COMPOSITION.outpatient_high_complexity_procedures.v1::Patient_discharge,Procedure list,Patient discharge,canonical_subgroup,canonical_group,18.620602526020598,0.02,1.549845933243124e-07
field:cf_18704e514938d4,group:openEHR-EHR-COMPOSITION.outpatient_high_complexity_procedures.v1::Patient_discharge,Procedure,Patient discharge,field,canonical_group,19.620602526020598,0.6770833333333334,2.9989347454529152e-06
family:openEHR-EHR-COMPOSITION.demographic_data.v1,group:openEHR-EHR-COMPOSITION.outpatient_high_complexity_procedures.v1::Patient_discharge,openEHR-EHR-COMPOSITION.demographic_data.v1,Patient discharge,composition_family,canonical_group,12.830677824388347,0.02,5.614338378111682e-06
group:openEHR-EHR-COMPOSITION.demographic_data.v1::Demographic_data,group:openEHR-EHR-COMPOSITION.outpatient_high_complexity_procedures.v1::Patient_discharge,Demographic data,Patient discharge,canonical_group,canonical_group,13.830677824388347,0.02,3.5864899952693854e-06
subgroup:openEHR-EHR-COMPOSITION.demographic_data.v1::Demographic_data::components,group:openEHR-EHR-COMPOSITION.outpatient_high_complexity_procedures.v1::Patient_discharge,components,Patient discharge,canonical_subgroup,canonical_group,14.830677824388347,0.02,1.624700920795047e-06
field:cf_7f3b6795a0e812,group:openEHR-EHR-COMPOSITION.outpatient_high_complexity_procedures.v1::Patient_discharge,birth date,Patient discharge,field,canonical_group,17.815386588427813,1.09375,1.4836110420361499e-05
field:cf_e7551706658b4a,group:openEHR-EHR-COMPOSITION.outpatient_high_complexity_procedures.v1::Patient_discharge,gender,Patient discharge,field,canonical_group,18.954536628389828,0.39375,2.6356763543456958e-06
field:cf_19e1b0f55ef007,group:openEHR-EHR-COMPOSITION.outpatient_high_complexity_procedures.v1::Patient_discharge,race,Patient discharge,field,canonical_group,25.61399331772525,0.1846590909090909,1.990213763402171e-08
field:cf_4122372d727029,group:openEHR-EHR-COMPOSITION.outpatient_high_complexity_procedures.v1::Patient_discharge,ethnic group,Patient discharge,field,canonical_group,29.61399331772525,0.1846590909090909,1.6666692016528125e-09
field:cf_7ab0248b87b82e,group:openEHR-EHR-COMPOSITION.outpatient_high_complexity_procedures.v1::Patient_discharge,educational level,Patient discharge,field,canonical_group,20.822350497018526,0.39375,8.278653417765945e-07
field:cf_eee397355aecbe,group:openEHR-EHR-COMPOSITION.outpatient_high_complexity_procedures.v1::Patient_discharge,nationality,Patient discharge,field,canonical_group,22.156233003383402,0.39375,3.6207209755387955e-07
schema:root,subgroup:openEHR-EHR-COMPOSITION.outpatient_high_complexity_procedures.v1::Patient_discharge::Components,EHR Schema,Components,root,canonical_subgroup,11.254039488230225,0.02,1.492204304212127e-05
family:openEHR-EHR-COMPOSITION.outpatient_high_complexity_procedures.v1,subgroup:openEHR-EHR-COMPOSITION.outpatient_high_complexity_procedures.v1::Patient_discharge::Components,openEHR-EHR-COMPOSITION.outpatient_high_complexity_procedures.v1,Components,composition_family,canonical_subgroup,6.139546228935461,0.02,0.0003556066980174409
group:openEHR-EHR-COMPOSITION.outpatient_high_complexity_procedures.v1::HCPA,subgroup:openEHR-EHR-COMPOSITION.outpatient_high_complexity_procedures.v1::Patient_discharge::Components,HCPA,Components,canonical_group,canonical_subgroup,18.938133460280653,0.02,1.2728854724086387e-07
subgroup:openEHR-EHR-COMPOSITION.outpatient_high_complexity_procedures.v1::HCPA::components_/_General_data,subgroup:openEHR-EHR-COMPOSITION.outpatient_high_complexity_procedures.v1::Patient_discharge::Components,components / General data,Components,canonical_subgroup,canonical_subgroup,22.69041426540864,0.02,1.4759584857296557e-08
field:cf_5cd62eaa6e16a8,subgroup:openEHR-EHR-COMPOSITION.outpatient_high_complexity_procedures.v1::Patient_discharge::Components,issue date,Components,field,canonical_subgroup,27.583013898189527,0.5096153846153846,1.6202722845243346e-08
field:cf_775d9002cb4e7b,subgroup:openEHR-EHR-COMPOSITION.outpatient_high_complexity_procedures.v1::Patient_discharge::Components,reason for encounter,Components,field,canonical_subgroup,27.486991116492725,0.425,1.4341340422356927e-08
field:cf_b87e8363f020f7,subgroup:openEHR-EHR-COMPOSITION.outpatient_high_complexity_procedures.v1::Patient_discharge::Components,healthcare unit,Components,field,canonical_subgroup,27.8408606017281,0.425,1.1516113451233943e-08
field:cf_8b431261fa7dca,subgroup:openEHR-EHR-COMPOSITION.outpatient_high_complexity_procedures.v1::Patient_discharge::Components,State,Components,field,canonical_subgroup,28.776614905646685,0.425,6.446772099751113e-09
field:cf_16800b2d3f5ef6,subgroup:openEHR-EHR-COMPOSITION.outpatient_high_complexity_procedures.v1::Patient_discharge::Components,patient age,Components,field,canonical_subgroup,27.0636503878581,0.49038461538461536,2.15143122682896e-08
group:openEHR-EHR-COMPOSITION.outpatient_high_complexity_procedures.v1::Patient_discharge,subgroup:openEHR-EHR-COMPOSITION.outpatient_high_complexity_procedures.v1::Patient_discharge::Components,Patient discharge,Components,canonical_group,canonical_subgroup,1.0,0.02,0.008607111001514792
subgroup:openEHR-EHR-COMPOSITION.outpatient_high_complexity_procedures.v1::Patient_discharge::Components,subgroup:openEHR-EHR-COMPOSITION.outpatient_high_complexity_procedures.v1::Patient_discharge::Components,Components,Components,canonical_subgroup,canonical_subgroup,0.0,0.02,0.02
field:cf_469c691048a0ce,subgroup:openEHR-EHR-COMPOSITION.outpatient_high_complexity_procedures.v1::Patient_discharge::Components,date of discharge,Components,field,canonical_subgroup,1.9633796953502132,0.4168269230769231,0.10488418510982021
field:cf_49533263f29569,subgroup:openEHR-EHR-COMPOSITION.outpatient_high_complexity_procedures.v1::Patient_discharge::Components,reason for discharge,Components,field,canonical_subgroup,2.038012327669491,0.39375,0.09459736461590688
group:openEHR-EHR-COMPOSITION.outpatient_high_complexity_procedures.v1::Problem/Diagnosis,subgroup:openEHR-EHR-COMPOSITION.outpatient_high_complexity_procedures.v1::Patient_discharge::Components,Problem/Diagnosis,Components,canonical_group,canonical_subgroup,16.13425053500164,0.02,7.240525325346965e-07
subgroup:openEHR-EHR-COMPOSITION.outpatient_high_complexity_procedures.v1::Problem/Diagnosis::structure,subgroup:openEHR-EHR-COMPOSITION.outpatient_high_complexity_procedures.v1::Patient_discharge::Components,structure,Components,canonical_subgroup,canonical_subgroup,20.77756385030038,0.02,4.832069563508921e-08
field:cf_bd9db9ae67063d,subgroup:openEHR-EHR-COMPOSITION.outpatient_high_complexity_procedures.v1::Patient_discharge::Components,Problem,Components,field,canonical_subgroup,24.551241103863763,0.425,8.85273295657973e-08
field:cf_4e7e8ca2916a1e,subgroup:openEHR-EHR-COMPOSITION.outpatient_high_complexity_procedures.v1::Patient_discharge::Components,Secondary Diagnosis,Components,field,canonical_subgroup,24.07857612650131,0.425,1.1867202539176419e-07
field:cf_0a229c157b8d2a,subgroup:openEHR-EHR-COMPOSITION.outpatient_high_complexity_procedures.v1::Patient_discharge::Components,Associated causes,Components,field,canonical_subgroup,24.344827359546066,0.425,1.0061363995136524e-07
group:openEHR-EHR-COMPOSITION.outpatient_high_complexity_procedures.v1::Procedure_undertaken,subgroup:openEHR-EHR-COMPOSITION.outpatient_high_complexity_procedures.v1::Patient_discharge::Components,Procedure undertaken,Components,canonical_group,canonical_subgroup,21.146916020416857,0.02,3.2362856069327784e-08
subgroup:openEHR-EHR-COMPOSITION.outpatient_high_complexity_procedures.v1::Procedure_undertaken::Procedure_list,subgroup:openEHR-EHR-COMPOSITION.outpatient_high_complexity_procedures.v1::Patient_discharge::Components,Procedure list,Components,canonical_subgroup,canonical_subgroup,22.146916020416857,0.02,2.0673684358516683e-08
field:cf_0b6364bb149692,subgroup:openEHR-EHR-COMPOSITION.outpatient_high_complexity_procedures.v1::Patient_discharge::Components,Procedure,Components,field,canonical_subgroup,25.874291331732962,0.39375,3.611279349251964e-08
field:cf_af0c9a7d79fe64,subgroup:openEHR-EHR-COMPOSITION.outpatient_high_complexity_procedures.v1::Patient_discharge::Components,Invaded regional linphonodes,Components,field,canonical_subgroup,27.367689026777064,0.23173076923076924,8.419922737995442e-09
field:cf_e5c01940113606,subgroup:openEHR-EHR-COMPOSITION.outpatient_high_complexity_procedures.v1::Patient_discharge::Components,irradiated area 1,Components,field,canonical_subgroup,31.13495376611847,0.1610576923076923,5.661381957862791e-10
field:cf_fc5be63ab59287,subgroup:openEHR-EHR-COMPOSITION.outpatient_high_complexity_procedures.v1::Patient_discharge::Components,irradiated area 2,Components,field,canonical_subgroup,26.28965399757774,0.31490384615384615,2.2324249114105372e-08
field:cf_821e1930333a5c,subgroup:openEHR-EHR-COMPOSITION.outpatient_high_complexity_procedures.v1::Patient_discharge::Components,irradiated area 3,Components,field,canonical_subgroup,35.13495376611847,0.10336538461538461,3.042746659375871e-11
field:cf_c9b3a708f95249,subgroup:openEHR-EHR-COMPOSITION.outpatient_high_complexity_procedures.v1::Patient_discharge::Components,fields/insertions 1,Components,field,canonical_subgroup,29.51403130719983,0.1923076923076923,1.846678964226541e-09
field:cf_bbec72e0a270f7,subgroup:openEHR-EHR-COMPOSITION.outpatient_high_complexity_procedures.v1::Patient_discharge::Components,fields/insertions 2,Components,field,canonical_subgroup,27.92842760370249,0.23557692307692307,6.046043018683273e-09
family:openEHR-EHR-COMPOSITION.hospitalisation.v1,subgroup:openEHR-EHR-COMPOSITION.outpatient_high_complexity_procedures.v1::Patient_discharge::Components,openEHR-EHR-COMPOSITION.hospitalisation.v1,Components,composition_family,canonical_subgroup,13.655722840199443,0.02,3.3662381345100592e-06
group:openEHR-EHR-COMPOSITION.hospitalisation.v1::Patient_discharge,subgroup:openEHR-EHR-COMPOSITION.outpatient_high_complexity_procedures.v1::Patient_discharge::Components,Patient discharge,Components,canonical_group,canonical_subgroup,21.781706520006974,0.02,2.183340721367318e-08
subgroup:openEHR-EHR-COMPOSITION.hospitalisation.v1::Patient_discharge::Components,subgroup:openEHR-EHR-COMPOSITION.outpatient_high_complexity_procedures.v1::Patient_discharge::Components,Components,Components,canonical_subgroup,canonical_subgroup,22.781706520006974,0.02,1.3947377457647738e-08
field:cf_79ed78f34fef6f,subgroup:openEHR-EHR-COMPOSITION.outpatient_high_complexity_procedures.v1::Patient_discharge::Components,date of discharge,Components,field,canonical_subgroup,25.22572562308993,0.8854166666666666,1.2140111779928347e-07
field:cf_be52992cb12705,subgroup:openEHR-EHR-COMPOSITION.outpatient_high_complexity_procedures.v1::Patient_discharge::Components,hospital infection,Components,field,canonical_subgroup,31.265038918334206,0.13541666666666666,4.3912285376919343e-10
field:cf_1285e1e2c004f2,subgroup:openEHR-EHR-COMPOSITION.outpatient_high_complexity_procedures.v1::Patient_discharge::Components,claim reason,Components,field,canonical_subgroup,26.044711383584758,0.39375,3.249176786482469e-08
field:cf_80f721f9446bd3,subgroup:openEHR-EHR-COMPOSITION.outpatient_high_complexity_procedures.v1::Patient_discharge::Components,death indicator,Components,field,canonical_subgroup,27.485511359279087,0.39375,1.3299025686009741e-08
group:openEHR-EHR-COMPOSITION.hospitalisation.v1::Authorization_for_hospital_admission,subgroup:openEHR-EHR-COMPOSITION.outpatient_high_complexity_procedures.v1::Patient_discharge::Components,Authorization for hospital admission,Components,canonical_group,canonical_subgroup,18.177324244141644,0.02,2.040078041676452e-07
subgroup:openEHR-EHR-COMPOSITION.hospitalisation.v1::Authorization_for_hospital_admission::Components,subgroup:openEHR-EHR-COMPOSITION.outpatient_high_complexity_procedures.v1::Patient_discharge::Components,Components,Components,canonical_subgroup,canonical_subgroup,19.177324244141644,0.02,1.3032202537999254e-07
field:cf_ba8421601b1980,subgroup:openEHR-EHR-COMPOSITION.outpatient_high_complexity_procedures.v1::Patient_discharge::Components,Issue date,Components,field,canonical_subgroup,20.865201021957535,0.9270833333333334,1.898103392436009e-06
field:cf_ba09c313b94cba,subgroup:openEHR-EHR-COMPOSITION.outpatient_high_complexity_procedures.v1::Patient_discharge::Components,ICU - Total,Components,field,canonical_subgroup,21.631072985558884,0.39375,5.014192450217174e-07
group:openEHR-EHR-COMPOSITION.hospitalisation.v1::Patient_admission,subgroup:openEHR-EHR-COMPOSITION.outpatient_high_complexity_procedures.v1::Patient_discharge::Components,Patient admission,Components,canonical_group,canonical_subgroup,20.509936161543173,0.02,4.803542982801776e-08
subgroup:openEHR-EHR-COMPOSITION.hospitalisation.v1::Patient_admission::Tree,subgroup:openEHR-EHR-COMPOSITION.outpatient_high_complexity_procedures.v1::Patient_discharge::Components,Tree,Components,canonical_subgroup,canonical_subgroup,24.206420832635548,0.02,5.765942465296608e-09
field:cf_3db72fcc22b158,subgroup:openEHR-EHR-COMPOSITION.outpatient_high_complexity_procedures.v1::Patient_discharge::Components,Patient class,Components,field,canonical_subgroup,32.753356267558004,0.13541666666666666,1.7451705382763528e-10
subgroup:openEHR-EHR-COMPOSITION.hospitalisation.v1::Patient_admission::Tree_/_Assigned_patient_location_/_Facility,subgroup:openEHR-EHR-COMPOSITION.outpatient_high_complexity_procedures.v1::Patient_discharge::Components,Tree / Assigned patient location / Facility,Components,canonical_subgroup,canonical_subgroup,22.826008456544564,0.02,1.3569495479850027e-08
field:cf_9449e602105d68,subgroup:openEHR-EHR-COMPOSITION.outpatient_high_complexity_procedures.v1::Patient_discharge::Components,Universal ID,Components,field,canonical_subgroup,23.826008456544564,0.7395833333333334,2.415202571140935e-07
subgroup:openEHR-EHR-COMPOSITION.hospitalisation.v1::Patient_admission::Tree_/_Assigned_patient_location_/_Address,subgroup:openEHR-EHR-COMPOSITION.outpatient_high_complexity_procedures.v1::Patient_discharge::Components,Tree / Assigned patient location / Address,Components,canonical_subgroup,canonical_subgroup,23.86894064951195,0.02,7.107896395548599e-09
field:cf_1d8359b2d21168,subgroup:openEHR-EHR-COMPOSITION.outpatient_high_complexity_procedures.v1::Patient_discharge::Components,State/province,Components,field,canonical_subgroup,24.86894064951195,0.4875,8.339086043147336e-08
field:cf_10f7d6c8e1d5c5,subgroup:openEHR-EHR-COMPOSITION.outpatient_high_complexity_procedures.v1::Patient_discharge::Components,Admission type,Components,field,canonical_subgroup,28.973828708502886,0.39375,5.2853245090276125e-09
field:cf_2a67f6f1c22886,subgroup:openEHR-EHR-COMPOSITION.outpatient_high_complexity_procedures.v1::Patient_discharge::Components,Hospital service,Components,field,canonical_subgroup,27.132457311909167,0.59375,2.4961295630609546e-08
field:cf_22f759c45e42f4,subgroup:openEHR-EHR-COMPOSITION.outpatient_high_complexity_procedures.v1::Patient_discharge::Components,Admit date/time,Components,field,canonical_subgroup,26.787113730771758,0.9583333333333334,4.990777388745594e-08
group:openEHR-EHR-COMPOSITION.hospitalisation.v1::Problem/Diagnosis,subgroup:openEHR-EHR-COMPOSITION.outpatient_high_complexity_procedures.v1::Patient_discharge::Components,Problem/Diagnosis,Components,canonical_group,canonical_subgroup,16.89756091219848,0.02,4.510650276749567e-07
subgroup:openEHR-EHR-COMPOSITION.hospitalisation.v1::Problem/Diagnosis::structure,subgroup:openEHR-EHR-COMPOSITION.outpatient_high_complexity_procedures.v1::Patient_discharge::Components,structure,Components,canonical_subgroup,canonical_subgroup,17.89756091219848,0.02,2.881444081245869e-07
field:cf_2db2fd852fb674,subgroup:openEHR-EHR-COMPOSITION.outpatient_high_complexity_procedures.v1::Patient_discharge::Components,Problem,Components,field,canonical_subgroup,19.93675003846742,0.9583333333333334,3.4891110496357392e-06
field:cf_49398dcbba5447,subgroup:openEHR-EHR-COMPOSITION.outpatient_high_complexity_procedures.v1::Patient_discharge::Components,Secondary Diagnosis,Components,field,canonical_subgroup,19.859849657068583,1.0815217391304348,4.129902951205892e-06
group:openEHR-EHR-COMPOSITION.hospitalisation.v1::Procedure_undertaken,subgroup:openEHR-EHR-COMPOSITION.outpatient_high_complexity_procedures.v1::Patient_discharge::Components,Procedure undertaken,Components,canonical_group,canonical_subgroup,18.620602526020598,0.02,1.549845933243124e-07
subgroup:openEHR-EHR-COMPOSITION.hospitalisation.v1::Procedure_undertaken::Procedure_list,subgroup:openEHR-EHR-COMPOSITION.outpatient_high_complexity_procedures.v1::Patient_discharge::Components,Procedure list,Components,canonical_subgroup,canonical_subgroup,19.620602526020598,0.02,9.90055561213777e-08
field:cf_18704e514938d4,subgroup:openEHR-EHR-COMPOSITION.outpatient_high_complexity_procedures.v1::Patient_discharge::Components,Procedure,Components,field,canonical_subgroup,20.620602526020598,0.6770833333333334,1.6132602650257983e-06
family:openEHR-EHR-COMPOSITION.demographic_data.v1,subgroup:openEHR-EHR-COMPOSITION.outpatient_high_complexity_procedures.v1::Patient_discharge::Components,openEHR-EHR-COMPOSITION.demographic_data.v1,Components,composition_family,canonical_subgroup,13.830677824388347,0.02,3.020202101279483e-06
group:openEHR-EHR-COMPOSITION.demographic_data.v1::Demographic_data,subgroup:openEHR-EHR-COMPOSITION.outpatient_high_complexity_procedures.v1::Patient_discharge::Components,Demographic data,Components,canonical_group,canonical_subgroup,14.830677824388347,0.02,1.624700920795047e-06
subgroup:openEHR-EHR-COMPOSITION.demographic_data.v1::Demographic_data::components,subgroup:openEHR-EHR-COMPOSITION.outpatient_high_complexity_procedures.v1::Patient_discharge::Components,components,Components,canonical_subgroup,canonical_subgroup,15.830677824388347,0.02,1.0378736024272604e-06
field:cf_7f3b6795a0e812,subgroup:openEHR-EHR-COMPOSITION.outpatient_high_complexity_procedures.v1::Patient_discharge::Components,birth date,Components,field,canonical_subgroup,18.815386588427813,1.09375,7.981003076173848e-06
field:cf_e7551706658b4a,subgroup:openEHR-EHR-COMPOSITION.outpatient_high_complexity_procedures.v1::Patient_discharge::Components,gender,Components,field,canonical_subgroup,19.954536628389828,0.39375,1.4178474341200783e-06
field:cf_19e1b0f55ef007,subgroup:openEHR-EHR-COMPOSITION.outpatient_high_complexity_procedures.v1::Patient_discharge::Components,race,Components,field,canonical_subgroup,26.61399331772525,0.1846590909090909,1.0706244236465604e-08
field:cf_4122372d727029,subgroup:openEHR-EHR-COMPOSITION.outpatient_high_complexity_procedures.v1::Patient_discharge::Components,ethnic group,Components,field,canonical_subgroup,30.61399331772525,0.1846590909090909,8.965754263394864e-10
field:cf_7ab0248b87b82e,subgroup:openEHR-EHR-COMPOSITION.outpatient_high_complexity_procedures.v1::Patient_discharge::Components,educational level,Components,field,canonical_subgroup,21.822350497018526,0.39375,4.453455556861326e-07
field:cf_eee397355aecbe,subgroup:openEHR-EHR-COMPOSITION.outpatient_high_complexity_procedures.v1::Patient_discharge::Components,nationality,Components,field,canonical_subgroup,23.156233003383402,0.39375,1.9477467088734604e-07
schema:root,field:cf_469c691048a0ce,EHR Schema,date of discharge,root,field,13.21741918358044,0.02,4.693453799401418e-06
family:openEHR-EHR-COMPOSITION.outpatient_high_complexity_procedures.v1,field:cf_469c691048a0ce,openEHR-EHR-COMPOSITION.outpatient_high_complexity_procedures.v1,date of discharge,composition_family,field,8.102925924285675,0.02,0.00011184953717070159
group:openEHR-EHR-COMPOSITION.outpatient_high_complexity_procedures.v1::HCPA,field:cf_469c691048a0ce,HCPA,date of discharge,canonical_group,field,20.901513155630866,0.02,4.0036268088863055e-08
subgroup:openEHR-EHR-COMPOSITION.outpatient_high_complexity_procedures.v1::HCPA::components_/_General_data,field:cf_469c691048a0ce,components / General data,date of discharge,canonical_subgroup,field,24.653793960758854,0.02,3.909352058591548e-09
field:cf_5cd62eaa6e16a8,field:cf_469c691048a0ce,issue date,date of discharge,field,field,29.54639359353974,0.5096153846153846,5.360780225643574e-09
field:cf_775d9002cb4e7b,field:cf_469c691048a0ce,reason for encounter,date of discharge,field,field,29.450370811842937,0.425,4.74492928625042e-09
field:cf_b87e8363f020f7,field:cf_469c691048a0ce,healthcare unit,date of discharge,field,field,29.804240297078312,0.425,3.810183871889571e-09
field:cf_8b431261fa7dca,field:cf_469c691048a0ce,State,date of discharge,field,field,30.739994600996898,0.425,2.1329580664722793e-09
field:cf_16800b2d3f5ef6,field:cf_469c691048a0ce,patient age,date of discharge,field,field,29.027030083208313,0.49038461538461536,7.118155440770651e-09
group:openEHR-EHR-COMPOSITION.outpatient_high_complexity_procedures.v1::Patient_discharge,field:cf_469c691048a0ce,Patient discharge,date of discharge,canonical_group,field,2.963379695350213,0.02,0.0027072082366937523
subgroup:openEHR-EHR-COMPOSITION.outpatient_high_complexity_procedures.v1::Patient_discharge::Components,field:cf_469c691048a0ce,Components,date of discharge,canonical_subgroup,field,1.9633796953502132,0.02,0.005032505306307406
field:cf_469c691048a0ce,field:cf_469c691048a0ce,date of discharge,date of discharge,field,field,0.0,0.4168269230769231,0.4168269230769231
field:cf_49533263f29569,field:cf_469c691048a0ce,reason for discharge,date of discharge,field,field,2.4673784104389087,0.39375,0.08101613086121467
group:openEHR-EHR-COMPOSITION.outpatient_high_complexity_procedures.v1::Problem/Diagnosis,field:cf_469c691048a0ce,Problem/Diagnosis,date of discharge,canonical_group,field,18.097630230351854,0.02,2.2773738825163613e-07
subgroup:openEHR-EHR-COMPOSITION.outpatient_high_complexity_procedures.v1::Problem/Diagnosis::structure,field:cf_469c691048a0ce,structure,date of discharge,canonical_subgroup,field,22.74094354565059,0.02,1.2798639852002721e-08
field:cf_bd9db9ae67063d,field:cf_469c691048a0ce,Problem,date of discharge,field,field,26.514620799213976,0.425,2.9289864567712434e-08
field:cf_4e7e8ca2916a1e,field:cf_469c691048a0ce,Secondary Diagnosis,date of discharge,field,field,26.041955821851523,0.425,3.9263440665715215e-08
field:cf_0a229c157b8d2a,field:cf_469c691048a0ce,Associated causes,date of discharge,field,field,26.30820705489628,0.425,3.328870194429357e-08
group:openEHR-EHR-COMPOSITION.outpatient_high_complexity_procedures.v1::Procedure_undertaken,field:cf_469c691048a0ce,Procedure undertaken,date of discharge,canonical_group,field,23.11029571576707,0.02,1.0179140306009689e-08
subgroup:openEHR-EHR-COMPOSITION.outpatient_high_complexity_procedures.v1::Procedure_undertaken::Procedure_list,field:cf_469c691048a0ce,Procedure list,date of discharge,canonical_subgroup,field,24.11029571576707,0.02,5.475811907113659e-09
field:cf_0b6364bb149692,field:cf_469c691048a0ce,Procedure,date of discharge,field,field,27.837671027083175,0.39375,1.1948161497083345e-08
field:cf_af0c9a7d79fe64,field:cf_469c691048a0ce,Invaded regional linphonodes,date of discharge,field,field,29.331068722127277,0.23173076923076924,2.785788274379062e-09
field:cf_e5c01940113606,field:cf_469c691048a0ce,irradiated area 1,date of discharge,field,field,33.098333461468684,0.1610576923076923,1.87310643645527e-10
field:cf_fc5be63ab59287,field:cf_469c691048a0ce,irradiated area 2,date of discharge,field,field,28.253033692927954,0.31490384615384615,7.386128513478241e-09
field:cf_821e1930333a5c,field:cf_469c691048a0ce,irradiated area 3,date of discharge,field,field,37.098333461468684,0.10336538461538461,1.0067132715297787e-11
field:cf_c9b3a708f95249,field:cf_469c691048a0ce,fields/insertions 1,date of discharge,field,field,31.477411002550042,0.1923076923076923,6.109862008436347e-10
field:cf_bbec72e0a270f7,field:cf_469c691048a0ce,fields/insertions 2,date of discharge,field,field,29.891807299052704,0.23557692307692307,2.0003741449828455e-09
family:openEHR-EHR-COMPOSITION.hospitalisation.v1,field:cf_469c691048a0ce,openEHR-EHR-COMPOSITION.hospitalisation.v1,date of discharge,composition_family,field,15.619102535549658,0.02,1.0587882046385122e-06
group:openEHR-EHR-COMPOSITION.hospitalisation.v1::Patient_discharge,field:cf_469c691048a0ce,Patient discharge,date of discharge,canonical_group,field,23.74508621535719,0.02,6.8672961035987846e-09
subgroup:openEHR-EHR-COMPOSITION.hospitalisation.v1::Patient_discharge::Components,field:cf_469c691048a0ce,Components,date of discharge,canonical_subgroup,field,24.74508621535719,0.02,3.694223740246544e-09
field:cf_79ed78f34fef6f,field:cf_469c691048a0ce,date of discharge,date of discharge,field,field,27.18910531844014,0.8854166666666666,4.0166379310776384e-08
field:cf_be52992cb12705,field:cf_469c691048a0ce,hospital infection,date of discharge,field,field,33.22841861368442,0.13541666666666666,1.4528676035492057e-10
field:cf_1285e1e2c004f2,field:cf_469c691048a0ce,claim reason,date of discharge,field,field,28.008091078934974,0.39375,1.0750120725362414e-08
field:cf_80f721f9446bd3,field:cf_469c691048a0ce,death indicator,date of discharge,field,field,29.4488910546293,0.39375,4.400072419853594e-09
group:openEHR-EHR-COMPOSITION.hospitalisation.v1::Authorization_for_hospital_admission,field:cf_469c691048a0ce,Authorization for hospital admission,date of discharge,canonical_group,field,20.140703939491857,0.02,6.416689731261232e-08
subgroup:openEHR-EHR-COMPOSITION.hospitalisation.v1::Authorization_for_hospital_admission::Components,field:cf_469c691048a0ce,Components,date of discharge,canonical_subgroup,field,21.140703939491857,0.02,3.4518225487028434e-08
field:cf_ba8421601b1980,field:cf_469c691048a0ce,Issue date,date of discharge,field,field,22.828580717307748,0.9270833333333334,6.280003200440551e-07
field:cf_ba09c313b94cba,field:cf_469c691048a0ce,ICU - Total,date of discharge,field,field,23.594452680909097,0.39375,1.6589794191651391e-07
group:openEHR-EHR-COMPOSITION.hospitalisation.v1::Patient_admission,field:cf_469c691048a0ce,Patient admission,date of discharge,canonical_group,field,22.473315856893386,0.02,1.5108659718766007e-08
subgroup:openEHR-EHR-COMPOSITION.hospitalisation.v1::Patient_admission::Tree,field:cf_469c691048a0ce,Tree,date of discharge,canonical_subgroup,field,26.16980052798576,0.02,1.5272176869720215e-09
field:cf_3db72fcc22b158,field:cf_469c691048a0ce,Patient class,date of discharge,field,field,34.71673596290822,0.13541666666666666,5.7740145291160886e-11
subgroup:openEHR-EHR-COMPOSITION.hospitalisation.v1::Patient_admission::Tree_/_Assigned_patient_location_/_Facility,field:cf_469c691048a0ce,Tree / Assigned patient location / Facility,date of discharge,canonical_subgroup,field,24.789388151894777,0.02,3.594134631908404e-09
field:cf_9449e602105d68,field:cf_469c691048a0ce,Universal ID,date of discharge,field,field,25.789388151894777,0.7395833333333334,7.990860738630002e-08
subgroup:openEHR-EHR-COMPOSITION.hospitalisation.v1::Patient_admission::Tree_/_Assigned_patient_location_/_Address,field:cf_469c691048a0ce,Tree / Assigned patient location / Address,date of discharge,canonical_subgroup,field,25.83232034486216,0.02,1.88265928038324e-09
field:cf_1d8359b2d21168,field:cf_469c691048a0ce,State/province,date of discharge,field,field,26.83232034486216,0.4875,2.759042908221336e-08
field:cf_10f7d6c8e1d5c5,field:cf_469c691048a0ce,Admission type,date of discharge,field,field,30.9372084038531,0.39375,1.7486852910294918e-09
field:cf_2a67f6f1c22886,field:cf_469c691048a0ce,Hospital service,date of discharge,field,field,29.09583700725938,0.59375,8.258613154164912e-09
field:cf_22f759c45e42f4,field:cf_469c691048a0ce,Admit date/time,date of discharge,field,field,28.75049342612197,0.9583333333333334,1.6512323880199432e-08
group:openEHR-EHR-COMPOSITION.hospitalisation.v1::Problem/Diagnosis,field:cf_469c691048a0ce,Problem/Diagnosis,date of discharge,canonical_group,field,18.86094060754869,0.02,1.418741965789949e-07
subgroup:openEHR-EHR-COMPOSITION.hospitalisation.v1::Problem/Diagnosis::structure,field:cf_469c691048a0ce,structure,date of discharge,canonical_subgroup,field,19.86094060754869,0.02,7.632043488788361e-08
field:cf_2db2fd852fb674,field:cf_469c691048a0ce,Problem,date of discharge,field,field,21.900129733817632,0.9583333333333334,1.1543959431147602e-06
field:cf_49398dcbba5447,field:cf_469c691048a0ce,Secondary Diagnosis,date of discharge,field,field,21.823229352418796,1.0815217391304348,1.3664062692494372e-06
group:openEHR-EHR-COMPOSITION.hospitalisation.v1::Procedure_undertaken,field:cf_469c691048a0ce,Procedure undertaken,date of discharge,canonical_group,field,20.58398222137081,0.02,4.874754926878113e-08
subgroup:openEHR-EHR-COMPOSITION.hospitalisation.v1::Procedure_undertaken::Procedure_list,field:cf_469c691048a0ce,Procedure list,date of discharge,canonical_subgroup,field,21.58398222137081,0.02,2.622347297551312e-08
field:cf_18704e514938d4,field:cf_469c691048a0ce,Procedure,date of discharge,field,field,22.58398222137081,0.6770833333333334,5.337580485804405e-07
family:openEHR-EHR-COMPOSITION.demographic_data.v1,field:cf_469c691048a0ce,openEHR-EHR-COMPOSITION.demographic_data.v1,date of discharge,composition_family,field,15.794057519738562,0.02,9.499489438006115e-07
group:openEHR-EHR-COMPOSITION.demographic_data.v1::Demographic_data,field:cf_469c691048a0ce,Demographic data,date of discharge,canonical_group,field,16.794057519738562,0.02,5.110197503164745e-07
subgroup:openEHR-EHR-COMPOSITION.demographic_data.v1::Demographic_data::components,field:cf_469c691048a0ce,components,date of discharge,canonical_subgroup,field,17.794057519738562,0.02,2.7490023218376703e-07
field:cf_7f3b6795a0e812,field:cf_469c691048a0ce,birth date,date of discharge,field,field,20.778766283778026,1.09375,2.6405687414516e-06
field:cf_e7551706658b4a,field:cf_469c691048a0ce,gender,date of discharge,field,field,21.917916323740045,0.39375,4.691043943914486e-07
field:cf_19e1b0f55ef007,field:cf_469c691048a0ce,race,date of discharge,field,field,28.577373013075462,0.1846590909090909,3.5422331753705503e-09
field:cf_4122372d727029,field:cf_469c691048a0ce,ethnic group,date of discharge,field,field,32.57737301307546,0.1846590909090909,2.966380319052176e-10
field:cf_7ab0248b87b82e,field:cf_469c691048a0ce,educational level,date of discharge,field,field,23.78573019236874,0.39375,1.4734558328888167e-07
field:cf_eee397355aecbe,field:cf_469c691048a0ce,nationality,date of discharge,field,field,25.119612698733615,0.39375,6.444251463917687e-08
schema:root,field:cf_49533263f29569,EHR Schema,reason for discharge,root,field,13.292051815899715,0.02,4.481225226888265e-06
family:openEHR-EHR-COMPOSITION.outpatient_high_complexity_procedures.v1,field:cf_49533263f29569,openEHR-EHR-COMPOSITION.outpatient_high_complexity_procedures.v1,reason for discharge,composition_family,field,8.177558556604952,0.02,0.0001067919253086176
group:openEHR-EHR-COMPOSITION.outpatient_high_complexity_procedures.v1::HCPA,field:cf_49533263f29569,HCPA,reason for discharge,canonical_group,field,20.976145787950145,0.02,3.822590830086693e-08
subgroup:openEHR-EHR-COMPOSITION.outpatient_high_complexity_procedures.v1::HCPA::components_/_General_data,field:cf_49533263f29569,components / General data,reason for discharge,canonical_subgroup,field,24.728426593078133,0.02,3.732578995021151e-09
field:cf_5cd62eaa6e16a8,field:cf_49533263f29569,issue date,reason for discharge,field,field,29.62102622585902,0.5096153846153846,5.118376489829606e-09
field:cf_775d9002cb4e7b,field:cf_49533263f29569,reason for encounter,reason for discharge,field,field,29.525003444162216,0.425,4.530373095407486e-09
field:cf_b87e8363f020f7,field:cf_49533263f29569,healthcare unit,reason for discharge,field,field,29.87887292939759,0.425,3.6378949949335523e-09
field:cf_8b431261fa7dca,field:cf_49533263f29569,State,reason for discharge,field,field,30.814627233316177,0.425,2.036509978342469e-09
field:cf_16800b2d3f5ef6,field:cf_49533263f29569,patient age,reason for discharge,field,field,29.101662715527592,0.49038461538461536,6.796286720487461e-09
group:openEHR-EHR-COMPOSITION.outpatient_high_complexity_procedures.v1::Patient_discharge,field:cf_49533263f29569,Patient discharge,reason for discharge,canonical_group,field,3.038012327669491,0.02,0.00258479370698374
subgroup:openEHR-EHR-COMPOSITION.outpatient_high_complexity_procedures.v1::Patient_discharge::Components,field:cf_49533263f29569,Components,reason for discharge,canonical_subgroup,field,2.038012327669491,0.02,0.004804945504300033
field:cf_469c691048a0ce,field:cf_49533263f29569,date of discharge,reason for discharge,field,field,2.4673784104389087,0.4168269230769231,0.08576432900692689
field:cf_49533263f29569,field:cf_49533263f29569,reason for discharge,reason for discharge,field,field,0.0,0.39375,0.39375
group:openEHR-EHR-COMPOSITION.outpatient_high_complexity_procedures.v1::Problem/Diagnosis,field:cf_49533263f29569,Problem/Diagnosis,reason for discharge,canonical_group,field,18.172262862671133,0.02,2.1743956006747754e-07
subgroup:openEHR-EHR-COMPOSITION.outpatient_high_complexity_procedures.v1::Problem/Diagnosis::structure,field:cf_49533263f29569,structure,reason for discharge,canonical_subgroup,field,22.81557617796987,0.02,1.2219911013498522e-08
field:cf_bd9db9ae67063d,field:cf_49533263f29569,Problem,reason for discharge,field,field,26.589253431533255,0.425,2.7965435605164114e-08
field:cf_4e7e8ca2916a1e,field:cf_49533263f29569,Secondary Diagnosis,reason for discharge,field,field,26.116588454170802,0.425,3.7488026584617197e-08
field:cf_0a229c157b8d2a,field:cf_49533263f29569,Associated causes,reason for discharge,field,field,26.382839687215558,0.425,3.178345357147378e-08
group:openEHR-EHR-COMPOSITION.outpatient_high_complexity_procedures.v1::Procedure_undertaken,field:cf_49533263f29569,Procedure undertaken,reason for discharge,canonical_group,field,23.184928348086345,0.02,9.718859986039106e-09
subgroup:openEHR-EHR-COMPOSITION.outpatient_high_complexity_procedures.v1::Procedure_undertaken::Procedure_list,field:cf_49533263f29569,Procedure list,reason for discharge,canonical_subgroup,field,24.184928348086345,0.02,5.228206669251198e-09
field:cf_0b6364bb149692,field:cf_49533263f29569,Procedure,reason for discharge,field,field,27.91230365940245,0.39375,1.1407889584956283e-08
field:cf_af0c9a7d79fe64,field:cf_49533263f29569,Invaded regional linphonodes,reason for discharge,field,field,29.405701354446556,0.23173076923076924,2.6598205128830826e-09
field:cf_e5c01940113606,field:cf_49533263f29569,irradiated area 1,reason for discharge,field,field,33.17296609378796,0.1610576923076923,1.788408318147419e-10
field:cf_fc5be63ab59287,field:cf_49533263f29569,irradiated area 2,reason for discharge,field,field,28.32766632524723,0.31490384615384615,7.052142588014518e-09
field:cf_821e1930333a5c,field:cf_49533263f29569,irradiated area 3,reason for discharge,field,field,37.17296609378796,0.10336538461538461,9.611917154053579e-12
field:cf_c9b3a708f95249,field:cf_49533263f29569,fields/insertions 1,reason for discharge,field,field,31.552043634869317,0.1923076923076923,5.833586295981636e-10
field:cf_bbec72e0a270f7,field:cf_49533263f29569,fields/insertions 2,reason for discharge,field,field,29.96643993137198,0.23557692307692307,1.909921236010763e-09
family:openEHR-EHR-COMPOSITION.hospitalisation.v1,field:cf_49533263f29569,openEHR-EHR-COMPOSITION.hospitalisation.v1,reason for discharge,composition_family,field,15.693735167868933,0.02,1.0109119244260887e-06
group:openEHR-EHR-COMPOSITION.hospitalisation.v1::Patient_discharge,field:cf_49533263f29569,Patient discharge,reason for discharge,canonical_group,field,23.819718847676462,0.02,6.556770739680697e-09
subgroup:openEHR-EHR-COMPOSITION.hospitalisation.v1::Patient_discharge::Components,field:cf_49533263f29569,Components,reason for discharge,canonical_subgroup,field,24.819718847676462,0.02,3.5271783479947464e-09
field:cf_79ed78f34fef6f,field:cf_49533263f29569,date of discharge,reason for discharge,field,field,27.263737950759413,0.8854166666666666,3.835013615414083e-08
field:cf_be52992cb12705,field:cf_49533263f29569,hospital infection,reason for discharge,field,field,33.30305124600369,0.13541666666666666,1.3871718428726697e-10
field:cf_1285e1e2c004f2,field:cf_49533263f29569,claim reason,reason for discharge,field,field,28.082723711254246,0.39375,1.026402181539153e-08
field:cf_80f721f9446bd3,field:cf_49533263f29569,death indicator,reason for discharge,field,field,29.52352368694857,0.39375,4.201109965223887e-09
group:openEHR-EHR-COMPOSITION.hospitalisation.v1::Authorization_for_hospital_admission,field:cf_49533263f29569,Authorization for hospital admission,reason for discharge,canonical_group,field,20.215336571811136,0.02,6.126539884234046e-08
subgroup:openEHR-EHR-COMPOSITION.hospitalisation.v1::Authorization_for_hospital_admission::Components,field:cf_49533263f29569,Components,reason for discharge,canonical_subgroup,field,21.215336571811136,0.02,3.295738052425629e-08
field:cf_ba8421601b1980,field:cf_49533263f29569,Issue date,reason for discharge,field,field,22.903213349627027,0.9270833333333334,5.996034044341132e-07
field:cf_ba09c313b94cba,field:cf_49533263f29569,ICU - Total,reason for discharge,field,field,23.669085313228376,0.39375,1.5839636953493325e-07
group:openEHR-EHR-COMPOSITION.hospitalisation.v1::Patient_admission,field:cf_49533263f29569,Patient admission,reason for discharge,canonical_group,field,22.54794848921266,0.02,1.4425476412453366e-08
subgroup:openEHR-EHR-COMPOSITION.hospitalisation.v1::Patient_admission::Tree,field:cf_49533263f29569,Tree,reason for discharge,canonical_subgroup,field,26.244433160305036,0.02,1.4581599645620875e-09
field:cf_3db72fcc22b158,field:cf_49533263f29569,Patient class,reason for discharge,field,field,34.791368595227496,0.13541666666666666,5.512925166450817e-11
subgroup:openEHR-EHR-COMPOSITION.hospitalisation.v1::Patient_admission::Tree_/_Assigned_patient_location_/_Facility,field:cf_49533263f29569,Tree / Assigned patient location / Facility,reason for discharge,canonical_subgroup,field,24.864020784214052,0.02,3.43161506850132e-09
field:cf_9449e602105d68,field:cf_49533263f29569,Universal ID,reason for discharge,field,field,25.864020784214052,0.7395833333333334,7.62953003416517e-08
subgroup:openEHR-EHR-COMPOSITION.hospitalisation.v1::Patient_admission::Tree_/_Assigned_patient_location_/_Address,field:cf_49533263f29569,Tree / Assigned patient location / Address,reason for discharge,canonical_subgroup,field,25.906952977181437,0.02,1.7975292016221935e-09
field:cf_1d8359b2d21168,field:cf_49533263f29569,State/province,reason for discharge,field,field,26.906952977181437,0.4875,2.634284518570407e-08
field:cf_10f7d6c8e1d5c5,field:cf_49533263f29569,Admission type,reason for discharge,field,field,31.011841036172378,0.39375,1.6696132475085146e-09
field:cf_2a67f6f1c22886,field:cf_49533263f29569,Hospital service,reason for discharge,field,field,29.170469639578656,0.59375,7.885175222194576e-09
field:cf_22f759c45e42f4,field:cf_49533263f29569,Admit date/time,reason for discharge,field,field,28.825126058441246,0.9583333333333334,1.5765669694231622e-08
group:openEHR-EHR-COMPOSITION.hospitalisation.v1::Problem/Diagnosis,field:cf_49533263f29569,Problem/Diagnosis,reason for discharge,canonical_group,field,18.93557323986797,0.02,1.3545892980460946e-07
subgroup:openEHR-EHR-COMPOSITION.hospitalisation.v1::Problem/Diagnosis::structure,field:cf_49533263f29569,structure,reason for discharge,canonical_subgroup,field,19.93557323986797,0.02,7.286937781091719e-08
field:cf_2db2fd852fb674,field:cf_49533263f29569,Problem,reason for discharge,field,field,21.97476236613691,0.9583333333333334,1.1021964726196028e-06
field:cf_49398dcbba5447,field:cf_49533263f29569,Secondary Diagnosis,reason for discharge,field,field,21.897861984738075,1.0815217391304348,1.3046201167932568e-06
group:openEHR-EHR-COMPOSITION.hospitalisation.v1::Procedure_undertaken,field:cf_49533263f29569,Procedure undertaken,reason for discharge,canonical_group,field,20.658614853690086,0.02,4.6543282808089025e-08
subgroup:openEHR-EHR-COMPOSITION.hospitalisation.v1::Procedure_undertaken::Procedure_list,field:cf_49533263f29569,Procedure list,reason for discharge,canonical_subgroup,field,21.658614853690086,0.02,2.5037700094007352e-08
field:cf_18704e514938d4,field:cf_49533263f29569,Procedure,reason for discharge,field,field,22.658614853690086,0.6770833333333334,5.096225795720772e-07
family:openEHR-EHR-COMPOSITION.demographic_data.v1,field:cf_49533263f29569,openEHR-EHR-COMPOSITION.demographic_data.v1,reason for discharge,composition_family,field,15.868690152057837,0.02,9.069941567887735e-07
group:openEHR-EHR-COMPOSITION.demographic_data.v1::Demographic_data,field:cf_49533263f29569,Demographic data,reason for discharge,canonical_group,field,16.868690152057837,0.02,4.879124615753932e-07
subgroup:openEHR-EHR-COMPOSITION.demographic_data.v1::Demographic_data::components,field:cf_49533263f29569,components,reason for discharge,canonical_subgroup,field,17.868690152057837,0.02,2.6246979473760787e-07
field:cf_7f3b6795a0e812,field:cf_49533263f29569,birth date,reason for discharge,field,field,20.8533989160973,1.09375,2.521167516133771e-06
field:cf_e7551706658b4a,field:cf_49533263f29569,gender,reason for discharge,field,field,21.99254895605932,0.39375,4.478924340235759e-07
field:cf_19e1b0f55ef007,field:cf_49533263f29569,race,reason for discharge,field,field,28.652005645394738,0.1846590909090909,3.3820604917886847e-09
field:cf_4122372d727029,field:cf_49533263f29569,ethnic group,reason for discharge,field,field,32.65200564539474,0.1846590909090909,2.832246547303129e-10
field:cf_7ab0248b87b82e,field:cf_49533263f29569,educational level,reason for discharge,field,field,23.860362824688014,0.39375,1.4068291137518203e-07
field:cf_eee397355aecbe,field:cf_49533263f29569,nationality,reason for discharge,field,field,25.19424533105289,0.39375,6.152855330588852e-08
schema:root,group:openEHR-EHR-COMPOSITION.outpatient_high_complexity_procedures.v1::Problem/Diagnosis,EHR Schema,Problem/Diagnosis,root,canonical_group,15.109197565360944,0.02,1.3670313770513878e-06
family:openEHR-EHR-COMPOSITION.outpatient_high_complexity_procedures.v1,group:openEHR-EHR-COMPOSITION.outpatient_high_complexity_procedures.v1::Problem/Diagnosis,openEHR-EHR-COMPOSITION.outpatient_high_complexity_procedures.v1,Problem/Diagnosis,composition_family,canonical_group,9.99470430606618,0.02,3.2577678050335697e-05
group:openEHR-EHR-COMPOSITION.outpatient_high_complexity_procedures.v1::HCPA,group:openEHR-EHR-COMPOSITION.outpatient_high_complexity_procedures.v1::Problem/Diagnosis,HCPA,Problem/Diagnosis,canonical_group,canonical_group,22.793291537411374,0.02,1.3847556401128329e-08
subgroup:openEHR-EHR-COMPOSITION.outpatient_high_complexity_procedures.v1::HCPA::components_/_General_data,group:openEHR-EHR-COMPOSITION.outpatient_high_complexity_procedures.v1::Problem/Diagnosis,components / General data,Problem/Diagnosis,canonical_subgroup,canonical_group,26.545572342539362,0.02,1.1386512271020177e-09
field:cf_5cd62eaa6e16a8,group:openEHR-EHR-COMPOSITION.outpatient_high_complexity_procedures.v1::Problem/Diagnosis,issue date,Problem/Diagnosis,field,canonical_group,31.43817197532025,0.5096153846153846,1.4843564289817376e-09
field:cf_775d9002cb4e7b,group:openEHR-EHR-COMPOSITION.outpatient_high_complexity_procedures.v1::Problem/Diagnosis,reason for encounter,Problem/Diagnosis,field,canonical_group,31.34214919362344,0.425,1.3138323144489687e-09
field:cf_b87e8363f020f7,group:openEHR-EHR-COMPOSITION.outpatient_high_complexity_procedures.v1::Problem/Diagnosis,healthcare unit,Problem/Diagnosis,field,canonical_group,31.69601867885882,0.425,1.0550089143344535e-09
field:cf_8b431261fa7dca,group:openEHR-EHR-COMPOSITION.outpatient_high_complexity_procedures.v1::Problem/Diagnosis,State,Problem/Diagnosis,field,canonical_group,32.631772982777406,0.425,5.905987347833312e-10
field:cf_16800b2d3f5ef6,group:openEHR-EHR-COMPOSITION.outpatient_high_complexity_procedures.v1::Problem/Diagnosis,patient age,Problem/Diagnosis,field,canonical_group,30.91880846498882,0.49038461538461536,1.970959327983051e-09
group:openEHR-EHR-COMPOSITION.outpatient_high_complexity_procedures.v1::Patient_discharge,group:openEHR-EHR-COMPOSITION.outpatient_high_complexity_procedures.v1::Problem/Diagnosis,Patient discharge,Problem/Diagnosis,canonical_group,canonical_group,15.134250535001641,0.02,1.598329348342096e-06
subgroup:openEHR-EHR-COMPOSITION.outpatient_high_complexity_procedures.v1::Patient_discharge::Components,group:openEHR-EHR-COMPOSITION.outpatient_high_complexity_procedures.v1::Problem/Diagnosis,Components,Problem/Diagnosis,canonical_subgroup,canonical_group,16.13425053500164,0.02,7.240525325346965e-07
field:cf_469c691048a0ce,group:openEHR-EHR-COMPOSITION.outpatient_high_complexity_procedures.v1::Problem/Diagnosis,date of discharge,Problem/Diagnosis,field,canonical_group,18.097630230351854,0.4168269230769231,4.7463537407252045e-06
field:cf_49533263f29569,group:openEHR-EHR-COMPOSITION.outpatient_high_complexity_procedures.v1::Problem/Diagnosis,reason for discharge,Problem/Diagnosis,field,canonical_group,18.172262862671133,0.39375,4.280841338828464e-06
group:openEHR-EHR-COMPOSITION.outpatient_high_complexity_procedures.v1::Problem/Diagnosis,group:openEHR-EHR-COMPOSITION.outpatient_high_complexity_procedures.v1::Problem/Diagnosis,Problem/Diagnosis,Problem/Diagnosis,canonical_group,canonical_group,0.0,0.02,0.02
subgroup:openEHR-EHR-COMPOSITION.outpatient_high_complexity_procedures.v1::Problem/Diagnosis::structure,group:openEHR-EHR-COMPOSITION.outpatient_high_complexity_procedures.v1::Problem/Diagnosis,structure,Problem/Diagnosis,canonical_subgroup,canonical_group,4.643313315298738,0.02,0.0008991858526355619
field:cf_bd9db9ae67063d,group:openEHR-EHR-COMPOSITION.outpatient_high_complexity_procedures.v1::Problem/Diagnosis,Problem,Problem/Diagnosis,field,canonical_group,8.416990568862122,0.425,0.001956263129270779
field:cf_4e7e8ca2916a1e,group:openEHR-EHR-COMPOSITION.outpatient_high_complexity_procedures.v1::Problem/Diagnosis,Secondary Diagnosis,Problem/Diagnosis,field,canonical_group,7.9443255914996715,0.425,0.002622395918734305
field:cf_0a229c157b8d2a,group:openEHR-EHR-COMPOSITION.outpatient_high_complexity_procedures.v1::Problem/Diagnosis,Associated causes,Problem/Diagnosis,field,canonical_group,8.210576824544425,0.425,0.0022233445321796492
group:openEHR-EHR-COMPOSITION.outpatient_high_complexity_procedures.v1::Procedure_undertaken,group:openEHR-EHR-COMPOSITION.outpatient_high_complexity_procedures.v1::Problem/Diagnosis,Procedure undertaken,Problem/Diagnosis,canonical_group,canonical_group,25.002074097547577,0.02,3.5207132490372603e-09
subgroup:openEHR-EHR-COMPOSITION.outpatient_high_complexity_procedures.v1::Procedure_undertaken::Procedure_list,group:openEHR-EHR-COMPOSITION.outpatient_high_complexity_procedures.v1::Problem/Diagnosis,Procedure list,Problem/Diagnosis,canonical_subgroup,canonical_group,26.002074097547577,0.02,1.5949036704719718e-09
field:cf_0b6364bb149692,group:openEHR-EHR-COMPOSITION.outpatient_high_complexity_procedures.v1::Problem/Diagnosis,Procedure,Problem/Diagnosis,field,canonical_group,29.729449408863683,0.39375,3.308348707874631e-09
field:cf_af0c9a7d79fe64,group:openEHR-EHR-COMPOSITION.outpatient_high_complexity_procedures.v1::Problem/Diagnosis,Invaded regional linphonodes,Problem/Diagnosis,field,canonical_group,11.233438491775424,0.23173076923076924,0.00018606214018244797
field:cf_e5c01940113606,group:openEHR-EHR-COMPOSITION.outpatient_high_complexity_procedures.v1::Problem/Diagnosis,irradiated area 1,Problem/Diagnosis,field,canonical_group,34.990111843249196,0.1610576923076923,5.1864793259374175e-11
field:cf_fc5be63ab59287,group:openEHR-EHR-COMPOSITION.outpatient_high_complexity_procedures.v1::Problem/Diagnosis,irradiated area 2,Problem/Diagnosis,field,canonical_group,30.14481207470846,0.31490384615384615,2.045158891577306e-09
field:cf_821e1930333a5c,group:openEHR-EHR-COMPOSITION.outpatient_high_complexity_procedures.v1::Problem/Diagnosis,irradiated area 3,Problem/Diagnosis,field,canonical_group,38.990111843249196,0.10336538461538461,2.787507142315404e-12
field:cf_c9b3a708f95249,group:openEHR-EHR-COMPOSITION.outpatient_high_complexity_procedures.v1::Problem/Diagnosis,fields/insertions 1,Problem/Diagnosis,field,canonical_group,33.369189384330554,0.1923076923076923,1.691771080080975e-10
field:cf_bbec72e0a270f7,group:openEHR-EHR-COMPOSITION.outpatient_high_complexity_procedures.v1::Problem/Diagnosis,fields/insertions 2,Problem/Diagnosis,field,canonical_group,31.783585680833212,0.23557692307692307,5.538873256304172e-10
family:openEHR-EHR-COMPOSITION.hospitalisation.v1,group:openEHR-EHR-COMPOSITION.outpatient_high_complexity_procedures.v1::Problem/Diagnosis,openEHR-EHR-COMPOSITION.hospitalisation.v1,Problem/Diagnosis,composition_family,canonical_group,17.510880917330162,0.02,3.083862671828885e-07
group:openEHR-EHR-COMPOSITION.hospitalisation.v1::Patient_discharge,group:openEHR-EHR-COMPOSITION.outpatient_high_complexity_procedures.v1::Problem/Diagnosis,Patient discharge,Problem/Diagnosis,canonical_group,canonical_group,25.636864597137695,0.02,2.3752281283251255e-09
subgroup:openEHR-EHR-COMPOSITION.hospitalisation.v1::Patient_discharge::Components,group:openEHR-EHR-COMPOSITION.outpatient_high_complexity_procedures.v1::Problem/Diagnosis,Components,Problem/Diagnosis,canonical_subgroup,canonical_group,26.636864597137695,0.02,1.0759922186533978e-09
field:cf_79ed78f34fef6f,group:openEHR-EHR-COMPOSITION.outpatient_high_complexity_procedures.v1::Problem/Diagnosis,date of discharge,Problem/Diagnosis,field,canonical_group,29.080883700220646,0.8854166666666666,1.1121743636060462e-08
field:cf_be52992cb12705,group:openEHR-EHR-COMPOSITION.outpatient_high_complexity_procedures.v1::Problem/Diagnosis,hospital infection,Problem/Diagnosis,field,canonical_group,35.12019699546492,0.13541666666666666,4.022872188401754e-11
field:cf_1285e1e2c004f2,group:openEHR-EHR-COMPOSITION.outpatient_high_complexity_procedures.v1::Problem/Diagnosis,claim reason,Problem/Diagnosis,field,canonical_group,29.89986946071548,0.39375,2.976620965487519e-09
field:cf_80f721f9446bd3,group:openEHR-EHR-COMPOSITION.outpatient_high_complexity_procedures.v1::Problem/Diagnosis,death indicator,Problem/Diagnosis,field,canonical_group,31.340669436409804,0.39375,1.218344253911443e-09
group:openEHR-EHR-COMPOSITION.hospitalisation.v1::Authorization_for_hospital_admission,group:openEHR-EHR-COMPOSITION.outpatient_high_complexity_procedures.v1::Problem/Diagnosis,Authorization for hospital admission,Problem/Diagnosis,canonical_group,canonical_group,22.03248232127236,0.02,2.2193745122537558e-08
subgroup:openEHR-EHR-COMPOSITION.hospitalisation.v1::Authorization_for_hospital_admission::Components,group:openEHR-EHR-COMPOSITION.outpatient_high_complexity_procedures.v1::Problem/Diagnosis,Components,Problem/Diagnosis,canonical_subgroup,canonical_group,23.03248232127236,0.02,1.0053896200474129e-08
field:cf_ba8421601b1980,group:openEHR-EHR-COMPOSITION.outpatient_high_complexity_procedures.v1::Problem/Diagnosis,Issue date,Problem/Diagnosis,field,canonical_group,24.720359099088252,0.9270833333333334,1.7388817918721465e-07
field:cf_ba09c313b94cba,group:openEHR-EHR-COMPOSITION.outpatient_high_complexity_procedures.v1::Problem/Diagnosis,ICU - Total,Problem/Diagnosis,field,canonical_group,25.4862310626896,0.39375,4.593579036511501e-08
group:openEHR-EHR-COMPOSITION.hospitalisation.v1::Patient_admission,group:openEHR-EHR-COMPOSITION.outpatient_high_complexity_procedures.v1::Problem/Diagnosis,Patient admission,Problem/Diagnosis,canonical_group,canonical_group,24.36509423867389,0.02,5.225712275097567e-09
subgroup:openEHR-EHR-COMPOSITION.hospitalisation.v1::Patient_admission::Tree,group:openEHR-EHR-COMPOSITION.outpatient_high_complexity_procedures.v1::Problem/Diagnosis,Tree,Problem/Diagnosis,canonical_subgroup,canonical_group,28.061578909766265,0.02,4.448226374242475e-10
field:cf_3db72fcc22b158,group:openEHR-EHR-COMPOSITION.outpatient_high_complexity_procedures.v1::Problem/Diagnosis,Patient class,Problem/Diagnosis,field,canonical_group,36.60851434468872,0.13541666666666666,1.5987776455242618e-11
subgroup:openEHR-EHR-COMPOSITION.hospitalisation.v1::Patient_admission::Tree_/_Assigned_patient_location_/_Facility,group:openEHR-EHR-COMPOSITION.outpatient_high_complexity_procedures.v1::Problem/Diagnosis,Tree / Assigned patient location / Facility,Problem/Diagnosis,canonical_subgroup,canonical_group,26.68116653367528,0.02,1.046839923254904e-09
field:cf_9449e602105d68,group:openEHR-EHR-COMPOSITION.outpatient_high_complexity_procedures.v1::Problem/Diagnosis,Universal ID,Problem/Diagnosis,field,canonical_group,27.68116653367528,0.7395833333333334,2.2126043245989005e-08
subgroup:openEHR-EHR-COMPOSITION.hospitalisation.v1::Patient_admission::Tree_/_Assigned_patient_location_/_Address,group:openEHR-EHR-COMPOSITION.outpatient_high_complexity_procedures.v1::Problem/Diagnosis,Tree / Assigned patient location / Address,Problem/Diagnosis,canonical_subgroup,canonical_group,27.724098726642666,0.02,5.483497693977732e-10
field:cf_1d8359b2d21168,group:openEHR-EHR-COMPOSITION.outpatient_high_complexity_procedures.v1::Problem/Diagnosis,State/province,Problem/Diagnosis,field,canonical_group,28.724098726642666,0.4875,7.639565336150628e-09
field:cf_10f7d6c8e1d5c5,group:openEHR-EHR-COMPOSITION.outpatient_high_complexity_procedures.v1::Problem/Diagnosis,Admission type,Problem/Diagnosis,field,canonical_group,32.8289867856336,0.39375,4.841967297202189e-10
field:cf_2a67f6f1c22886,group:openEHR-EHR-COMPOSITION.outpatient_high_complexity_procedures.v1::Problem/Diagnosis,Hospital service,Problem/Diagnosis,field,canonical_group,30.987615389039885,0.59375,2.286742790017322e-09
field:cf_22f759c45e42f4,group:openEHR-EHR-COMPOSITION.outpatient_high_complexity_procedures.v1::Problem/Diagnosis,Admit date/time,Problem/Diagnosis,field,canonical_group,30.642271807902475,0.9583333333333334,4.572128137571669e-09
group:openEHR-EHR-COMPOSITION.hospitalisation.v1::Problem/Diagnosis,group:openEHR-EHR-COMPOSITION.outpatient_high_complexity_procedures.v1::Problem/Diagnosis,Problem/Diagnosis,Problem/Diagnosis,canonical_group,canonical_group,20.752718989329196,0.02,4.907078088876374e-08
subgroup:openEHR-EHR-COMPOSITION.hospitalisation.v1::Problem/Diagnosis::structure,group:openEHR-EHR-COMPOSITION.outpatient_high_complexity_procedures.v1::Problem/Diagnosis,structure,Problem/Diagnosis,canonical_subgroup,canonical_group,21.752718989329196,0.02,2.22293504231895e-08
field:cf_2db2fd852fb674,group:openEHR-EHR-COMPOSITION.outpatient_high_complexity_procedures.v1::Problem/Diagnosis,Problem,Problem/Diagnosis,field,canonical_group,23.791908115598137,0.9583333333333334,3.196428444419437e-07
field:cf_49398dcbba5447,group:openEHR-EHR-COMPOSITION.outpatient_high_complexity_procedures.v1::Problem/Diagnosis,Secondary Diagnosis,Problem/Diagnosis,field,canonical_group,23.7150077341993,1.0815217391304348,3.7834677882506664e-07
group:openEHR-EHR-COMPOSITION.hospitalisation.v1::Procedure_undertaken,group:openEHR-EHR-COMPOSITION.outpatient_high_complexity_procedures.v1::Problem/Diagnosis,Procedure undertaken,Problem/Diagnosis,canonical_group,canonical_group,22.475760603151315,0.02,1.6860573428521053e-08
subgroup:openEHR-EHR-COMPOSITION.hospitalisation.v1::Procedure_undertaken::Procedure_list,group:openEHR-EHR-COMPOSITION.outpatient_high_complexity_procedures.v1::Problem/Diagnosis,Procedure list,Problem/Diagnosis,canonical_subgroup,canonical_group,23.475760603151315,0.02,7.637938265709035e-09
field:cf_18704e514938d4,group:openEHR-EHR-COMPOSITION.outpatient_high_complexity_procedures.v1::Problem/Diagnosis,Procedure,Problem/Diagnosis,field,canonical_group,24.475760603151315,0.6770833333333334,1.477932609774187e-07
family:openEHR-EHR-COMPOSITION.demographic_data.v1,group:openEHR-EHR-COMPOSITION.outpatient_high_complexity_procedures.v1::Problem/Diagnosis,openEHR-EHR-COMPOSITION.demographic_data.v1,Problem/Diagnosis,composition_family,canonical_group,17.685835901519066,0.02,2.7668537249431913e-07
group:openEHR-EHR-COMPOSITION.demographic_data.v1::Demographic_data,group:openEHR-EHR-COMPOSITION.outpatient_high_complexity_procedures.v1::Problem/Diagnosis,Demographic data,Problem/Diagnosis,canonical_group,canonical_group,18.685835901519066,0.02,1.7674911155284114e-07
subgroup:openEHR-EHR-COMPOSITION.demographic_data.v1::Demographic_data::components,group:openEHR-EHR-COMPOSITION.outpatient_high_complexity_procedures.v1::Problem/Diagnosis,components,Problem/Diagnosis,canonical_subgroup,canonical_group,19.685835901519066,0.02,8.006838013444344e-08
field:cf_7f3b6795a0e812,group:openEHR-EHR-COMPOSITION.outpatient_high_complexity_procedures.v1::Problem/Diagnosis,birth date,Problem/Diagnosis,field,canonical_group,22.67054466555853,1.09375,7.311520007465632e-07
field:cf_e7551706658b4a,group:openEHR-EHR-COMPOSITION.outpatient_high_complexity_procedures.v1::Problem/Diagnosis,gender,Problem/Diagnosis,field,canonical_group,23.80969470552055,0.39375,1.2989119015692168e-07
field:cf_19e1b0f55ef007,group:openEHR-EHR-COMPOSITION.outpatient_high_complexity_procedures.v1::Problem/Diagnosis,race,Problem/Diagnosis,field,canonical_group,30.469151394855967,0.1846590909090909,9.808155465247526e-10
field:cf_4122372d727029,group:openEHR-EHR-COMPOSITION.outpatient_high_complexity_procedures.v1::Problem/Diagnosis,ethnic group,Problem/Diagnosis,field,canonical_group,34.46915139485597,0.1846590909090909,8.21366575769553e-11
field:cf_7ab0248b87b82e,group:openEHR-EHR-COMPOSITION.outpatient_high_complexity_procedures.v1::Problem/Diagnosis,educational level,Problem/Diagnosis,field,canonical_group,25.677508574149243,0.39375,4.0798793203774604e-08
field:cf_eee397355aecbe,group:openEHR-EHR-COMPOSITION.outpatient_high_complexity_procedures.v1::Problem/Diagnosis,nationality,Problem/Diagnosis,field,canonical_group,27.01139108051412,0.39375,1.784360799699241e-08
schema:root,subgroup:openEHR-EHR-COMPOSITION.outpatient_high_complexity_procedures.v1::Problem/Diagnosis::structure,EHR Schema,structure,root,canonical_subgroup,19.752510880659685,0.02,7.682595464709481e-08
family:openEHR-EHR-COMPOSITION.outpatient_high_complexity_procedures.v1,subgroup:openEHR-EHR-COMPOSITION.outpatient_high_complexity_procedures.v1::Problem/Diagnosis::structure,openEHR-EHR-COMPOSITION.outpatient_high_complexity_procedures.v1,structure,composition_family,canonical_subgroup,14.63801762136492,0.02,1.8308367009111201e-06
group:openEHR-EHR-COMPOSITION.outpatient_high_complexity_procedures.v1::HCPA,subgroup:openEHR-EHR-COMPOSITION.outpatient_high_complexity_procedures.v1::Problem/Diagnosis::structure,HCPA,structure,canonical_group,canonical_subgroup,27.43660485271011,0.02,6.553435162877692e-10
subgroup:openEHR-EHR-COMPOSITION.outpatient_high_complexity_procedures.v1::HCPA::components_/_General_data,subgroup:openEHR-EHR-COMPOSITION.outpatient_high_complexity_procedures.v1::Problem/Diagnosis::structure,components / General data,structure,canonical_subgroup,canonical_subgroup,31.1888856578381,0.02,7.59895406852692e-11
field:cf_5cd62eaa6e16a8,subgroup:openEHR-EHR-COMPOSITION.outpatient_high_complexity_procedures.v1::Problem/Diagnosis::structure,issue date,structure,field,canonical_subgroup,36.081485290618986,0.5096153846153846,8.341951882556404e-11
field:cf_775d9002cb4e7b,subgroup:openEHR-EHR-COMPOSITION.outpatient_high_complexity_procedures.v1::Problem/Diagnosis::structure,reason for encounter,structure,field,canonical_subgroup,35.98546250892218,0.425,7.383621436799676e-11
field:cf_b87e8363f020f7,subgroup:openEHR-EHR-COMPOSITION.outpatient_high_complexity_procedures.v1::Problem/Diagnosis::structure,healthcare unit,structure,field,canonical_subgroup,36.339331994157554,0.425,5.929056813587163e-11
field:cf_8b431261fa7dca,subgroup:openEHR-EHR-COMPOSITION.outpatient_high_complexity_procedures.v1::Problem/Diagnosis::structure,State,structure,field,canonical_subgroup,37.27508629807615,0.425,3.3191126681352064e-11
field:cf_16800b2d3f5ef6,subgroup:openEHR-EHR-COMPOSITION.outpatient_high_complexity_procedures.v1::Problem/Diagnosis::structure,patient age,structure,field,canonical_subgroup,35.56212178028756,0.49038461538461536,1.107661714901532e-10
group:openEHR-EHR-COMPOSITION.outpatient_high_complexity_procedures.v1::Patient_discharge,subgroup:openEHR-EHR-COMPOSITION.outpatient_high_complexity_procedures.v1::Problem/Diagnosis::structure,Patient discharge,structure,canonical_group,canonical_subgroup,19.777563850300382,0.02,7.564184936218041e-08
subgroup:openEHR-EHR-COMPOSITION.outpatient_high_complexity_procedures.v1::Patient_discharge::Components,subgroup:openEHR-EHR-COMPOSITION.outpatient_high_complexity_procedures.v1::Problem/Diagnosis::structure,Components,structure,canonical_subgroup,canonical_subgroup,20.777563850300382,0.02,4.8320695635089116e-08
field:cf_469c691048a0ce,subgroup:openEHR-EHR-COMPOSITION.outpatient_high_complexity_procedures.v1::Problem/Diagnosis::structure,date of discharge,structure,field,canonical_subgroup,22.740943545650595,0.4168269230769231,2.667408834539981e-07
field:cf_49533263f29569,subgroup:openEHR-EHR-COMPOSITION.outpatient_high_complexity_procedures.v1::Problem/Diagnosis::structure,reason for discharge,structure,field,canonical_subgroup,22.815576177969874,0.39375,2.405794980782517e-07
group:openEHR-EHR-COMPOSITION.outpatient_high_complexity_procedures.v1::Problem/Diagnosis,subgroup:openEHR-EHR-COMPOSITION.outpatient_high_complexity_procedures.v1::Problem/Diagnosis::structure,Problem/Diagnosis,structure,canonical_group,canonical_subgroup,4.643313315298738,0.02,0.0008991858526355619
subgroup:openEHR-EHR-COMPOSITION.outpatient_high_complexity_procedures.v1::Problem/Diagnosis::structure,subgroup:openEHR-EHR-COMPOSITION.outpatient_high_complexity_procedures.v1::Problem/Diagnosis::structure,structure,structure,canonical_subgroup,canonical_subgroup,0.0,0.02,0.02
field:cf_bd9db9ae67063d,subgroup:openEHR-EHR-COMPOSITION.outpatient_high_complexity_procedures.v1::Problem/Diagnosis::structure,Problem,structure,field,canonical_subgroup,3.7736772535633833,0.425,0.03480950014570389
field:cf_4e7e8ca2916a1e,subgroup:openEHR-EHR-COMPOSITION.outpatient_high_complexity_procedures.v1::Problem/Diagnosis::structure,Secondary Diagnosis,structure,field,canonical_subgroup,3.3010122762009337,0.425,0.04666258324323799
field:cf_0a229c157b8d2a,subgroup:openEHR-EHR-COMPOSITION.outpatient_high_complexity_procedures.v1::Problem/Diagnosis::structure,Associated causes,structure,field,canonical_subgroup,3.567263509245686,0.425,0.039561913046792865
group:openEHR-EHR-COMPOSITION.outpatient_high_complexity_procedures.v1::Procedure_undertaken,subgroup:openEHR-EHR-COMPOSITION.outpatient_high_complexity_procedures.v1::Problem/Diagnosis::structure,Procedure undertaken,structure,canonical_group,canonical_subgroup,29.645387412846315,0.02,1.666197655116261e-10
subgroup:openEHR-EHR-COMPOSITION.outpatient_high_complexity_procedures.v1::Procedure_undertaken::Procedure_list,subgroup:openEHR-EHR-COMPOSITION.outpatient_high_complexity_procedures.v1::Problem/Diagnosis::structure,Procedure list,structure,canonical_subgroup,canonical_subgroup,30.645387412846315,0.02,1.0643820905974094e-10
field:cf_0b6364bb149692,subgroup:openEHR-EHR-COMPOSITION.outpatient_high_complexity_procedures.v1::Problem/Diagnosis::structure,Procedure,structure,field,canonical_subgroup,34.37276272416242,0.39375,1.8592627210662536e-10
field:cf_af0c9a7d79fe64,subgroup:openEHR-EHR-COMPOSITION.outpatient_high_complexity_procedures.v1::Problem/Diagnosis::structure,Invaded regional linphonodes,structure,field,canonical_subgroup,6.590125176476686,0.23173076923076924,0.0033107663273320353
field:cf_e5c01940113606,subgroup:openEHR-EHR-COMPOSITION.outpatient_high_complexity_procedures.v1::Problem/Diagnosis::structure,irradiated area 1,structure,field,canonical_subgroup,39.63342515854793,0.1610576923076923,2.914755521793601e-12
field:cf_fc5be63ab59287,subgroup:openEHR-EHR-COMPOSITION.outpatient_high_complexity_procedures.v1::Problem/Diagnosis::structure,irradiated area 2,structure,field,canonical_subgroup,34.7881253900072,0.31490384615384615,1.1493612135613363e-10
field:cf_821e1930333a5c,subgroup:openEHR-EHR-COMPOSITION.outpatient_high_complexity_procedures.v1::Problem/Diagnosis::structure,irradiated area 3,structure,field,canonical_subgroup,43.63342515854793,0.10336538461538461,1.5665543665566256e-13
field:cf_c9b3a708f95249,subgroup:openEHR-EHR-COMPOSITION.outpatient_high_complexity_procedures.v1::Problem/Diagnosis::structure,fields/insertions 1,structure,field,canonical_subgroup,38.01250269962929,0.1923076923076923,9.507603881917503e-12
field:cf_bbec72e0a270f7,subgroup:openEHR-EHR-COMPOSITION.outpatient_high_complexity_procedures.v1::Problem/Diagnosis::structure,fields/insertions 2,structure,field,canonical_subgroup,36.426898996131946,0.23557692307692307,3.1127977947563686e-11
family:openEHR-EHR-COMPOSITION.hospitalisation.v1,subgroup:openEHR-EHR-COMPOSITION.outpatient_high_complexity_procedures.v1::Problem/Diagnosis::structure,openEHR-EHR-COMPOSITION.hospitalisation.v1,structure,composition_family,canonical_subgroup,22.154194232628903,0.02,1.7331035537371465e-08
group:openEHR-EHR-COMPOSITION.hospitalisation.v1::Patient_discharge,subgroup:openEHR-EHR-COMPOSITION.outpatient_high_complexity_procedures.v1::Problem/Diagnosis::structure,Patient discharge,structure,canonical_group,canonical_subgroup,30.280177912436436,0.02,1.1240902788273661e-10
subgroup:openEHR-EHR-COMPOSITION.hospitalisation.v1::Patient_discharge::Components,subgroup:openEHR-EHR-COMPOSITION.outpatient_high_complexity_procedures.v1::Problem/Diagnosis::structure,Components,structure,canonical_subgroup,canonical_subgroup,31.280177912436436,0.02,7.180790090086952e-11
field:cf_79ed78f34fef6f,subgroup:openEHR-EHR-COMPOSITION.outpatient_high_complexity_procedures.v1::Problem/Diagnosis::structure,date of discharge,structure,field,canonical_subgroup,33.72419701551939,0.8854166666666666,6.250321583865718e-10
field:cf_be52992cb12705,subgroup:openEHR-EHR-COMPOSITION.outpatient_high_complexity_procedures.v1::Problem/Diagnosis::structure,hospital infection,structure,field,canonical_subgroup,39.763510310763664,0.13541666666666666,2.2608185992324475e-12
field:cf_1285e1e2c004f2,subgroup:openEHR-EHR-COMPOSITION.outpatient_high_complexity_procedures.v1::Problem/Diagnosis::structure,claim reason,structure,field,canonical_subgroup,34.54318277601422,0.39375,1.672834663015488e-10
field:cf_80f721f9446bd3,subgroup:openEHR-EHR-COMPOSITION.outpatient_high_complexity_procedures.v1::Problem/Diagnosis::structure,death indicator,structure,field,canonical_subgroup,35.983982751708545,0.39375,6.84698697973123e-11
group:openEHR-EHR-COMPOSITION.hospitalisation.v1::Authorization_for_hospital_admission,subgroup:openEHR-EHR-COMPOSITION.outpatient_high_complexity_procedures.v1::Problem/Diagnosis::structure,Authorization for hospital admission,structure,canonical_group,canonical_subgroup,26.675795636571102,0.02,1.0503316647992256e-09
subgroup:openEHR-EHR-COMPOSITION.hospitalisation.v1::Authorization_for_hospital_admission::Components,subgroup:openEHR-EHR-COMPOSITION.outpatient_high_complexity_procedures.v1::Problem/Diagnosis::structure,Components,structure,canonical_subgroup,canonical_subgroup,27.675795636571102,0.02,6.709613410911027e-10
field:cf_ba8421601b1980,subgroup:openEHR-EHR-COMPOSITION.outpatient_high_complexity_procedures.v1::Problem/Diagnosis::structure,Issue date,structure,field,canonical_subgroup,29.363672414386993,0.9270833333333334,9.772361916606282e-09
field:cf_ba09c313b94cba,subgroup:openEHR-EHR-COMPOSITION.outpatient_high_complexity_procedures.v1::Problem/Diagnosis::structure,ICU - Total,structure,field,canonical_subgroup,30.129544377988342,0.39375,2.5815508016215204e-09
group:openEHR-EHR-COMPOSITION.hospitalisation.v1::Patient_admission,subgroup:openEHR-EHR-COMPOSITION.outpatient_high_complexity_procedures.v1::Problem/Diagnosis::structure,Patient admission,structure,canonical_group,canonical_subgroup,29.00840755397263,0.02,2.4730981830061655e-10
subgroup:openEHR-EHR-COMPOSITION.hospitalisation.v1::Patient_admission::Tree,subgroup:openEHR-EHR-COMPOSITION.outpatient_high_complexity_procedures.v1::Problem/Diagnosis::structure,Tree,structure,canonical_subgroup,canonical_subgroup,32.704892225065,0.02,2.9685883701462974e-11
field:cf_3db72fcc22b158,subgroup:openEHR-EHR-COMPOSITION.outpatient_high_complexity_procedures.v1::Problem/Diagnosis::structure,Patient class,structure,field,canonical_subgroup,41.25182765998746,0.13541666666666666,8.984989002283798e-13
subgroup:openEHR-EHR-COMPOSITION.hospitalisation.v1::Patient_admission::Tree_/_Assigned_patient_location_/_Facility,subgroup:openEHR-EHR-COMPOSITION.outpatient_high_complexity_procedures.v1::Problem/Diagnosis::structure,Tree / Assigned patient location / Facility,structure,canonical_subgroup,canonical_subgroup,31.324479848974022,0.02,6.98623801966141e-11
field:cf_9449e602105d68,subgroup:openEHR-EHR-COMPOSITION.outpatient_high_complexity_procedures.v1::Problem/Diagnosis::structure,Universal ID,structure,field,canonical_subgroup,32.32447984897402,0.7395833333333334,1.2434640663497445e-09
subgroup:openEHR-EHR-COMPOSITION.hospitalisation.v1::Patient_admission::Tree_/_Assigned_patient_location_/_Address,subgroup:openEHR-EHR-COMPOSITION.outpatient_high_complexity_procedures.v1::Problem/Diagnosis::structure,Tree / Assigned patient location / Address,structure,canonical_subgroup,canonical_subgroup,32.36741204194141,0.02,3.659491696808808e-11
field:cf_1d8359b2d21168,subgroup:openEHR-EHR-COMPOSITION.outpatient_high_complexity_procedures.v1::Problem/Diagnosis::structure,State/province,structure,field,canonical_subgroup,33.36741204194141,0.4875,4.293368169094798e-10
field:cf_10f7d6c8e1d5c5,subgroup:openEHR-EHR-COMPOSITION.outpatient_high_complexity_procedures.v1::Problem/Diagnosis::structure,Admission type,structure,field,canonical_subgroup,37.472300100932344,0.39375,2.7211428078551584e-11
field:cf_2a67f6f1c22886,subgroup:openEHR-EHR-COMPOSITION.outpatient_high_complexity_procedures.v1::Problem/Diagnosis::structure,Hospital service,structure,field,canonical_subgroup,35.63092870433862,0.59375,1.2851292283749713e-10
field:cf_22f759c45e42f4,subgroup:openEHR-EHR-COMPOSITION.outpatient_high_complexity_procedures.v1::Problem/Diagnosis::structure,Admit date/time,structure,field,canonical_subgroup,35.28558512320121,0.9583333333333334,2.569495586088396e-10
group:openEHR-EHR-COMPOSITION.hospitalisation.v1::Problem/Diagnosis,subgroup:openEHR-EHR-COMPOSITION.outpatient_high_complexity_procedures.v1::Problem/Diagnosis::structure,Problem/Diagnosis,structure,canonical_group,canonical_subgroup,25.396032304627937,0.02,2.322302734366095e-09
subgroup:openEHR-EHR-COMPOSITION.hospitalisation.v1::Problem/Diagnosis::structure,subgroup:openEHR-EHR-COMPOSITION.outpatient_high_complexity_procedures.v1::Problem/Diagnosis::structure,structure,structure,canonical_subgroup,canonical_subgroup,26.396032304627937,0.02,1.4835079330562314e-09
field:cf_2db2fd852fb674,subgroup:openEHR-EHR-COMPOSITION.outpatient_high_complexity_procedures.v1::Problem/Diagnosis::structure,Problem,structure,field,canonical_subgroup,28.435221430896878,0.9583333333333334,1.7963645226149066e-08
field:cf_49398dcbba5447,subgroup:openEHR-EHR-COMPOSITION.outpatient_high_complexity_procedures.v1::Problem/Diagnosis::structure,Secondary Diagnosis,structure,field,canonical_subgroup,28.35832104949804,1.0815217391304348,2.126275443185843e-08
group:openEHR-EHR-COMPOSITION.hospitalisation.v1::Procedure_undertaken,subgroup:openEHR-EHR-COMPOSITION.outpatient_high_complexity_procedures.v1::Problem/Diagnosis::structure,Procedure undertaken,structure,canonical_group,canonical_subgroup,27.119073918450056,0.02,7.979362681183767e-10
subgroup:openEHR-EHR-COMPOSITION.hospitalisation.v1::Procedure_undertaken::Procedure_list,subgroup:openEHR-EHR-COMPOSITION.outpatient_high_complexity_procedures.v1::Problem/Diagnosis::structure,Procedure list,structure,canonical_subgroup,canonical_subgroup,28.119073918450056,0.02,5.097288851748348e-10
field:cf_18704e514938d4,subgroup:openEHR-EHR-COMPOSITION.outpatient_high_complexity_procedures.v1::Problem/Diagnosis::structure,Procedure,structure,field,canonical_subgroup,29.119073918450056,0.6770833333333334,8.305850586610636e-09
family:openEHR-EHR-COMPOSITION.demographic_data.v1,subgroup:openEHR-EHR-COMPOSITION.outpatient_high_complexity_procedures.v1::Problem/Diagnosis::structure,openEHR-EHR-COMPOSITION.demographic_data.v1,structure,composition_family,canonical_subgroup,22.329149216817807,0.02,1.5549473286130755e-08
group:openEHR-EHR-COMPOSITION.demographic_data.v1::Demographic_data,subgroup:openEHR-EHR-COMPOSITION.outpatient_high_complexity_procedures.v1::Problem/Diagnosis::structure,Demographic data,structure,canonical_group,canonical_subgroup,23.329149216817807,0.02,8.364752661801016e-09
subgroup:openEHR-EHR-COMPOSITION.demographic_data.v1::Demographic_data::components,subgroup:openEHR-EHR-COMPOSITION.outpatient_high_complexity_procedures.v1::Problem/Diagnosis::structure,components,structure,canonical_subgroup,canonical_subgroup,24.329149216817807,0.02,5.343479447446939e-09
field:cf_7f3b6795a0e812,subgroup:openEHR-EHR-COMPOSITION.outpatient_high_complexity_procedures.v1::Problem/Diagnosis::structure,birth date,structure,field,canonical_subgroup,27.31385798085727,1.09375,4.109009594984341e-08
field:cf_e7551706658b4a,subgroup:openEHR-EHR-COMPOSITION.outpatient_high_complexity_procedures.v1::Problem/Diagnosis::structure,gender,structure,field,canonical_subgroup,28.45300802081929,0.39375,7.299770035693713e-09
field:cf_19e1b0f55ef007,subgroup:openEHR-EHR-COMPOSITION.outpatient_high_complexity_procedures.v1::Problem/Diagnosis::structure,race,structure,field,canonical_subgroup,35.11246471015471,0.1846590909090909,5.512096646750458e-11
field:cf_4122372d727029,subgroup:openEHR-EHR-COMPOSITION.outpatient_high_complexity_procedures.v1::Problem/Diagnosis::structure,ethnic group,structure,field,canonical_subgroup,39.11246471015471,0.1846590909090909,4.616007529748103e-12
field:cf_7ab0248b87b82e,subgroup:openEHR-EHR-COMPOSITION.outpatient_high_complexity_procedures.v1::Problem/Diagnosis::structure,educational level,structure,field,canonical_subgroup,30.320821889447984,0.39375,2.2928561033398785e-09
field:cf_eee397355aecbe,subgroup:openEHR-EHR-COMPOSITION.outpatient_high_complexity_procedures.v1::Problem/Diagnosis::structure,nationality,structure,field,canonical_subgroup,31.65470439581286,0.39375,1.0027949919293954e-09
schema:root,field:cf_bd9db9ae67063d,EHR Schema,Problem,root,field,23.526188134223066,0.02,7.86550905729967e-09
family:openEHR-EHR-COMPOSITION.outpatient_high_complexity_procedures.v1,field:cf_bd9db9ae67063d,openEHR-EHR-COMPOSITION.outpatient_high_complexity_procedures.v1,Problem,composition_family,field,18.4116948749283,0.02,1.8744267766801705e-07
group:openEHR-EHR-COMPOSITION.outpatient_high_complexity_procedures.v1::HCPA,field:cf_bd9db9ae67063d,HCPA,Problem,canonical_group,field,31.210282106273496,0.02,6.709464772266237e-11
subgroup:openEHR-EHR-COMPOSITION.outpatient_high_complexity_procedures.v1::HCPA::components_/_General_data,field:cf_bd9db9ae67063d,components / General data,Problem,canonical_subgroup,field,34.962562911401484,0.02,6.551474743172386e-12
field:cf_5cd62eaa6e16a8,field:cf_bd9db9ae67063d,issue date,Problem,field,field,39.85516254418237,0.5096153846153846,8.983845845967415e-12
field:cf_775d9002cb4e7b,field:cf_bd9db9ae67063d,reason for encounter,Problem,field,field,39.75913976248557,0.425,7.95177408202225e-12
field:cf_b87e8363f020f7,field:cf_bd9db9ae67063d,healthcare unit,Problem,field,field,40.11300924772094,0.425,6.385284064828037e-12
field:cf_8b431261fa7dca,field:cf_bd9db9ae67063d,State,Problem,field,field,41.04876355163953,0.425,3.574510735104649e-12
field:cf_16800b2d3f5ef6,field:cf_bd9db9ae67063d,patient age,Problem,field,field,39.33579903385095,0.49038461538461536,1.1928937299391038e-11
group:openEHR-EHR-COMPOSITION.outpatient_high_complexity_procedures.v1::Patient_discharge,field:cf_bd9db9ae67063d,Patient discharge,Problem,canonical_group,field,23.551241103863763,0.02,7.74427931292393e-09
subgroup:openEHR-EHR-COMPOSITION.outpatient_high_complexity_procedures.v1::Patient_discharge::Components,field:cf_bd9db9ae67063d,Components,Problem,canonical_subgroup,field,24.551241103863763,0.02,4.165991979566931e-09
field:cf_469c691048a0ce,field:cf_bd9db9ae67063d,date of discharge,Problem,field,field,26.514620799213976,0.4168269230769231,2.8726597941410275e-08
field:cf_49533263f29569,field:cf_bd9db9ae67063d,reason for discharge,Problem,field,field,26.589253431533255,0.39375,2.5909153575372633e-08
group:openEHR-EHR-COMPOSITION.outpatient_high_complexity_procedures.v1::Problem/Diagnosis,field:cf_bd9db9ae67063d,Problem/Diagnosis,Problem,canonical_group,field,8.416990568862122,0.02,9.205944137744843e-05
subgroup:openEHR-EHR-COMPOSITION.outpatient_high_complexity_procedures.v1::Problem/Diagnosis::structure,field:cf_bd9db9ae67063d,structure,Problem,canonical_subgroup,field,3.7736772535633833,0.02,0.0016380941245037121
field:cf_bd9db9ae67063d,field:cf_bd9db9ae67063d,Problem,Problem,field,field,0.0,0.425,0.425
field:cf_4e7e8ca2916a1e,field:cf_bd9db9ae67063d,Secondary Diagnosis,Problem,field,field,2.3529411764705883,0.425,0.09387577306763845
field:cf_0a229c157b8d2a,field:cf_bd9db9ae67063d,Associated causes,Problem,field,field,4.705882352941177,0.425,0.021827023576586387
group:openEHR-EHR-COMPOSITION.outpatient_high_complexity_procedures.v1::Procedure_undertaken,field:cf_bd9db9ae67063d,Procedure undertaken,Problem,canonical_group,field,33.419064666409696,0.02,1.705867868192382e-11
subgroup:openEHR-EHR-COMPOSITION.outpatient_high_complexity_procedures.v1::Procedure_undertaken::Procedure_list,field:cf_bd9db9ae67063d,Procedure list,Problem,canonical_subgroup,field,34.419064666409696,0.02,9.176621309655764e-12
field:cf_0b6364bb149692,field:cf_bd9db9ae67063d,Procedure,Problem,field,field,38.146439977725805,0.39375,2.0023287005695807e-11
field:cf_af0c9a7d79fe64,field:cf_bd9db9ae67063d,Invaded regional linphonodes,Problem,field,field,7.751270347084661,0.23173076923076924,0.0018012760146072172
field:cf_e5c01940113606,field:cf_bd9db9ae67063d,irradiated area 1,Problem,field,field,43.407102412111314,0.1610576923076923,3.139039238674124e-13
field:cf_fc5be63ab59287,field:cf_bd9db9ae67063d,irradiated area 2,Problem,field,field,38.56180264357058,0.31490384615384615,1.2378019088746882e-11
field:cf_821e1930333a5c,field:cf_bd9db9ae67063d,irradiated area 3,Problem,field,field,47.407102412111314,0.10336538461538461,1.6870971130750464e-14
field:cf_c9b3a708f95249,field:cf_bd9db9ae67063d,fields/insertions 1,Problem,field,field,41.78617995319267,0.1923076923076923,1.023919207904762e-12
field:cf_bbec72e0a270f7,field:cf_bd9db9ae67063d,fields/insertions 2,Problem,field,field,40.20057624969533,0.23557692307692307,3.3523204079173667e-12
family:openEHR-EHR-COMPOSITION.hospitalisation.v1,field:cf_bd9db9ae67063d,openEHR-EHR-COMPOSITION.hospitalisation.v1,Problem,composition_family,field,25.927871486192284,0.02,1.7743667178333307e-09
group:openEHR-EHR-COMPOSITION.hospitalisation.v1::Patient_discharge,field:cf_bd9db9ae67063d,Patient discharge,Problem,canonical_group,field,34.05385516599981,0.02,1.1508535507242844e-11
subgroup:openEHR-EHR-COMPOSITION.hospitalisation.v1::Patient_discharge::Components,field:cf_bd9db9ae67063d,Components,Problem,canonical_subgroup,field,35.05385516599981,0.02,6.190952660982088e-12
field:cf_79ed78f34fef6f,field:cf_bd9db9ae67063d,date of discharge,Problem,field,field,37.497874269082764,0.8854166666666666,6.731269418442733e-11
field:cf_be52992cb12705,field:cf_bd9db9ae67063d,hospital infection,Problem,field,field,43.53718756432704,0.13541666666666666,2.43478337769746e-13
field:cf_1285e1e2c004f2,field:cf_bd9db9ae67063d,claim reason,Problem,field,field,38.3168600295776,0.39375,1.8015554332970504e-11
field:cf_80f721f9446bd3,field:cf_bd9db9ae67063d,death indicator,Problem,field,field,39.75766000527192,0.39375,7.3738468407949e-12
group:openEHR-EHR-COMPOSITION.hospitalisation.v1::Authorization_for_hospital_admission,field:cf_bd9db9ae67063d,Authorization for hospital admission,Problem,canonical_group,field,30.449472890134487,0.02,1.0753388305548805e-10
subgroup:openEHR-EHR-COMPOSITION.hospitalisation.v1::Authorization_for_hospital_admission::Components,field:cf_bd9db9ae67063d,Components,Problem,canonical_subgroup,field,31.449472890134487,0.02,5.784725424265616e-11
field:cf_ba8421601b1980,field:cf_bd9db9ae67063d,Issue date,Problem,field,field,33.13734966795038,0.9270833333333334,1.0524322634055855e-09
field:cf_ba09c313b94cba,field:cf_bd9db9ae67063d,ICU - Total,Problem,field,field,33.90322163155173,0.39375,2.7801951835514496e-10
group:openEHR-EHR-COMPOSITION.hospitalisation.v1::Patient_admission,field:cf_bd9db9ae67063d,Patient admission,Problem,canonical_group,field,32.78208480753601,0.02,2.531979751814514e-11
subgroup:openEHR-EHR-COMPOSITION.hospitalisation.v1::Patient_admission::Tree,field:cf_bd9db9ae67063d,Tree,Problem,canonical_subgroup,field,36.47856947862838,0.02,2.5593827195824847e-12
field:cf_3db72fcc22b158,field:cf_bd9db9ae67063d,Patient class,Problem,field,field,45.02550491355084,0.13541666666666666,9.676363189413869e-14
subgroup:openEHR-EHR-COMPOSITION.hospitalisation.v1::Patient_admission::Tree_/_Assigned_patient_location_/_Facility,field:cf_bd9db9ae67063d,Tree / Assigned patient location / Facility,Problem,canonical_subgroup,field,35.0981571025374,0.02,6.023218659153606e-12
field:cf_9449e602105d68,field:cf_bd9db9ae67063d,Universal ID,Problem,field,field,36.0981571025374,0.7395833333333334,1.339145759213196e-10
subgroup:openEHR-EHR-COMPOSITION.hospitalisation.v1::Patient_admission::Tree_/_Assigned_patient_location_/_Address,field:cf_bd9db9ae67063d,Tree / Assigned patient location / Address,Problem,canonical_subgroup,field,36.141089295504784,0.02,3.155048340638238e-12
field:cf_1d8359b2d21168,field:cf_bd9db9ae67063d,State/province,Problem,field,field,37.141089295504784,0.4875,4.6237329505323204e-11
field:cf_10f7d6c8e1d5c5,field:cf_bd9db9ae67063d,Admission type,Problem,field,field,41.24597735449572,0.39375,2.930528472808949e-12
field:cf_2a67f6f1c22886,field:cf_bd9db9ae67063d,Hospital service,Problem,field,field,39.404605957902,0.59375,1.3840169593893331e-11
field:cf_22f759c45e42f4,field:cf_bd9db9ae67063d,Admit date/time,Problem,field,field,39.059262376764586,0.9583333333333334,2.7672123469786567e-11
group:openEHR-EHR-COMPOSITION.hospitalisation.v1::Problem/Diagnosis,field:cf_bd9db9ae67063d,Problem/Diagnosis,Problem,canonical_group,field,29.16970955819132,0.02,2.377594040302504e-10
subgroup:openEHR-EHR-COMPOSITION.hospitalisation.v1::Problem/Diagnosis::structure,field:cf_bd9db9ae67063d,structure,Problem,canonical_subgroup,field,30.16970955819132,0.02,1.279013488838979e-10
field:cf_2db2fd852fb674,field:cf_bd9db9ae67063d,Problem,Problem,field,field,32.208898684460266,0.9583333333333334,1.934590630771118e-09
field:cf_49398dcbba5447,field:cf_bd9db9ae67063d,Secondary Diagnosis,Problem,field,field,32.13199830306143,1.0815217391304348,2.2898874360078163e-09
group:openEHR-EHR-COMPOSITION.hospitalisation.v1::Procedure_undertaken,field:cf_bd9db9ae67063d,Procedure undertaken,Problem,canonical_group,field,30.892751172013437,0.02,8.169341953332106e-11
subgroup:openEHR-EHR-COMPOSITION.hospitalisation.v1::Procedure_undertaken::Procedure_list,field:cf_bd9db9ae67063d,Procedure list,Problem,canonical_subgroup,field,31.892751172013437,0.02,4.394652062603814e-11
field:cf_18704e514938d4,field:cf_bd9db9ae67063d,Procedure,Problem,field,field,32.89275117201343,0.6770833333333334,8.944966638537036e-10
family:openEHR-EHR-COMPOSITION.demographic_data.v1,field:cf_bd9db9ae67063d,openEHR-EHR-COMPOSITION.demographic_data.v1,Problem,composition_family,field,26.10282647038119,0.02,1.5919688018211393e-09
group:openEHR-EHR-COMPOSITION.demographic_data.v1::Demographic_data,field:cf_bd9db9ae67063d,Demographic data,Problem,canonical_group,field,27.10282647038119,0.02,8.563907617639428e-10
subgroup:openEHR-EHR-COMPOSITION.demographic_data.v1::Demographic_data::components,field:cf_bd9db9ae67063d,components,Problem,canonical_subgroup,field,28.10282647038119,0.02,4.606906466983786e-10
field:cf_7f3b6795a0e812,field:cf_bd9db9ae67063d,birth date,Problem,field,field,31.087535234420653,1.09375,4.425188409217695e-09
field:cf_e7551706658b4a,field:cf_bd9db9ae67063d,gender,Problem,field,field,32.22668527438267,0.39375,7.861470508936513e-10
field:cf_19e1b0f55ef007,field:cf_bd9db9ae67063d,race,Problem,field,field,38.88614196371809,0.1846590909090909,5.936239774534012e-12
field:cf_4122372d727029,field:cf_bd9db9ae67063d,ethnic group,Problem,field,field,42.88614196371809,0.1846590909090909,4.97119866608168e-13
field:cf_7ab0248b87b82e,field:cf_bd9db9ae67063d,educational level,Problem,field,field,34.09449914301137,0.39375,2.4692860938774005e-10
field:cf_eee397355aecbe,field:cf_bd9db9ae67063d,nationality,Problem,field,field,35.42838164937624,0.39375,1.079957754424378e-10
schema:root,field:cf_4e7e8ca2916a1e,EHR Schema,Secondary Diagnosis,root,field,23.053523156860617,0.02,1.054381618812143e-08
family:openEHR-EHR-COMPOSITION.outpatient_high_complexity_procedures.v1,field:cf_4e7e8ca2916a1e,openEHR-EHR-COMPOSITION.outpatient_high_complexity_procedures.v1,Secondary Diagnosis,composition_family,field,17.939029897565852,0.02,2.5126932341482494e-07
group:openEHR-EHR-COMPOSITION.outpatient_high_complexity_procedures.v1::HCPA,field:cf_4e7e8ca2916a1e,HCPA,Secondary Diagnosis,canonical_group,field,30.737617128911047,0.02,8.99412393579243e-11
subgroup:openEHR-EHR-COMPOSITION.outpatient_high_complexity_procedures.v1::HCPA::components_/_General_data,field:cf_4e7e8ca2916a1e,components / General data,Secondary Diagnosis,canonical_subgroup,field,34.489897934039035,0.02,8.7823362671004e-12
field:cf_5cd62eaa6e16a8,field:cf_4e7e8ca2916a1e,issue date,Secondary Diagnosis,field,field,39.38249756681992,0.5096153846153846,1.2042961055952155e-11
field:cf_775d9002cb4e7b,field:cf_4e7e8ca2916a1e,reason for encounter,Secondary Diagnosis,field,field,39.28647478512312,0.425,1.0659455564735543e-11
field:cf_b87e8363f020f7,field:cf_4e7e8ca2916a1e,healthcare unit,Secondary Diagnosis,field,field,39.64034427035849,0.425,8.55955552247516e-12
field:cf_8b431261fa7dca,field:cf_4e7e8ca2916a1e,State,Secondary Diagnosis,field,field,40.57609857427708,0.425,4.791677675131847e-12
field:cf_16800b2d3f5ef6,field:cf_4e7e8ca2916a1e,patient age,Secondary Diagnosis,field,field,38.8631340564885,0.49038461538461536,1.5990894077946137e-11
group:openEHR-EHR-COMPOSITION.outpatient_high_complexity_procedures.v1::Patient_discharge,field:cf_4e7e8ca2916a1e,Patient discharge,Secondary Diagnosis,canonical_group,field,23.078576126501314,0.02,1.0381306154515344e-08
subgroup:openEHR-EHR-COMPOSITION.outpatient_high_complexity_procedures.v1::Patient_discharge::Components,field:cf_4e7e8ca2916a1e,Components,Secondary Diagnosis,canonical_subgroup,field,24.078576126501314,0.02,5.584565900788884e-09
field:cf_469c691048a0ce,field:cf_4e7e8ca2916a1e,date of discharge,Secondary Diagnosis,field,field,26.041955821851527,0.4168269230769231,3.850837449906685e-08
field:cf_49533263f29569,field:cf_4e7e8ca2916a1e,reason for discharge,Secondary Diagnosis,field,field,26.116588454170806,0.39375,3.4731554041630643e-08
group:openEHR-EHR-COMPOSITION.outpatient_high_complexity_procedures.v1::Problem/Diagnosis,field:cf_4e7e8ca2916a1e,Problem/Diagnosis,Secondary Diagnosis,canonical_group,field,7.9443255914996715,0.02,0.00012340686676396727
subgroup:openEHR-EHR-COMPOSITION.outpatient_high_complexity_procedures.v1::Problem/Diagnosis::structure,field:cf_4e7e8ca2916a1e,structure,Secondary Diagnosis,canonical_subgroup,field,3.3010122762009337,0.02,0.0021958862702700236
field:cf_bd9db9ae67063d,field:cf_4e7e8ca2916a1e,Problem,Secondary Diagnosis,field,field,2.3529411764705883,0.425,0.09387577306763845
field:cf_4e7e8ca2916a1e,field:cf_4e7e8ca2916a1e,Secondary Diagnosis,Secondary Diagnosis,field,field,0.0,0.425,0.425
field:cf_0a229c157b8d2a,field:cf_4e7e8ca2916a1e,Associated causes,Secondary Diagnosis,field,field,2.3529411764705883,0.425,0.09387577306763845
group:openEHR-EHR-COMPOSITION.outpatient_high_complexity_procedures.v1::Procedure_undertaken,field:cf_4e7e8ca2916a1e,Procedure undertaken,Secondary Diagnosis,canonical_group,field,32.94639968904725,0.02,2.2867378465161854e-11
subgroup:openEHR-EHR-COMPOSITION.outpatient_high_complexity_procedures.v1::Procedure_undertaken::Procedure_list,field:cf_4e7e8ca2916a1e,Procedure list,Secondary Diagnosis,canonical_subgroup,field,33.94639968904725,0.02,1.2301379047706097e-11
field:cf_0b6364bb149692,field:cf_4e7e8ca2916a1e,Procedure,Secondary Diagnosis,field,field,37.67377500036335,0.39375,2.6841474103208135e-11
field:cf_af0c9a7d79fe64,field:cf_4e7e8ca2916a1e,Invaded regional linphonodes,Secondary Diagnosis,field,field,5.398329170614073,0.23173076923076924,0.007747102017190977
field:cf_e5c01940113606,field:cf_4e7e8ca2916a1e,irradiated area 1,Secondary Diagnosis,field,field,42.934437434748865,0.1610576923076923,4.207922525899861e-13
field:cf_fc5be63ab59287,field:cf_4e7e8ca2916a1e,irradiated area 2,Secondary Diagnosis,field,field,38.08913766620813,0.31490384615384615,1.6592894000126166e-11
field:cf_821e1930333a5c,field:cf_4e7e8ca2916a1e,irradiated area 3,Secondary Diagnosis,field,field,46.934437434748865,0.10336538461538461,2.2615754075402004e-14
field:cf_c9b3a708f95249,field:cf_4e7e8ca2916a1e,fields/insertions 1,Secondary Diagnosis,field,field,41.31351497583022,0.1923076923076923,1.3725768848508753e-12
field:cf_bbec72e0a270f7,field:cf_4e7e8ca2916a1e,fields/insertions 2,Secondary Diagnosis,field,field,39.72791127233288,0.23557692307692307,4.4938286800350755e-12
family:openEHR-EHR-COMPOSITION.hospitalisation.v1,field:cf_4e7e8ca2916a1e,openEHR-EHR-COMPOSITION.hospitalisation.v1,Secondary Diagnosis,composition_family,field,25.455206508829836,0.02,2.3785614366297443e-09
group:openEHR-EHR-COMPOSITION.hospitalisation.v1::Patient_discharge,field:cf_4e7e8ca2916a1e,Patient discharge,Secondary Diagnosis,canonical_group,field,33.581190188637365,0.02,1.542734006138142e-11
subgroup:openEHR-EHR-COMPOSITION.hospitalisation.v1::Patient_discharge::Components,field:cf_4e7e8ca2916a1e,Components,Secondary Diagnosis,canonical_subgroup,field,34.581190188637365,0.02,8.299051772901612e-12
field:cf_79ed78f34fef6f,field:cf_4e7e8ca2916a1e,date of discharge,Secondary Diagnosis,field,field,37.025209291720316,0.8854166666666666,9.023353344805521e-11
field:cf_be52992cb12705,field:cf_4e7e8ca2916a1e,hospital infection,Secondary Diagnosis,field,field,43.06452258696459,0.13541666666666666,3.2638584744251755e-13
field:cf_1285e1e2c004f2,field:cf_4e7e8ca2916a1e,claim reason,Secondary Diagnosis,field,field,37.84419505221515,0.39375,2.4150082598616758e-11
field:cf_80f721f9446bd3,field:cf_4e7e8ca2916a1e,death indicator,Secondary Diagnosis,field,field,39.284995027909474,0.39375,9.884736654971607e-12
group:openEHR-EHR-COMPOSITION.hospitalisation.v1::Authorization_for_hospital_admission,field:cf_4e7e8ca2916a1e,Authorization for hospital admission,Secondary Diagnosis,canonical_group,field,29.97680791277204,0.02,1.4415055512265442e-10
subgroup:openEHR-EHR-COMPOSITION.hospitalisation.v1::Authorization_for_hospital_admission::Components,field:cf_4e7e8ca2916a1e,Components,Secondary Diagnosis,canonical_subgroup,field,30.97680791277204,0.02,7.754498930441639e-11
field:cf_ba8421601b1980,field:cf_4e7e8ca2916a1e,Issue date,Secondary Diagnosis,field,field,32.66468469058793,0.9270833333333334,1.4107990029582057e-09
field:cf_ba09c313b94cba,field:cf_4e7e8ca2916a1e,ICU - Total,Secondary Diagnosis,field,field,33.430556654189274,0.39375,3.726887448595856e-10
group:openEHR-EHR-COMPOSITION.hospitalisation.v1::Patient_admission,field:cf_4e7e8ca2916a1e,Patient admission,Secondary Diagnosis,canonical_group,field,32.30941983017357,0.02,3.3941514656831176e-11
subgroup:openEHR-EHR-COMPOSITION.hospitalisation.v1::Patient_admission::Tree,field:cf_4e7e8ca2916a1e,Tree,Secondary Diagnosis,canonical_subgroup,field,36.00590450126594,0.02,3.430885496888162e-12
field:cf_3db72fcc22b158,field:cf_4e7e8ca2916a1e,Patient class,Secondary Diagnosis,field,field,44.5528399361884,0.13541666666666666,1.297128947350173e-13
subgroup:openEHR-EHR-COMPOSITION.hospitalisation.v1::Patient_admission::Tree_/_Assigned_patient_location_/_Facility,field:cf_4e7e8ca2916a1e,Tree / Assigned patient location / Facility,Secondary Diagnosis,canonical_subgroup,field,34.62549212517496,0.02,8.074202183269944e-12
field:cf_9449e602105d68,field:cf_4e7e8ca2916a1e,Universal ID,Secondary Diagnosis,field,field,35.62549212517496,0.7395833333333334,1.7951421365591383e-10
subgroup:openEHR-EHR-COMPOSITION.hospitalisation.v1::Patient_admission::Tree_/_Assigned_patient_location_/_Address,field:cf_4e7e8ca2916a1e,Tree / Assigned patient location / Address,Secondary Diagnosis,canonical_subgroup,field,35.66842431814234,0.02,4.229382933257696e-12
field:cf_1d8359b2d21168,field:cf_4e7e8ca2916a1e,State/province,Secondary Diagnosis,field,field,36.66842431814234,0.4875,6.198173567434681e-11
field:cf_10f7d6c8e1d5c5,field:cf_4e7e8ca2916a1e,Admission type,Secondary Diagnosis,field,field,40.77331237713328,0.39375,3.92841115892906e-12
field:cf_2a67f6f1c22886,field:cf_4e7e8ca2916a1e,Hospital service,Secondary Diagnosis,field,field,38.93194098053956,0.59375,1.855292558273867e-11
field:cf_22f759c45e42f4,field:cf_4e7e8ca2916a1e,Admit date/time,Secondary Diagnosis,field,field,38.586597399402145,0.9583333333333334,3.709483788969132e-11
group:openEHR-EHR-COMPOSITION.hospitalisation.v1::Problem/Diagnosis,field:cf_4e7e8ca2916a1e,Problem/Diagnosis,Secondary Diagnosis,canonical_group,field,28.697044580828873,0.02,3.1871954311281437e-10
subgroup:openEHR-EHR-COMPOSITION.hospitalisation.v1::Problem/Diagnosis::structure,field:cf_4e7e8ca2916a1e,structure,Secondary Diagnosis,canonical_subgroup,field,29.697044580828873,0.02,1.7145340537025497e-10
field:cf_2db2fd852fb674,field:cf_4e7e8ca2916a1e,Problem,Secondary Diagnosis,field,field,31.736233707097814,0.9583333333333334,2.593343655383888e-09
field:cf_49398dcbba5447,field:cf_4e7e8ca2916a1e,Secondary Diagnosis,Secondary Diagnosis,field,field,31.659333325698977,1.0815217391304348,3.069623598532113e-09
group:openEHR-EHR-COMPOSITION.hospitalisation.v1::Procedure_undertaken,field:cf_4e7e8ca2916a1e,Procedure undertaken,Secondary Diagnosis,canonical_group,field,30.420086194650988,0.02,1.0951108098197787e-10
subgroup:openEHR-EHR-COMPOSITION.hospitalisation.v1::Procedure_undertaken::Procedure_list,field:cf_4e7e8ca2916a1e,Procedure list,Secondary Diagnosis,canonical_subgroup,field,31.420086194650988,0.02,5.891087686923508e-11
field:cf_18704e514938d4,field:cf_4e7e8ca2916a1e,Procedure,Secondary Diagnosis,field,field,32.42008619465099,0.6770833333333334,1.199084297768156e-09
family:openEHR-EHR-COMPOSITION.demographic_data.v1,field:cf_4e7e8ca2916a1e,openEHR-EHR-COMPOSITION.demographic_data.v1,Secondary Diagnosis,composition_family,field,25.63016149301874,0.02,2.134054681184067e-09
group:openEHR-EHR-COMPOSITION.demographic_data.v1::Demographic_data,field:cf_4e7e8ca2916a1e,Demographic data,Secondary Diagnosis,canonical_group,field,26.63016149301874,0.02,1.1480028452658442e-09
subgroup:openEHR-EHR-COMPOSITION.demographic_data.v1::Demographic_data::components,field:cf_4e7e8ca2916a1e,components,Secondary Diagnosis,canonical_subgroup,field,27.63016149301874,0.02,6.1756174495362e-10
field:cf_7f3b6795a0e812,field:cf_4e7e8ca2916a1e,birth date,Secondary Diagnosis,field,field,30.614870257058204,1.09375,5.932022052825066e-09
field:cf_e7551706658b4a,field:cf_4e7e8ca2916a1e,gender,Secondary Diagnosis,field,field,31.754020297020222,0.39375,1.0538402462029718e-09
field:cf_19e1b0f55ef007,field:cf_4e7e8ca2916a1e,race,Secondary Diagnosis,field,field,38.41347698635564,0.1846590909090909,7.95760586827041e-12
field:cf_4122372d727029,field:cf_4e7e8ca2916a1e,ethnic group,Secondary Diagnosis,field,field,42.41347698635564,0.1846590909090909,6.663955834003511e-13
field:cf_7ab0248b87b82e,field:cf_4e7e8ca2916a1e,educational level,Secondary Diagnosis,field,field,33.62183416564892,0.39375,3.310109809811358e-10
field:cf_eee397355aecbe,field:cf_4e7e8ca2916a1e,nationality,Secondary Diagnosis,field,field,34.95571667201379,0.39375,1.4476972781589126e-10
schema:root,field:cf_0a229c157b8d2a,EHR Schema,Associated causes,root,field,23.319774389905373,0.02,8.939358051427092e-09
family:openEHR-EHR-COMPOSITION.outpatient_high_complexity_procedures.v1,field:cf_0a229c157b8d2a,openEHR-EHR-COMPOSITION.outpatient_high_complexity_procedures.v1,Associated causes,composition_family,field,18.205281130610608,0.02,2.1303353636565506e-07
group:openEHR-EHR-COMPOSITION.outpatient_high_complexity_procedures.v1::HCPA,field:cf_0a229c157b8d2a,HCPA,Associated causes,canonical_group,field,31.003868361955803,0.02,7.625483296222402e-11
subgroup:openEHR-EHR-COMPOSITION.outpatient_high_complexity_procedures.v1::HCPA::components_/_General_data,field:cf_0a229c157b8d2a,components / General data,Associated causes,canonical_subgroup,field,34.75614916708379,0.02,7.445923470108592e-12
field:cf_5cd62eaa6e16a8,field:cf_0a229c157b8d2a,issue date,Associated causes,field,field,39.64874879986468,0.5096153846153846,1.0210377244610289e-11
field:cf_775d9002cb4e7b,field:cf_0a229c157b8d2a,reason for encounter,Associated causes,field,field,39.552726018167874,0.425,9.037400522383844e-12
field:cf_b87e8363f020f7,field:cf_0a229c157b8d2a,healthcare unit,Associated causes,field,field,39.906595503403246,0.425,7.257043390293426e-12
field:cf_8b431261fa7dca,field:cf_0a229c157b8d2a,State,Associated causes,field,field,40.84234980732184,0.425,4.062525525937207e-12
field:cf_16800b2d3f5ef6,field:cf_0a229c157b8d2a,patient age,Associated causes,field,field,39.12938528953325,0.49038461538461536,1.35575511915932e-11
group:openEHR-EHR-COMPOSITION.outpatient_high_complexity_procedures.v1::Patient_discharge,field:cf_0a229c157b8d2a,Patient discharge,Associated causes,canonical_group,field,23.34482735954607,0.02,8.801577256368179e-09
subgroup:openEHR-EHR-COMPOSITION.outpatient_high_complexity_procedures.v1::Patient_discharge::Components,field:cf_0a229c157b8d2a,Components,Associated causes,canonical_subgroup,field,24.34482735954607,0.02,4.734759527123061e-09
field:cf_469c691048a0ce,field:cf_0a229c157b8d2a,date of discharge,Associated causes,field,field,26.308207054896283,0.4168269230769231,3.264853459921089e-08
field:cf_49533263f29569,field:cf_0a229c157b8d2a,reason for discharge,Associated causes,field,field,26.38283968721556,0.39375,2.9446434926512375e-08
group:openEHR-EHR-COMPOSITION.outpatient_high_complexity_procedures.v1::Problem/Diagnosis,field:cf_0a229c157b8d2a,Problem/Diagnosis,Associated causes,canonical_group,field,8.210576824544425,0.02,0.00010462797798492469
subgroup:openEHR-EHR-COMPOSITION.outpatient_high_complexity_procedures.v1::Problem/Diagnosis::structure,field:cf_0a229c157b8d2a,structure,Associated causes,canonical_subgroup,field,3.567263509245686,0.02,0.0018617370845549585
field:cf_bd9db9ae67063d,field:cf_0a229c157b8d2a,Problem,Associated causes,field,field,4.705882352941177,0.425,0.021827023576586387
field:cf_4e7e8ca2916a1e,field:cf_0a229c157b8d2a,Secondary Diagnosis,Associated causes,field,field,2.3529411764705883,0.425,0.09387577306763845
field:cf_0a229c157b8d2a,field:cf_0a229c157b8d2a,Associated causes,Associated causes,field,field,0.0,0.425,0.425
group:openEHR-EHR-COMPOSITION.outpatient_high_complexity_procedures.v1::Procedure_undertaken,field:cf_0a229c157b8d2a,Procedure undertaken,Associated causes,canonical_group,field,33.212650922092,0.02,1.938763727955282e-11
subgroup:openEHR-EHR-COMPOSITION.outpatient_high_complexity_procedures.v1::Procedure_undertaken::Procedure_list,field:cf_0a229c157b8d2a,Procedure list,Associated causes,canonical_subgroup,field,34.212650922092,0.02,1.0429471632638574e-11
field:cf_0b6364bb149692,field:cf_0a229c157b8d2a,Procedure,Associated causes,field,field,37.940026233408105,0.39375,2.275699266334001e-11
field:cf_af0c9a7d79fe64,field:cf_0a229c157b8d2a,Invaded regional linphonodes,Associated causes,field,field,3.0453879941434847,0.23173076923076924,0.033319485286019176
field:cf_e5c01940113606,field:cf_0a229c157b8d2a,irradiated area 1,Associated causes,field,field,43.20068866779362,0.1610576923076923,3.567600709320244e-13
field:cf_fc5be63ab59287,field:cf_0a229c157b8d2a,irradiated area 2,Associated causes,field,field,38.35538889925289,0.31490384615384615,1.406794446432127e-11
field:cf_821e1930333a5c,field:cf_0a229c157b8d2a,irradiated area 3,Associated causes,field,field,47.20068866779362,0.10336538461538461,1.917430270747729e-14
field:cf_c9b3a708f95249,field:cf_0a229c157b8d2a,fields/insertions 1,Associated causes,field,field,41.57976620887498,0.1923076923076923,1.1637111277240957e-12
field:cf_bbec72e0a270f7,field:cf_0a229c157b8d2a,fields/insertions 2,Associated causes,field,field,39.99416250537764,0.23557692307692307,3.810000371389532e-12
family:openEHR-EHR-COMPOSITION.hospitalisation.v1,field:cf_0a229c157b8d2a,openEHR-EHR-COMPOSITION.hospitalisation.v1,Associated causes,composition_family,field,25.72145774187459,0.02,2.0166144733540205e-09
group:openEHR-EHR-COMPOSITION.hospitalisation.v1::Patient_discharge,field:cf_0a229c157b8d2a,Patient discharge,Associated causes,canonical_group,field,33.84744142168212,0.02,1.3079753490503965e-11
subgroup:openEHR-EHR-COMPOSITION.hospitalisation.v1::Patient_discharge::Components,field:cf_0a229c157b8d2a,Components,Associated causes,canonical_subgroup,field,34.84744142168212,0.02,7.036180635326129e-12
field:cf_79ed78f34fef6f,field:cf_0a229c157b8d2a,date of discharge,Associated causes,field,field,37.29146052476507,0.8854166666666666,7.65026485046592e-11
field:cf_be52992cb12705,field:cf_0a229c157b8d2a,hospital infection,Associated causes,field,field,43.33077382000935,0.13541666666666666,2.767195388415582e-13
field:cf_1285e1e2c004f2,field:cf_0a229c157b8d2a,claim reason,Associated causes,field,field,38.110446285259904,0.39375,2.047515164042685e-11
field:cf_80f721f9446bd3,field:cf_0a229c157b8d2a,death indicator,Associated causes,field,field,39.55124626095423,0.39375,8.380571002594514e-12
group:openEHR-EHR-COMPOSITION.hospitalisation.v1::Authorization_for_hospital_admission,field:cf_0a229c157b8d2a,Authorization for hospital admission,Associated causes,canonical_group,field,30.243059145816794,0.02,1.22215088214941e-10
subgroup:openEHR-EHR-COMPOSITION.hospitalisation.v1::Authorization_for_hospital_admission::Components,field:cf_0a229c157b8d2a,Components,Associated causes,canonical_subgroup,field,31.243059145816794,0.02,6.574492689536989e-11
field:cf_ba8421601b1980,field:cf_0a229c157b8d2a,Issue date,Associated causes,field,field,32.93093592363269,0.9270833333333334,1.1961169657194788e-09
field:cf_ba09c313b94cba,field:cf_0a229c157b8d2a,ICU - Total,Associated causes,field,field,33.69680788723403,0.39375,3.159764996463176e-10
group:openEHR-EHR-COMPOSITION.hospitalisation.v1::Patient_admission,field:cf_0a229c157b8d2a,Patient admission,Associated causes,canonical_group,field,32.57567106321832,0.02,2.877661625655035e-11
subgroup:openEHR-EHR-COMPOSITION.hospitalisation.v1::Patient_admission::Tree,field:cf_0a229c157b8d2a,Tree,Associated causes,canonical_subgroup,field,36.272155734310694,0.02,2.9088058197262607e-12
field:cf_3db72fcc22b158,field:cf_0a229c157b8d2a,Patient class,Associated causes,field,field,44.819091169233154,0.13541666666666666,1.0997441431402538e-13
subgroup:openEHR-EHR-COMPOSITION.hospitalisation.v1::Patient_admission::Tree_/_Assigned_patient_location_/_Facility,field:cf_0a229c157b8d2a,Tree / Assigned patient location / Facility,Associated causes,canonical_subgroup,field,34.89174335821971,0.02,6.8455465277533535e-12
field:cf_9449e602105d68,field:cf_0a229c157b8d2a,Universal ID,Associated causes,field,field,35.89174335821971,0.7395833333333334,1.5219743995523055e-10
subgroup:openEHR-EHR-COMPOSITION.hospitalisation.v1::Patient_admission::Tree_/_Assigned_patient_location_/_Address,field:cf_0a229c157b8d2a,Tree / Assigned patient location / Address,Associated causes,canonical_subgroup,field,35.9346755511871,0.02,3.585795475036787e-12
field:cf_1d8359b2d21168,field:cf_0a229c157b8d2a,State/province,Associated causes,field,field,36.9346755511871,0.4875,5.254994187646359e-11
field:cf_10f7d6c8e1d5c5,field:cf_0a229c157b8d2a,Admission type,Associated causes,field,field,41.039563610178035,0.39375,3.330622736239607e-12
field:cf_2a67f6f1c22886,field:cf_0a229c157b8d2a,Hospital service,Associated causes,field,field,39.19819221358431,0.59375,1.5729716994917778e-11
field:cf_22f759c45e42f4,field:cf_0a229c157b8d2a,Admit date/time,Associated causes,field,field,38.8528486324469,0.9583333333333334,3.1450096610103704e-11
group:openEHR-EHR-COMPOSITION.hospitalisation.v1::Problem/Diagnosis,field:cf_0a229c157b8d2a,Problem/Diagnosis,Associated causes,canonical_group,field,28.96329581387363,0.02,2.7021982013329586e-10
subgroup:openEHR-EHR-COMPOSITION.hospitalisation.v1::Problem/Diagnosis::structure,field:cf_0a229c157b8d2a,structure,Associated causes,canonical_subgroup,field,29.96329581387363,0.02,1.4536324916853982e-10
field:cf_2db2fd852fb674,field:cf_0a229c157b8d2a,Problem,Associated causes,field,field,32.002484940142566,0.9583333333333334,2.198713167248774e-09
field:cf_49398dcbba5447,field:cf_0a229c157b8d2a,Secondary Diagnosis,Associated causes,field,field,31.925584558743733,1.0815217391304348,2.6025173372524062e-09
group:openEHR-EHR-COMPOSITION.hospitalisation.v1::Procedure_undertaken,field:cf_0a229c157b8d2a,Procedure undertaken,Associated causes,canonical_group,field,30.686337427695744,0.02,9.284672134171081e-11
subgroup:openEHR-EHR-COMPOSITION.hospitalisation.v1::Procedure_undertaken::Procedure_list,field:cf_0a229c157b8d2a,Procedure list,Associated causes,canonical_subgroup,field,31.686337427695744,0.02,4.994637729467603e-11
field:cf_18704e514938d4,field:cf_0a229c157b8d2a,Procedure,Associated causes,field,field,32.68633742769575,0.6770833333333334,1.0166190002126142e-09
family:openEHR-EHR-COMPOSITION.demographic_data.v1,field:cf_0a229c157b8d2a,openEHR-EHR-COMPOSITION.demographic_data.v1,Associated causes,composition_family,field,25.896412726063495,0.02,1.8093144413803892e-09
group:openEHR-EHR-COMPOSITION.demographic_data.v1::Demographic_data,field:cf_0a229c157b8d2a,Demographic data,Associated causes,canonical_group,field,26.896412726063495,0.02,9.733106396002951e-10
subgroup:openEHR-EHR-COMPOSITION.demographic_data.v1::Demographic_data::components,field:cf_0a229c157b8d2a,components,Associated causes,canonical_subgroup,field,27.896412726063495,0.02,5.235870446246951e-10
field:cf_7f3b6795a0e812,field:cf_0a229c157b8d2a,birth date,Associated causes,field,field,30.88112149010296,1.09375,5.029343091062811e-09
field:cf_e7551706658b4a,field:cf_0a229c157b8d2a,gender,Associated causes,field,field,32.020271530064974,0.39375,8.934768134924137e-10
field:cf_19e1b0f55ef007,field:cf_0a229c157b8d2a,race,Associated causes,field,field,38.679728219400396,0.1846590909090909,6.746692736236004e-12
field:cf_4122372d727029,field:cf_0a229c157b8d2a,ethnic group,Associated causes,field,field,42.679728219400396,0.1846590909090909,5.649898118118432e-13
field:cf_7ab0248b87b82e,field:cf_0a229c157b8d2a,educational level,Associated causes,field,field,33.888085398693676,0.39375,2.8064086334112144e-10
field:cf_eee397355aecbe,field:cf_0a229c157b8d2a,nationality,Associated causes,field,field,35.22196790505855,0.39375,1.227400410689893e-10
schema:root,group:openEHR-EHR-COMPOSITION.outpatient_high_complexity_procedures.v1::Procedure_undertaken,EHR Schema,Procedure undertaken,root,canonical_group,20.12186305077616,0.02,6.110197493943438e-08
family:openEHR-EHR-COMPOSITION.outpatient_high_complexity_procedures.v1,group:openEHR-EHR-COMPOSITION.outpatient_high_complexity_procedures.v1::Procedure_undertaken,openEHR-EHR-COMPOSITION.outpatient_high_complexity_procedures.v1,Procedure undertaken,composition_family,canonical_group,15.007369791481395,0.02,1.4561190776104244e-06
group:openEHR-EHR-COMPOSITION.outpatient_high_complexity_procedures.v1::HCPA,group:openEHR-EHR-COMPOSITION.outpatient_high_complexity_procedures.v1::Procedure_undertaken,HCPA,Procedure undertaken,canonical_group,canonical_group,27.80595702282659,0.02,6.189419338853561e-10
subgroup:openEHR-EHR-COMPOSITION.outpatient_high_complexity_procedures.v1::HCPA::components_/_General_data,group:openEHR-EHR-COMPOSITION.outpatient_high_complexity_procedures.v1::Procedure_undertaken,components / General data,Procedure undertaken,canonical_subgroup,canonical_group,31.558237827954578,0.02,5.0894105220328445e-11
field:cf_5cd62eaa6e16a8,group:openEHR-EHR-COMPOSITION.outpatient_high_complexity_procedures.v1::Procedure_undertaken,issue date,Procedure undertaken,field,canonical_group,36.450837460735464,0.5096153846153846,6.634603334450108e-11
field:cf_775d9002cb4e7b,group:openEHR-EHR-COMPOSITION.outpatient_high_complexity_procedures.v1::Procedure_undertaken,reason for encounter,Procedure undertaken,field,canonical_group,36.35481467903866,0.425,5.87241452535161e-11
field:cf_b87e8363f020f7,group:openEHR-EHR-COMPOSITION.outpatient_high_complexity_procedures.v1::Procedure_undertaken,healthcare unit,Procedure undertaken,field,canonical_group,36.70868416427403,0.425,4.715555862630397e-11
field:cf_8b431261fa7dca,group:openEHR-EHR-COMPOSITION.outpatient_high_complexity_procedures.v1::Procedure_undertaken,State,Procedure undertaken,field,canonical_group,37.644438468192625,0.425,2.6397893784874085e-11
field:cf_16800b2d3f5ef6,group:openEHR-EHR-COMPOSITION.outpatient_high_complexity_procedures.v1::Procedure_undertaken,patient age,Procedure undertaken,field,canonical_group,35.93147395040404,0.49038461538461536,8.809564248980479e-11
group:openEHR-EHR-COMPOSITION.outpatient_high_complexity_procedures.v1::Patient_discharge,group:openEHR-EHR-COMPOSITION.outpatient_high_complexity_procedures.v1::Procedure_undertaken,Patient discharge,Procedure undertaken,canonical_group,canonical_group,20.146916020416857,0.02,7.14402620355438e-08
subgroup:openEHR-EHR-COMPOSITION.outpatient_high_complexity_procedures.v1::Patient_discharge::Components,group:openEHR-EHR-COMPOSITION.outpatient_high_complexity_procedures.v1::Procedure_undertaken,Components,Procedure undertaken,canonical_subgroup,canonical_group,21.146916020416857,0.02,3.2362856069327784e-08
field:cf_469c691048a0ce,group:openEHR-EHR-COMPOSITION.outpatient_high_complexity_procedures.v1::Procedure_undertaken,date of discharge,Procedure undertaken,field,canonical_group,23.11029571576707,0.4168269230769231,2.121469866661154e-07
field:cf_49533263f29569,group:openEHR-EHR-COMPOSITION.outpatient_high_complexity_procedures.v1::Procedure_undertaken,reason for discharge,Procedure undertaken,field,canonical_group,23.18492834808635,0.39375,1.913400559751446e-07
group:openEHR-EHR-COMPOSITION.outpatient_high_complexity_procedures.v1::Problem/Diagnosis,group:openEHR-EHR-COMPOSITION.outpatient_high_complexity_procedures.v1::Procedure_undertaken,Problem/Diagnosis,Procedure undertaken,canonical_group,canonical_group,25.002074097547577,0.02,3.5207132490372603e-09
subgroup:openEHR-EHR-COMPOSITION.outpatient_high_complexity_procedures.v1::Problem/Diagnosis::structure,group:openEHR-EHR-COMPOSITION.outpatient_high_complexity_procedures.v1::Procedure_undertaken,structure,Procedure undertaken,canonical_subgroup,canonical_group,29.645387412846315,0.02,1.666197655116261e-10
field:cf_bd9db9ae67063d,group:openEHR-EHR-COMPOSITION.outpatient_high_complexity_procedures.v1::Procedure_undertaken,Problem,Procedure undertaken,field,canonical_group,33.419064666409696,0.425,3.6249692199088117e-10
field:cf_4e7e8ca2916a1e,group:openEHR-EHR-COMPOSITION.outpatient_high_complexity_procedures.v1::Procedure_undertaken,Secondary Diagnosis,Procedure undertaken,field,canonical_group,32.94639968904725,0.425,4.859317923846894e-10
field:cf_0a229c157b8d2a,group:openEHR-EHR-COMPOSITION.outpatient_high_complexity_procedures.v1::Procedure_undertaken,Associated causes,Procedure undertaken,field,canonical_group,33.212650922092,0.425,4.1198729219049737e-10
group:openEHR-EHR-COMPOSITION.outpatient_high_complexity_procedures.v1::Procedure_undertaken,group:openEHR-EHR-COMPOSITION.outpatient_high_complexity_procedures.v1::Procedure_undertaken,Procedure undertaken,Procedure undertaken,canonical_group,canonical_group,0.0,0.02,0.02
subgroup:openEHR-EHR-COMPOSITION.outpatient_high_complexity_procedures.v1::Procedure_undertaken::Procedure_list,group:openEHR-EHR-COMPOSITION.outpatient_high_complexity_procedures.v1::Procedure_undertaken,Procedure list,Procedure undertaken,canonical_subgroup,canonical_group,1.0,0.02,0.008607111001514792
field:cf_0b6364bb149692,group:openEHR-EHR-COMPOSITION.outpatient_high_complexity_procedures.v1::Procedure_undertaken,Procedure,Procedure undertaken,field,canonical_group,4.727375311316106,0.39375,0.01785394634647017
field:cf_af0c9a7d79fe64,group:openEHR-EHR-COMPOSITION.outpatient_high_complexity_procedures.v1::Procedure_undertaken,Invaded regional linphonodes,Procedure undertaken,field,canonical_group,36.235512589323,0.23173076923076924,3.447744432024064e-11
field:cf_e5c01940113606,group:openEHR-EHR-COMPOSITION.outpatient_high_complexity_procedures.v1::Procedure_undertaken,irradiated area 1,Procedure undertaken,field,canonical_group,9.988037745701616,0.1610576923076923,0.0002798952945678201
field:cf_fc5be63ab59287,group:openEHR-EHR-COMPOSITION.outpatient_high_complexity_procedures.v1::Procedure_undertaken,irradiated area 2,Procedure undertaken,field,canonical_group,5.142737977160885,0.31490384615384615,0.011036973531029408
field:cf_821e1930333a5c,group:openEHR-EHR-COMPOSITION.outpatient_high_complexity_procedures.v1::Procedure_undertaken,irradiated area 3,Procedure undertaken,field,canonical_group,13.988037745701616,0.10336538461538461,1.504315516706037e-05
field:cf_c9b3a708f95249,group:openEHR-EHR-COMPOSITION.outpatient_high_complexity_procedures.v1::Procedure_undertaken,fields/insertions 1,Procedure undertaken,field,canonical_group,8.367115286782973,0.1923076923076923,0.0009129868935031343
field:cf_bbec72e0a270f7,group:openEHR-EHR-COMPOSITION.outpatient_high_complexity_procedures.v1::Procedure_undertaken,fields/insertions 2,Procedure undertaken,field,canonical_group,6.781511583285634,0.23557692307692307,0.002989127044031682
family:openEHR-EHR-COMPOSITION.hospitalisation.v1,group:openEHR-EHR-COMPOSITION.outpatient_high_complexity_procedures.v1::Procedure_undertaken,openEHR-EHR-COMPOSITION.hospitalisation.v1,Procedure undertaken,composition_family,canonical_group,22.523546402745378,0.02,1.378388988387227e-08
group:openEHR-EHR-COMPOSITION.hospitalisation.v1::Patient_discharge,group:openEHR-EHR-COMPOSITION.outpatient_high_complexity_procedures.v1::Procedure_undertaken,Patient discharge,Procedure undertaken,canonical_group,canonical_group,30.649530082552907,0.02,1.0616517807031004e-10
subgroup:openEHR-EHR-COMPOSITION.hospitalisation.v1::Patient_discharge::Components,group:openEHR-EHR-COMPOSITION.outpatient_high_complexity_procedures.v1::Procedure_undertaken,Components,Procedure undertaken,canonical_subgroup,canonical_group,31.649530082552907,0.02,4.8093445902460256e-11
field:cf_79ed78f34fef6f,group:openEHR-EHR-COMPOSITION.outpatient_high_complexity_procedures.v1::Procedure_undertaken,date of discharge,Procedure undertaken,field,canonical_group,34.09354918563586,0.8854166666666666,4.97106732399337e-10
field:cf_be52992cb12705,group:openEHR-EHR-COMPOSITION.outpatient_high_complexity_procedures.v1::Procedure_undertaken,hospital infection,Procedure undertaken,field,canonical_group,40.132862480880135,0.13541666666666666,1.7980965160467772e-12
field:cf_1285e1e2c004f2,group:openEHR-EHR-COMPOSITION.outpatient_high_complexity_procedures.v1::Procedure_undertaken,claim reason,Procedure undertaken,field,canonical_group,34.91253494613069,0.39375,1.3304553406061049e-10
field:cf_80f721f9446bd3,group:openEHR-EHR-COMPOSITION.outpatient_high_complexity_procedures.v1::Procedure_undertaken,death indicator,Procedure undertaken,field,canonical_group,36.35333492182502,0.39375,5.445613123428887e-11
group:openEHR-EHR-COMPOSITION.hospitalisation.v1::Authorization_for_hospital_admission,group:openEHR-EHR-COMPOSITION.outpatient_high_complexity_procedures.v1::Procedure_undertaken,Authorization for hospital admission,Procedure undertaken,canonical_group,canonical_group,27.04514780668758,0.02,9.919901481811473e-10
subgroup:openEHR-EHR-COMPOSITION.hospitalisation.v1::Authorization_for_hospital_admission::Components,group:openEHR-EHR-COMPOSITION.outpatient_high_complexity_procedures.v1::Procedure_undertaken,Components,Procedure undertaken,canonical_subgroup,canonical_group,28.04514780668758,0.02,4.493773325160123e-10
field:cf_ba8421601b1980,group:openEHR-EHR-COMPOSITION.outpatient_high_complexity_procedures.v1::Procedure_undertaken,Issue date,Procedure undertaken,field,canonical_group,29.73302458450347,0.9270833333333334,7.7722511314103e-09
field:cf_ba09c313b94cba,group:openEHR-EHR-COMPOSITION.outpatient_high_complexity_procedures.v1::Procedure_undertaken,ICU - Total,Procedure undertaken,field,canonical_group,30.49889654810482,0.39375,2.053184410270384e-09
group:openEHR-EHR-COMPOSITION.hospitalisation.v1::Patient_admission,group:openEHR-EHR-COMPOSITION.outpatient_high_complexity_procedures.v1::Procedure_undertaken,Patient admission,Procedure undertaken,canonical_group,canonical_group,29.377759724089106,0.02,2.3357279564600913e-10
subgroup:openEHR-EHR-COMPOSITION.hospitalisation.v1::Patient_admission::Tree,group:openEHR-EHR-COMPOSITION.outpatient_high_complexity_procedures.v1::Procedure_undertaken,Tree,Procedure undertaken,canonical_subgroup,canonical_group,33.07424439518148,0.02,1.9882163716691214e-11
field:cf_3db72fcc22b158,group:openEHR-EHR-COMPOSITION.outpatient_high_complexity_procedures.v1::Procedure_undertaken,Patient class,Procedure undertaken,field,canonical_group,41.62117983010394,0.13541666666666666,7.146029950041082e-13
subgroup:openEHR-EHR-COMPOSITION.hospitalisation.v1::Patient_admission::Tree_/_Assigned_patient_location_/_Facility,group:openEHR-EHR-COMPOSITION.outpatient_high_complexity_procedures.v1::Procedure_undertaken,Tree / Assigned patient location / Facility,Procedure undertaken,canonical_subgroup,canonical_group,31.693832019090497,0.02,4.6790430585644284e-11
field:cf_9449e602105d68,group:openEHR-EHR-COMPOSITION.outpatient_high_complexity_procedures.v1::Procedure_undertaken,Universal ID,Procedure undertaken,field,canonical_group,32.69383201909049,0.7395833333333334,9.889640886234378e-10
subgroup:openEHR-EHR-COMPOSITION.hospitalisation.v1::Patient_admission::Tree_/_Assigned_patient_location_/_Address,group:openEHR-EHR-COMPOSITION.outpatient_high_complexity_procedures.v1::Procedure_undertaken,Tree / Assigned patient location / Address,Procedure undertaken,canonical_subgroup,canonical_group,32.736764212057885,0.02,2.4509498779798543e-11
field:cf_1d8359b2d21168,group:openEHR-EHR-COMPOSITION.outpatient_high_complexity_procedures.v1::Procedure_undertaken,State/province,Procedure undertaken,field,canonical_group,33.736764212057885,0.4875,3.414643859342077e-10
field:cf_10f7d6c8e1d5c5,group:openEHR-EHR-COMPOSITION.outpatient_high_complexity_procedures.v1::Procedure_undertaken,Admission type,Procedure undertaken,field,canonical_group,37.84165227104882,0.39375,2.1642060995655343e-11
field:cf_2a67f6f1c22886,group:openEHR-EHR-COMPOSITION.outpatient_high_complexity_procedures.v1::Procedure_undertaken,Hospital service,Procedure undertaken,field,canonical_group,36.0002808744551,0.59375,1.0221016356621534e-10
field:cf_22f759c45e42f4,group:openEHR-EHR-COMPOSITION.outpatient_high_complexity_procedures.v1::Procedure_undertaken,Admit date/time,Procedure undertaken,field,canonical_group,35.65493729331769,0.9583333333333334,2.0435965375159546e-10
group:openEHR-EHR-COMPOSITION.hospitalisation.v1::Problem/Diagnosis,group:openEHR-EHR-COMPOSITION.outpatient_high_complexity_procedures.v1::Procedure_undertaken,Problem/Diagnosis,Procedure undertaken,canonical_group,canonical_group,25.765384474744415,0.02,2.19330856222988e-09
subgroup:openEHR-EHR-COMPOSITION.hospitalisation.v1::Problem/Diagnosis::structure,group:openEHR-EHR-COMPOSITION.outpatient_high_complexity_procedures.v1::Procedure_undertaken,structure,Procedure undertaken,canonical_subgroup,canonical_group,26.765384474744415,0.02,9.935815924044935e-10
field:cf_2db2fd852fb674,group:openEHR-EHR-COMPOSITION.outpatient_high_complexity_procedures.v1::Procedure_undertaken,Problem,Procedure undertaken,field,canonical_group,28.804573601013356,0.9583333333333334,1.4287023252376276e-08
field:cf_49398dcbba5447,group:openEHR-EHR-COMPOSITION.outpatient_high_complexity_procedures.v1::Procedure_undertaken,Secondary Diagnosis,Procedure undertaken,field,canonical_group,28.72767321961452,1.0815217391304348,1.691090328010513e-08
group:openEHR-EHR-COMPOSITION.hospitalisation.v1::Procedure_undertaken,group:openEHR-EHR-COMPOSITION.outpatient_high_complexity_procedures.v1::Procedure_undertaken,Procedure undertaken,Procedure undertaken,canonical_group,canonical_group,27.48842608856653,0.02,7.536142566940218e-10
subgroup:openEHR-EHR-COMPOSITION.hospitalisation.v1::Procedure_undertaken::Procedure_list,group:openEHR-EHR-COMPOSITION.outpatient_high_complexity_procedures.v1::Procedure_undertaken,Procedure list,Procedure undertaken,canonical_subgroup,canonical_group,28.48842608856653,0.02,3.4139166103628954e-10
field:cf_18704e514938d4,group:openEHR-EHR-COMPOSITION.outpatient_high_complexity_procedures.v1::Procedure_undertaken,Procedure,Procedure undertaken,field,canonical_group,29.48842608856653,0.6770833333333334,6.605890896182464e-09
family:openEHR-EHR-COMPOSITION.demographic_data.v1,group:openEHR-EHR-COMPOSITION.outpatient_high_complexity_procedures.v1::Procedure_undertaken,openEHR-EHR-COMPOSITION.demographic_data.v1,Procedure undertaken,composition_family,canonical_group,22.698501386934282,0.02,1.2366960246897423e-08
group:openEHR-EHR-COMPOSITION.demographic_data.v1::Demographic_data,group:openEHR-EHR-COMPOSITION.outpatient_high_complexity_procedures.v1::Procedure_undertaken,Demographic data,Procedure undertaken,canonical_group,canonical_group,23.698501386934282,0.02,7.900125751292861e-09
subgroup:openEHR-EHR-COMPOSITION.demographic_data.v1::Demographic_data::components,group:openEHR-EHR-COMPOSITION.outpatient_high_complexity_procedures.v1::Procedure_undertaken,components,Procedure undertaken,canonical_subgroup,canonical_group,24.698501386934282,0.02,3.578803119331739e-09
field:cf_7f3b6795a0e812,group:openEHR-EHR-COMPOSITION.outpatient_high_complexity_procedures.v1::Procedure_undertaken,birth date,Procedure undertaken,field,canonical_group,27.683210150973746,1.09375,3.268017982359342e-08
field:cf_e7551706658b4a,group:openEHR-EHR-COMPOSITION.outpatient_high_complexity_procedures.v1::Procedure_undertaken,gender,Procedure undertaken,field,canonical_group,28.822360190935765,0.39375,5.805725003138101e-09
field:cf_19e1b0f55ef007,group:openEHR-EHR-COMPOSITION.outpatient_high_complexity_procedures.v1::Procedure_undertaken,race,Procedure undertaken,field,canonical_group,35.48181688027118,0.1846590909090909,4.383934995934653e-11
field:cf_4122372d727029,group:openEHR-EHR-COMPOSITION.outpatient_high_complexity_procedures.v1::Procedure_undertaken,ethnic group,Procedure undertaken,field,canonical_group,39.48181688027118,0.1846590909090909,3.671248573460781e-12
field:cf_7ab0248b87b82e,group:openEHR-EHR-COMPOSITION.outpatient_high_complexity_procedures.v1::Procedure_undertaken,educational level,Procedure undertaken,field,canonical_group,30.69017405956446,0.39375,1.8235768993636585e-09
field:cf_eee397355aecbe,group:openEHR-EHR-COMPOSITION.outpatient_high_complexity_procedures.v1::Procedure_undertaken,nationality,Procedure undertaken,field,canonical_group,32.024056565929335,0.39375,7.975527899096165e-10
schema:root,subgroup:openEHR-EHR-COMPOSITION.outpatient_high_complexity_procedures.v1::Procedure_undertaken::Procedure_list,EHR Schema,Procedure list,root,canonical_subgroup,21.12186305077616,0.02,3.286946754471795e-08
family:openEHR-EHR-COMPOSITION.outpatient_high_complexity_procedures.v1,subgroup:openEHR-EHR-COMPOSITION.outpatient_high_complexity_procedures.v1::Procedure_undertaken::Procedure_list,openEHR-EHR-COMPOSITION.outpatient_high_complexity_procedures.v1,Procedure list,composition_family,canonical_subgroup,16.007369791481395,0.02,7.833111582760167e-07
group:openEHR-EHR-COMPOSITION.outpatient_high_complexity_procedures.v1::HCPA,subgroup:openEHR-EHR-COMPOSITION.outpatient_high_complexity_procedures.v1::Procedure_undertaken::Procedure_list,HCPA,Procedure list,canonical_group,canonical_subgroup,28.80595702282659,0.02,2.8038431202334125e-10
subgroup:openEHR-EHR-COMPOSITION.outpatient_high_complexity_procedures.v1::HCPA::components_/_General_data,subgroup:openEHR-EHR-COMPOSITION.outpatient_high_complexity_procedures.v1::Procedure_undertaken::Procedure_list,components / General data,Procedure list,canonical_subgroup,canonical_subgroup,32.55823782795458,0.02,3.251161346144007e-11
field:cf_5cd62eaa6e16a8,subgroup:openEHR-EHR-COMPOSITION.outpatient_high_complexity_procedures.v1::Procedure_undertaken::Procedure_list,issue date,Procedure list,field,canonical_subgroup,37.450837460735464,0.5096153846153846,3.569047959414525e-11
field:cf_775d9002cb4e7b,subgroup:openEHR-EHR-COMPOSITION.outpatient_high_complexity_procedures.v1::Procedure_undertaken::Procedure_list,reason for encounter,Procedure list,field,canonical_subgroup,37.35481467903866,0.425,3.159032729163077e-11
field:cf_b87e8363f020f7,subgroup:openEHR-EHR-COMPOSITION.outpatient_high_complexity_procedures.v1::Procedure_undertaken::Procedure_list,healthcare unit,Procedure list,field,canonical_subgroup,37.70868416427403,0.425,2.536707046468977e-11
field:cf_8b431261fa7dca,subgroup:openEHR-EHR-COMPOSITION.outpatient_high_complexity_procedures.v1::Procedure_undertaken::Procedure_list,State,Procedure list,field,canonical_subgroup,38.644438468192625,0.425,1.4200600125788028e-11
field:cf_16800b2d3f5ef6,subgroup:openEHR-EHR-COMPOSITION.outpatient_high_complexity_procedures.v1::Procedure_undertaken::Procedure_list,patient age,Procedure list,field,canonical_subgroup,36.93147395040404,0.49038461538461536,4.7390560853719505e-11
group:openEHR-EHR-COMPOSITION.outpatient_high_complexity_procedures.v1::Patient_discharge,subgroup:openEHR-EHR-COMPOSITION.outpatient_high_complexity_procedures.v1::Procedure_undertaken::Procedure_list,Patient discharge,Procedure list,canonical_group,canonical_subgroup,21.146916020416857,0.02,3.2362856069327784e-08
subgroup:openEHR-EHR-COMPOSITION.outpatient_high_complexity_procedures.v1::Patient_discharge::Components,subgroup:openEHR-EHR-COMPOSITION.outpatient_high_complexity_procedures.v1::Procedure_undertaken::Procedure_list,Components,Procedure list,canonical_subgroup,canonical_subgroup,22.146916020416857,0.02,2.0673684358516683e-08
field:cf_469c691048a0ce,subgroup:openEHR-EHR-COMPOSITION.outpatient_high_complexity_procedures.v1::Procedure_undertaken::Procedure_list,date of discharge,Procedure list,field,canonical_subgroup,24.11029571576707,0.4168269230769231,1.1412329142950823e-07
field:cf_49533263f29569,subgroup:openEHR-EHR-COMPOSITION.outpatient_high_complexity_procedures.v1::Procedure_undertaken::Procedure_list,reason for discharge,Procedure list,field,canonical_subgroup,24.18492834808635,0.39375,1.0293031880088277e-07
group:openEHR-EHR-COMPOSITION.outpatient_high_complexity_procedures.v1::Problem/Diagnosis,subgroup:openEHR-EHR-COMPOSITION.outpatient_high_complexity_procedures.v1::Procedure_undertaken::Procedure_list,Problem/Diagnosis,Procedure list,canonical_group,canonical_subgroup,26.002074097547577,0.02,1.5949036704719718e-09
subgroup:openEHR-EHR-COMPOSITION.outpatient_high_complexity_procedures.v1::Problem/Diagnosis::structure,subgroup:openEHR-EHR-COMPOSITION.outpatient_high_complexity_procedures.v1::Procedure_undertaken::Procedure_list,structure,Procedure list,canonical_subgroup,canonical_subgroup,30.645387412846315,0.02,1.0643820905974094e-10
field:cf_bd9db9ae67063d,subgroup:openEHR-EHR-COMPOSITION.outpatient_high_complexity_procedures.v1::Procedure_undertaken::Procedure_list,Problem,Procedure list,field,canonical_subgroup,34.419064666409696,0.425,1.9500320283018493e-10
field:cf_4e7e8ca2916a1e,subgroup:openEHR-EHR-COMPOSITION.outpatient_high_complexity_procedures.v1::Procedure_undertaken::Procedure_list,Secondary Diagnosis,Procedure list,field,canonical_subgroup,33.94639968904725,0.425,2.614043047637546e-10
field:cf_0a229c157b8d2a,subgroup:openEHR-EHR-COMPOSITION.outpatient_high_complexity_procedures.v1::Procedure_undertaken::Procedure_list,Associated causes,Procedure list,field,canonical_subgroup,34.212650922092,0.425,2.2162627219356968e-10
group:openEHR-EHR-COMPOSITION.outpatient_high_complexity_procedures.v1::Procedure_undertaken,subgroup:openEHR-EHR-COMPOSITION.outpatient_high_complexity_procedures.v1::Procedure_undertaken::Procedure_list,Procedure undertaken,Procedure list,canonical_group,canonical_subgroup,1.0,0.02,0.008607111001514792
subgroup:openEHR-EHR-COMPOSITION.outpatient_high_complexity_procedures.v1::Procedure_undertaken::Procedure_list,subgroup:openEHR-EHR-COMPOSITION.outpatient_high_complexity_procedures.v1::Procedure_undertaken::Procedure_list,Procedure list,Procedure list,canonical_subgroup,canonical_subgroup,0.0,0.02,0.02
field:cf_0b6364bb149692,subgroup:openEHR-EHR-COMPOSITION.outpatient_high_complexity_procedures.v1::Procedure_undertaken::Procedure_list,Procedure,Procedure list,field,canonical_subgroup,3.7273753113161057,0.39375,0.03318920152107345
field:cf_af0c9a7d79fe64,subgroup:openEHR-EHR-COMPOSITION.outpatient_high_complexity_procedures.v1::Procedure_undertaken::Procedure_list,Invaded regional linphonodes,Procedure list,field,canonical_subgroup,37.235512589323,0.23173076923076924,1.854694939455354e-11
field:cf_e5c01940113606,subgroup:openEHR-EHR-COMPOSITION.outpatient_high_complexity_procedures.v1::Procedure_undertaken::Procedure_list,irradiated area 1,Procedure list,field,canonical_subgroup,8.988037745701616,0.1610576923076923,0.0005203052118529625
field:cf_fc5be63ab59287,subgroup:openEHR-EHR-COMPOSITION.outpatient_high_complexity_procedures.v1::Procedure_undertaken::Procedure_list,irradiated area 2,Procedure list,field,canonical_subgroup,4.142737977160885,0.31490384615384615,0.020516939593946404
field:cf_821e1930333a5c,subgroup:openEHR-EHR-COMPOSITION.outpatient_high_complexity_procedures.v1::Procedure_undertaken::Procedure_list,irradiated area 3,Procedure list,field,canonical_subgroup,12.988037745701616,0.10336538461538461,2.7964142977894195e-05
field:cf_c9b3a708f95249,subgroup:openEHR-EHR-COMPOSITION.outpatient_high_complexity_procedures.v1::Procedure_undertaken::Procedure_list,fields/insertions 1,Procedure list,field,canonical_subgroup,7.3671152867829734,0.1923076923076923,0.001697176938171155
field:cf_bbec72e0a270f7,subgroup:openEHR-EHR-COMPOSITION.outpatient_high_complexity_procedures.v1::Procedure_undertaken::Procedure_list,fields/insertions 2,Procedure list,field,canonical_subgroup,5.781511583285634,0.23557692307692307,0.0055565720827917605
family:openEHR-EHR-COMPOSITION.hospitalisation.v1,subgroup:openEHR-EHR-COMPOSITION.outpatient_high_complexity_procedures.v1::Procedure_undertaken::Procedure_list,openEHR-EHR-COMPOSITION.hospitalisation.v1,Procedure list,composition_family,canonical_subgroup,23.523546402745378,0.02,7.414966891446585e-09
group:openEHR-EHR-COMPOSITION.hospitalisation.v1::Patient_discharge,subgroup:openEHR-EHR-COMPOSITION.outpatient_high_complexity_procedures.v1::Procedure_undertaken::Procedure_list,Patient discharge,Procedure list,canonical_group,canonical_subgroup,31.649530082552907,0.02,4.8093445902460256e-11
subgroup:openEHR-EHR-COMPOSITION.hospitalisation.v1::Patient_discharge::Components,subgroup:openEHR-EHR-COMPOSITION.outpatient_high_complexity_procedures.v1::Procedure_undertaken::Procedure_list,Components,Procedure list,canonical_subgroup,canonical_subgroup,32.64953008255291,0.02,3.0722527028236763e-11
field:cf_79ed78f34fef6f,subgroup:openEHR-EHR-COMPOSITION.outpatient_high_complexity_procedures.v1::Procedure_undertaken::Procedure_list,date of discharge,Procedure list,field,canonical_subgroup,35.09354918563586,0.8854166666666666,2.674158015850875e-10
field:cf_be52992cb12705,subgroup:openEHR-EHR-COMPOSITION.outpatient_high_complexity_procedures.v1::Procedure_undertaken::Procedure_list,hospital infection,Procedure list,field,canonical_subgroup,41.132862480880135,0.13541666666666666,9.672760190657263e-13
field:cf_1285e1e2c004f2,subgroup:openEHR-EHR-COMPOSITION.outpatient_high_complexity_procedures.v1::Procedure_undertaken::Procedure_list,claim reason,Procedure list,field,canonical_subgroup,35.91253494613069,0.39375,7.157110499471816e-11
field:cf_80f721f9446bd3,subgroup:openEHR-EHR-COMPOSITION.outpatient_high_complexity_procedures.v1::Procedure_undertaken::Procedure_list,death indicator,Procedure list,field,canonical_subgroup,37.35333492182502,0.39375,2.929437289041128e-11
group:openEHR-EHR-COMPOSITION.hospitalisation.v1::Authorization_for_hospital_admission,subgroup:openEHR-EHR-COMPOSITION.outpatient_high_complexity_procedures.v1::Procedure_undertaken::Procedure_list,Authorization for hospital admission,Procedure list,canonical_group,canonical_subgroup,28.04514780668758,0.02,4.493773325160123e-10
subgroup:openEHR-EHR-COMPOSITION.hospitalisation.v1::Authorization_for_hospital_admission::Components,subgroup:openEHR-EHR-COMPOSITION.outpatient_high_complexity_procedures.v1::Procedure_undertaken::Procedure_list,Components,Procedure list,canonical_subgroup,canonical_subgroup,29.04514780668758,0.02,2.870662932346437e-10
field:cf_ba8421601b1980,subgroup:openEHR-EHR-COMPOSITION.outpatient_high_complexity_procedures.v1::Procedure_undertaken::Procedure_list,Issue date,Procedure list,field,canonical_subgroup,30.73302458450347,0.9270833333333334,4.181039263731098e-09
field:cf_ba09c313b94cba,subgroup:openEHR-EHR-COMPOSITION.outpatient_high_complexity_procedures.v1::Procedure_undertaken::Procedure_list,ICU - Total,Procedure list,field,canonical_subgroup,31.49889654810482,0.39375,1.1044991328610539e-09
group:openEHR-EHR-COMPOSITION.hospitalisation.v1::Patient_admission,subgroup:openEHR-EHR-COMPOSITION.outpatient_high_complexity_procedures.v1::Procedure_undertaken::Procedure_list,Patient admission,Procedure list,canonical_group,canonical_subgroup,30.377759724089106,0.02,1.0580984100312259e-10
subgroup:openEHR-EHR-COMPOSITION.hospitalisation.v1::Patient_admission::Tree,subgroup:openEHR-EHR-COMPOSITION.outpatient_high_complexity_procedures.v1::Procedure_undertaken::Procedure_list,Tree,Procedure list,canonical_subgroup,canonical_subgroup,34.07424439518148,0.02,1.2700905512254564e-11
field:cf_3db72fcc22b158,subgroup:openEHR-EHR-COMPOSITION.outpatient_high_complexity_procedures.v1::Procedure_undertaken::Procedure_list,Patient class,Procedure list,field,canonical_subgroup,42.62117983010394,0.13541666666666666,3.8441670625095457e-13
subgroup:openEHR-EHR-COMPOSITION.hospitalisation.v1::Patient_admission::Tree_/_Assigned_patient_location_/_Facility,subgroup:openEHR-EHR-COMPOSITION.outpatient_high_complexity_procedures.v1::Procedure_undertaken::Procedure_list,Tree / Assigned patient location / Facility,Procedure list,canonical_subgroup,canonical_subgroup,32.69383201909049,0.02,2.9890149091120964e-11
field:cf_9449e602105d68,subgroup:openEHR-EHR-COMPOSITION.outpatient_high_complexity_procedures.v1::Procedure_undertaken::Procedure_list,Universal ID,Procedure list,field,canonical_subgroup,33.69383201909049,0.7395833333333334,5.320077304558645e-10
subgroup:openEHR-EHR-COMPOSITION.hospitalisation.v1::Patient_admission::Tree_/_Assigned_patient_location_/_Address,subgroup:openEHR-EHR-COMPOSITION.outpatient_high_complexity_procedures.v1::Procedure_undertaken::Procedure_list,Tree / Assigned patient location / Address,Procedure list,canonical_subgroup,canonical_subgroup,33.736764212057885,0.02,1.5656888887481017e-11
field:cf_1d8359b2d21168,subgroup:openEHR-EHR-COMPOSITION.outpatient_high_complexity_procedures.v1::Procedure_undertaken::Procedure_list,State/province,Procedure list,field,canonical_subgroup,34.736764212057885,0.4875,1.8368886704998806e-10
field:cf_10f7d6c8e1d5c5,subgroup:openEHR-EHR-COMPOSITION.outpatient_high_complexity_procedures.v1::Procedure_undertaken::Procedure_list,Admission type,Procedure list,field,canonical_subgroup,38.84165227104882,0.39375,1.1642226330697444e-11
field:cf_2a67f6f1c22886,subgroup:openEHR-EHR-COMPOSITION.outpatient_high_complexity_procedures.v1::Procedure_undertaken::Procedure_list,Hospital service,Procedure list,field,canonical_subgroup,37.0002808744551,0.59375,5.4983388956087345e-11
field:cf_22f759c45e42f4,subgroup:openEHR-EHR-COMPOSITION.outpatient_high_complexity_procedures.v1::Procedure_undertaken::Procedure_list,Admit date/time,Procedure list,field,canonical_subgroup,36.65493729331769,0.9583333333333334,1.0993413900444434e-10
group:openEHR-EHR-COMPOSITION.hospitalisation.v1::Problem/Diagnosis,subgroup:openEHR-EHR-COMPOSITION.outpatient_high_complexity_procedures.v1::Procedure_undertaken::Procedure_list,Problem/Diagnosis,Procedure list,canonical_group,canonical_subgroup,26.765384474744415,0.02,9.935815924044935e-10
subgroup:openEHR-EHR-COMPOSITION.hospitalisation.v1::Problem/Diagnosis::structure,subgroup:openEHR-EHR-COMPOSITION.outpatient_high_complexity_procedures.v1::Procedure_undertaken::Procedure_list,structure,Procedure list,canonical_subgroup,canonical_subgroup,27.765384474744415,0.02,6.347088829799183e-10
field:cf_2db2fd852fb674,subgroup:openEHR-EHR-COMPOSITION.outpatient_high_complexity_procedures.v1::Procedure_undertaken::Procedure_list,Problem,Procedure list,field,canonical_subgroup,29.804573601013356,0.9583333333333334,7.685624688401584e-09
field:cf_49398dcbba5447,subgroup:openEHR-EHR-COMPOSITION.outpatient_high_complexity_procedures.v1::Procedure_undertaken::Procedure_list,Secondary Diagnosis,Procedure list,field,canonical_subgroup,29.72767321961452,1.0815217391304348,9.097126354234083e-09
group:openEHR-EHR-COMPOSITION.hospitalisation.v1::Procedure_undertaken,subgroup:openEHR-EHR-COMPOSITION.outpatient_high_complexity_procedures.v1::Procedure_undertaken::Procedure_list,Procedure undertaken,Procedure list,canonical_group,canonical_subgroup,28.48842608856653,0.02,3.4139166103628954e-10
subgroup:openEHR-EHR-COMPOSITION.hospitalisation.v1::Procedure_undertaken::Procedure_list,subgroup:openEHR-EHR-COMPOSITION.outpatient_high_complexity_procedures.v1::Procedure_undertaken::Procedure_list,Procedure list,Procedure list,canonical_subgroup,canonical_subgroup,29.48842608856653,0.02,2.180840723011188e-10
field:cf_18704e514938d4,subgroup:openEHR-EHR-COMPOSITION.outpatient_high_complexity_procedures.v1::Procedure_undertaken::Procedure_list,Procedure,Procedure list,field,canonical_subgroup,30.48842608856653,0.6770833333333334,3.553602262958652e-09
family:openEHR-EHR-COMPOSITION.demographic_data.v1,subgroup:openEHR-EHR-COMPOSITION.outpatient_high_complexity_procedures.v1::Procedure_undertaken::Procedure_list,openEHR-EHR-COMPOSITION.demographic_data.v1,Procedure list,composition_family,canonical_subgroup,23.698501386934282,0.02,6.652737474772937e-09
group:openEHR-EHR-COMPOSITION.demographic_data.v1::Demographic_data,subgroup:openEHR-EHR-COMPOSITION.outpatient_high_complexity_procedures.v1::Procedure_undertaken::Procedure_list,Demographic data,Procedure list,canonical_group,canonical_subgroup,24.698501386934282,0.02,3.578803119331739e-09
subgroup:openEHR-EHR-COMPOSITION.demographic_data.v1::Demographic_data::components,subgroup:openEHR-EHR-COMPOSITION.outpatient_high_complexity_procedures.v1::Procedure_undertaken::Procedure_list,components,Procedure list,canonical_subgroup,canonical_subgroup,25.698501386934282,0.02,2.286171712158039e-09
field:cf_7f3b6795a0e812,subgroup:openEHR-EHR-COMPOSITION.outpatient_high_complexity_procedures.v1::Procedure_undertaken::Procedure_list,birth date,Procedure list,field,canonical_subgroup,28.683210150973746,1.09375,1.7580120955695778e-08
field:cf_e7551706658b4a,subgroup:openEHR-EHR-COMPOSITION.outpatient_high_complexity_procedures.v1::Procedure_undertaken::Procedure_list,gender,Procedure list,field,canonical_subgroup,29.822360190935765,0.39375,3.123157471642462e-09
field:cf_19e1b0f55ef007,subgroup:openEHR-EHR-COMPOSITION.outpatient_high_complexity_procedures.v1::Procedure_undertaken::Procedure_list,race,Procedure list,field,canonical_subgroup,36.48181688027118,0.1846590909090909,2.3583134458396765e-11
field:cf_4122372d727029,subgroup:openEHR-EHR-COMPOSITION.outpatient_high_complexity_procedures.v1::Procedure_undertaken::Procedure_list,ethnic group,Procedure list,field,canonical_subgroup,40.48181688027118,0.1846590909090909,1.974927749120609e-12
field:cf_7ab0248b87b82e,subgroup:openEHR-EHR-COMPOSITION.outpatient_high_complexity_procedures.v1::Procedure_undertaken::Procedure_list,educational level,Procedure list,field,canonical_subgroup,31.69017405956446,0.39375,9.809830495388261e-10
field:cf_eee397355aecbe,subgroup:openEHR-EHR-COMPOSITION.outpatient_high_complexity_procedures.v1::Procedure_undertaken::Procedure_list,nationality,Procedure list,field,canonical_subgroup,33.024056565929335,0.39375,4.290390870199933e-10
schema:root,field:cf_0b6364bb149692,EHR Schema,Procedure,root,field,24.849238362092265,0.02,3.4632107372445316e-09
family:openEHR-EHR-COMPOSITION.outpatient_high_complexity_procedures.v1,field:cf_0b6364bb149692,openEHR-EHR-COMPOSITION.outpatient_high_complexity_procedures.v1,Procedure,composition_family,field,19.7347451027975,0.02,8.253165678008946e-08
group:openEHR-EHR-COMPOSITION.outpatient_high_complexity_procedures.v1::HCPA,field:cf_0b6364bb149692,HCPA,Procedure,canonical_group,field,32.53333233414269,0.02,2.95420045558421e-11
subgroup:openEHR-EHR-COMPOSITION.outpatient_high_complexity_procedures.v1::HCPA::components_/_General_data,field:cf_0b6364bb149692,components / General data,Procedure,canonical_subgroup,field,36.28561313927068,0.02,2.8846369014455627e-12
field:cf_5cd62eaa6e16a8,field:cf_0b6364bb149692,issue date,Procedure,field,field,41.178212772051566,0.5096153846153846,3.955618278340088e-12
field:cf_775d9002cb4e7b,field:cf_0b6364bb149692,reason for encounter,Procedure,field,field,41.08218999035476,0.425,3.501193524841819e-12
field:cf_b87e8363f020f7,field:cf_0b6364bb149692,healthcare unit,Procedure,field,field,41.436059475590135,0.425,2.8114625731879563e-12
field:cf_8b431261fa7dca,field:cf_0b6364bb149692,State,Procedure,field,field,42.37181377950873,0.425,1.5738693920543533e-12
field:cf_16800b2d3f5ef6,field:cf_0b6364bb149692,patient age,Procedure,field,field,40.65884926172014,0.49038461538461536,5.252352192109863e-12
group:openEHR-EHR-COMPOSITION.outpatient_high_complexity_procedures.v1::Patient_discharge,field:cf_0b6364bb149692,Patient discharge,Procedure,canonical_group,field,24.874291331732962,0.02,3.4098328631187773e-09
subgroup:openEHR-EHR-COMPOSITION.outpatient_high_complexity_procedures.v1::Patient_discharge::Components,field:cf_0b6364bb149692,Components,Procedure,canonical_subgroup,field,25.874291331732962,0.02,1.8343006218422677e-09
field:cf_469c691048a0ce,field:cf_0b6364bb149692,date of discharge,Procedure,field,field,27.837671027083175,0.4168269230769231,1.2648420046362957e-08
field:cf_49533263f29569,field:cf_0b6364bb149692,reason for discharge,Procedure,field,field,27.912303659402454,0.39375,1.1407889584956245e-08
group:openEHR-EHR-COMPOSITION.outpatient_high_complexity_procedures.v1::Problem/Diagnosis,field:cf_0b6364bb149692,Problem/Diagnosis,Procedure,canonical_group,field,29.72944940886368,0.02,1.6804310897140982e-10
subgroup:openEHR-EHR-COMPOSITION.outpatient_high_complexity_procedures.v1::Problem/Diagnosis::structure,field:cf_0b6364bb149692,structure,Procedure,canonical_subgroup,field,34.37276272416242,0.02,9.443874138749225e-12
field:cf_bd9db9ae67063d,field:cf_0b6364bb149692,Problem,Procedure,field,field,38.146439977725805,0.425,2.161243676805262e-11
field:cf_4e7e8ca2916a1e,field:cf_0b6364bb149692,Secondary Diagnosis,Procedure,field,field,37.67377500036336,0.425,2.8971749825684866e-11
field:cf_0a229c157b8d2a,field:cf_0b6364bb149692,Associated causes,Procedure,field,field,37.940026233408105,0.425,2.456310319217652e-11
group:openEHR-EHR-COMPOSITION.outpatient_high_complexity_procedures.v1::Procedure_undertaken,field:cf_0b6364bb149692,Procedure undertaken,Procedure,canonical_group,field,4.727375311316106,0.02,0.0009068671160111833
subgroup:openEHR-EHR-COMPOSITION.outpatient_high_complexity_procedures.v1::Procedure_undertaken::Procedure_list,field:cf_0b6364bb149692,Procedure list,Procedure,canonical_subgroup,field,3.7273753113161057,0.02,0.0016858007121815087
field:cf_0b6364bb149692,field:cf_0b6364bb149692,Procedure,Procedure,field,field,0.0,0.39375,0.39375
field:cf_af0c9a7d79fe64,field:cf_0b6364bb149692,Invaded regional linphonodes,Procedure,field,field,40.9628879006391,0.23173076923076924,2.055580447974137e-12
field:cf_e5c01940113606,field:cf_0b6364bb149692,irradiated area 1,Procedure,field,field,12.715413057017722,0.1610576923076923,5.766604511133578e-05
field:cf_fc5be63ab59287,field:cf_0b6364bb149692,irradiated area 2,Procedure,field,field,2.822252374491181,0.31490384615384615,0.051996560665708375
field:cf_821e1930333a5c,field:cf_0b6364bb149692,irradiated area 3,Procedure,field,field,16.71541305701772,0.10336538461538461,3.099299206940877e-06
field:cf_c9b3a708f95249,field:cf_0b6364bb149692,fields/insertions 1,Procedure,field,field,10.455440147416946,0.1923076923076923,0.0002795512800954185
field:cf_bbec72e0a270f7,field:cf_0b6364bb149692,fields/insertions 2,Procedure,field,field,6.455440147416946,0.23557692307692307,0.004089289798610295
family:openEHR-EHR-COMPOSITION.hospitalisation.v1,field:cf_0b6364bb149692,openEHR-EHR-COMPOSITION.hospitalisation.v1,Procedure,composition_family,field,27.250921714061484,0.02,7.812597791501849e-10
group:openEHR-EHR-COMPOSITION.hospitalisation.v1::Patient_discharge,field:cf_0b6364bb149692,Patient discharge,Procedure,canonical_group,field,35.376905393869016,0.02,5.0672478346018885e-12
subgroup:openEHR-EHR-COMPOSITION.hospitalisation.v1::Patient_discharge::Components,field:cf_0b6364bb149692,Components,Procedure,canonical_subgroup,field,36.376905393869016,0.02,2.725897786537742e-12
field:cf_79ed78f34fef6f,field:cf_0b6364bb149692,date of discharge,Procedure,field,field,38.82092449695197,0.8854166666666666,2.9638011164200156e-11
field:cf_be52992cb12705,field:cf_0b6364bb149692,hospital infection,Procedure,field,field,44.860237792196244,0.13541666666666666,1.0720435098451477e-13
field:cf_1285e1e2c004f2,field:cf_0b6364bb149692,claim reason,Procedure,field,field,39.6399102574468,0.39375,7.93231064243097e-12
field:cf_80f721f9446bd3,field:cf_0b6364bb149692,death indicator,Procedure,field,field,41.080710233141126,0.39375,3.246730169376307e-12
group:openEHR-EHR-COMPOSITION.hospitalisation.v1::Authorization_for_hospital_admission,field:cf_0b6364bb149692,Authorization for hospital admission,Procedure,canonical_group,field,31.772523118003683,0.02,4.734753919960759e-11
subgroup:openEHR-EHR-COMPOSITION.hospitalisation.v1::Authorization_for_hospital_admission::Components,field:cf_0b6364bb149692,Components,Procedure,canonical_subgroup,field,32.77252311800368,0.02,2.5470345346224684e-11
field:cf_ba8421601b1980,field:cf_0b6364bb149692,Issue date,Procedure,field,field,34.46039989581958,0.9270833333333334,4.633895515594384e-10
field:cf_ba09c313b94cba,field:cf_0b6364bb149692,ICU - Total,Procedure,field,field,35.22627185942092,0.39375,1.2241295180221328e-10
group:openEHR-EHR-COMPOSITION.hospitalisation.v1::Patient_admission,field:cf_0b6364bb149692,Patient admission,Procedure,canonical_group,field,34.10513503540521,0.02,1.1148394082429786e-11
subgroup:openEHR-EHR-COMPOSITION.hospitalisation.v1::Patient_admission::Tree,field:cf_0b6364bb149692,Tree,Procedure,canonical_subgroup,field,37.80161970649758,0.02,1.126905029363623e-12
field:cf_3db72fcc22b158,field:cf_0b6364bb149692,Patient class,Procedure,field,field,46.34855514142004,0.13541666666666666,4.260536050613951e-14
subgroup:openEHR-EHR-COMPOSITION.hospitalisation.v1::Patient_admission::Tree_/_Assigned_patient_location_/_Facility,field:cf_0b6364bb149692,Tree / Assigned patient location / Facility,Procedure,canonical_subgroup,field,36.4212073304066,0.02,2.652043927632786e-12
field:cf_9449e602105d68,field:cf_0b6364bb149692,Universal ID,Procedure,field,field,37.4212073304066,0.7395833333333334,5.896304915876365e-11
subgroup:openEHR-EHR-COMPOSITION.hospitalisation.v1::Patient_admission::Tree_/_Assigned_patient_location_/_Address,field:cf_0b6364bb149692,Tree / Assigned patient location / Address,Procedure,canonical_subgroup,field,37.46413952337399,0.02,1.389178654582226e-12
field:cf_1d8359b2d21168,field:cf_0b6364bb149692,State/province,Procedure,field,field,38.46413952337399,0.4875,2.0358455484294162e-11
field:cf_10f7d6c8e1d5c5,field:cf_0b6364bb149692,Admission type,Procedure,field,field,42.569027582364924,0.39375,1.2903217832307748e-12
field:cf_2a67f6f1c22886,field:cf_0b6364bb149692,Hospital service,Procedure,field,field,40.7276561857712,0.59375,6.0938743562151676e-12
field:cf_22f759c45e42f4,field:cf_0b6364bb149692,Admit date/time,Procedure,field,field,40.38231260463379,0.9583333333333334,1.2184131303488987e-11
group:openEHR-EHR-COMPOSITION.hospitalisation.v1::Problem/Diagnosis,field:cf_0b6364bb149692,Problem/Diagnosis,Procedure,canonical_group,field,30.492759786060518,0.02,1.0468628475537132e-10
subgroup:openEHR-EHR-COMPOSITION.hospitalisation.v1::Problem/Diagnosis::structure,field:cf_0b6364bb149692,structure,Procedure,canonical_subgroup,field,31.492759786060518,0.02,5.6315404576604116e-11
field:cf_2db2fd852fb674,field:cf_0b6364bb149692,Problem,Procedure,field,field,33.531948912329455,0.9583333333333334,8.518069200417912e-10
field:cf_49398dcbba5447,field:cf_0b6364bb149692,Secondary Diagnosis,Procedure,field,field,33.455048530930625,1.0815217391304348,1.0082453275041047e-09
group:openEHR-EHR-COMPOSITION.hospitalisation.v1::Procedure_undertaken,field:cf_0b6364bb149692,Procedure undertaken,Procedure,canonical_group,field,32.215801399882636,0.02,3.596989408173788e-11
subgroup:openEHR-EHR-COMPOSITION.hospitalisation.v1::Procedure_undertaken::Procedure_list,field:cf_0b6364bb149692,Procedure list,Procedure,canonical_subgroup,field,33.215801399882636,0.02,1.9349804442140477e-11
field:cf_18704e514938d4,field:cf_0b6364bb149692,Procedure,Procedure,field,field,34.215801399882636,0.6770833333333334,3.9384996293565755e-10
family:openEHR-EHR-COMPOSITION.demographic_data.v1,field:cf_0b6364bb149692,openEHR-EHR-COMPOSITION.demographic_data.v1,Procedure,composition_family,field,27.425876698250388,0.02,7.009493483080506e-10
group:openEHR-EHR-COMPOSITION.demographic_data.v1::Demographic_data,field:cf_0b6364bb149692,Demographic data,Procedure,canonical_group,field,28.425876698250388,0.02,3.770718029579288e-10
subgroup:openEHR-EHR-COMPOSITION.demographic_data.v1::Demographic_data::components,field:cf_0b6364bb149692,components,Procedure,canonical_subgroup,field,29.425876698250388,0.02,2.0284367897501271e-10
field:cf_7f3b6795a0e812,field:cf_0b6364bb149692,birth date,Procedure,field,field,32.41058546228985,1.09375,1.948425702836097e-09
field:cf_e7551706658b4a,field:cf_0b6364bb149692,gender,Procedure,field,field,33.54973550225187,0.39375,3.4614325504860625e-10
field:cf_19e1b0f55ef007,field:cf_0b6364bb149692,race,Procedure,field,field,40.20919219158729,0.1846590909090909,2.613746825063363e-12
field:cf_4122372d727029,field:cf_0b6364bb149692,ethnic group,Procedure,field,field,44.20919219158729,0.1846590909090909,2.1888359001216706e-13
field:cf_7ab0248b87b82e,field:cf_0b6364bb149692,educational level,Procedure,field,field,35.417549370880565,0.39375,1.087235174652603e-10
field:cf_eee397355aecbe,field:cf_0b6364bb149692,nationality,Procedure,field,field,36.751431877245444,0.39375,4.755091200895535e-11
schema:root,field:cf_af0c9a7d79fe64,EHR Schema,Invaded regional linphonodes,root,field,26.34263605713637,0.02,1.3720274639998398e-09
family:openEHR-EHR-COMPOSITION.outpatient_high_complexity_procedures.v1,field:cf_af0c9a7d79fe64,openEHR-EHR-COMPOSITION.outpatient_high_complexity_procedures.v1,Invaded regional linphonodes,composition_family,field,21.228142797841606,0.02,3.2696739627743864e-08
group:openEHR-EHR-COMPOSITION.outpatient_high_complexity_procedures.v1::HCPA,field:cf_af0c9a7d79fe64,HCPA,Invaded regional linphonodes,canonical_group,field,34.0267300291868,0.02,1.1703717927507014e-11
subgroup:openEHR-EHR-COMPOSITION.outpatient_high_complexity_procedures.v1::HCPA::components_/_General_data,field:cf_af0c9a7d79fe64,components / General data,Invaded regional linphonodes,canonical_subgroup,field,37.77901083431479,0.02,1.1428126535550346e-12
field:cf_5cd62eaa6e16a8,field:cf_af0c9a7d79fe64,issue date,Invaded regional linphonodes,field,field,42.671610467095675,0.5096153846153846,1.5671055926849127e-12
field:cf_775d9002cb4e7b,field:cf_af0c9a7d79fe64,reason for encounter,Invaded regional linphonodes,field,field,42.57558768539887,0.425,1.3870751846546324e-12
field:cf_b87e8363f020f7,field:cf_af0c9a7d79fe64,healthcare unit,Invaded regional linphonodes,field,field,42.929457170634244,0.425,1.1138230264008246e-12
field:cf_8b431261fa7dca,field:cf_af0c9a7d79fe64,State,Invaded regional linphonodes,field,field,43.86521147455284,0.425,6.235231392142779e-13
field:cf_16800b2d3f5ef6,field:cf_af0c9a7d79fe64,patient age,Invaded regional linphonodes,field,field,42.15224695676425,0.49038461538461536,2.0808353880041807e-12
group:openEHR-EHR-COMPOSITION.outpatient_high_complexity_procedures.v1::Patient_discharge,field:cf_af0c9a7d79fe64,Patient discharge,Invaded regional linphonodes,canonical_group,field,26.367689026777068,0.02,1.3508806396143477e-09
subgroup:openEHR-EHR-COMPOSITION.outpatient_high_complexity_procedures.v1::Patient_discharge::Components,field:cf_af0c9a7d79fe64,Components,Invaded regional linphonodes,canonical_subgroup,field,27.367689026777068,0.02,7.266987259348737e-10
field:cf_469c691048a0ce,field:cf_af0c9a7d79fe64,date of discharge,Invaded regional linphonodes,field,field,29.33106872212728,0.4168269230769231,5.010951107648627e-09
field:cf_49533263f29569,field:cf_af0c9a7d79fe64,reason for discharge,Invaded regional linphonodes,field,field,29.40570135444656,0.39375,4.51948755197352e-09
group:openEHR-EHR-COMPOSITION.outpatient_high_complexity_procedures.v1::Problem/Diagnosis,field:cf_af0c9a7d79fe64,Problem/Diagnosis,Invaded regional linphonodes,canonical_group,field,11.233438491775424,0.02,1.6058475169273518e-05
subgroup:openEHR-EHR-COMPOSITION.outpatient_high_complexity_procedures.v1::Problem/Diagnosis::structure,field:cf_af0c9a7d79fe64,structure,Invaded regional linphonodes,canonical_subgroup,field,6.590125176476686,0.02,0.00028574248800210093
field:cf_bd9db9ae67063d,field:cf_af0c9a7d79fe64,Problem,Invaded regional linphonodes,field,field,7.751270347084661,0.425,0.003303585055835643
field:cf_4e7e8ca2916a1e,field:cf_af0c9a7d79fe64,Secondary Diagnosis,Invaded regional linphonodes,field,field,5.398329170614073,0.425,0.014208377973437391
field:cf_0a229c157b8d2a,field:cf_af0c9a7d79fe64,Associated causes,Invaded regional linphonodes,field,field,3.0453879941434847,0.425,0.06110876554531318
group:openEHR-EHR-COMPOSITION.outpatient_high_complexity_procedures.v1::Procedure_undertaken,field:cf_af0c9a7d79fe64,Procedure undertaken,Invaded regional linphonodes,canonical_group,field,36.235512589323,0.02,2.9756466467261628e-12
subgroup:openEHR-EHR-COMPOSITION.outpatient_high_complexity_procedures.v1::Procedure_undertaken::Procedure_list,field:cf_af0c9a7d79fe64,Procedure list,Invaded regional linphonodes,canonical_subgroup,field,37.235512589323,0.02,1.6007325618535832e-12
field:cf_0b6364bb149692,field:cf_af0c9a7d79fe64,Procedure,Invaded regional linphonodes,field,field,40.9628879006391,0.39375,3.492780885665597e-12
field:cf_af0c9a7d79fe64,field:cf_af0c9a7d79fe64,Invaded regional linphonodes,Invaded regional linphonodes,field,field,0.0,0.23173076923076924,0.23173076923076924
field:cf_e5c01940113606,field:cf_af0c9a7d79fe64,irradiated area 1,Invaded regional linphonodes,field,field,46.22355033502462,0.1610576923076923,5.475612595013189e-14
field:cf_fc5be63ab59287,field:cf_af0c9a7d79fe64,irradiated area 2,Invaded regional linphonodes,field,field,41.378250566483885,0.31490384615384615,2.1591713919538017e-12
field:cf_821e1930333a5c,field:cf_af0c9a7d79fe64,irradiated area 3,Invaded regional linphonodes,field,field,50.22355033502462,0.10336538461538461,2.9429037036396014e-15
field:cf_c9b3a708f95249,field:cf_af0c9a7d79fe64,fields/insertions 1,Invaded regional linphonodes,field,field,44.60262787610598,0.1923076923076923,1.7860830925603174e-13
field:cf_bbec72e0a270f7,field:cf_af0c9a7d79fe64,fields/insertions 2,Invaded regional linphonodes,field,field,43.017024172608636,0.23557692307692307,5.847651606886363e-13
family:openEHR-EHR-COMPOSITION.hospitalisation.v1,field:cf_af0c9a7d79fe64,openEHR-EHR-COMPOSITION.hospitalisation.v1,Invaded regional linphonodes,composition_family,field,28.74431940910559,0.02,3.095133258813344e-10
group:openEHR-EHR-COMPOSITION.hospitalisation.v1::Patient_discharge,field:cf_af0c9a7d79fe64,Patient discharge,Invaded regional linphonodes,canonical_group,field,36.87030308891312,0.02,2.0075022063194217e-12
subgroup:openEHR-EHR-COMPOSITION.hospitalisation.v1::Patient_discharge::Components,field:cf_af0c9a7d79fe64,Components,Invaded regional linphonodes,canonical_subgroup,field,37.87030308891312,0.02,1.0799246453485723e-12
field:cf_79ed78f34fef6f,field:cf_af0c9a7d79fe64,date of discharge,Invaded regional linphonodes,field,field,40.31432219199607,0.8854166666666666,1.1741753066973523e-11
field:cf_be52992cb12705,field:cf_af0c9a7d79fe64,hospital infection,Invaded regional linphonodes,field,field,46.353635487240346,0.13541666666666666,4.2471372656941186e-14
field:cf_1285e1e2c004f2,field:cf_af0c9a7d79fe64,claim reason,Invaded regional linphonodes,field,field,41.1333079524909,0.39375,3.1425601501376638e-12
field:cf_80f721f9446bd3,field:cf_af0c9a7d79fe64,death indicator,Invaded regional linphonodes,field,field,42.57410792818523,0.39375,1.2862639032256583e-12
group:openEHR-EHR-COMPOSITION.hospitalisation.v1::Authorization_for_hospital_admission,field:cf_af0c9a7d79fe64,Authorization for hospital admission,Invaded regional linphonodes,canonical_group,field,33.26592081304779,0.02,1.875777394544493e-11
subgroup:openEHR-EHR-COMPOSITION.hospitalisation.v1::Authorization_for_hospital_admission::Components,field:cf_af0c9a7d79fe64,Components,Invaded regional linphonodes,canonical_subgroup,field,34.26592081304779,0.02,1.0090640155610403e-11
field:cf_ba8421601b1980,field:cf_af0c9a7d79fe64,Issue date,Invaded regional linphonodes,field,field,35.95379759086369,0.9270833333333334,1.835820108873807e-10
field:cf_ba09c313b94cba,field:cf_af0c9a7d79fe64,ICU - Total,Invaded regional linphonodes,field,field,36.71966955446503,0.39375,4.849659595233183e-11
group:openEHR-EHR-COMPOSITION.hospitalisation.v1::Patient_admission,field:cf_af0c9a7d79fe64,Patient admission,Invaded regional linphonodes,canonical_group,field,35.59853273044932,0.02,4.416682674285348e-12
subgroup:openEHR-EHR-COMPOSITION.hospitalisation.v1::Patient_admission::Tree,field:cf_af0c9a7d79fe64,Tree,Invaded regional linphonodes,canonical_subgroup,field,39.29501740154169,0.02,4.4644832986300176e-13
field:cf_3db72fcc22b158,field:cf_af0c9a7d79fe64,Patient class,Invaded regional linphonodes,field,field,47.84195283646415,0.13541666666666666,1.687905506280193e-14
subgroup:openEHR-EHR-COMPOSITION.hospitalisation.v1::Patient_admission::Tree_/_Assigned_patient_location_/_Facility,field:cf_af0c9a7d79fe64,Tree / Assigned patient location / Facility,Invaded regional linphonodes,canonical_subgroup,field,37.91460502545071,0.02,1.0506658071120622e-12
field:cf_9449e602105d68,field:cf_af0c9a7d79fe64,Universal ID,Invaded regional linphonodes,field,field,38.91460502545071,0.7395833333333334,2.335951489667721e-11
subgroup:openEHR-EHR-COMPOSITION.hospitalisation.v1::Patient_admission::Tree_/_Assigned_patient_location_/_Address,field:cf_af0c9a7d79fe64,Tree / Assigned patient location / Address,Invaded regional linphonodes,canonical_subgroup,field,38.957537218418096,0.02,5.503538222469351e-13
field:cf_1d8359b2d21168,field:cf_af0c9a7d79fe64,State/province,Invaded regional linphonodes,field,field,39.957537218418096,0.4875,8.065452023659942e-12
field:cf_10f7d6c8e1d5c5,field:cf_af0c9a7d79fe64,Admission type,Invaded regional linphonodes,field,field,44.062425277409034,0.39375,5.11189488110226e-13
field:cf_2a67f6f1c22886,field:cf_af0c9a7d79fe64,Hospital service,Invaded regional linphonodes,field,field,42.22105388081531,0.59375,2.4142229893707932e-12
field:cf_22f759c45e42f4,field:cf_af0c9a7d79fe64,Admit date/time,Invaded regional linphonodes,field,field,41.8757102996779,0.9583333333333334,4.827012862251542e-12
group:openEHR-EHR-COMPOSITION.hospitalisation.v1::Problem/Diagnosis,field:cf_af0c9a7d79fe64,Problem/Diagnosis,Invaded regional linphonodes,canonical_group,field,31.986157481104627,0.02,4.1473785075740554e-11
subgroup:openEHR-EHR-COMPOSITION.hospitalisation.v1::Problem/Diagnosis::structure,field:cf_af0c9a7d79fe64,structure,Invaded regional linphonodes,canonical_subgroup,field,32.98615748110463,0.02,2.2310591987491634e-11
field:cf_2db2fd852fb674,field:cf_af0c9a7d79fe64,Problem,Invaded regional linphonodes,field,field,35.025346607373564,0.9583333333333334,3.374621347046063e-10
field:cf_49398dcbba5447,field:cf_af0c9a7d79fe64,Secondary Diagnosis,Invaded regional linphonodes,field,field,34.948446225974735,1.0815217391304348,3.994386668152297e-10
group:openEHR-EHR-COMPOSITION.hospitalisation.v1::Procedure_undertaken,field:cf_af0c9a7d79fe64,Procedure undertaken,Invaded regional linphonodes,canonical_group,field,33.709199094926745,0.02,1.4250268407453502e-11
subgroup:openEHR-EHR-COMPOSITION.hospitalisation.v1::Procedure_undertaken::Procedure_list,field:cf_af0c9a7d79fe64,Procedure list,Invaded regional linphonodes,canonical_subgroup,field,34.709199094926745,0.02,7.665852624020753e-12
field:cf_18704e514938d4,field:cf_af0c9a7d79fe64,Procedure,Invaded regional linphonodes,field,field,35.709199094926745,0.6770833333333334,1.5603236616001642e-10
family:openEHR-EHR-COMPOSITION.demographic_data.v1,field:cf_af0c9a7d79fe64,openEHR-EHR-COMPOSITION.demographic_data.v1,Invaded regional linphonodes,composition_family,field,28.919274393294494,0.02,2.7769657399382487e-10
group:openEHR-EHR-COMPOSITION.demographic_data.v1::Demographic_data,field:cf_af0c9a7d79fe64,Demographic data,Invaded regional linphonodes,canonical_group,field,29.919274393294494,0.02,1.4938532731907643e-10
subgroup:openEHR-EHR-COMPOSITION.demographic_data.v1::Demographic_data::components,field:cf_af0c9a7d79fe64,components,Invaded regional linphonodes,canonical_subgroup,field,30.919274393294494,0.02,8.036100588955685e-11
field:cf_7f3b6795a0e812,field:cf_af0c9a7d79fe64,birth date,Invaded regional linphonodes,field,field,33.90398315733396,1.09375,7.719118987201123e-10
field:cf_e7551706658b4a,field:cf_af0c9a7d79fe64,gender,Invaded regional linphonodes,field,field,35.04313319729597,0.39375,1.371322996020896e-10
field:cf_19e1b0f55ef007,field:cf_af0c9a7d79fe64,race,Invaded regional linphonodes,field,field,41.702589886631394,0.1846590909090909,1.0354935636352875e-12
field:cf_4122372d727029,field:cf_af0c9a7d79fe64,ethnic group,Invaded regional linphonodes,field,field,45.702589886631394,0.1846590909090909,8.671557109877677e-14
field:cf_7ab0248b87b82e,field:cf_af0c9a7d79fe64,educational level,Invaded regional linphonodes,field,field,36.910947065924674,0.39375,4.307322402900907e-11
field:cf_eee397355aecbe,field:cf_af0c9a7d79fe64,nationality,Invaded regional linphonodes,field,field,38.24482957228955,0.39375,1.8838344578024506e-11
schema:root,field:cf_e5c01940113606,EHR Schema,irradiated area 1,root,field,30.109900796477778,0.02,1.3273314541285418e-10
family:openEHR-EHR-COMPOSITION.outpatient_high_complexity_procedures.v1,field:cf_e5c01940113606,openEHR-EHR-COMPOSITION.outpatient_high_complexity_procedures.v1,irradiated area 1,composition_family,field,24.995407537183013,0.02,3.1631590543263885e-09
group:openEHR-EHR-COMPOSITION.outpatient_high_complexity_procedures.v1::HCPA,field:cf_e5c01940113606,HCPA,irradiated area 1,canonical_group,field,37.79399476852821,0.02,1.132245041957118e-12
subgroup:openEHR-EHR-COMPOSITION.outpatient_high_complexity_procedures.v1::HCPA::components_/_General_data,field:cf_e5c01940113606,components / General data,irradiated area 1,canonical_subgroup,field,41.546275573656196,0.02,1.1055836862168519e-13
field:cf_5cd62eaa6e16a8,field:cf_e5c01940113606,issue date,irradiated area 1,field,field,46.43887520643708,0.5096153846153846,1.5160545978048137e-13
field:cf_775d9002cb4e7b,field:cf_e5c01940113606,reason for encounter,irradiated area 1,field,field,46.34285242474028,0.425,1.341888970987438e-13
field:cf_b87e8363f020f7,field:cf_e5c01940113606,healthcare unit,irradiated area 1,field,field,46.69672190997565,0.425,1.0775384429729117e-13
field:cf_8b431261fa7dca,field:cf_e5c01940113606,State,irradiated area 1,field,field,47.63247621389424,0.425,6.032108662339264e-14
field:cf_16800b2d3f5ef6,field:cf_e5c01940113606,patient age,irradiated area 1,field,field,45.91951169610566,0.49038461538461536,2.013048815589926e-13
group:openEHR-EHR-COMPOSITION.outpatient_high_complexity_procedures.v1::Patient_discharge,field:cf_e5c01940113606,Patient discharge,irradiated area 1,canonical_group,field,30.134953766118475,0.02,1.306873521690391e-10
subgroup:openEHR-EHR-COMPOSITION.outpatient_high_complexity_procedures.v1::Patient_discharge::Components,field:cf_e5c01940113606,Components,irradiated area 1,canonical_subgroup,field,31.134953766118475,0.02,7.030253416331108e-11
field:cf_469c691048a0ce,field:cf_e5c01940113606,date of discharge,irradiated area 1,field,field,33.09833346146869,0.4168269230769231,4.847711284796159e-10
field:cf_49533263f29569,field:cf_e5c01940113606,reason for discharge,irradiated area 1,field,field,33.17296609378796,0.39375,4.372257947948467e-10
group:openEHR-EHR-COMPOSITION.outpatient_high_complexity_procedures.v1::Problem/Diagnosis,field:cf_e5c01940113606,Problem/Diagnosis,irradiated area 1,canonical_group,field,34.990111843249196,0.02,6.4405235808655686e-12
subgroup:openEHR-EHR-COMPOSITION.outpatient_high_complexity_procedures.v1::Problem/Diagnosis::structure,field:cf_e5c01940113606,structure,irradiated area 1,canonical_subgroup,field,39.63342515854794,0.02,3.619517304675026e-13
field:cf_bd9db9ae67063d,field:cf_e5c01940113606,Problem,irradiated area 1,field,field,43.40710241211132,0.425,8.283315483546017e-13
field:cf_4e7e8ca2916a1e,field:cf_e5c01940113606,Secondary Diagnosis,irradiated area 1,field,field,42.93443743474887,0.425,1.1103891083270004e-12
field:cf_0a229c157b8d2a,field:cf_e5c01940113606,Associated causes,irradiated area 1,field,field,43.20068866779362,0.425,9.414206050862972e-13
group:openEHR-EHR-COMPOSITION.outpatient_high_complexity_procedures.v1::Procedure_undertaken,field:cf_e5c01940113606,Procedure undertaken,irradiated area 1,canonical_group,field,9.988037745701616,0.02,3.475714702692931e-05
subgroup:openEHR-EHR-COMPOSITION.outpatient_high_complexity_procedures.v1::Procedure_undertaken::Procedure_list,field:cf_e5c01940113606,Procedure list,irradiated area 1,canonical_subgroup,field,8.988037745701616,0.02,6.461103526293505e-05
field:cf_0b6364bb149692,field:cf_e5c01940113606,Procedure,irradiated area 1,field,field,12.715413057017722,0.39375,0.00014098056998860896
field:cf_af0c9a7d79fe64,field:cf_e5c01940113606,Invaded regional linphonodes,irradiated area 1,field,field,46.223550335024626,0.23173076923076924,7.878344091929397e-14
field:cf_e5c01940113606,field:cf_e5c01940113606,irradiated area 1,irradiated area 1,field,field,0.0,0.1610576923076923,0.1610576923076923
field:cf_fc5be63ab59287,field:cf_e5c01940113606,irradiated area 2,irradiated area 1,field,field,11.633187772925766,0.31490384615384615,0.00022055628151923556
field:cf_821e1930333a5c,field:cf_e5c01940113606,irradiated area 3,irradiated area 1,field,field,4.0,0.10336538461538461,0.008223343186156742
field:cf_c9b3a708f95249,field:cf_e5c01940113606,fields/insertions 1,irradiated area 1,field,field,4.0,0.1923076923076923,0.015299243137035798
field:cf_bbec72e0a270f7,field:cf_e5c01940113606,fields/insertions 2,irradiated area 1,field,field,8.0,0.23557692307692307,0.00156947976253294
family:openEHR-EHR-COMPOSITION.hospitalisation.v1,field:cf_e5c01940113606,openEHR-EHR-COMPOSITION.hospitalisation.v1,irradiated area 1,composition_family,field,32.511584148447,0.02,2.994304295604689e-11
group:openEHR-EHR-COMPOSITION.hospitalisation.v1::Patient_discharge,field:cf_e5c01940113606,Patient discharge,irradiated area 1,canonical_group,field,40.63756782825453,0.02,1.9421045806999354e-13
subgroup:openEHR-EHR-COMPOSITION.hospitalisation.v1::Patient_discharge::Components,field:cf_e5c01940113606,Components,irradiated area 1,canonical_subgroup,field,41.63756782825453,0.02,1.0447443564146707e-13
field:cf_79ed78f34fef6f,field:cf_e5c01940113606,date of discharge,irradiated area 1,field,field,44.08158693133748,0.8854166666666666,1.1359246502959212e-12
field:cf_be52992cb12705,field:cf_e5c01940113606,hospital infection,irradiated area 1,field,field,50.12090022658176,0.13541666666666666,4.108779911972616e-15
field:cf_1285e1e2c004f2,field:cf_e5c01940113606,claim reason,irradiated area 1,field,field,44.900572691832316,0.39375,3.040186179370172e-13
field:cf_80f721f9446bd3,field:cf_e5c01940113606,death indicator,irradiated area 1,field,field,46.34137266752664,0.39375,1.244361779817667e-13
group:openEHR-EHR-COMPOSITION.hospitalisation.v1::Authorization_for_hospital_admission,field:cf_e5c01940113606,Authorization for hospital admission,irradiated area 1,canonical_group,field,37.0331855523892,0.02,1.814670917347235e-12
subgroup:openEHR-EHR-COMPOSITION.hospitalisation.v1::Authorization_for_hospital_admission::Components,field:cf_e5c01940113606,Components,irradiated area 1,canonical_subgroup,field,38.0331855523892,0.02,9.761921260517694e-13
field:cf_ba8421601b1980,field:cf_e5c01940113606,Issue date,irradiated area 1,field,field,39.72106233020509,0.9270833333333334,1.7760153047710223e-11
field:cf_ba09c313b94cba,field:cf_e5c01940113606,ICU - Total,irradiated area 1,field,field,40.48693429380644,0.39375,4.691674103813731e-12
group:openEHR-EHR-COMPOSITION.hospitalisation.v1::Patient_admission,field:cf_e5c01940113606,Patient admission,irradiated area 1,canonical_group,field,39.36579746979073,0.02,4.272802105136441e-13
subgroup:openEHR-EHR-COMPOSITION.hospitalisation.v1::Patient_admission::Tree,field:cf_e5c01940113606,Tree,irradiated area 1,canonical_subgroup,field,43.0622821408831,0.02,4.319045546965715e-14
field:cf_3db72fcc22b158,field:cf_e5c01940113606,Patient class,irradiated area 1,field,field,51.60921757580556,0.13541666666666666,1.6329192591750645e-15
subgroup:openEHR-EHR-COMPOSITION.hospitalisation.v1::Patient_admission::Tree_/_Assigned_patient_location_/_Facility,field:cf_e5c01940113606,Tree / Assigned patient location / Facility,irradiated area 1,canonical_subgroup,field,41.68186976479212,0.02,1.0164386720740996e-13
field:cf_9449e602105d68,field:cf_e5c01940113606,Universal ID,irradiated area 1,field,field,42.68186976479212,0.7395833333333334,2.2598540983395002e-12
subgroup:openEHR-EHR-COMPOSITION.hospitalisation.v1::Patient_admission::Tree_/_Assigned_patient_location_/_Address,field:cf_e5c01940113606,Tree / Assigned patient location / Address,irradiated area 1,canonical_subgroup,field,42.7248019577595,0.02,5.324251579036273e-14
field:cf_1d8359b2d21168,field:cf_e5c01940113606,State/province,irradiated area 1,field,field,43.7248019577595,0.4875,7.802706901769273e-13
field:cf_10f7d6c8e1d5c5,field:cf_e5c01940113606,Admission type,irradiated area 1,field,field,47.82969001675044,0.39375,4.945366651848964e-14
field:cf_2a67f6f1c22886,field:cf_e5c01940113606,Hospital service,irradiated area 1,field,field,45.98831862015672,0.59375,2.335575777565094e-13
field:cf_22f759c45e42f4,field:cf_e5c01940113606,Admit date/time,irradiated area 1,field,field,45.642975039019305,0.9583333333333334,4.669765124723687e-13
group:openEHR-EHR-COMPOSITION.hospitalisation.v1::Problem/Diagnosis,field:cf_e5c01940113606,Problem/Diagnosis,irradiated area 1,canonical_group,field,35.75342222044603,0.02,4.012270956465618e-12
subgroup:openEHR-EHR-COMPOSITION.hospitalisation.v1::Problem/Diagnosis::structure,field:cf_e5c01940113606,structure,irradiated area 1,canonical_subgroup,field,36.75342222044603,0.02,2.158378843153349e-12
field:cf_2db2fd852fb674,field:cf_e5c01940113606,Problem,irradiated area 1,field,field,38.79261134671498,0.9583333333333334,3.2646876081107196e-11
field:cf_49398dcbba5447,field:cf_e5c01940113606,Secondary Diagnosis,irradiated area 1,field,field,38.71571096531614,1.0815217391304348,3.8642630732287365e-11
group:openEHR-EHR-COMPOSITION.hospitalisation.v1::Procedure_undertaken,field:cf_e5c01940113606,Procedure undertaken,irradiated area 1,canonical_group,field,37.47646383426815,0.02,1.3786042906054796e-12
subgroup:openEHR-EHR-COMPOSITION.hospitalisation.v1::Procedure_undertaken::Procedure_list,field:cf_e5c01940113606,Procedure list,irradiated area 1,canonical_subgroup,field,38.47646383426815,0.02,7.416125097753693e-13
field:cf_18704e514938d4,field:cf_e5c01940113606,Procedure,irradiated area 1,field,field,39.47646383426815,0.6770833333333334,1.509493599075039e-11
family:openEHR-EHR-COMPOSITION.demographic_data.v1,field:cf_e5c01940113606,openEHR-EHR-COMPOSITION.demographic_data.v1,irradiated area 1,composition_family,field,32.6865391326359,0.02,2.6865015973600232e-11
group:openEHR-EHR-COMPOSITION.demographic_data.v1::Demographic_data,field:cf_e5c01940113606,Demographic data,irradiated area 1,canonical_group,field,33.6865391326359,0.02,1.445188590889031e-11
subgroup:openEHR-EHR-COMPOSITION.demographic_data.v1::Demographic_data::components,field:cf_e5c01940113606,components,irradiated area 1,canonical_subgroup,field,34.6865391326359,0.02,7.77431163744039e-12
field:cf_7f3b6795a0e812,field:cf_e5c01940113606,birth date,irradiated area 1,field,field,37.67124789667537,1.09375,7.467656223151303e-11
field:cf_e7551706658b4a,field:cf_e5c01940113606,gender,irradiated area 1,field,field,38.81039793663738,0.39375,1.3266499353314233e-11
field:cf_19e1b0f55ef007,field:cf_e5c01940113606,race,irradiated area 1,field,field,45.4698546259728,0.1846590909090909,1.0017606889251983e-13
field:cf_4122372d727029,field:cf_e5c01940113606,ethnic group,irradiated area 1,field,field,49.4698546259728,0.1846590909090909,8.389067136205649e-15
field:cf_7ab0248b87b82e,field:cf_e5c01940113606,educational level,irradiated area 1,field,field,40.67821180526608,0.39375,4.167004421161918e-12
field:cf_eee397355aecbe,field:cf_e5c01940113606,nationality,irradiated area 1,field,field,42.01209431163095,0.39375,1.8224655087608886e-12
schema:root,field:cf_fc5be63ab59287,EHR Schema,irradiated area 2,root,field,25.264601027937044,0.02,2.676931737802161e-09
family:openEHR-EHR-COMPOSITION.outpatient_high_complexity_procedures.v1,field:cf_fc5be63ab59287,openEHR-EHR-COMPOSITION.outpatient_high_complexity_procedures.v1,irradiated area 2,composition_family,field,20.15010776864228,0.02,6.37938688027395e-08
group:openEHR-EHR-COMPOSITION.outpatient_high_complexity_procedures.v1::HCPA,field:cf_fc5be63ab59287,HCPA,irradiated area 2,canonical_group,field,32.948694999987474,0.02,2.2834859208351323e-11
subgroup:openEHR-EHR-COMPOSITION.outpatient_high_complexity_procedures.v1::HCPA::components_/_General_data,field:cf_fc5be63ab59287,components / General data,irradiated area 2,canonical_subgroup,field,36.70097580511546,0.02,2.229715907978162e-12
field:cf_5cd62eaa6e16a8,field:cf_fc5be63ab59287,issue date,irradiated area 2,field,field,41.59357543789635,0.5096153846153846,3.057544260313727e-12
field:cf_775d9002cb4e7b,field:cf_fc5be63ab59287,reason for encounter,irradiated area 2,field,field,41.497552656199545,0.425,2.7062910050612604e-12
field:cf_b87e8363f020f7,field:cf_fc5be63ab59287,healthcare unit,irradiated area 2,field,field,41.85142214143492,0.425,2.1731549024353715e-12
field:cf_8b431261fa7dca,field:cf_fc5be63ab59287,State,irradiated area 2,field,field,42.78717644535351,0.425,1.2165418873983493e-12
field:cf_16800b2d3f5ef6,field:cf_fc5be63ab59287,patient age,irradiated area 2,field,field,41.074211927564924,0.49038461538461536,4.0598708389199826e-12
group:openEHR-EHR-COMPOSITION.outpatient_high_complexity_procedures.v1::Patient_discharge,field:cf_fc5be63ab59287,Patient discharge,irradiated area 2,canonical_group,field,25.28965399757774,0.02,2.6356726472689316e-09
subgroup:openEHR-EHR-COMPOSITION.outpatient_high_complexity_procedures.v1::Patient_discharge::Components,field:cf_fc5be63ab59287,Components,irradiated area 2,canonical_subgroup,field,26.28965399757774,0.02,1.4178454399187535e-09
field:cf_469c691048a0ce,field:cf_fc5be63ab59287,date of discharge,irradiated area 2,field,field,28.253033692927954,0.4168269230769231,9.776753314787231e-09
field:cf_49533263f29569,field:cf_fc5be63ab59287,reason for discharge,irradiated area 2,field,field,28.327666325247232,0.39375,8.81786989249449e-09
group:openEHR-EHR-COMPOSITION.outpatient_high_complexity_procedures.v1::Problem/Diagnosis,field:cf_fc5be63ab59287,Problem/Diagnosis,irradiated area 2,canonical_group,field,30.14481207470846,0.02,1.298910074650625e-10
subgroup:openEHR-EHR-COMPOSITION.outpatient_high_complexity_procedures.v1::Problem/Diagnosis::structure,field:cf_fc5be63ab59287,structure,irradiated area 2,canonical_subgroup,field,34.7881253900072,0.02,7.299759768572761e-12
field:cf_bd9db9ae67063d,field:cf_fc5be63ab59287,Problem,irradiated area 2,field,field,38.56180264357059,0.425,1.6705601335041536e-11
field:cf_4e7e8ca2916a1e,field:cf_fc5be63ab59287,Secondary Diagnosis,irradiated area 2,field,field,38.08913766620814,0.425,2.239407373452126e-11
field:cf_0a229c157b8d2a,field:cf_fc5be63ab59287,Associated causes,irradiated area 2,field,field,38.35538889925289,0.425,1.898635558238168e-11
group:openEHR-EHR-COMPOSITION.outpatient_high_complexity_procedures.v1::Procedure_undertaken,field:cf_fc5be63ab59287,Procedure undertaken,irradiated area 2,canonical_group,field,5.142737977160885,0.02,0.000700974196779883
subgroup:openEHR-EHR-COMPOSITION.outpatient_high_complexity_procedures.v1::Procedure_undertaken::Procedure_list,field:cf_fc5be63ab59287,Procedure list,irradiated area 2,canonical_subgroup,field,4.142737977160885,0.02,0.0013030605910048403
field:cf_0b6364bb149692,field:cf_fc5be63ab59287,Procedure,irradiated area 2,field,field,2.822252374491181,0.39375,0.06501554684765674
field:cf_af0c9a7d79fe64,field:cf_fc5be63ab59287,Invaded regional linphonodes,irradiated area 2,field,field,41.378250566483885,0.23173076923076924,1.5888864288881411e-12
field:cf_e5c01940113606,field:cf_fc5be63ab59287,irradiated area 1,irradiated area 2,field,field,11.633187772925766,0.1610576923076923,0.00011280359436479986
field:cf_fc5be63ab59287,field:cf_fc5be63ab59287,irradiated area 2,irradiated area 2,field,field,0.0,0.31490384615384615,0.31490384615384615
field:cf_821e1930333a5c,field:cf_fc5be63ab59287,irradiated area 3,irradiated area 2,field,field,15.633187772925766,0.10336538461538461,6.062702754799795e-06
field:cf_c9b3a708f95249,field:cf_fc5be63ab59287,fields/insertions 1,irradiated area 2,field,field,7.633187772925765,0.1923076923076923,0.0016083791613061133
field:cf_bbec72e0a270f7,field:cf_fc5be63ab59287,fields/insertions 2,irradiated area 2,field,field,3.6331877729257647,0.23557692307692307,0.02352744904041047
family:openEHR-EHR-COMPOSITION.hospitalisation.v1,field:cf_fc5be63ab59287,openEHR-EHR-COMPOSITION.hospitalisation.v1,irradiated area 2,composition_family,field,27.666284379906262,0.02,6.038844462406067e-10
group:openEHR-EHR-COMPOSITION.hospitalisation.v1::Patient_discharge,field:cf_fc5be63ab59287,Patient discharge,irradiated area 2,canonical_group,field,35.79226805971379,0.02,3.916792127569954e-12
subgroup:openEHR-EHR-COMPOSITION.hospitalisation.v1::Patient_discharge::Components,field:cf_fc5be63ab59287,Components,irradiated area 2,canonical_subgroup,field,36.79226805971379,0.02,2.107016538240865e-12
field:cf_79ed78f34fef6f,field:cf_fc5be63ab59287,date of discharge,irradiated area 2,field,field,39.23628716279674,0.8854166666666666,2.2909068708278395e-11
field:cf_be52992cb12705,field:cf_fc5be63ab59287,hospital infection,irradiated area 2,field,field,45.27560045804102,0.13541666666666666,8.286493411869663e-14
field:cf_1285e1e2c004f2,field:cf_fc5be63ab59287,claim reason,irradiated area 2,field,field,40.055272923291575,0.39375,6.131377996859703e-12
field:cf_80f721f9446bd3,field:cf_fc5be63ab59287,death indicator,irradiated area 2,field,field,41.4960728989859,0.39375,2.5096003950941715e-12
group:openEHR-EHR-COMPOSITION.hospitalisation.v1::Authorization_for_hospital_admission,field:cf_fc5be63ab59287,Authorization for hospital admission,irradiated area 2,canonical_group,field,32.187885783848465,0.02,3.65978682807809e-11
subgroup:openEHR-EHR-COMPOSITION.hospitalisation.v1::Authorization_for_hospital_admission::Components,field:cf_fc5be63ab59287,Components,irradiated area 2,canonical_subgroup,field,33.187885783848465,0.02,1.9687619669468642e-11
field:cf_ba8421601b1980,field:cf_fc5be63ab59287,Issue date,irradiated area 2,field,field,34.87576256166436,0.9270833333333334,3.5818270721877375e-10
field:cf_ba09c313b94cba,field:cf_fc5be63ab59287,ICU - Total,irradiated area 2,field,field,35.6416345252657,0.39375,9.46206109473185e-11
group:openEHR-EHR-COMPOSITION.hospitalisation.v1::Patient_admission,field:cf_fc5be63ab59287,Patient admission,irradiated area 2,canonical_group,field,34.520497701249994,0.02,8.617289621978582e-12
subgroup:openEHR-EHR-COMPOSITION.hospitalisation.v1::Patient_admission::Tree,field:cf_fc5be63ab59287,Tree,irradiated area 2,canonical_subgroup,field,38.216982372342365,0.02,8.710552338471101e-13
field:cf_3db72fcc22b158,field:cf_fc5be63ab59287,Patient class,irradiated area 2,field,field,46.763917807264825,0.13541666666666666,3.293234238183588e-14
subgroup:openEHR-EHR-COMPOSITION.hospitalisation.v1::Patient_admission::Tree_/_Assigned_patient_location_/_Facility,field:cf_fc5be63ab59287,Tree / Assigned patient location / Facility,irradiated area 2,canonical_subgroup,field,36.836569996251384,0.02,2.049930281047298e-12
field:cf_9449e602105d68,field:cf_fc5be63ab59287,Universal ID,irradiated area 2,field,field,37.836569996251384,0.7395833333333334,4.557622091928102e-11
subgroup:openEHR-EHR-COMPOSITION.hospitalisation.v1::Patient_admission::Tree_/_Assigned_patient_location_/_Address,field:cf_fc5be63ab59287,Tree / Assigned patient location / Address,irradiated area 2,canonical_subgroup,field,37.87950218921877,0.02,1.0737828887904296e-12
field:cf_1d8359b2d21168,field:cf_fc5be63ab59287,State/province,irradiated area 2,field,field,38.87950218921877,0.4875,1.5736320932609616e-11
field:cf_10f7d6c8e1d5c5,field:cf_fc5be63ab59287,Admission type,irradiated area 2,field,field,42.984390248209706,0.39375,9.973702426945474e-13
field:cf_2a67f6f1c22886,field:cf_fc5be63ab59287,Hospital service,irradiated area 2,field,field,41.143018851615984,0.59375,4.710335843815908e-12
field:cf_22f759c45e42f4,field:cf_fc5be63ab59287,Admit date/time,irradiated area 2,field,field,40.79767527047857,0.9583333333333334,9.417875566477696e-12
group:openEHR-EHR-COMPOSITION.hospitalisation.v1::Problem/Diagnosis,field:cf_fc5be63ab59287,Problem/Diagnosis,irradiated area 2,canonical_group,field,30.9081224519053,0.02,8.091856356313321e-11
subgroup:openEHR-EHR-COMPOSITION.hospitalisation.v1::Problem/Diagnosis::structure,field:cf_fc5be63ab59287,structure,irradiated area 2,canonical_subgroup,field,31.9081224519053,0.02,4.352969116693872e-11
field:cf_2db2fd852fb674,field:cf_fc5be63ab59287,Problem,irradiated area 2,field,field,33.94731157817424,0.9583333333333334,6.584147346902775e-10
field:cf_49398dcbba5447,field:cf_fc5be63ab59287,Secondary Diagnosis,irradiated area 2,field,field,33.87041119677541,1.0815217391304348,7.793357440425085e-10
group:openEHR-EHR-COMPOSITION.hospitalisation.v1::Procedure_undertaken,field:cf_fc5be63ab59287,Procedure undertaken,irradiated area 2,canonical_group,field,32.63116406572742,0.02,2.7803376224629517e-11
subgroup:openEHR-EHR-COMPOSITION.hospitalisation.v1::Procedure_undertaken::Procedure_list,field:cf_fc5be63ab59287,Procedure list,irradiated area 2,canonical_subgroup,field,33.63116406572742,0.02,1.495667158639145e-11
field:cf_18704e514938d4,field:cf_fc5be63ab59287,Procedure,irradiated area 2,field,field,34.63116406572742,0.6770833333333334,3.044312188040608e-10
family:openEHR-EHR-COMPOSITION.demographic_data.v1,field:cf_fc5be63ab59287,openEHR-EHR-COMPOSITION.demographic_data.v1,irradiated area 2,composition_family,field,27.841239364095166,0.02,5.418075016048553e-10
group:openEHR-EHR-COMPOSITION.demographic_data.v1::Demographic_data,field:cf_fc5be63ab59287,Demographic data,irradiated area 2,canonical_group,field,28.841239364095166,0.02,2.914623317353993e-10
subgroup:openEHR-EHR-COMPOSITION.demographic_data.v1::Demographic_data::components,field:cf_fc5be63ab59287,components,irradiated area 2,canonical_subgroup,field,29.841239364095166,0.02,1.5679054012543166e-10
field:cf_7f3b6795a0e812,field:cf_fc5be63ab59287,birth date,irradiated area 2,field,field,32.825948128134634,1.09375,1.5060598382243732e-09
field:cf_e7551706658b4a,field:cf_fc5be63ab59287,gender,irradiated area 2,field,field,33.965098168096645,0.39375,2.6755572662696437e-10
field:cf_19e1b0f55ef007,field:cf_fc5be63ab59287,race,irradiated area 2,field,field,40.62455485743207,0.1846590909090909,2.02032806012802e-12
field:cf_4122372d727029,field:cf_fc5be63ab59287,ethnic group,irradiated area 2,field,field,44.62455485743207,0.1846590909090909,1.6918878850954434e-13
field:cf_7ab0248b87b82e,field:cf_fc5be63ab59287,educational level,irradiated area 2,field,field,35.83291203672535,0.39375,8.403919271161945e-11
field:cf_eee397355aecbe,field:cf_fc5be63ab59287,nationality,irradiated area 2,field,field,37.16679454309022,0.39375,3.675506781879765e-11
schema:root,field:cf_821e1930333a5c,EHR Schema,irradiated area 3,root,field,34.109900796477774,0.02,1.1115501739870432e-11
family:openEHR-EHR-COMPOSITION.outpatient_high_complexity_procedures.v1,field:cf_821e1930333a5c,openEHR-EHR-COMPOSITION.outpatient_high_complexity_procedures.v1,irradiated area 3,composition_family,field,28.995407537183013,0.02,2.6489314227045184e-10
group:openEHR-EHR-COMPOSITION.outpatient_high_complexity_procedures.v1::HCPA,field:cf_821e1930333a5c,HCPA,irradiated area 3,canonical_group,field,41.79399476852821,0.02,9.481785197426025e-14
subgroup:openEHR-EHR-COMPOSITION.outpatient_high_complexity_procedures.v1::HCPA::components_/_General_data,field:cf_821e1930333a5c,components / General data,irradiated area 3,canonical_subgroup,field,45.546275573656196,0.02,9.258514404590936e-15
field:cf_5cd62eaa6e16a8,field:cf_821e1930333a5c,issue date,irradiated area 3,field,field,50.43887520643708,0.5096153846153846,1.2695930219405481e-14
field:cf_775d9002cb4e7b,field:cf_821e1930333a5c,reason for encounter,irradiated area 3,field,field,50.34285242474028,0.425,1.1237411081708105e-14
field:cf_b87e8363f020f7,field:cf_821e1930333a5c,healthcare unit,irradiated area 3,field,field,50.69672190997565,0.425,9.023654491414408e-15
field:cf_8b431261fa7dca,field:cf_821e1930333a5c,State,irradiated area 3,field,field,51.63247621389424,0.425,5.05148236506918e-15
field:cf_16800b2d3f5ef6,field:cf_821e1930333a5c,patient age,irradiated area 3,field,field,49.91951169610566,0.49038461538461536,1.6857920109205e-14
group:openEHR-EHR-COMPOSITION.outpatient_high_complexity_procedures.v1::Patient_discharge,field:cf_821e1930333a5c,Patient discharge,irradiated area 3,canonical_group,field,34.13495376611847,0.02,1.0944180414738634e-11
subgroup:openEHR-EHR-COMPOSITION.outpatient_high_complexity_procedures.v1::Patient_discharge::Components,field:cf_821e1930333a5c,Components,irradiated area 3,canonical_subgroup,field,35.13495376611847,0.02,5.88736097814122e-12
field:cf_469c691048a0ce,field:cf_821e1930333a5c,date of discharge,irradiated area 3,field,field,37.098333461468684,0.4168269230769231,4.059629797285202e-11
field:cf_49533263f29569,field:cf_821e1930333a5c,reason for discharge,irradiated area 3,field,field,37.17296609378796,0.39375,3.661469836823201e-11
group:openEHR-EHR-COMPOSITION.outpatient_high_complexity_procedures.v1::Problem/Diagnosis,field:cf_821e1930333a5c,Problem/Diagnosis,irradiated area 3,canonical_group,field,38.990111843249196,0.02,5.393502191642829e-13
subgroup:openEHR-EHR-COMPOSITION.outpatient_high_complexity_procedures.v1::Problem/Diagnosis::structure,field:cf_821e1930333a5c,structure,irradiated area 3,canonical_subgroup,field,43.63342515854794,0.02,3.031100541802577e-14
field:cf_bd9db9ae67063d,field:cf_821e1930333a5c,Problem,irradiated area 3,field,field,47.40710241211132,0.425,6.936715571899235e-14
field:cf_4e7e8ca2916a1e,field:cf_821e1930333a5c,Secondary Diagnosis,irradiated area 3,field,field,46.93443743474887,0.425,9.298756559374525e-14
field:cf_0a229c157b8d2a,field:cf_821e1930333a5c,Associated causes,irradiated area 3,field,field,47.20068866779362,0.425,7.883759810888338e-14
group:openEHR-EHR-COMPOSITION.outpatient_high_complexity_procedures.v1::Procedure_undertaken,field:cf_821e1930333a5c,Procedure undertaken,irradiated area 3,canonical_group,field,13.988037745701616,0.02,2.9106756044172628e-06
subgroup:openEHR-EHR-COMPOSITION.outpatient_high_complexity_procedures.v1::Procedure_undertaken::Procedure_list,field:cf_821e1930333a5c,Procedure list,irradiated area 3,canonical_subgroup,field,12.988037745701616,0.02,5.4107365017692955e-06
field:cf_0b6364bb149692,field:cf_821e1930333a5c,Procedure,irradiated area 3,field,field,16.71541305701772,0.39375,1.1806167676672457e-05
field:cf_af0c9a7d79fe64,field:cf_821e1930333a5c,Invaded regional linphonodes,irradiated area 3,field,field,50.223550335024626,0.23173076923076924,6.5975794658338744e-15
field:cf_e5c01940113606,field:cf_821e1930333a5c,irradiated area 1,irradiated area 3,field,field,4.0,0.1610576923076923,0.01281311612726748
field:cf_fc5be63ab59287,field:cf_821e1930333a5c,irradiated area 2,irradiated area 3,field,field,15.633187772925766,0.31490384615384615,1.8470094439041234e-05
field:cf_821e1930333a5c,field:cf_821e1930333a5c,irradiated area 3,irradiated area 3,field,field,0.0,0.10336538461538461,0.10336538461538461
field:cf_c9b3a708f95249,field:cf_821e1930333a5c,fields/insertions 1,irradiated area 3,field,field,8.0,0.1923076923076923,0.0012812079694146446
field:cf_bbec72e0a270f7,field:cf_821e1930333a5c,fields/insertions 2,irradiated area 3,field,field,12.0,0.23557692307692307,0.00013143329781618217
family:openEHR-EHR-COMPOSITION.hospitalisation.v1,field:cf_821e1930333a5c,openEHR-EHR-COMPOSITION.hospitalisation.v1,irradiated area 3,composition_family,field,36.51158414844699,0.02,2.507527001185057e-12
group:openEHR-EHR-COMPOSITION.hospitalisation.v1::Patient_discharge,field:cf_821e1930333a5c,Patient discharge,irradiated area 3,canonical_group,field,44.637567828254525,0.02,1.6263810202519294e-14
subgroup:openEHR-EHR-COMPOSITION.hospitalisation.v1::Patient_discharge::Components,field:cf_821e1930333a5c,Components,irradiated area 3,canonical_subgroup,field,45.637567828254525,0.02,8.749026232540761e-15
field:cf_79ed78f34fef6f,field:cf_821e1930333a5c,date of discharge,irradiated area 3,field,field,48.081586931337476,0.8854166666666666,9.512599424546795e-14
field:cf_be52992cb12705,field:cf_821e1930333a5c,hospital infection,irradiated area 3,field,field,54.12090022658175,0.13541666666666666,3.440824830770081e-16
field:cf_1285e1e2c004f2,field:cf_821e1930333a5c,claim reason,irradiated area 3,field,field,48.90057269183231,0.39375,2.545949970612734e-14
field:cf_80f721f9446bd3,field:cf_821e1930333a5c,death indicator,irradiated area 3,field,field,50.341372667526635,0.39375,1.042068692455777e-14
group:openEHR-EHR-COMPOSITION.hospitalisation.v1::Authorization_for_hospital_admission,field:cf_821e1930333a5c,Authorization for hospital admission,irradiated area 3,canonical_group,field,41.03318555238919,0.02,1.5196639600700718e-13
subgroup:openEHR-EHR-COMPOSITION.hospitalisation.v1::Authorization_for_hospital_admission::Components,field:cf_821e1930333a5c,Components,irradiated area 3,canonical_subgroup,field,42.03318555238919,0.02,8.174947743327897e-14
field:cf_ba8421601b1980,field:cf_821e1930333a5c,Issue date,irradiated area 3,field,field,43.721062330205086,0.9270833333333334,1.4872925032263284e-12
field:cf_ba09c313b94cba,field:cf_821e1930333a5c,ICU - Total,irradiated area 3,field,field,44.48693429380643,0.39375,3.9289592288073963e-13
group:openEHR-EHR-COMPOSITION.hospitalisation.v1::Patient_admission,field:cf_821e1930333a5c,Patient admission,irradiated area 3,canonical_group,field,43.36579746979072,0.02,3.5781823060125186e-14
subgroup:openEHR-EHR-COMPOSITION.hospitalisation.v1::Patient_admission::Tree,field:cf_821e1930333a5c,Tree,irradiated area 3,canonical_subgroup,field,47.06228214088309,0.02,3.616908055825204e-15
field:cf_3db72fcc22b158,field:cf_821e1930333a5c,Patient class,irradiated area 3,field,field,55.60921757580555,0.13541666666666666,1.3674592589493935e-16
subgroup:openEHR-EHR-COMPOSITION.hospitalisation.v1::Patient_admission::Tree_/_Assigned_patient_location_/_Facility,field:cf_821e1930333a5c,Tree / Assigned patient location / Facility,irradiated area 3,canonical_subgroup,field,45.68186976479211,0.02,8.51198530161337e-15
field:cf_9449e602105d68,field:cf_821e1930333a5c,Universal ID,irradiated area 3,field,field,46.68186976479211,0.7395833333333334,1.8924747156269462e-13
subgroup:openEHR-EHR-COMPOSITION.hospitalisation.v1::Patient_admission::Tree_/_Assigned_patient_location_/_Address,field:cf_821e1930333a5c,Tree / Assigned patient location / Address,irradiated area 3,canonical_subgroup,field,46.724801957759496,0.02,4.458700010928416e-15
field:cf_1d8359b2d21168,field:cf_821e1930333a5c,State/province,irradiated area 3,field,field,47.724801957759496,0.4875,6.534238443046505e-14
field:cf_10f7d6c8e1d5c5,field:cf_821e1930333a5c,Admission type,irradiated area 3,field,field,51.82969001675043,0.39375,4.141409551619119e-15
field:cf_2a67f6f1c22886,field:cf_821e1930333a5c,Hospital service,irradiated area 3,field,field,49.98831862015671,0.59375,1.9558864922830348e-14
field:cf_22f759c45e42f4,field:cf_821e1930333a5c,Admit date/time,irradiated area 3,field,field,49.6429750390193,0.9583333333333334,3.9106119430230615e-14
group:openEHR-EHR-COMPOSITION.hospitalisation.v1::Problem/Diagnosis,field:cf_821e1930333a5c,Problem/Diagnosis,irradiated area 3,canonical_group,field,39.753422220446026,0.02,3.360005118443183e-13
subgroup:openEHR-EHR-COMPOSITION.hospitalisation.v1::Problem/Diagnosis::structure,field:cf_821e1930333a5c,structure,irradiated area 3,canonical_subgroup,field,40.753422220446026,0.02,1.807496063756144e-13
field:cf_2db2fd852fb674,field:cf_821e1930333a5c,Problem,irradiated area 3,field,field,42.79261134671496,0.9583333333333334,2.7339547085406446e-12
field:cf_49398dcbba5447,field:cf_821e1930333a5c,Secondary Diagnosis,irradiated area 3,field,field,42.715710965316134,1.0815217391304348,3.2360585428898756e-12
group:openEHR-EHR-COMPOSITION.hospitalisation.v1::Procedure_undertaken,field:cf_821e1930333a5c,Procedure undertaken,irradiated area 3,canonical_group,field,41.476463834268145,0.02,1.1544877011054434e-13
subgroup:openEHR-EHR-COMPOSITION.hospitalisation.v1::Procedure_undertaken::Procedure_list,field:cf_821e1930333a5c,Procedure list,irradiated area 3,canonical_subgroup,field,42.476463834268145,0.02,6.210502370811358e-14
field:cf_18704e514938d4,field:cf_821e1930333a5c,Procedure,irradiated area 3,field,field,43.476463834268145,0.6770833333333334,1.2640986299731765e-12
family:openEHR-EHR-COMPOSITION.demographic_data.v1,field:cf_821e1930333a5c,openEHR-EHR-COMPOSITION.demographic_data.v1,irradiated area 3,composition_family,field,36.68653913263589,0.02,2.249763093215159e-12
group:openEHR-EHR-COMPOSITION.demographic_data.v1::Demographic_data,field:cf_821e1930333a5c,Demographic data,irradiated area 3,canonical_group,field,37.68653913263589,0.02,1.2102475419008826e-12
subgroup:openEHR-EHR-COMPOSITION.demographic_data.v1::Demographic_data::components,field:cf_821e1930333a5c,components,irradiated area 3,canonical_subgroup,field,38.68653913263589,0.02,6.510459332782092e-13
field:cf_7f3b6795a0e812,field:cf_821e1930333a5c,birth date,irradiated area 3,field,field,41.67124789667536,1.09375,6.2536561974032976e-12
field:cf_e7551706658b4a,field:cf_821e1930333a5c,gender,irradiated area 3,field,field,42.81039793663737,0.39375,1.110979448163323e-12
field:cf_19e1b0f55ef007,field:cf_821e1930333a5c,race,irradiated area 3,field,field,49.46985462597279,0.1846590909090909,8.389067136205677e-15
field:cf_4122372d727029,field:cf_821e1930333a5c,ethnic group,irradiated area 3,field,field,53.46985462597279,0.1846590909090909,7.02527541695349e-16
field:cf_7ab0248b87b82e,field:cf_821e1930333a5c,educational level,irradiated area 3,field,field,44.67821180526607,0.39375,3.489583912850415e-13
field:cf_eee397355aecbe,field:cf_821e1930333a5c,nationality,irradiated area 3,field,field,46.012094311630946,0.39375,1.526191402341603e-13
schema:root,field:cf_c9b3a708f95249,EHR Schema,fields/insertions 1,root,field,28.488978337559132,0.02,3.626044648645934e-10
family:openEHR-EHR-COMPOSITION.outpatient_high_complexity_procedures.v1,field:cf_c9b3a708f95249,openEHR-EHR-COMPOSITION.outpatient_high_complexity_procedures.v1,fields/insertions 1,composition_family,field,23.374485078264367,0.02,8.641214616048249e-09
group:openEHR-EHR-COMPOSITION.outpatient_high_complexity_procedures.v1::HCPA,field:cf_c9b3a708f95249,HCPA,fields/insertions 1,canonical_group,field,36.17307230960956,0.02,3.0931016232415145e-12
subgroup:openEHR-EHR-COMPOSITION.outpatient_high_complexity_procedures.v1::HCPA::components_/_General_data,field:cf_c9b3a708f95249,components / General data,fields/insertions 1,canonical_subgroup,field,39.92535311473755,0.02,3.0202673164774135e-13
field:cf_5cd62eaa6e16a8,field:cf_c9b3a708f95249,issue date,fields/insertions 1,field,field,44.81795274751843,0.5096153846153846,4.14160430262271e-13
field:cf_775d9002cb4e7b,field:cf_c9b3a708f95249,reason for encounter,fields/insertions 1,field,field,44.72192996582163,0.425,3.665813318287268e-13
field:cf_b87e8363f020f7,field:cf_c9b3a708f95249,healthcare unit,fields/insertions 1,field,field,45.075799451057,0.425,2.943652463519356e-13
field:cf_8b431261fa7dca,field:cf_c9b3a708f95249,State,fields/insertions 1,field,field,46.011553754975594,0.425,1.6478698871403333e-13
field:cf_16800b2d3f5ef6,field:cf_c9b3a708f95249,patient age,fields/insertions 1,field,field,44.29858923718701,0.49038461538461536,5.499308302028676e-13
group:openEHR-EHR-COMPOSITION.outpatient_high_complexity_procedures.v1::Patient_discharge,field:cf_c9b3a708f95249,Patient discharge,fields/insertions 1,canonical_group,field,28.51403130719983,0.02,3.5701570433240054e-10
subgroup:openEHR-EHR-COMPOSITION.outpatient_high_complexity_procedures.v1::Patient_discharge::Components,field:cf_c9b3a708f95249,Components,fields/insertions 1,canonical_subgroup,field,29.51403130719983,0.02,1.920546122795603e-10
field:cf_469c691048a0ce,field:cf_c9b3a708f95249,date of discharge,fields/insertions 1,field,field,31.477411002550042,0.4168269230769231,1.3243125903285784e-09
field:cf_49533263f29569,field:cf_c9b3a708f95249,reason for discharge,fields/insertions 1,field,field,31.55204363486932,0.39375,1.19442679410224e-09
group:openEHR-EHR-COMPOSITION.outpatient_high_complexity_procedures.v1::Problem/Diagnosis,field:cf_c9b3a708f95249,Problem/Diagnosis,fields/insertions 1,canonical_group,field,33.36918938433055,0.02,1.7594419232842204e-11
subgroup:openEHR-EHR-COMPOSITION.outpatient_high_complexity_procedures.v1::Problem/Diagnosis::structure,field:cf_c9b3a708f95249,structure,fields/insertions 1,canonical_subgroup,field,38.01250269962929,0.02,9.887908037194204e-13
field:cf_bd9db9ae67063d,field:cf_c9b3a708f95249,Problem,fields/insertions 1,field,field,41.78617995319267,0.425,2.2628614494695243e-12
field:cf_4e7e8ca2916a1e,field:cf_c9b3a708f95249,Secondary Diagnosis,fields/insertions 1,field,field,41.31351497583022,0.425,3.0333949155204345e-12
field:cf_0a229c157b8d2a,field:cf_c9b3a708f95249,Associated causes,fields/insertions 1,field,field,41.57976620887497,0.425,2.57180159227027e-12
group:openEHR-EHR-COMPOSITION.outpatient_high_complexity_procedures.v1::Procedure_undertaken,field:cf_c9b3a708f95249,Procedure undertaken,fields/insertions 1,canonical_group,field,8.367115286782973,0.02,9.495063692432599e-05
subgroup:openEHR-EHR-COMPOSITION.outpatient_high_complexity_procedures.v1::Procedure_undertaken::Procedure_list,field:cf_c9b3a708f95249,Procedure list,fields/insertions 1,canonical_subgroup,field,7.3671152867829734,0.02,0.0001765064015698001
field:cf_0b6364bb149692,field:cf_c9b3a708f95249,Procedure,fields/insertions 1,field,field,10.455440147416946,0.39375,0.0005723812459953694
field:cf_af0c9a7d79fe64,field:cf_c9b3a708f95249,Invaded regional linphonodes,fields/insertions 1,field,field,44.60262787610597,0.23173076923076924,2.1522301265351906e-13
field:cf_e5c01940113606,field:cf_c9b3a708f95249,irradiated area 1,fields/insertions 1,field,field,4.0,0.1610576923076923,0.01281311612726748
field:cf_fc5be63ab59287,field:cf_c9b3a708f95249,irradiated area 2,fields/insertions 1,field,field,7.633187772925765,0.31490384615384615,0.0026337208766387607
field:cf_821e1930333a5c,field:cf_c9b3a708f95249,irradiated area 3,fields/insertions 1,field,field,8.0,0.10336538461538461,0.0006886492835603715
field:cf_c9b3a708f95249,field:cf_c9b3a708f95249,fields/insertions 1,fields/insertions 1,field,field,0.0,0.1923076923076923,0.1923076923076923
field:cf_bbec72e0a270f7,field:cf_c9b3a708f95249,fields/insertions 2,fields/insertions 1,field,field,4.0,0.23557692307692307,0.018741572842868853
family:openEHR-EHR-COMPOSITION.hospitalisation.v1,field:cf_c9b3a708f95249,openEHR-EHR-COMPOSITION.hospitalisation.v1,fields/insertions 1,composition_family,field,30.89066168952835,0.02,8.179932023552793e-11
group:openEHR-EHR-COMPOSITION.hospitalisation.v1::Patient_discharge,field:cf_c9b3a708f95249,Patient discharge,fields/insertions 1,canonical_group,field,39.01664536933588,0.02,5.305500672084428e-13
subgroup:openEHR-EHR-COMPOSITION.hospitalisation.v1::Patient_discharge::Components,field:cf_c9b3a708f95249,Components,fields/insertions 1,canonical_subgroup,field,40.01664536933588,0.02,2.8540645752026227e-13
field:cf_79ed78f34fef6f,field:cf_c9b3a708f95249,date of discharge,fields/insertions 1,field,field,42.460664472418834,0.8854166666666666,3.1031536898029834e-12
field:cf_be52992cb12705,field:cf_c9b3a708f95249,hospital infection,fields/insertions 1,field,field,48.49997776766311,0.13541666666666666,1.1224490586681637e-14
field:cf_1285e1e2c004f2,field:cf_c9b3a708f95249,claim reason,fields/insertions 1,field,field,43.27965023291367,0.39375,8.305273556430766e-13
field:cf_80f721f9446bd3,field:cf_c9b3a708f95249,death indicator,fields/insertions 1,field,field,44.72045020860799,0.39375,3.3993855556220653e-13
group:openEHR-EHR-COMPOSITION.hospitalisation.v1::Authorization_for_hospital_admission,field:cf_c9b3a708f95249,Authorization for hospital admission,fields/insertions 1,canonical_group,field,35.41226309347055,0.02,4.957373494339827e-12
subgroup:openEHR-EHR-COMPOSITION.hospitalisation.v1::Authorization_for_hospital_admission::Components,field:cf_c9b3a708f95249,Components,fields/insertions 1,canonical_subgroup,field,36.41226309347055,0.02,2.6667914963593813e-12
field:cf_ba8421601b1980,field:cf_c9b3a708f95249,Issue date,fields/insertions 1,field,field,38.100139871286444,0.9270833333333334,4.851772910035013e-11
field:cf_ba09c313b94cba,field:cf_c9b3a708f95249,ICU - Total,fields/insertions 1,field,field,38.866011834887786,0.39375,1.2816858761547212e-11
group:openEHR-EHR-COMPOSITION.hospitalisation.v1::Patient_admission,field:cf_c9b3a708f95249,Patient admission,fields/insertions 1,canonical_group,field,37.74487501087208,0.02,1.1672571428833673e-12
subgroup:openEHR-EHR-COMPOSITION.hospitalisation.v1::Patient_admission::Tree,field:cf_c9b3a708f95249,Tree,fields/insertions 1,canonical_subgroup,field,41.44135968196445,0.02,1.1798900677084746e-13
field:cf_3db72fcc22b158,field:cf_c9b3a708f95249,Patient class,fields/insertions 1,field,field,49.98829511688691,0.13541666666666666,4.4608587576116004e-15
subgroup:openEHR-EHR-COMPOSITION.hospitalisation.v1::Patient_admission::Tree_/_Assigned_patient_location_/_Facility,field:cf_c9b3a708f95249,Tree / Assigned patient location / Facility,fields/insertions 1,canonical_subgroup,field,40.06094730587347,0.02,2.7767382412939897e-13
field:cf_9449e602105d68,field:cf_c9b3a708f95249,Universal ID,fields/insertions 1,field,field,41.06094730587347,0.7395833333333334,6.173538519347857e-12
subgroup:openEHR-EHR-COMPOSITION.hospitalisation.v1::Patient_admission::Tree_/_Assigned_patient_location_/_Address,field:cf_c9b3a708f95249,Tree / Assigned patient location / Address,fields/insertions 1,canonical_subgroup,field,41.103879498840854,0.02,1.4544953248986673e-13
field:cf_1d8359b2d21168,field:cf_c9b3a708f95249,State/province,fields/insertions 1,field,field,42.103879498840854,0.4875,2.131567327671669e-12
field:cf_10f7d6c8e1d5c5,field:cf_c9b3a708f95249,Admission type,fields/insertions 1,field,field,46.20876755783179,0.39375,1.3509903820747149e-13
field:cf_2a67f6f1c22886,field:cf_c9b3a708f95249,Hospital service,fields/insertions 1,field,field,44.36739616123807,0.59375,6.380397317795241e-13
field:cf_22f759c45e42f4,field:cf_c9b3a708f95249,Admit date/time,fields/insertions 1,field,field,44.022052580100656,0.9583333333333334,1.275700714261679e-12
group:openEHR-EHR-COMPOSITION.hospitalisation.v1::Problem/Diagnosis,field:cf_c9b3a708f95249,Problem/Diagnosis,fields/insertions 1,canonical_group,field,34.132499761527384,0.02,1.096084447133186e-11
subgroup:openEHR-EHR-COMPOSITION.hospitalisation.v1::Problem/Diagnosis::structure,field:cf_c9b3a708f95249,structure,fields/insertions 1,canonical_subgroup,field,35.132499761527384,0.02,5.896325314693309e-12
field:cf_2db2fd852fb674,field:cf_c9b3a708f95249,Problem,fields/insertions 1,field,field,37.17168888779632,0.9583333333333334,8.918573423442915e-11
field:cf_49398dcbba5447,field:cf_c9b3a708f95249,Secondary Diagnosis,fields/insertions 1,field,field,37.09478850639749,1.0815217391304348,1.0556512010664854e-10
group:openEHR-EHR-COMPOSITION.hospitalisation.v1::Procedure_undertaken,field:cf_c9b3a708f95249,Procedure undertaken,fields/insertions 1,canonical_group,field,35.8555413753495,0.02,3.7661133509657785e-12
subgroup:openEHR-EHR-COMPOSITION.hospitalisation.v1::Procedure_undertaken::Procedure_list,field:cf_c9b3a708f95249,Procedure list,fields/insertions 1,canonical_subgroup,field,36.8555413753495,0.02,2.0259597285030863e-12
field:cf_18704e514938d4,field:cf_c9b3a708f95249,Procedure,fields/insertions 1,field,field,37.8555413753495,0.6770833333333334,4.123680765694633e-11
family:openEHR-EHR-COMPOSITION.demographic_data.v1,field:cf_c9b3a708f95249,openEHR-EHR-COMPOSITION.demographic_data.v1,fields/insertions 1,composition_family,field,31.065616673717255,0.02,7.339067201629568e-11
group:openEHR-EHR-COMPOSITION.demographic_data.v1::Demographic_data,field:cf_c9b3a708f95249,Demographic data,fields/insertions 1,canonical_group,field,32.06561667371726,0.02,3.948010378250122e-11
subgroup:openEHR-EHR-COMPOSITION.demographic_data.v1::Demographic_data::components,field:cf_c9b3a708f95249,components,fields/insertions 1,canonical_subgroup,field,33.06561667371726,0.02,2.1238102225457057e-11
field:cf_7f3b6795a0e812,field:cf_c9b3a708f95249,birth date,fields/insertions 1,field,field,36.050325437756726,1.09375,2.0400371588921138e-10
field:cf_e7551706658b4a,field:cf_c9b3a708f95249,gender,fields/insertions 1,field,field,37.18947547771874,0.39375,3.624182854758992e-11
field:cf_19e1b0f55ef007,field:cf_c9b3a708f95249,race,fields/insertions 1,field,field,43.84893216705416,0.1846590909090909,2.736640478158446e-13
field:cf_4122372d727029,field:cf_c9b3a708f95249,ethnic group,fields/insertions 1,field,field,47.84893216705416,0.1846590909090909,2.291751009271577e-14
field:cf_7ab0248b87b82e,field:cf_c9b3a708f95249,educational level,fields/insertions 1,field,field,39.05728934634744,0.39375,1.1383550081059707e-11
field:cf_eee397355aecbe,field:cf_c9b3a708f95249,nationality,fields/insertions 1,field,field,40.39117185271231,0.39375,4.978666997477966e-12
schema:root,field:cf_bbec72e0a270f7,EHR Schema,fields/insertions 2,root,field,26.903374634061795,0.02,9.691185120643765e-10
family:openEHR-EHR-COMPOSITION.outpatient_high_complexity_procedures.v1,field:cf_bbec72e0a270f7,openEHR-EHR-COMPOSITION.outpatient_high_complexity_procedures.v1,fields/insertions 2,composition_family,field,21.78888137476703,0.02,2.3095030157063363e-08
group:openEHR-EHR-COMPOSITION.outpatient_high_complexity_procedures.v1::HCPA,field:cf_bbec72e0a270f7,HCPA,fields/insertions 2,canonical_group,field,34.587468606112225,0.02,8.266809521772146e-12
subgroup:openEHR-EHR-COMPOSITION.outpatient_high_complexity_procedures.v1::HCPA::components_/_General_data,field:cf_bbec72e0a270f7,components / General data,fields/insertions 2,canonical_subgroup,field,38.33974941124021,0.02,8.072148170801677e-13
field:cf_5cd62eaa6e16a8,field:cf_bbec72e0a270f7,issue date,fields/insertions 2,field,field,43.2323490440211,0.5096153846153846,1.1069100875015302e-12
field:cf_775d9002cb4e7b,field:cf_bbec72e0a270f7,reason for encounter,fields/insertions 2,field,field,43.136326262324296,0.425,9.7974732601568e-13
field:cf_b87e8363f020f7,field:cf_bbec72e0a270f7,healthcare unit,fields/insertions 2,field,field,43.49019574755967,0.425,7.867382704583632e-13
field:cf_8b431261fa7dca,field:cf_bbec72e0a270f7,State,fields/insertions 2,field,field,44.42595005147826,0.425,4.4041962188675303e-13
field:cf_16800b2d3f5ef6,field:cf_bbec72e0a270f7,patient age,fields/insertions 2,field,field,42.712985533689675,0.49038461538461536,1.4697782281956907e-12
group:openEHR-EHR-COMPOSITION.outpatient_high_complexity_procedures.v1::Patient_discharge,field:cf_bbec72e0a270f7,Patient discharge,fields/insertions 2,canonical_group,field,26.92842760370249,0.02,9.541816543694075e-10
subgroup:openEHR-EHR-COMPOSITION.outpatient_high_complexity_procedures.v1::Patient_discharge::Components,field:cf_bbec72e0a270f7,Components,fields/insertions 2,canonical_subgroup,field,27.92842760370249,0.02,5.132967134229066e-10
field:cf_469c691048a0ce,field:cf_bbec72e0a270f7,date of discharge,fields/insertions 2,field,field,29.891807299052704,0.4168269230769231,3.5394375177553615e-09
field:cf_49533263f29569,field:cf_bbec72e0a270f7,reason for discharge,fields/insertions 2,field,field,29.966439931371983,0.39375,3.19229692304655e-09
group:openEHR-EHR-COMPOSITION.outpatient_high_complexity_procedures.v1::Problem/Diagnosis,field:cf_bbec72e0a270f7,Problem/Diagnosis,fields/insertions 2,canonical_group,field,31.783585680833212,0.02,4.7023903563725216e-11
subgroup:openEHR-EHR-COMPOSITION.outpatient_high_complexity_procedures.v1::Problem/Diagnosis::structure,field:cf_bbec72e0a270f7,structure,fields/insertions 2,canonical_subgroup,field,36.42689899613195,0.02,2.64270180126254e-12
field:cf_bd9db9ae67063d,field:cf_bbec72e0a270f7,Problem,fields/insertions 2,field,field,40.20057624969534,0.425,6.047859674691719e-12
field:cf_4e7e8ca2916a1e,field:cf_bbec72e0a270f7,Secondary Diagnosis,fields/insertions 2,field,field,39.72791127233289,0.425,8.107233781940802e-12
field:cf_0a229c157b8d2a,field:cf_bbec72e0a270f7,Associated causes,fields/insertions 2,field,field,39.99416250537764,0.425,6.873551690425197e-12
group:openEHR-EHR-COMPOSITION.outpatient_high_complexity_procedures.v1::Procedure_undertaken,field:cf_bbec72e0a270f7,Procedure undertaken,fields/insertions 2,canonical_group,field,6.781511583285634,0.02,0.00025377078577901624
subgroup:openEHR-EHR-COMPOSITION.outpatient_high_complexity_procedures.v1::Procedure_undertaken::Procedure_list,field:cf_bbec72e0a270f7,Procedure list,fields/insertions 2,canonical_subgroup,field,5.781511583285634,0.02,0.00047174162988599435
field:cf_0b6364bb149692,field:cf_bbec72e0a270f7,Procedure,fields/insertions 2,field,field,6.455440147416946,0.39375,0.006834955806248636
field:cf_af0c9a7d79fe64,field:cf_bbec72e0a270f7,Invaded regional linphonodes,fields/insertions 2,field,field,43.01702417260864,0.23173076923076924,5.752179743916769e-13
field:cf_e5c01940113606,field:cf_bbec72e0a270f7,irradiated area 1,fields/insertions 2,field,field,8.0,0.1610576923076923,0.0010730116743847648
field:cf_fc5be63ab59287,field:cf_bbec72e0a270f7,irradiated area 2,fields/insertions 2,field,field,3.6331877729257647,0.31490384615384615,0.03144995739075277
field:cf_821e1930333a5c,field:cf_bbec72e0a270f7,irradiated area 3,fields/insertions 2,field,field,12.0,0.10336538461538461,5.766971230710034e-05
field:cf_c9b3a708f95249,field:cf_bbec72e0a270f7,fields/insertions 1,fields/insertions 2,field,field,4.0,0.1923076923076923,0.015299243137035798
field:cf_bbec72e0a270f7,field:cf_bbec72e0a270f7,fields/insertions 2,fields/insertions 2,field,field,0.0,0.23557692307692307,0.23557692307692307
family:openEHR-EHR-COMPOSITION.hospitalisation.v1,field:cf_bbec72e0a270f7,openEHR-EHR-COMPOSITION.hospitalisation.v1,fields/insertions 2,composition_family,field,29.305057986031013,0.02,2.1862178543260582e-10
group:openEHR-EHR-COMPOSITION.hospitalisation.v1::Patient_discharge,field:cf_bbec72e0a270f7,Patient discharge,fields/insertions 2,canonical_group,field,37.43104166583854,0.02,1.4179800348037773e-12
subgroup:openEHR-EHR-COMPOSITION.hospitalisation.v1::Patient_discharge::Components,field:cf_bbec72e0a270f7,Components,fields/insertions 2,canonical_subgroup,field,38.43104166583854,0.02,7.627944723429968e-13
field:cf_79ed78f34fef6f,field:cf_bbec72e0a270f7,date of discharge,fields/insertions 2,field,field,40.87506076892149,0.8854166666666666,8.29367527973481e-12
field:cf_be52992cb12705,field:cf_bbec72e0a270f7,hospital infection,fields/insertions 2,field,field,46.91437406416577,0.13541666666666666,2.999924896155817e-14
field:cf_1285e1e2c004f2,field:cf_bbec72e0a270f7,claim reason,fields/insertions 2,field,field,41.694046529416326,0.39375,2.219717386629931e-12
field:cf_80f721f9446bd3,field:cf_bbec72e0a270f7,death indicator,fields/insertions 2,field,field,43.13484650511065,0.39375,9.085402389702549e-13
group:openEHR-EHR-COMPOSITION.hospitalisation.v1::Authorization_for_hospital_admission,field:cf_bbec72e0a270f7,Authorization for hospital admission,fields/insertions 2,canonical_group,field,33.826659389973216,0.02,1.3249374704682765e-11
subgroup:openEHR-EHR-COMPOSITION.hospitalisation.v1::Authorization_for_hospital_admission::Components,field:cf_bbec72e0a270f7,Components,fields/insertions 2,canonical_subgroup,field,34.826659389973216,0.02,7.1274274239916694e-12
field:cf_ba8421601b1980,field:cf_bbec72e0a270f7,Issue date,fields/insertions 2,field,field,36.51453616778911,0.9270833333333334,1.296714022868753e-10
field:cf_ba09c313b94cba,field:cf_bbec72e0a270f7,ICU - Total,fields/insertions 2,field,field,37.28040813139046,0.39375,3.425510796445416e-11
group:openEHR-EHR-COMPOSITION.hospitalisation.v1::Patient_admission,field:cf_bbec72e0a270f7,Patient admission,fields/insertions 2,canonical_group,field,36.15927130737474,0.02,3.1196816782994494e-12
subgroup:openEHR-EHR-COMPOSITION.hospitalisation.v1::Patient_admission::Tree,field:cf_bbec72e0a270f7,Tree,fields/insertions 2,canonical_subgroup,field,39.85575597846711,0.02,3.1534451933573705e-13
field:cf_3db72fcc22b158,field:cf_bbec72e0a270f7,Patient class,fields/insertions 2,field,field,48.40269141338957,0.13541666666666666,1.1922359542153637e-14
subgroup:openEHR-EHR-COMPOSITION.hospitalisation.v1::Patient_admission::Tree_/_Assigned_patient_location_/_Facility,field:cf_bbec72e0a270f7,Tree / Assigned patient location / Facility,fields/insertions 2,canonical_subgroup,field,38.47534360237613,0.02,7.421277710410916e-13
field:cf_9449e602105d68,field:cf_bbec72e0a270f7,Universal ID,fields/insertions 2,field,field,39.47534360237613,0.7395833333333334,1.6499770531718875e-11
subgroup:openEHR-EHR-COMPOSITION.hospitalisation.v1::Patient_admission::Tree_/_Assigned_patient_location_/_Address,field:cf_bbec72e0a270f7,Tree / Assigned patient location / Address,fields/insertions 2,canonical_subgroup,field,39.51827579534351,0.02,3.887371727749601e-13
field:cf_1d8359b2d21168,field:cf_bbec72e0a270f7,State/province,fields/insertions 2,field,field,40.51827579534351,0.4875,5.696955104316249e-12
field:cf_10f7d6c8e1d5c5,field:cf_bbec72e0a270f7,Admission type,fields/insertions 2,field,field,44.62316385433445,0.39375,3.610738189278638e-13
field:cf_2a67f6f1c22886,field:cf_bbec72e0a270f7,Hospital service,fields/insertions 2,field,field,42.78179245774073,0.59375,1.7052633803917178e-12
field:cf_22f759c45e42f4,field:cf_bbec72e0a270f7,Admit date/time,fields/insertions 2,field,field,42.436448876603315,0.9583333333333334,3.4095144926205366e-12
group:openEHR-EHR-COMPOSITION.hospitalisation.v1::Problem/Diagnosis,field:cf_bbec72e0a270f7,Problem/Diagnosis,fields/insertions 2,canonical_group,field,32.54689605803005,0.02,2.929461248910111e-11
subgroup:openEHR-EHR-COMPOSITION.hospitalisation.v1::Problem/Diagnosis::structure,field:cf_bbec72e0a270f7,structure,fields/insertions 2,canonical_subgroup,field,33.54689605803005,0.02,1.575887384000341e-11
field:cf_2db2fd852fb674,field:cf_bbec72e0a270f7,Problem,fields/insertions 2,field,field,35.586085184298994,0.9583333333333334,2.3836315995423267e-10
field:cf_49398dcbba5447,field:cf_bbec72e0a270f7,Secondary Diagnosis,fields/insertions 2,field,field,35.50918480290016,1.0815217391304348,2.8213969224525587e-10
group:openEHR-EHR-COMPOSITION.hospitalisation.v1::Procedure_undertaken,field:cf_bbec72e0a270f7,Procedure undertaken,fields/insertions 2,canonical_group,field,34.26993767185217,0.02,1.0065541162921607e-11
subgroup:openEHR-EHR-COMPOSITION.hospitalisation.v1::Procedure_undertaken::Procedure_list,field:cf_bbec72e0a270f7,Procedure list,fields/insertions 2,canonical_subgroup,field,35.26993767185217,0.02,5.414701879973924e-12
field:cf_18704e514938d4,field:cf_bbec72e0a270f7,Procedure,fields/insertions 2,field,field,36.26993767185217,0.6770833333333334,1.102119735169505e-10
family:openEHR-EHR-COMPOSITION.demographic_data.v1,field:cf_bbec72e0a270f7,openEHR-EHR-COMPOSITION.demographic_data.v1,fields/insertions 2,composition_family,field,29.480012970219917,0.02,1.9614832622206317e-10
group:openEHR-EHR-COMPOSITION.demographic_data.v1::Demographic_data,field:cf_bbec72e0a270f7,Demographic data,fields/insertions 2,canonical_group,field,30.480012970219917,0.02,1.0551690103466479e-10
subgroup:openEHR-EHR-COMPOSITION.demographic_data.v1::Demographic_data::components,field:cf_bbec72e0a270f7,components,fields/insertions 2,canonical_subgroup,field,31.480012970219917,0.02,5.676222998382562e-11
field:cf_7f3b6795a0e812,field:cf_bbec72e0a270f7,birth date,fields/insertions 2,field,field,34.464721734259385,1.09375,5.452326067523313e-10
field:cf_e7551706658b4a,field:cf_bbec72e0a270f7,gender,fields/insertions 2,field,field,35.603871774221396,0.39375,9.686209178270418e-11
field:cf_19e1b0f55ef007,field:cf_bbec72e0a270f7,race,fields/insertions 2,field,field,42.26332846355682,0.1846590909090909,7.314110015822437e-13
field:cf_4122372d727029,field:cf_bbec72e0a270f7,ethnic group,fields/insertions 2,field,field,46.26332846355682,0.1846590909090909,6.125071650611582e-14
field:cf_7ab0248b87b82e,field:cf_bbec72e0a270f7,educational level,fields/insertions 2,field,field,37.4716856428501,0.39375,3.042436093743798e-11
field:cf_eee397355aecbe,field:cf_bbec72e0a270f7,nationality,fields/insertions 2,field,field,38.80556814921497,0.39375,1.3306285002479554e-11
schema:root,family:openEHR-EHR-COMPOSITION.hospitalisation.v1,EHR Schema,openEHR-EHR-COMPOSITION.hospitalisation.v1,root,composition_family,2.401683351969219,0.02,0.0036094125985381385
family:openEHR-EHR-COMPOSITION.outpatient_high_complexity_procedures.v1,family:openEHR-EHR-COMPOSITION.hospitalisation.v1,openEHR-EHR-COMPOSITION.outpatient_high_complexity_procedures.v1,openEHR-EHR-COMPOSITION.hospitalisation.v1,composition_family,composition_family,7.516176611263983,0.02,0.0001798574799413767
group:openEHR-EHR-COMPOSITION.outpatient_high_complexity_procedures.v1::HCPA,family:openEHR-EHR-COMPOSITION.hospitalisation.v1,HCPA,openEHR-EHR-COMPOSITION.hospitalisation.v1,canonical_group,composition_family,20.314763842609175,0.02,5.4214353482510236e-08
subgroup:openEHR-EHR-COMPOSITION.outpatient_high_complexity_procedures.v1::HCPA::components_/_General_data,family:openEHR-EHR-COMPOSITION.hospitalisation.v1,components / General data,openEHR-EHR-COMPOSITION.hospitalisation.v1,canonical_subgroup,composition_family,24.067044647737163,0.02,5.293774982264586e-09
field:cf_5cd62eaa6e16a8,family:openEHR-EHR-COMPOSITION.hospitalisation.v1,issue date,openEHR-EHR-COMPOSITION.hospitalisation.v1,field,composition_family,28.95964428051805,0.5096153846153846,6.90101476332323e-09
field:cf_775d9002cb4e7b,family:openEHR-EHR-COMPOSITION.hospitalisation.v1,reason for encounter,openEHR-EHR-COMPOSITION.hospitalisation.v1,field,composition_family,28.863621498821246,0.425,6.108220385290614e-09
field:cf_b87e8363f020f7,family:openEHR-EHR-COMPOSITION.hospitalisation.v1,healthcare unit,openEHR-EHR-COMPOSITION.hospitalisation.v1,field,composition_family,29.21749098405662,0.425,4.9049082491960065e-09
field:cf_8b431261fa7dca,family:openEHR-EHR-COMPOSITION.hospitalisation.v1,State,openEHR-EHR-COMPOSITION.hospitalisation.v1,field,composition_family,30.153245287975206,0.425,2.7457896960339297e-09
field:cf_16800b2d3f5ef6,family:openEHR-EHR-COMPOSITION.hospitalisation.v1,patient age,openEHR-EHR-COMPOSITION.hospitalisation.v1,field,composition_family,28.44028077018662,0.49038461538461536,9.163310883256843e-09
group:openEHR-EHR-COMPOSITION.outpatient_high_complexity_procedures.v1::Patient_discharge,family:openEHR-EHR-COMPOSITION.hospitalisation.v1,Patient discharge,openEHR-EHR-COMPOSITION.hospitalisation.v1,canonical_group,composition_family,12.655722840199445,0.02,6.2575944637732555e-06
subgroup:openEHR-EHR-COMPOSITION.outpatient_high_complexity_procedures.v1::Patient_discharge::Components,family:openEHR-EHR-COMPOSITION.hospitalisation.v1,Components,openEHR-EHR-COMPOSITION.hospitalisation.v1,canonical_subgroup,composition_family,13.655722840199445,0.02,3.366238134510053e-06
field:cf_469c691048a0ce,family:openEHR-EHR-COMPOSITION.hospitalisation.v1,date of discharge,openEHR-EHR-COMPOSITION.hospitalisation.v1,field,composition_family,15.619102535549658,0.4168269230769231,2.206657147648053e-05
field:cf_49533263f29569,family:openEHR-EHR-COMPOSITION.hospitalisation.v1,reason for discharge,openEHR-EHR-COMPOSITION.hospitalisation.v1,field,composition_family,15.693735167868937,0.39375,1.9902328512138587e-05
group:openEHR-EHR-COMPOSITION.outpatient_high_complexity_procedures.v1::Problem/Diagnosis,family:openEHR-EHR-COMPOSITION.hospitalisation.v1,Problem/Diagnosis,openEHR-EHR-COMPOSITION.hospitalisation.v1,canonical_group,composition_family,17.510880917330162,0.02,3.083862671828885e-07
subgroup:openEHR-EHR-COMPOSITION.outpatient_high_complexity_procedures.v1::Problem/Diagnosis::structure,family:openEHR-EHR-COMPOSITION.hospitalisation.v1,structure,openEHR-EHR-COMPOSITION.hospitalisation.v1,canonical_subgroup,composition_family,22.1541942326289,0.02,1.7331035537371495e-08
field:cf_bd9db9ae67063d,family:openEHR-EHR-COMPOSITION.hospitalisation.v1,Problem,openEHR-EHR-COMPOSITION.hospitalisation.v1,field,composition_family,25.927871486192284,0.425,3.770529275395828e-08
field:cf_4e7e8ca2916a1e,family:openEHR-EHR-COMPOSITION.hospitalisation.v1,Secondary Diagnosis,openEHR-EHR-COMPOSITION.hospitalisation.v1,field,composition_family,25.455206508829832,0.425,5.054443052838215e-08
field:cf_0a229c157b8d2a,family:openEHR-EHR-COMPOSITION.hospitalisation.v1,Associated causes,openEHR-EHR-COMPOSITION.hospitalisation.v1,field,composition_family,25.721457741874588,0.425,4.285305755877301e-08
group:openEHR-EHR-COMPOSITION.outpatient_high_complexity_procedures.v1::Procedure_undertaken,family:openEHR-EHR-COMPOSITION.hospitalisation.v1,Procedure undertaken,openEHR-EHR-COMPOSITION.hospitalisation.v1,canonical_group,composition_family,22.523546402745378,0.02,1.378388988387227e-08
subgroup:openEHR-EHR-COMPOSITION.outpatient_high_complexity_procedures.v1::Procedure_undertaken::Procedure_list,family:openEHR-EHR-COMPOSITION.hospitalisation.v1,Procedure list,openEHR-EHR-COMPOSITION.hospitalisation.v1,canonical_subgroup,composition_family,23.523546402745378,0.02,7.414966891446585e-09
field:cf_0b6364bb149692,family:openEHR-EHR-COMPOSITION.hospitalisation.v1,Procedure,openEHR-EHR-COMPOSITION.hospitalisation.v1,field,composition_family,27.250921714061484,0.39375,1.5381051902019266e-08
field:cf_af0c9a7d79fe64,family:openEHR-EHR-COMPOSITION.hospitalisation.v1,Invaded regional linphonodes,openEHR-EHR-COMPOSITION.hospitalisation.v1,field,composition_family,28.744319409105586,0.23173076923076924,3.5861880546827817e-09
field:cf_e5c01940113606,family:openEHR-EHR-COMPOSITION.hospitalisation.v1,irradiated area 1,openEHR-EHR-COMPOSITION.hospitalisation.v1,field,composition_family,32.51158414844699,0.1610576923076923,2.4112786995855153e-10
field:cf_fc5be63ab59287,family:openEHR-EHR-COMPOSITION.hospitalisation.v1,irradiated area 2,openEHR-EHR-COMPOSITION.hospitalisation.v1,field,composition_family,27.666284379906262,0.31490384615384615,9.508276737682628e-09
field:cf_821e1930333a5c,family:openEHR-EHR-COMPOSITION.hospitalisation.v1,irradiated area 3,openEHR-EHR-COMPOSITION.hospitalisation.v1,field,composition_family,36.51158414844699,0.10336538461538461,1.295957464554777e-11
field:cf_c9b3a708f95249,family:openEHR-EHR-COMPOSITION.hospitalisation.v1,fields/insertions 1,openEHR-EHR-COMPOSITION.hospitalisation.v1,field,composition_family,30.89066168952835,0.1923076923076923,7.865319253416146e-10
field:cf_bbec72e0a270f7,family:openEHR-EHR-COMPOSITION.hospitalisation.v1,fields/insertions 2,openEHR-EHR-COMPOSITION.hospitalisation.v1,field,composition_family,29.305057986031013,0.23557692307692307,2.575112376489828e-09
family:openEHR-EHR-COMPOSITION.hospitalisation.v1,family:openEHR-EHR-COMPOSITION.hospitalisation.v1,openEHR-EHR-COMPOSITION.hospitalisation.v1,openEHR-EHR-COMPOSITION.hospitalisation.v1,composition_family,composition_family,0.0,0.02,0.02
group:openEHR-EHR-COMPOSITION.hospitalisation.v1::Patient_discharge,family:openEHR-EHR-COMPOSITION.hospitalisation.v1,Patient discharge,openEHR-EHR-COMPOSITION.hospitalisation.v1,canonical_group,composition_family,8.125983679807531,0.02,0.0001037759366568448
subgroup:openEHR-EHR-COMPOSITION.hospitalisation.v1::Patient_discharge::Components,family:openEHR-EHR-COMPOSITION.hospitalisation.v1,Components,openEHR-EHR-COMPOSITION.hospitalisation.v1,canonical_subgroup,composition_family,9.125983679807531,0.02,5.582568788072693e-05
field:cf_79ed78f34fef6f,family:openEHR-EHR-COMPOSITION.hospitalisation.v1,date of discharge,openEHR-EHR-COMPOSITION.hospitalisation.v1,field,composition_family,11.570002782890484,0.8854166666666666,0.0005770292555583716
field:cf_be52992cb12705,family:openEHR-EHR-COMPOSITION.hospitalisation.v1,hospital infection,openEHR-EHR-COMPOSITION.hospitalisation.v1,field,composition_family,17.60931607813476,0.13541666666666666,2.08718616436496e-06
field:cf_1285e1e2c004f2,family:openEHR-EHR-COMPOSITION.hospitalisation.v1,claim reason,openEHR-EHR-COMPOSITION.hospitalisation.v1,field,composition_family,12.388988543385315,0.39375,0.00015443598018440862
field:cf_80f721f9446bd3,family:openEHR-EHR-COMPOSITION.hospitalisation.v1,death indicator,openEHR-EHR-COMPOSITION.hospitalisation.v1,field,composition_family,13.829788519079642,0.39375,6.321133635637033e-05
group:openEHR-EHR-COMPOSITION.hospitalisation.v1::Authorization_for_hospital_admission,family:openEHR-EHR-COMPOSITION.hospitalisation.v1,Authorization for hospital admission,openEHR-EHR-COMPOSITION.hospitalisation.v1,canonical_group,composition_family,4.521601403942201,0.02,0.0009696654652025697
subgroup:openEHR-EHR-COMPOSITION.hospitalisation.v1::Authorization_for_hospital_admission::Components,family:openEHR-EHR-COMPOSITION.hospitalisation.v1,Components,openEHR-EHR-COMPOSITION.hospitalisation.v1,canonical_subgroup,composition_family,5.521601403942201,0.02,0.0005216261433333747
field:cf_ba8421601b1980,family:openEHR-EHR-COMPOSITION.hospitalisation.v1,Issue date,openEHR-EHR-COMPOSITION.hospitalisation.v1,field,composition_family,7.209478181758094,0.9270833333333334,0.009021837750464532
field:cf_ba09c313b94cba,family:openEHR-EHR-COMPOSITION.hospitalisation.v1,ICU - Total,openEHR-EHR-COMPOSITION.hospitalisation.v1,field,composition_family,7.975350145359441,0.39375,0.0023832859113858142
group:openEHR-EHR-COMPOSITION.hospitalisation.v1::Patient_admission,family:openEHR-EHR-COMPOSITION.hospitalisation.v1,Patient admission,openEHR-EHR-COMPOSITION.hospitalisation.v1,canonical_group,composition_family,6.854213321343728,0.02,0.00022831625290233558
subgroup:openEHR-EHR-COMPOSITION.hospitalisation.v1::Patient_admission::Tree,family:openEHR-EHR-COMPOSITION.hospitalisation.v1,Tree,openEHR-EHR-COMPOSITION.hospitalisation.v1,canonical_subgroup,composition_family,10.550697992436103,0.02,2.3078726117746115e-05
field:cf_3db72fcc22b158,family:openEHR-EHR-COMPOSITION.hospitalisation.v1,Patient class,openEHR-EHR-COMPOSITION.hospitalisation.v1,field,composition_family,19.09763342735856,0.13541666666666666,8.294935621506684e-07
subgroup:openEHR-EHR-COMPOSITION.hospitalisation.v1::Patient_admission::Tree_/_Assigned_patient_location_/_Facility,family:openEHR-EHR-COMPOSITION.hospitalisation.v1,Tree / Assigned patient location / Facility,openEHR-EHR-COMPOSITION.hospitalisation.v1,canonical_subgroup,composition_family,9.170285616345119,0.02,5.4313179782889605e-05
field:cf_9449e602105d68,family:openEHR-EHR-COMPOSITION.hospitalisation.v1,Universal ID,openEHR-EHR-COMPOSITION.hospitalisation.v1,field,composition_family,10.170285616345119,0.7395833333333334,0.0011479651644989578
subgroup:openEHR-EHR-COMPOSITION.hospitalisation.v1::Patient_admission::Tree_/_Assigned_patient_location_/_Address,family:openEHR-EHR-COMPOSITION.hospitalisation.v1,Tree / Assigned patient location / Address,openEHR-EHR-COMPOSITION.hospitalisation.v1,canonical_subgroup,composition_family,10.213217809312503,0.02,2.845002272802634e-05
field:cf_1d8359b2d21168,family:openEHR-EHR-COMPOSITION.hospitalisation.v1,State/province,openEHR-EHR-COMPOSITION.hospitalisation.v1,field,composition_family,11.213217809312503,0.4875,0.00039636345189755003
field:cf_10f7d6c8e1d5c5,family:openEHR-EHR-COMPOSITION.hospitalisation.v1,Admission type,openEHR-EHR-COMPOSITION.hospitalisation.v1,field,composition_family,15.318105868303443,0.39375,2.512157154822022e-05
field:cf_2a67f6f1c22886,family:openEHR-EHR-COMPOSITION.hospitalisation.v1,Hospital service,openEHR-EHR-COMPOSITION.hospitalisation.v1,field,composition_family,13.476734471709722,0.59375,0.00011864304132122321
field:cf_22f759c45e42f4,family:openEHR-EHR-COMPOSITION.hospitalisation.v1,Admit date/time,openEHR-EHR-COMPOSITION.hospitalisation.v1,field,composition_family,13.13139089057231,0.9583333333333334,0.00023721565447582917
group:openEHR-EHR-COMPOSITION.hospitalisation.v1::Problem/Diagnosis,family:openEHR-EHR-COMPOSITION.hospitalisation.v1,Problem/Diagnosis,openEHR-EHR-COMPOSITION.hospitalisation.v1,canonical_group,composition_family,3.2418380719990356,0.02,0.0021439482753200165
subgroup:openEHR-EHR-COMPOSITION.hospitalisation.v1::Problem/Diagnosis::structure,family:openEHR-EHR-COMPOSITION.hospitalisation.v1,structure,openEHR-EHR-COMPOSITION.hospitalisation.v1,canonical_subgroup,composition_family,4.241838071999036,0.02,0.0011533250491990992
field:cf_2db2fd852fb674,family:openEHR-EHR-COMPOSITION.hospitalisation.v1,Problem,openEHR-EHR-COMPOSITION.hospitalisation.v1,field,composition_family,6.281027198267976,0.9583333333333334,0.016584024826365135
field:cf_49398dcbba5447,family:openEHR-EHR-COMPOSITION.hospitalisation.v1,Secondary Diagnosis,openEHR-EHR-COMPOSITION.hospitalisation.v1,field,composition_family,6.204126816869141,1.0815217391304348,0.01962976015923237
group:openEHR-EHR-COMPOSITION.hospitalisation.v1::Procedure_undertaken,family:openEHR-EHR-COMPOSITION.hospitalisation.v1,Procedure undertaken,openEHR-EHR-COMPOSITION.hospitalisation.v1,canonical_group,composition_family,4.9648796858211535,0.02,0.0007366542098632359
subgroup:openEHR-EHR-COMPOSITION.hospitalisation.v1::Procedure_undertaken::Procedure_list,family:openEHR-EHR-COMPOSITION.hospitalisation.v1,Procedure list,openEHR-EHR-COMPOSITION.hospitalisation.v1,canonical_subgroup,composition_family,5.9648796858211535,0.02,0.00039627903462662777
field:cf_18704e514938d4,family:openEHR-EHR-COMPOSITION.hospitalisation.v1,Procedure,openEHR-EHR-COMPOSITION.hospitalisation.v1,field,composition_family,6.9648796858211535,0.6770833333333334,0.007667955506709761
family:openEHR-EHR-COMPOSITION.demographic_data.v1,family:openEHR-EHR-COMPOSITION.hospitalisation.v1,openEHR-EHR-COMPOSITION.demographic_data.v1,openEHR-EHR-COMPOSITION.hospitalisation.v1,composition_family,composition_family,4.978321688127341,0.02,0.0008675167426414342
group:openEHR-EHR-COMPOSITION.demographic_data.v1::Demographic_data,family:openEHR-EHR-COMPOSITION.hospitalisation.v1,Demographic data,openEHR-EHR-COMPOSITION.hospitalisation.v1,canonical_group,composition_family,5.978321688127341,0.02,0.00039299015260986123
subgroup:openEHR-EHR-COMPOSITION.demographic_data.v1::Demographic_data::components,family:openEHR-EHR-COMPOSITION.hospitalisation.v1,components,openEHR-EHR-COMPOSITION.hospitalisation.v1,canonical_subgroup,composition_family,6.978321688127341,0.02,0.00021140686662595717
field:cf_7f3b6795a0e812,family:openEHR-EHR-COMPOSITION.hospitalisation.v1,birth date,openEHR-EHR-COMPOSITION.hospitalisation.v1,field,composition_family,9.963030452166807,1.09375,0.0019304818362203616
field:cf_e7551706658b4a,family:openEHR-EHR-COMPOSITION.hospitalisation.v1,gender,openEHR-EHR-COMPOSITION.hospitalisation.v1,field,composition_family,11.102180492128824,0.39375,0.0003429554771469468
field:cf_19e1b0f55ef007,family:openEHR-EHR-COMPOSITION.hospitalisation.v1,race,openEHR-EHR-COMPOSITION.hospitalisation.v1,field,composition_family,17.76163718146424,0.1846590909090909,2.589675738171033e-06
field:cf_4122372d727029,family:openEHR-EHR-COMPOSITION.hospitalisation.v1,ethnic group,openEHR-EHR-COMPOSITION.hospitalisation.v1,field,composition_family,21.76163718146424,0.1846590909090909,2.1686779955229372e-07
field:cf_7ab0248b87b82e,family:openEHR-EHR-COMPOSITION.hospitalisation.v1,educational level,openEHR-EHR-COMPOSITION.hospitalisation.v1,field,composition_family,12.969994360757518,0.39375,0.00010772223715339112
field:cf_eee397355aecbe,family:openEHR-EHR-COMPOSITION.hospitalisation.v1,nationality,openEHR-EHR-COMPOSITION.hospitalisation.v1,field,composition_family,14.303876867122394,0.39375,4.711299578700101e-05
schema:root,group:openEHR-EHR-COMPOSITION.hospitalisation.v1::Patient_discharge,EHR Schema,Patient discharge,root,canonical_group,10.52766703177675,0.02,2.3410635824644472e-05
family:openEHR-EHR-COMPOSITION.outpatient_high_complexity_procedures.v1,group:openEHR-EHR-COMPOSITION.hospitalisation.v1::Patient_discharge,openEHR-EHR-COMPOSITION.outpatient_high_complexity_procedures.v1,Patient discharge,composition_family,canonical_group,15.642160291071512,0.02,9.823620234555831e-07
group:openEHR-EHR-COMPOSITION.outpatient_high_complexity_procedures.v1::HCPA,group:openEHR-EHR-COMPOSITION.hospitalisation.v1::Patient_discharge,HCPA,Patient discharge,canonical_group,canonical_group,28.440747522416707,0.02,4.1756547244126023e-10
subgroup:openEHR-EHR-COMPOSITION.outpatient_high_complexity_procedures.v1::HCPA::components_/_General_data,group:openEHR-EHR-COMPOSITION.hospitalisation.v1::Patient_discharge,components / General data,Patient discharge,canonical_subgroup,canonical_group,32.193028327544695,0.02,3.433540357719243e-11
field:cf_5cd62eaa6e16a8,group:openEHR-EHR-COMPOSITION.hospitalisation.v1::Patient_discharge,issue date,Patient discharge,field,canonical_group,37.08562796032558,0.5096153846153846,4.475995443416143e-11
field:cf_775d9002cb4e7b,group:openEHR-EHR-COMPOSITION.hospitalisation.v1::Patient_discharge,reason for encounter,Patient discharge,field,canonical_group,36.98960517862878,0.425,3.961789323687297e-11
field:cf_b87e8363f020f7,group:openEHR-EHR-COMPOSITION.hospitalisation.v1::Patient_discharge,healthcare unit,Patient discharge,field,canonical_group,37.34347466386415,0.425,3.1813215486012547e-11
field:cf_8b431261fa7dca,group:openEHR-EHR-COMPOSITION.hospitalisation.v1::Patient_discharge,State,Patient discharge,field,canonical_group,38.27922896778274,0.425,1.7809181098039595e-11
field:cf_16800b2d3f5ef6,group:openEHR-EHR-COMPOSITION.hospitalisation.v1::Patient_discharge,patient age,Patient discharge,field,canonical_group,36.56626444999416,0.49038461538461536,5.943319811173975e-11
group:openEHR-EHR-COMPOSITION.outpatient_high_complexity_procedures.v1::Patient_discharge,group:openEHR-EHR-COMPOSITION.hospitalisation.v1::Patient_discharge,Patient discharge,Patient discharge,canonical_group,canonical_group,20.781706520006974,0.02,4.819674534077495e-08
subgroup:openEHR-EHR-COMPOSITION.outpatient_high_complexity_procedures.v1::Patient_discharge::Components,group:openEHR-EHR-COMPOSITION.hospitalisation.v1::Patient_discharge,Components,Patient discharge,canonical_subgroup,canonical_group,21.781706520006974,0.02,2.183340721367318e-08
field:cf_469c691048a0ce,group:openEHR-EHR-COMPOSITION.hospitalisation.v1::Patient_discharge,date of discharge,Patient discharge,field,canonical_group,23.745086215357187,0.4168269230769231,1.4312369523606148e-07
field:cf_49533263f29569,group:openEHR-EHR-COMPOSITION.hospitalisation.v1::Patient_discharge,reason for discharge,Patient discharge,field,canonical_group,23.819718847676466,0.39375,1.2908642393746326e-07
group:openEHR-EHR-COMPOSITION.outpatient_high_complexity_procedures.v1::Problem/Diagnosis,group:openEHR-EHR-COMPOSITION.hospitalisation.v1::Patient_discharge,Problem/Diagnosis,Patient discharge,canonical_group,canonical_group,25.636864597137695,0.02,2.3752281283251255e-09
subgroup:openEHR-EHR-COMPOSITION.outpatient_high_complexity_procedures.v1::Problem/Diagnosis::structure,group:openEHR-EHR-COMPOSITION.hospitalisation.v1::Patient_discharge,structure,Patient discharge,canonical_subgroup,canonical_group,30.280177912436432,0.02,1.12409027882737e-10
field:cf_bd9db9ae67063d,group:openEHR-EHR-COMPOSITION.hospitalisation.v1::Patient_discharge,Problem,Patient discharge,field,canonical_group,34.05385516599981,0.425,2.4455637952891044e-10
field:cf_4e7e8ca2916a1e,group:openEHR-EHR-COMPOSITION.hospitalisation.v1::Patient_discharge,Secondary Diagnosis,Patient discharge,field,canonical_group,33.581190188637365,0.425,3.278309763043552e-10
field:cf_0a229c157b8d2a,group:openEHR-EHR-COMPOSITION.hospitalisation.v1::Patient_discharge,Associated causes,Patient discharge,field,canonical_group,33.84744142168212,0.425,2.7794476167320924e-10
group:openEHR-EHR-COMPOSITION.outpatient_high_complexity_procedures.v1::Procedure_undertaken,group:openEHR-EHR-COMPOSITION.hospitalisation.v1::Patient_discharge,Procedure undertaken,Patient discharge,canonical_group,canonical_group,30.649530082552907,0.02,1.0616517807031004e-10
subgroup:openEHR-EHR-COMPOSITION.outpatient_high_complexity_procedures.v1::Procedure_undertaken::Procedure_list,group:openEHR-EHR-COMPOSITION.hospitalisation.v1::Patient_discharge,Procedure list,Patient discharge,canonical_subgroup,canonical_group,31.649530082552907,0.02,4.8093445902460256e-11
field:cf_0b6364bb149692,group:openEHR-EHR-COMPOSITION.hospitalisation.v1::Patient_discharge,Procedure,Patient discharge,field,canonical_group,35.37690539386901,0.39375,9.976144174372503e-11
field:cf_af0c9a7d79fe64,group:openEHR-EHR-COMPOSITION.hospitalisation.v1::Patient_discharge,Invaded regional linphonodes,Patient discharge,field,canonical_group,36.87030308891312,0.23173076923076924,2.3260001525143302e-11
field:cf_e5c01940113606,group:openEHR-EHR-COMPOSITION.hospitalisation.v1::Patient_discharge,irradiated area 1,Patient discharge,field,canonical_group,40.637567828254525,0.1610576923076923,1.563954409938661e-12
field:cf_fc5be63ab59287,group:openEHR-EHR-COMPOSITION.hospitalisation.v1::Patient_discharge,irradiated area 2,Patient discharge,field,canonical_group,35.79226805971379,0.31490384615384615,6.167064527784423e-11
field:cf_821e1930333a5c,group:openEHR-EHR-COMPOSITION.hospitalisation.v1::Patient_discharge,irradiated area 3,Patient discharge,field,canonical_group,44.637567828254525,0.10336538461538461,8.405574984475114e-14
field:cf_c9b3a708f95249,group:openEHR-EHR-COMPOSITION.hospitalisation.v1::Patient_discharge,fields/insertions 1,Patient discharge,field,canonical_group,39.01664536933588,0.1923076923076923,5.101442953927335e-12
field:cf_bbec72e0a270f7,group:openEHR-EHR-COMPOSITION.hospitalisation.v1::Patient_discharge,fields/insertions 2,Patient discharge,field,canonical_group,37.43104166583854,0.23557692307692307,1.6702168679179107e-11
family:openEHR-EHR-COMPOSITION.hospitalisation.v1,group:openEHR-EHR-COMPOSITION.hospitalisation.v1::Patient_discharge,openEHR-EHR-COMPOSITION.hospitalisation.v1,Patient discharge,composition_family,canonical_group,8.125983679807531,0.02,0.0001037759366568448
group:openEHR-EHR-COMPOSITION.hospitalisation.v1::Patient_discharge,group:openEHR-EHR-COMPOSITION.hospitalisation.v1::Patient_discharge,Patient discharge,Patient discharge,canonical_group,canonical_group,0.0,0.02,0.02
subgroup:openEHR-EHR-COMPOSITION.hospitalisation.v1::Patient_discharge::Components,group:openEHR-EHR-COMPOSITION.hospitalisation.v1::Patient_discharge,Components,Patient discharge,canonical_subgroup,canonical_group,1.0,0.02,0.008607111001514792
field:cf_79ed78f34fef6f,group:openEHR-EHR-COMPOSITION.hospitalisation.v1::Patient_discharge,date of discharge,Patient discharge,field,canonical_group,3.444019103082953,0.8854166666666666,0.0889654036027917
field:cf_be52992cb12705,group:openEHR-EHR-COMPOSITION.hospitalisation.v1::Patient_discharge,hospital infection,Patient discharge,field,canonical_group,9.48333239832723,0.13541666666666666,0.0003217988649937828
field:cf_1285e1e2c004f2,group:openEHR-EHR-COMPOSITION.hospitalisation.v1::Patient_discharge,claim reason,Patient discharge,field,canonical_group,4.263004863577784,0.39375,0.023810680612031433
field:cf_80f721f9446bd3,group:openEHR-EHR-COMPOSITION.hospitalisation.v1::Patient_discharge,death indicator,Patient discharge,field,canonical_group,5.703804839272111,0.39375,0.009745817906190082
group:openEHR-EHR-COMPOSITION.hospitalisation.v1::Authorization_for_hospital_admission,group:openEHR-EHR-COMPOSITION.hospitalisation.v1::Patient_discharge,Authorization for hospital admission,Patient discharge,canonical_group,canonical_group,12.647585083749732,0.02,7.468480062533766e-06
subgroup:openEHR-EHR-COMPOSITION.hospitalisation.v1::Authorization_for_hospital_admission::Components,group:openEHR-EHR-COMPOSITION.hospitalisation.v1::Patient_discharge,Components,Patient discharge,canonical_subgroup,canonical_group,13.647585083749732,0.02,3.3832651005699108e-06
field:cf_ba8421601b1980,group:openEHR-EHR-COMPOSITION.hospitalisation.v1::Patient_discharge,Issue date,Patient discharge,field,canonical_group,15.335461861565625,0.9270833333333334,5.8515603932533694e-05
field:cf_ba09c313b94cba,group:openEHR-EHR-COMPOSITION.hospitalisation.v1::Patient_discharge,ICU - Total,Patient discharge,field,canonical_group,16.10133382516697,0.39375,1.5457982985945305e-05
group:openEHR-EHR-COMPOSITION.hospitalisation.v1::Patient_admission,group:openEHR-EHR-COMPOSITION.hospitalisation.v1::Patient_discharge,Patient admission,Patient discharge,canonical_group,canonical_group,14.980197001151259,0.02,1.7585192460136628e-06
subgroup:openEHR-EHR-COMPOSITION.hospitalisation.v1::Patient_admission::Tree,group:openEHR-EHR-COMPOSITION.hospitalisation.v1::Patient_discharge,Tree,Patient discharge,canonical_subgroup,canonical_group,18.67668167224363,0.02,1.4968852623224326e-07
field:cf_3db72fcc22b158,group:openEHR-EHR-COMPOSITION.hospitalisation.v1::Patient_discharge,Patient class,Patient discharge,field,canonical_group,27.223617107166092,0.13541666666666666,5.380091960188014e-09
subgroup:openEHR-EHR-COMPOSITION.hospitalisation.v1::Patient_admission::Tree_/_Assigned_patient_location_/_Facility,group:openEHR-EHR-COMPOSITION.hospitalisation.v1::Patient_discharge,Tree / Assigned patient location / Facility,Patient discharge,canonical_subgroup,canonical_group,17.296269296152648,0.02,3.5227506904881147e-07
field:cf_9449e602105d68,group:openEHR-EHR-COMPOSITION.hospitalisation.v1::Patient_discharge,Universal ID,Patient discharge,field,canonical_group,18.296269296152648,0.7395833333333334,7.445697512206771e-06
subgroup:openEHR-EHR-COMPOSITION.hospitalisation.v1::Patient_admission::Tree_/_Assigned_patient_location_/_Address,group:openEHR-EHR-COMPOSITION.hospitalisation.v1::Patient_discharge,Tree / Assigned patient location / Address,Patient discharge,canonical_subgroup,canonical_group,18.339201489120036,0.02,1.845267347818407e-07
field:cf_1d8359b2d21168,group:openEHR-EHR-COMPOSITION.hospitalisation.v1::Patient_discharge,State/province,Patient discharge,field,canonical_group,19.339201489120036,0.4875,2.5708117798255286e-06
field:cf_10f7d6c8e1d5c5,group:openEHR-EHR-COMPOSITION.hospitalisation.v1::Patient_discharge,Admission type,Patient discharge,field,canonical_group,23.444089548110973,0.39375,1.6293841360678088e-07
field:cf_2a67f6f1c22886,group:openEHR-EHR-COMPOSITION.hospitalisation.v1::Patient_discharge,Hospital service,Patient discharge,field,canonical_group,21.60271815151725,0.59375,7.695182963079181e-07
field:cf_22f759c45e42f4,group:openEHR-EHR-COMPOSITION.hospitalisation.v1::Patient_discharge,Admit date/time,Patient discharge,field,canonical_group,21.25737457037984,0.9583333333333334,1.5385797958059756e-06
group:openEHR-EHR-COMPOSITION.hospitalisation.v1::Problem/Diagnosis,group:openEHR-EHR-COMPOSITION.hospitalisation.v1::Patient_discharge,Problem/Diagnosis,Patient discharge,canonical_group,canonical_group,11.367821751806567,0.02,1.6512947530812788e-05
subgroup:openEHR-EHR-COMPOSITION.hospitalisation.v1::Problem/Diagnosis::structure,group:openEHR-EHR-COMPOSITION.hospitalisation.v1::Patient_discharge,structure,Patient discharge,canonical_subgroup,canonical_group,12.367821751806567,0.02,7.4804617031523815e-06
field:cf_2db2fd852fb674,group:openEHR-EHR-COMPOSITION.hospitalisation.v1::Patient_discharge,Problem,Patient discharge,field,canonical_group,14.407010878075507,0.9583333333333334,0.00010756391936852562
field:cf_49398dcbba5447,group:openEHR-EHR-COMPOSITION.hospitalisation.v1::Patient_discharge,Secondary Diagnosis,Patient discharge,field,canonical_group,14.330110496676673,1.0815217391304348,0.00012731854667959706
group:openEHR-EHR-COMPOSITION.hospitalisation.v1::Procedure_undertaken,group:openEHR-EHR-COMPOSITION.hospitalisation.v1::Patient_discharge,Procedure undertaken,Patient discharge,canonical_group,canonical_group,13.090863365628685,0.02,5.6737993429474175e-06
subgroup:openEHR-EHR-COMPOSITION.hospitalisation.v1::Procedure_undertaken::Procedure_list,group:openEHR-EHR-COMPOSITION.hospitalisation.v1::Patient_discharge,Procedure list,Patient discharge,canonical_subgroup,canonical_group,14.090863365628685,0.02,2.5702642497405304e-06
field:cf_18704e514938d4,group:openEHR-EHR-COMPOSITION.hospitalisation.v1::Patient_discharge,Procedure,Patient discharge,field,canonical_group,15.090863365628685,0.6770833333333334,4.9734329059488515e-05
family:openEHR-EHR-COMPOSITION.demographic_data.v1,group:openEHR-EHR-COMPOSITION.hospitalisation.v1::Patient_discharge,openEHR-EHR-COMPOSITION.demographic_data.v1,Patient discharge,composition_family,canonical_group,13.104305367934872,0.02,4.738282238584725e-06
group:openEHR-EHR-COMPOSITION.demographic_data.v1::Demographic_data,group:openEHR-EHR-COMPOSITION.hospitalisation.v1::Patient_discharge,Demographic data,Patient discharge,canonical_group,canonical_group,14.104305367934872,0.02,3.0268574316253518e-06
subgroup:openEHR-EHR-COMPOSITION.demographic_data.v1::Demographic_data::components,group:openEHR-EHR-COMPOSITION.hospitalisation.v1::Patient_discharge,components,Patient discharge,canonical_subgroup,canonical_group,15.104305367934872,0.02,1.3711840999873343e-06
field:cf_7f3b6795a0e812,group:openEHR-EHR-COMPOSITION.hospitalisation.v1::Patient_discharge,birth date,Patient discharge,field,canonical_group,18.089014131974338,1.09375,1.2521097547049605e-05
field:cf_e7551706658b4a,group:openEHR-EHR-COMPOSITION.hospitalisation.v1::Patient_discharge,gender,Patient discharge,field,canonical_group,19.228164171936353,0.39375,2.224407867032474e-06
field:cf_19e1b0f55ef007,group:openEHR-EHR-COMPOSITION.hospitalisation.v1::Patient_discharge,race,Patient discharge,field,canonical_group,25.887620861271774,0.1846590909090909,1.6796626585387823e-08
field:cf_4122372d727029,group:openEHR-EHR-COMPOSITION.hospitalisation.v1::Patient_discharge,ethnic group,Patient discharge,field,canonical_group,29.887620861271774,0.1846590909090909,1.4066036893280078e-09
field:cf_7ab0248b87b82e,group:openEHR-EHR-COMPOSITION.hospitalisation.v1::Patient_discharge,educational level,Patient discharge,field,canonical_group,21.09597804056505,0.39375,6.98686003710245e-07
field:cf_eee397355aecbe,group:openEHR-EHR-COMPOSITION.hospitalisation.v1::Patient_discharge,nationality,Patient discharge,field,canonical_group,22.429860546929927,0.39375,3.0557470415662557e-07
schema:root,subgroup:openEHR-EHR-COMPOSITION.hospitalisation.v1::Patient_discharge::Components,EHR Schema,Components,root,canonical_subgroup,11.52766703177675,0.02,1.2593621322422107e-05
family:openEHR-EHR-COMPOSITION.outpatient_high_complexity_procedures.v1,subgroup:openEHR-EHR-COMPOSITION.hospitalisation.v1::Patient_discharge::Components,openEHR-EHR-COMPOSITION.outpatient_high_complexity_procedures.v1,Components,composition_family,canonical_subgroup,16.642160291071512,0.02,5.284561862221795e-07
group:openEHR-EHR-COMPOSITION.outpatient_high_complexity_procedures.v1::HCPA,subgroup:openEHR-EHR-COMPOSITION.hospitalisation.v1::Patient_discharge::Components,HCPA,Components,canonical_group,canonical_subgroup,29.440747522416707,0.02,1.891595985106264e-10
subgroup:openEHR-EHR-COMPOSITION.outpatient_high_complexity_procedures.v1::HCPA::components_/_General_data,subgroup:openEHR-EHR-COMPOSITION.hospitalisation.v1::Patient_discharge::Components,components / General data,Components,canonical_subgroup,canonical_subgroup,33.193028327544695,0.02,2.1933765498216238e-11
field:cf_5cd62eaa6e16a8,subgroup:openEHR-EHR-COMPOSITION.hospitalisation.v1::Patient_discharge::Components,issue date,Components,field,canonical_subgroup,38.08562796032558,0.5096153846153846,2.4078368514848206e-11
field:cf_775d9002cb4e7b,subgroup:openEHR-EHR-COMPOSITION.hospitalisation.v1::Patient_discharge::Components,reason for encounter,Components,field,canonical_subgroup,37.98960517862878,0.425,2.1312225295995467e-11
field:cf_b87e8363f020f7,subgroup:openEHR-EHR-COMPOSITION.hospitalisation.v1::Patient_discharge::Components,healthcare unit,Components,field,canonical_subgroup,38.34347466386415,0.425,1.711374231270119e-11
field:cf_8b431261fa7dca,subgroup:openEHR-EHR-COMPOSITION.hospitalisation.v1::Patient_discharge::Components,State,Components,field,canonical_subgroup,39.27922896778274,0.425,9.580349909806607e-12
field:cf_16800b2d3f5ef6,subgroup:openEHR-EHR-COMPOSITION.hospitalisation.v1::Patient_discharge::Components,patient age,Components,field,canonical_subgroup,37.56626444999416,0.49038461538461536,3.197175833267268e-11
group:openEHR-EHR-COMPOSITION.outpatient_high_complexity_procedures.v1::Patient_discharge,subgroup:openEHR-EHR-COMPOSITION.hospitalisation.v1::Patient_discharge::Components,Patient discharge,Components,canonical_group,canonical_subgroup,21.781706520006974,0.02,2.183340721367318e-08
subgroup:openEHR-EHR-COMPOSITION.outpatient_high_complexity_procedures.v1::Patient_discharge::Components,subgroup:openEHR-EHR-COMPOSITION.hospitalisation.v1::Patient_discharge::Components,Components,Components,canonical_subgroup,canonical_subgroup,22.781706520006974,0.02,1.3947377457647738e-08
field:cf_469c691048a0ce,subgroup:openEHR-EHR-COMPOSITION.hospitalisation.v1::Patient_discharge::Components,date of discharge,Components,field,canonical_subgroup,24.745086215357187,0.4168269230769231,7.699259574023474e-08
field:cf_49533263f29569,subgroup:openEHR-EHR-COMPOSITION.hospitalisation.v1::Patient_discharge::Components,reason for discharge,Components,field,canonical_subgroup,24.819718847676466,0.39375,6.944132372614644e-08
group:openEHR-EHR-COMPOSITION.outpatient_high_complexity_procedures.v1::Problem/Diagnosis,subgroup:openEHR-EHR-COMPOSITION.hospitalisation.v1::Patient_discharge::Components,Problem/Diagnosis,Components,canonical_group,canonical_subgroup,26.636864597137695,0.02,1.0759922186533978e-09
subgroup:openEHR-EHR-COMPOSITION.outpatient_high_complexity_procedures.v1::Problem/Diagnosis::structure,subgroup:openEHR-EHR-COMPOSITION.hospitalisation.v1::Patient_discharge::Components,structure,Components,canonical_subgroup,canonical_subgroup,31.280177912436432,0.02,7.180790090086978e-11
field:cf_bd9db9ae67063d,subgroup:openEHR-EHR-COMPOSITION.hospitalisation.v1::Patient_discharge::Components,Problem,Components,field,canonical_subgroup,35.05385516599981,0.425,1.3155774404586934e-10
field:cf_4e7e8ca2916a1e,subgroup:openEHR-EHR-COMPOSITION.hospitalisation.v1::Patient_discharge::Components,Secondary Diagnosis,Components,field,canonical_subgroup,34.581190188637365,0.425,1.7635485017415922e-10
field:cf_0a229c157b8d2a,subgroup:openEHR-EHR-COMPOSITION.hospitalisation.v1::Patient_discharge::Components,Associated causes,Components,field,canonical_subgroup,34.84744142168212,0.425,1.4951883850068026e-10
group:openEHR-EHR-COMPOSITION.outpatient_high_complexity_procedures.v1::Procedure_undertaken,subgroup:openEHR-EHR-COMPOSITION.hospitalisation.v1::Patient_discharge::Components,Procedure undertaken,Components,canonical_group,canonical_subgroup,31.649530082552907,0.02,4.8093445902460256e-11
subgroup:openEHR-EHR-COMPOSITION.outpatient_high_complexity_procedures.v1::Procedure_undertaken::Procedure_list,subgroup:openEHR-EHR-COMPOSITION.hospitalisation.v1::Patient_discharge::Components,Procedure list,Components,canonical_subgroup,canonical_subgroup,32.64953008255291,0.02,3.0722527028236763e-11
field:cf_0b6364bb149692,subgroup:openEHR-EHR-COMPOSITION.hospitalisation.v1::Patient_discharge::Components,Procedure,Components,field,canonical_subgroup,36.37690539386901,0.39375,5.366611267246199e-11
field:cf_af0c9a7d79fe64,subgroup:openEHR-EHR-COMPOSITION.hospitalisation.v1::Patient_discharge::Components,Invaded regional linphonodes,Components,field,canonical_subgroup,37.87030308891312,0.23173076923076924,1.2512588438894516e-11
field:cf_e5c01940113606,subgroup:openEHR-EHR-COMPOSITION.hospitalisation.v1::Patient_discharge::Components,irradiated area 1,Components,field,canonical_subgroup,41.637567828254525,0.1610576923076923,8.41320575478163e-13
field:cf_fc5be63ab59287,subgroup:openEHR-EHR-COMPOSITION.hospitalisation.v1::Patient_discharge::Components,irradiated area 2,Components,field,canonical_subgroup,36.79226805971379,0.31490384615384615,3.317538059009054e-11
field:cf_821e1930333a5c,subgroup:openEHR-EHR-COMPOSITION.hospitalisation.v1::Patient_discharge::Components,irradiated area 3,Components,field,canonical_subgroup,45.637567828254525,0.10336538461538461,4.521732307683325e-14
field:cf_c9b3a708f95249,subgroup:openEHR-EHR-COMPOSITION.hospitalisation.v1::Patient_discharge::Components,fields/insertions 1,Components,field,canonical_subgroup,40.01664536933588,0.1923076923076923,2.744292860771752e-12
field:cf_bbec72e0a270f7,subgroup:openEHR-EHR-COMPOSITION.hospitalisation.v1::Patient_discharge::Components,fields/insertions 2,Components,field,canonical_subgroup,38.43104166583854,0.23557692307692307,8.984838736732415e-12
family:openEHR-EHR-COMPOSITION.hospitalisation.v1,subgroup:openEHR-EHR-COMPOSITION.hospitalisation.v1::Patient_discharge::Components,openEHR-EHR-COMPOSITION.hospitalisation.v1,Components,composition_family,canonical_subgroup,9.125983679807531,0.02,5.582568788072693e-05
group:openEHR-EHR-COMPOSITION.hospitalisation.v1::Patient_discharge,subgroup:openEHR-EHR-COMPOSITION.hospitalisation.v1::Patient_discharge::Components,Patient discharge,Components,canonical_group,canonical_subgroup,1.0,0.02,0.008607111001514792
subgroup:openEHR-EHR-COMPOSITION.hospitalisation.v1::Patient_discharge::Components,subgroup:openEHR-EHR-COMPOSITION.hospitalisation.v1::Patient_discharge::Components,Components,Components,canonical_subgroup,canonical_subgroup,0.0,0.02,0.02
field:cf_79ed78f34fef6f,subgroup:openEHR-EHR-COMPOSITION.hospitalisation.v1::Patient_discharge::Components,date of discharge,Components,field,canonical_subgroup,2.444019103082953,0.8854166666666666,0.16538028351140704
field:cf_be52992cb12705,subgroup:openEHR-EHR-COMPOSITION.hospitalisation.v1::Patient_discharge::Components,hospital infection,Components,field,canonical_subgroup,8.48333239832723,0.13541666666666666,0.0005982009339712682
field:cf_1285e1e2c004f2,subgroup:openEHR-EHR-COMPOSITION.hospitalisation.v1::Patient_discharge::Components,claim reason,Components,field,canonical_subgroup,3.2630048635777835,0.39375,0.04426234188515227
field:cf_80f721f9446bd3,subgroup:openEHR-EHR-COMPOSITION.hospitalisation.v1::Patient_discharge::Components,death indicator,Components,field,canonical_subgroup,4.703804839272111,0.39375,0.018116774196544946
group:openEHR-EHR-COMPOSITION.hospitalisation.v1::Authorization_for_hospital_admission,subgroup:openEHR-EHR-COMPOSITION.hospitalisation.v1::Patient_discharge::Components,Authorization for hospital admission,Components,canonical_group,canonical_subgroup,13.647585083749732,0.02,3.3832651005699108e-06
subgroup:openEHR-EHR-COMPOSITION.hospitalisation.v1::Authorization_for_hospital_admission::Components,subgroup:openEHR-EHR-COMPOSITION.hospitalisation.v1::Patient_discharge::Components,Components,Components,canonical_subgroup,canonical_subgroup,14.647585083749732,0.02,2.1612602620897254e-06
field:cf_ba8421601b1980,subgroup:openEHR-EHR-COMPOSITION.hospitalisation.v1::Patient_discharge::Components,Issue date,Components,field,canonical_subgroup,16.335461861565623,0.9270833333333334,3.147814364799959e-05
field:cf_ba09c313b94cba,subgroup:openEHR-EHR-COMPOSITION.hospitalisation.v1::Patient_discharge::Components,ICU - Total,Components,field,canonical_subgroup,17.10133382516697,0.39375,8.315535963722401e-06
group:openEHR-EHR-COMPOSITION.hospitalisation.v1::Patient_admission,subgroup:openEHR-EHR-COMPOSITION.hospitalisation.v1::Patient_discharge::Components,Patient admission,Components,canonical_group,canonical_subgroup,15.980197001151259,0.02,7.96619492038932e-07
subgroup:openEHR-EHR-COMPOSITION.hospitalisation.v1::Patient_admission::Tree,subgroup:openEHR-EHR-COMPOSITION.hospitalisation.v1::Patient_discharge::Components,Tree,Components,canonical_subgroup,canonical_subgroup,19.67668167224363,0.02,9.562238069432606e-08
field:cf_3db72fcc22b158,subgroup:openEHR-EHR-COMPOSITION.hospitalisation.v1::Patient_discharge::Components,Patient class,Components,field,canonical_subgroup,28.223617107166092,0.13541666666666666,2.8941905437309686e-09
subgroup:openEHR-EHR-COMPOSITION.hospitalisation.v1::Patient_admission::Tree_/_Assigned_patient_location_/_Facility,subgroup:openEHR-EHR-COMPOSITION.hospitalisation.v1::Patient_discharge::Components,Tree / Assigned patient location / Facility,Components,canonical_subgroup,canonical_subgroup,18.296269296152648,0.02,2.2503649150397927e-07
field:cf_9449e602105d68,subgroup:openEHR-EHR-COMPOSITION.hospitalisation.v1::Patient_discharge::Components,Universal ID,Components,field,canonical_subgroup,19.296269296152648,0.7395833333333334,4.005371560704142e-06
subgroup:openEHR-EHR-COMPOSITION.hospitalisation.v1::Patient_admission::Tree_/_Assigned_patient_location_/_Address,subgroup:openEHR-EHR-COMPOSITION.hospitalisation.v1::Patient_discharge::Components,Tree / Assigned patient location / Address,Components,canonical_subgroup,canonical_subgroup,19.339201489120036,0.02,1.1787734254403632e-07
field:cf_1d8359b2d21168,subgroup:openEHR-EHR-COMPOSITION.hospitalisation.v1::Patient_discharge::Components,State/province,Components,field,canonical_subgroup,20.339201489120036,0.4875,1.3829538970600096e-06
field:cf_10f7d6c8e1d5c5,subgroup:openEHR-EHR-COMPOSITION.hospitalisation.v1::Patient_discharge::Components,Admission type,Components,field,canonical_subgroup,24.444089548110973,0.39375,8.765181327026826e-08
field:cf_2a67f6f1c22886,subgroup:openEHR-EHR-COMPOSITION.hospitalisation.v1::Patient_discharge::Components,Hospital service,Components,field,canonical_subgroup,22.60271815151725,0.59375,4.1395808712617464e-07
field:cf_22f759c45e42f4,subgroup:openEHR-EHR-COMPOSITION.hospitalisation.v1::Patient_discharge::Components,Admit date/time,Components,field,canonical_subgroup,22.25737457037984,0.9583333333333334,8.276704429493752e-07
group:openEHR-EHR-COMPOSITION.hospitalisation.v1::Problem/Diagnosis,subgroup:openEHR-EHR-COMPOSITION.hospitalisation.v1::Patient_discharge::Components,Problem/Diagnosis,Components,canonical_group,canonical_subgroup,12.367821751806567,0.02,7.4804617031523815e-06
subgroup:openEHR-EHR-COMPOSITION.hospitalisation.v1::Problem/Diagnosis::structure,subgroup:openEHR-EHR-COMPOSITION.hospitalisation.v1::Patient_discharge::Components,structure,Components,canonical_subgroup,canonical_subgroup,13.367821751806567,0.02,4.7785864070728345e-06
field:cf_2db2fd852fb674,subgroup:openEHR-EHR-COMPOSITION.hospitalisation.v1::Patient_discharge::Components,Problem,Components,field,canonical_subgroup,15.407010878075507,0.9583333333333334,5.786341211018048e-05
field:cf_49398dcbba5447,subgroup:openEHR-EHR-COMPOSITION.hospitalisation.v1::Patient_discharge::Components,Secondary Diagnosis,Components,field,canonical_subgroup,15.330110496676673,1.0815217391304348,6.849030398892721e-05
group:openEHR-EHR-COMPOSITION.hospitalisation.v1::Procedure_undertaken,subgroup:openEHR-EHR-COMPOSITION.hospitalisation.v1::Patient_discharge::Components,Procedure undertaken,Components,canonical_group,canonical_subgroup,14.090863365628685,0.02,2.5702642497405304e-06
subgroup:openEHR-EHR-COMPOSITION.hospitalisation.v1::Procedure_undertaken::Procedure_list,subgroup:openEHR-EHR-COMPOSITION.hospitalisation.v1::Patient_discharge::Components,Procedure list,Components,canonical_subgroup,canonical_subgroup,15.090863365628685,0.02,1.6419079856019376e-06
field:cf_18704e514938d4,subgroup:openEHR-EHR-COMPOSITION.hospitalisation.v1::Patient_discharge::Components,Procedure,Components,field,canonical_subgroup,16.090863365628685,0.6770833333333334,2.6754305675055002e-05
family:openEHR-EHR-COMPOSITION.demographic_data.v1,subgroup:openEHR-EHR-COMPOSITION.hospitalisation.v1::Patient_discharge::Components,openEHR-EHR-COMPOSITION.demographic_data.v1,Components,composition_family,canonical_subgroup,14.104305367934872,0.02,2.5489325740002965e-06
group:openEHR-EHR-COMPOSITION.demographic_data.v1::Demographic_data,subgroup:openEHR-EHR-COMPOSITION.hospitalisation.v1::Patient_discharge::Components,Demographic data,Components,canonical_group,canonical_subgroup,15.104305367934872,0.02,1.3711840999873343e-06
subgroup:openEHR-EHR-COMPOSITION.demographic_data.v1::Demographic_data::components,subgroup:openEHR-EHR-COMPOSITION.hospitalisation.v1::Patient_discharge::Components,components,Components,canonical_subgroup,canonical_subgroup,16.10430536793487,0.02,8.759247706639073e-07
field:cf_7f3b6795a0e812,subgroup:openEHR-EHR-COMPOSITION.hospitalisation.v1::Patient_discharge::Components,birth date,Components,field,canonical_subgroup,19.089014131974334,1.09375,6.735654778015675e-06
field:cf_e7551706658b4a,subgroup:openEHR-EHR-COMPOSITION.hospitalisation.v1::Patient_discharge::Components,gender,Components,field,canonical_subgroup,20.228164171936353,0.39375,1.1966078390119526e-06
field:cf_19e1b0f55ef007,subgroup:openEHR-EHR-COMPOSITION.hospitalisation.v1::Patient_discharge::Components,race,Components,field,canonical_subgroup,26.88762086127177,0.1846590909090909,9.035651841964235e-09
field:cf_4122372d727029,subgroup:openEHR-EHR-COMPOSITION.hospitalisation.v1::Patient_discharge::Components,ethnic group,Components,field,canonical_subgroup,30.88762086127177,0.1846590909090909,7.566746305741514e-10
field:cf_7ab0248b87b82e,subgroup:openEHR-EHR-COMPOSITION.hospitalisation.v1::Patient_discharge::Components,educational level,Components,field,canonical_subgroup,22.095978040565047,0.39375,3.7585424932117936e-07
field:cf_eee397355aecbe,subgroup:openEHR-EHR-COMPOSITION.hospitalisation.v1::Patient_discharge::Components,nationality,Components,field,canonical_subgroup,23.429860546929923,0.39375,1.6438221237069542e-07
schema:root,field:cf_79ed78f34fef6f,EHR Schema,date of discharge,root,field,13.971686134859702,0.02,2.9403341149234877e-06
family:openEHR-EHR-COMPOSITION.outpatient_high_complexity_procedures.v1,field:cf_79ed78f34fef6f,openEHR-EHR-COMPOSITION.outpatient_high_complexity_procedures.v1,date of discharge,composition_family,field,19.086179394154467,0.02,1.2338291844816133e-07
group:openEHR-EHR-COMPOSITION.outpatient_high_complexity_procedures.v1::HCPA,field:cf_79ed78f34fef6f,HCPA,date of discharge,canonical_group,field,31.88476662549966,0.02,4.4164613690246575e-11
subgroup:openEHR-EHR-COMPOSITION.outpatient_high_complexity_procedures.v1::HCPA::components_/_General_data,field:cf_79ed78f34fef6f,components / General data,date of discharge,canonical_subgroup,field,35.637047430627646,0.02,4.312465464154826e-12
field:cf_5cd62eaa6e16a8,field:cf_79ed78f34fef6f,issue date,date of discharge,field,field,40.52964706340853,0.5096153846153846,5.913557857549672e-12
field:cf_775d9002cb4e7b,field:cf_79ed78f34fef6f,reason for encounter,date of discharge,field,field,40.43362428171173,0.425,5.234203359055841e-12
field:cf_b87e8363f020f7,field:cf_79ed78f34fef6f,healthcare unit,date of discharge,field,field,40.7874937669471,0.425,4.203071535471629e-12
field:cf_8b431261fa7dca,field:cf_79ed78f34fef6f,State,date of discharge,field,field,41.723248070865694,0.425,2.3528983474223356e-12
field:cf_16800b2d3f5ef6,field:cf_79ed78f34fef6f,patient age,date of discharge,field,field,40.01028355307711,0.49038461538461536,7.852145073336902e-12
group:openEHR-EHR-COMPOSITION.outpatient_high_complexity_procedures.v1::Patient_discharge,field:cf_79ed78f34fef6f,Patient discharge,date of discharge,canonical_group,field,24.22572562308993,0.02,5.097621282377322e-09
subgroup:openEHR-EHR-COMPOSITION.outpatient_high_complexity_procedures.v1::Patient_discharge::Components,field:cf_79ed78f34fef6f,Components,date of discharge,canonical_subgroup,field,25.22572562308993,0.02,2.7422370138191094e-09
field:cf_469c691048a0ce,field:cf_79ed78f34fef6f,date of discharge,date of discharge,field,field,27.18910531844014,0.4168269230769231,1.8909095490919347e-08
field:cf_49533263f29569,field:cf_79ed78f34fef6f,reason for discharge,date of discharge,field,field,27.26373795075942,0.39375,1.705453113678257e-08
group:openEHR-EHR-COMPOSITION.outpatient_high_complexity_procedures.v1::Problem/Diagnosis,field:cf_79ed78f34fef6f,Problem/Diagnosis,date of discharge,canonical_group,field,29.080883700220646,0.02,2.512205621321893e-10
subgroup:openEHR-EHR-COMPOSITION.outpatient_high_complexity_procedures.v1::Problem/Diagnosis::structure,field:cf_79ed78f34fef6f,structure,date of discharge,canonical_subgroup,field,33.72419701551939,0.02,1.4118373460026093e-11
field:cf_bd9db9ae67063d,field:cf_79ed78f34fef6f,Problem,date of discharge,field,field,37.49787426908277,0.425,3.231009320852488e-11
field:cf_4e7e8ca2916a1e,field:cf_79ed78f34fef6f,Secondary Diagnosis,date of discharge,field,field,37.02520929172032,0.425,4.331209605506634e-11
field:cf_0a229c157b8d2a,field:cf_79ed78f34fef6f,Associated causes,date of discharge,field,field,37.29146052476507,0.425,3.672127128223642e-11
group:openEHR-EHR-COMPOSITION.outpatient_high_complexity_procedures.v1::Procedure_undertaken,field:cf_79ed78f34fef6f,Procedure undertaken,date of discharge,canonical_group,field,34.093549185635865,0.02,1.1228763837726162e-11
subgroup:openEHR-EHR-COMPOSITION.outpatient_high_complexity_procedures.v1::Procedure_undertaken::Procedure_list,field:cf_79ed78f34fef6f,Procedure list,date of discharge,canonical_subgroup,field,35.093549185635865,0.02,6.0404510475690135e-12
field:cf_0b6364bb149692,field:cf_79ed78f34fef6f,Procedure,date of discharge,field,field,38.820924496951974,0.39375,1.3180197905961905e-11
field:cf_af0c9a7d79fe64,field:cf_79ed78f34fef6f,Invaded regional linphonodes,date of discharge,field,field,40.31432219199607,0.23173076923076924,3.0730452370757858e-12
field:cf_e5c01940113606,field:cf_79ed78f34fef6f,irradiated area 1,date of discharge,field,field,44.08158693133748,0.1610576923076923,2.066252078818825e-13
field:cf_fc5be63ab59287,field:cf_79ed78f34fef6f,irradiated area 2,date of discharge,field,field,39.23628716279675,0.31490384615384615,8.147750228374097e-12
field:cf_821e1930333a5c,field:cf_79ed78f34fef6f,irradiated area 3,date of discharge,field,field,48.08158693133748,0.10336538461538461,1.1105206568022915e-14
field:cf_c9b3a708f95249,field:cf_79ed78f34fef6f,fields/insertions 1,date of discharge,field,field,42.46066447241884,0.1923076923076923,6.7398813172191e-13
field:cf_bbec72e0a270f7,field:cf_79ed78f34fef6f,fields/insertions 2,date of discharge,field,field,40.8750607689215,0.23557692307692307,2.2066430156036427e-12
family:openEHR-EHR-COMPOSITION.hospitalisation.v1,field:cf_79ed78f34fef6f,openEHR-EHR-COMPOSITION.hospitalisation.v1,date of discharge,composition_family,field,11.570002782890484,0.02,1.3034072596142044e-05
group:openEHR-EHR-COMPOSITION.hospitalisation.v1::Patient_discharge,field:cf_79ed78f34fef6f,Patient discharge,date of discharge,canonical_group,field,3.444019103082953,0.02,0.002009571469616001
subgroup:openEHR-EHR-COMPOSITION.hospitalisation.v1::Patient_discharge::Components,field:cf_79ed78f34fef6f,Components,date of discharge,canonical_subgroup,field,2.444019103082953,0.02,0.0037356487569635477
field:cf_79ed78f34fef6f,field:cf_79ed78f34fef6f,date of discharge,date of discharge,field,field,0.0,0.8854166666666666,0.8854166666666666
field:cf_be52992cb12705,field:cf_79ed78f34fef6f,hospital infection,date of discharge,field,field,7.882728014047103,0.13541666666666666,0.0009702240855625722
field:cf_1285e1e2c004f2,field:cf_79ed78f34fef6f,claim reason,date of discharge,field,field,1.5635179153094463,0.39375,0.14188853552414843
field:cf_80f721f9446bd3,field:cf_79ed78f34fef6f,death indicator,date of discharge,field,field,4.103200454991986,0.39375,0.029383656360240092
group:openEHR-EHR-COMPOSITION.hospitalisation.v1::Authorization_for_hospital_admission,field:cf_79ed78f34fef6f,Authorization for hospital admission,date of discharge,canonical_group,field,16.091604186832683,0.02,7.899181292138835e-07
subgroup:openEHR-EHR-COMPOSITION.hospitalisation.v1::Authorization_for_hospital_admission::Components,field:cf_79ed78f34fef6f,Components,date of discharge,canonical_subgroup,field,17.091604186832683,0.02,4.249320637658004e-07
field:cf_ba8421601b1980,field:cf_79ed78f34fef6f,Issue date,date of discharge,field,field,18.779480964648574,0.9270833333333334,7.730915140530183e-06
field:cf_ba09c313b94cba,field:cf_79ed78f34fef6f,ICU - Total,date of discharge,field,field,19.545352928249923,0.39375,2.0422647409721104e-06
group:openEHR-EHR-COMPOSITION.hospitalisation.v1::Patient_admission,field:cf_79ed78f34fef6f,Patient admission,date of discharge,canonical_group,field,18.424216104234212,0.02,1.8599316345051049e-07
subgroup:openEHR-EHR-COMPOSITION.hospitalisation.v1::Patient_admission::Tree,field:cf_79ed78f34fef6f,Tree,date of discharge,canonical_subgroup,field,22.120700775326586,0.02,1.8800611977823873e-08
field:cf_3db72fcc22b158,field:cf_79ed78f34fef6f,Patient class,date of discharge,field,field,30.667636210249043,0.13541666666666666,7.108024457957832e-10
subgroup:openEHR-EHR-COMPOSITION.hospitalisation.v1::Patient_admission::Tree_/_Assigned_patient_location_/_Facility,field:cf_79ed78f34fef6f,Tree / Assigned patient location / Facility,date of discharge,canonical_subgroup,field,20.740288399235602,0.02,4.4245120513593586e-08
field:cf_9449e602105d68,field:cf_79ed78f34fef6f,Universal ID,date of discharge,field,field,21.740288399235602,0.7395833333333334,9.837043755934578e-07
subgroup:openEHR-EHR-COMPOSITION.hospitalisation.v1::Patient_admission::Tree_/_Assigned_patient_location_/_Address,field:cf_79ed78f34fef6f,Tree / Assigned patient location / Address,date of discharge,canonical_subgroup,field,21.783220592202987,0.02,2.317622884993665e-08
field:cf_1d8359b2d21168,field:cf_79ed78f34fef6f,State/province,date of discharge,field,field,22.783220592202987,0.4875,3.396483395270319e-07
field:cf_10f7d6c8e1d5c5,field:cf_79ed78f34fef6f,Admission type,date of discharge,field,field,26.888108651193924,0.39375,2.1526959717940803e-08
field:cf_2a67f6f1c22886,field:cf_79ed78f34fef6f,Hospital service,date of discharge,field,field,25.046737254600206,0.59375,1.016665683686856e-07
field:cf_22f759c45e42f4,field:cf_79ed78f34fef6f,Admit date/time,date of discharge,field,field,24.701393673462796,0.9583333333333334,2.032727860422375e-07
group:openEHR-EHR-COMPOSITION.hospitalisation.v1::Problem/Diagnosis,field:cf_79ed78f34fef6f,Problem/Diagnosis,date of discharge,canonical_group,field,14.81184085488952,0.02,1.7465235914309147e-06
subgroup:openEHR-EHR-COMPOSITION.hospitalisation.v1::Problem/Diagnosis::structure,field:cf_79ed78f34fef6f,structure,date of discharge,canonical_subgroup,field,15.81184085488952,0.02,9.395326511381334e-07
field:cf_2db2fd852fb674,field:cf_79ed78f34fef6f,Problem,date of discharge,field,field,17.85102998115846,0.9583333333333334,1.4211039055149583e-05
field:cf_49398dcbba5447,field:cf_79ed78f34fef6f,Secondary Diagnosis,date of discharge,field,field,17.774129599759625,1.0815217391304348,1.682096422230289e-05
group:openEHR-EHR-COMPOSITION.hospitalisation.v1::Procedure_undertaken,field:cf_79ed78f34fef6f,Procedure undertaken,date of discharge,canonical_group,field,16.534882468711636,0.02,6.00100278100692e-07
subgroup:openEHR-EHR-COMPOSITION.hospitalisation.v1::Procedure_undertaken::Procedure_list,field:cf_79ed78f34fef6f,Procedure list,date of discharge,canonical_subgroup,field,17.534882468711636,0.02,3.2282060660328477e-07
field:cf_18704e514938d4,field:cf_79ed78f34fef6f,Procedure,date of discharge,field,field,18.534882468711636,0.6770833333333334,6.570758083150178e-06
family:openEHR-EHR-COMPOSITION.demographic_data.v1,field:cf_79ed78f34fef6f,openEHR-EHR-COMPOSITION.demographic_data.v1,date of discharge,composition_family,field,16.548324471017825,0.02,5.951198001030064e-07
group:openEHR-EHR-COMPOSITION.demographic_data.v1::Demographic_data,field:cf_79ed78f34fef6f,Demographic data,date of discharge,canonical_group,field,17.548324471017825,0.02,3.201413861678671e-07
subgroup:openEHR-EHR-COMPOSITION.demographic_data.v1::Demographic_data::components,field:cf_79ed78f34fef6f,components,date of discharge,canonical_subgroup,field,18.548324471017825,0.02,1.722182779328526e-07
field:cf_7f3b6795a0e812,field:cf_79ed78f34fef6f,birth date,date of discharge,field,field,21.53303323505729,1.09375,1.654251790926526e-06
field:cf_e7551706658b4a,field:cf_79ed78f34fef6f,gender,date of discharge,field,field,22.672183275019307,0.39375,2.938824399348751e-07
field:cf_19e1b0f55ef007,field:cf_79ed78f34fef6f,race,date of discharge,field,field,29.331639964354725,0.1846590909090909,2.2191225254809345e-09
field:cf_4122372d727029,field:cf_79ed78f34fef6f,ethnic group,date of discharge,field,field,33.33163996435472,0.1846590909090909,1.858364782680741e-10
field:cf_7ab0248b87b82e,field:cf_79ed78f34fef6f,educational level,date of discharge,field,field,24.539997143648,0.39375,9.23084073572541e-08
field:cf_eee397355aecbe,field:cf_79ed78f34fef6f,nationality,date of discharge,field,field,25.873879650012878,0.39375,4.0371660688168215e-08
schema:root,field:cf_be52992cb12705,EHR Schema,hospital infection,root,field,20.01099943010398,0.02,6.954014803526205e-08
family:openEHR-EHR-COMPOSITION.outpatient_high_complexity_procedures.v1,field:cf_be52992cb12705,openEHR-EHR-COMPOSITION.outpatient_high_complexity_procedures.v1,hospital infection,composition_family,field,25.125492689398744,0.02,2.9180583153323283e-09
group:openEHR-EHR-COMPOSITION.outpatient_high_complexity_procedures.v1::HCPA,field:cf_be52992cb12705,HCPA,hospital infection,canonical_group,field,37.924079920743935,0.02,1.044511832295569e-12
subgroup:openEHR-EHR-COMPOSITION.outpatient_high_complexity_procedures.v1::HCPA::components_/_General_data,field:cf_be52992cb12705,components / General data,hospital infection,canonical_subgroup,field,41.67636072587192,0.02,1.0199163600225235e-13
field:cf_5cd62eaa6e16a8,field:cf_be52992cb12705,issue date,hospital infection,field,field,46.56896035865281,0.5096153846153846,1.3985814970547755e-13
field:cf_775d9002cb4e7b,field:cf_be52992cb12705,reason for encounter,hospital infection,field,field,46.47293757695601,0.425,1.2379112788169696e-13
field:cf_b87e8363f020f7,field:cf_be52992cb12705,healthcare unit,hospital infection,field,field,46.82680706219138,0.425,9.940442322388876e-14
field:cf_8b431261fa7dca,field:cf_be52992cb12705,State,hospital infection,field,field,47.76256136610997,0.425,5.564704315785898e-14
field:cf_16800b2d3f5ef6,field:cf_be52992cb12705,patient age,hospital infection,field,field,46.049596848321386,0.49038461538461536,1.8570655900049358e-13
group:openEHR-EHR-COMPOSITION.outpatient_high_complexity_procedures.v1::Patient_discharge,field:cf_be52992cb12705,Patient discharge,hospital infection,canonical_group,field,30.265038918334206,0.02,1.2056090387994758e-10
subgroup:openEHR-EHR-COMPOSITION.outpatient_high_complexity_procedures.v1::Patient_discharge::Components,field:cf_be52992cb12705,Components,hospital infection,canonical_subgroup,field,31.265038918334206,0.02,6.485506763360396e-11
field:cf_469c691048a0ce,field:cf_be52992cb12705,date of discharge,hospital infection,field,field,33.22841861368442,0.4168269230769231,4.4720812270195083e-10
field:cf_49533263f29569,field:cf_be52992cb12705,reason for discharge,hospital infection,field,field,33.3030512460037,0.39375,4.0334688969682094e-10
group:openEHR-EHR-COMPOSITION.outpatient_high_complexity_procedures.v1::Problem/Diagnosis,field:cf_be52992cb12705,Problem/Diagnosis,hospital infection,canonical_group,field,35.12019699546492,0.02,5.941472770562592e-12
subgroup:openEHR-EHR-COMPOSITION.outpatient_high_complexity_procedures.v1::Problem/Diagnosis::structure,field:cf_be52992cb12705,structure,hospital infection,canonical_subgroup,field,39.763510310763664,0.02,3.339055161943307e-13
field:cf_bd9db9ae67063d,field:cf_be52992cb12705,Problem,hospital infection,field,field,43.53718756432705,0.425,7.641473985388923e-13
field:cf_4e7e8ca2916a1e,field:cf_be52992cb12705,Secondary Diagnosis,hospital infection,field,field,43.0645225869646,0.425,1.0243494288965092e-12
field:cf_0a229c157b8d2a,field:cf_be52992cb12705,Associated causes,hospital infection,field,field,43.33077382000935,0.425,8.684736295950443e-13
group:openEHR-EHR-COMPOSITION.outpatient_high_complexity_procedures.v1::Procedure_undertaken,field:cf_be52992cb12705,Procedure undertaken,hospital infection,canonical_group,field,40.132862480880135,0.02,2.6556502390844714e-13
subgroup:openEHR-EHR-COMPOSITION.outpatient_high_complexity_procedures.v1::Procedure_undertaken::Procedure_list,field:cf_be52992cb12705,Procedure list,hospital infection,canonical_subgroup,field,41.132862480880135,0.02,1.4285922743124575e-13
field:cf_0b6364bb149692,field:cf_be52992cb12705,Procedure,hospital infection,field,field,44.860237792196244,0.39375,3.1171726670881986e-13
field:cf_af0c9a7d79fe64,field:cf_be52992cb12705,Invaded regional linphonodes,hospital infection,field,field,46.35363548724035,0.23173076923076924,7.267882232181862e-14
field:cf_e5c01940113606,field:cf_be52992cb12705,irradiated area 1,hospital infection,field,field,50.12090022658175,0.1610576923076923,4.88677374145859e-15
field:cf_fc5be63ab59287,field:cf_be52992cb12705,irradiated area 2,hospital infection,field,field,45.27560045804102,0.31490384615384615,1.9269774620501646e-13
field:cf_821e1930333a5c,field:cf_be52992cb12705,irradiated area 3,hospital infection,field,field,54.12090022658175,0.10336538461538461,2.626428421120358e-16
field:cf_c9b3a708f95249,field:cf_be52992cb12705,fields/insertions 1,hospital infection,field,field,48.49997776766311,0.1923076923076923,1.594010497516919e-14
field:cf_bbec72e0a270f7,field:cf_be52992cb12705,fields/insertions 2,hospital infection,field,field,46.91437406416577,0.23557692307692307,5.2188042572178115e-14
family:openEHR-EHR-COMPOSITION.hospitalisation.v1,field:cf_be52992cb12705,openEHR-EHR-COMPOSITION.hospitalisation.v1,hospital infection,composition_family,field,17.60931607813476,0.02,3.082613411985172e-07
group:openEHR-EHR-COMPOSITION.hospitalisation.v1::Patient_discharge,field:cf_be52992cb12705,Patient discharge,hospital infection,canonical_group,field,9.48333239832723,0.02,4.7527216983697165e-05
subgroup:openEHR-EHR-COMPOSITION.hospitalisation.v1::Patient_discharge::Components,field:cf_be52992cb12705,Components,hospital infection,canonical_subgroup,field,8.48333239832723,0.02,8.834967640191038e-05
field:cf_79ed78f34fef6f,field:cf_be52992cb12705,date of discharge,hospital infection,field,field,7.882728014047104,0.8854166666666666,0.00634377286713989
field:cf_be52992cb12705,field:cf_be52992cb12705,hospital infection,hospital infection,field,field,0.0,0.13541666666666666,0.13541666666666666
field:cf_1285e1e2c004f2,field:cf_be52992cb12705,claim reason,hospital infection,field,field,6.319210098737658,0.39375,0.007437335362817261
field:cf_80f721f9446bd3,field:cf_be52992cb12705,death indicator,hospital infection,field,field,3.779527559055118,0.39375,0.035913591211882805
group:openEHR-EHR-COMPOSITION.hospitalisation.v1::Authorization_for_hospital_admission,field:cf_be52992cb12705,Authorization for hospital admission,hospital infection,canonical_group,field,22.13091748207696,0.02,1.8681898551076775e-08
subgroup:openEHR-EHR-COMPOSITION.hospitalisation.v1::Authorization_for_hospital_admission::Components,field:cf_be52992cb12705,Components,hospital infection,canonical_subgroup,field,23.13091748207696,0.02,1.004982340925977e-08
field:cf_ba8421601b1980,field:cf_be52992cb12705,Issue date,hospital infection,field,field,24.81879425989285,0.9270833333333334,1.828394197080923e-07
field:cf_ba09c313b94cba,field:cf_be52992cb12705,ICU - Total,hospital infection,field,field,25.5846662234942,0.39375,4.8300426707830864e-08
group:openEHR-EHR-COMPOSITION.hospitalisation.v1::Patient_admission,field:cf_be52992cb12705,Patient admission,hospital infection,canonical_group,field,24.46352939947849,0.02,4.3988171460683665e-09
subgroup:openEHR-EHR-COMPOSITION.hospitalisation.v1::Patient_admission::Tree,field:cf_be52992cb12705,Tree,hospital infection,canonical_subgroup,field,28.160014070570863,0.02,4.4464244163810396e-10
field:cf_3db72fcc22b158,field:cf_be52992cb12705,Patient class,hospital infection,field,field,36.70694950549332,0.13541666666666666,1.6810779106221143e-11
subgroup:openEHR-EHR-COMPOSITION.hospitalisation.v1::Patient_admission::Tree_/_Assigned_patient_location_/_Facility,field:cf_be52992cb12705,Tree / Assigned patient location / Facility,hospital infection,canonical_subgroup,field,26.77960169447988,0.02,1.0464158527893592e-09
field:cf_9449e602105d68,field:cf_be52992cb12705,Universal ID,hospital infection,field,field,27.77960169447988,0.7395833333333334,2.3265025411400956e-08
subgroup:openEHR-EHR-COMPOSITION.hospitalisation.v1::Patient_admission::Tree_/_Assigned_patient_location_/_Address,field:cf_be52992cb12705,Tree / Assigned patient location / Address,hospital infection,canonical_subgroup,field,27.822533887447264,0.02,5.481276352043554e-10
field:cf_1d8359b2d21168,field:cf_be52992cb12705,State/province,hospital infection,field,field,28.822533887447264,0.4875,8.032827184762097e-09
field:cf_10f7d6c8e1d5c5,field:cf_be52992cb12705,Admission type,hospital infection,field,field,32.9274219464382,0.39375,5.091217212142176e-10
field:cf_2a67f6f1c22886,field:cf_be52992cb12705,Hospital service,hospital infection,field,field,31.086050549844483,0.59375,2.40445743179749e-09
field:cf_22f759c45e42f4,field:cf_be52992cb12705,Admit date/time,hospital infection,field,field,30.740706968707073,0.9583333333333334,4.807487544076322e-09
group:openEHR-EHR-COMPOSITION.hospitalisation.v1::Problem/Diagnosis,field:cf_be52992cb12705,Problem/Diagnosis,hospital infection,canonical_group,field,20.851154150133794,0.02,4.130602317564981e-08
subgroup:openEHR-EHR-COMPOSITION.hospitalisation.v1::Problem/Diagnosis::structure,field:cf_be52992cb12705,structure,hospital infection,canonical_subgroup,field,21.851154150133794,0.02,2.2220345406497547e-08
field:cf_2db2fd852fb674,field:cf_be52992cb12705,Problem,hospital infection,field,field,23.890343276402735,0.9583333333333334,3.360970967939506e-07
field:cf_49398dcbba5447,field:cf_be52992cb12705,Secondary Diagnosis,hospital infection,field,field,23.8134428950039,1.0815217391304348,3.978229331754804e-07
group:openEHR-EHR-COMPOSITION.hospitalisation.v1::Procedure_undertaken,field:cf_be52992cb12705,Procedure undertaken,hospital infection,canonical_group,field,22.574195763955913,0.02,1.4192625920748453e-08
subgroup:openEHR-EHR-COMPOSITION.hospitalisation.v1::Procedure_undertaken::Procedure_list,field:cf_be52992cb12705,Procedure list,hospital infection,canonical_subgroup,field,23.574195763955913,0.02,7.634844168928616e-09
field:cf_18704e514938d4,field:cf_be52992cb12705,Procedure,hospital infection,field,field,24.574195763955913,0.6770833333333334,1.5540121358556836e-07
family:openEHR-EHR-COMPOSITION.demographic_data.v1,field:cf_be52992cb12705,openEHR-EHR-COMPOSITION.demographic_data.v1,hospital infection,composition_family,field,22.5876377662621,0.02,1.4074835505200919e-08
group:openEHR-EHR-COMPOSITION.demographic_data.v1::Demographic_data,field:cf_be52992cb12705,Demographic data,hospital infection,canonical_group,field,23.5876377662621,0.02,7.571479470082855e-09
subgroup:openEHR-EHR-COMPOSITION.demographic_data.v1::Demographic_data::components,field:cf_be52992cb12705,components,hospital infection,canonical_subgroup,field,24.5876377662621,0.02,4.07303526529335e-09
field:cf_7f3b6795a0e812,field:cf_be52992cb12705,birth date,hospital infection,field,field,27.572346530301566,1.09375,3.912375598567703e-08
field:cf_e7551706658b4a,field:cf_be52992cb12705,gender,hospital infection,field,field,28.711496570263584,0.39375,6.950444262204868e-09
field:cf_19e1b0f55ef007,field:cf_be52992cb12705,race,hospital infection,field,field,35.370953259599005,0.1846590909090909,5.24831882700324e-11
field:cf_4122372d727029,field:cf_be52992cb12705,ethnic group,hospital infection,field,field,39.370953259599005,0.1846590909090909,4.3951114750950146e-12
field:cf_7ab0248b87b82e,field:cf_be52992cb12705,educational level,hospital infection,field,field,30.57931043889228,0.39375,2.183132957558383e-09
field:cf_eee397355aecbe,field:cf_be52992cb12705,nationality,hospital infection,field,field,31.913192945257155,0.39375,9.548068862091331e-10
schema:root,field:cf_1285e1e2c004f2,EHR Schema,claim reason,root,field,14.790671895354533,0.02,1.7695973731593346e-06
family:openEHR-EHR-COMPOSITION.outpatient_high_complexity_procedures.v1,field:cf_1285e1e2c004f2,openEHR-EHR-COMPOSITION.outpatient_high_complexity_procedures.v1,claim reason,composition_family,field,19.905165154649296,0.02,7.425621709806289e-08
group:openEHR-EHR-COMPOSITION.outpatient_high_complexity_procedures.v1::HCPA,field:cf_1285e1e2c004f2,HCPA,claim reason,canonical_group,field,32.70375238599449,0.02,2.6579831175033253e-11
subgroup:openEHR-EHR-COMPOSITION.outpatient_high_complexity_procedures.v1::HCPA::components_/_General_data,field:cf_1285e1e2c004f2,components / General data,claim reason,canonical_subgroup,field,36.45603319112248,0.02,2.5953946928943863e-12
field:cf_5cd62eaa6e16a8,field:cf_1285e1e2c004f2,issue date,claim reason,field,field,41.348632823903365,0.5096153846153846,3.5589888909675655e-12
field:cf_775d9002cb4e7b,field:cf_1285e1e2c004f2,reason for encounter,claim reason,field,field,41.25261004220656,0.425,3.1501292549564577e-12
field:cf_b87e8363f020f7,field:cf_1285e1e2c004f2,healthcare unit,claim reason,field,field,41.606479527441934,0.425,2.5295575460698648e-12
field:cf_8b431261fa7dca,field:cf_1285e1e2c004f2,State,claim reason,field,field,42.54223383136053,0.425,1.4160576901029667e-12
field:cf_16800b2d3f5ef6,field:cf_1285e1e2c004f2,patient age,claim reason,field,field,40.82926931357194,0.49038461538461536,4.725699445147773e-12
group:openEHR-EHR-COMPOSITION.outpatient_high_complexity_procedures.v1::Patient_discharge,field:cf_1285e1e2c004f2,Patient discharge,claim reason,canonical_group,field,25.044711383584758,0.02,3.0679293162201664e-09
subgroup:openEHR-EHR-COMPOSITION.outpatient_high_complexity_procedures.v1::Patient_discharge::Components,field:cf_1285e1e2c004f2,Components,claim reason,canonical_subgroup,field,26.044711383584758,0.02,1.6503755105942702e-09
field:cf_469c691048a0ce,field:cf_1285e1e2c004f2,date of discharge,claim reason,field,field,28.00809107893497,0.4168269230769231,1.138016443087816e-08
field:cf_49533263f29569,field:cf_1285e1e2c004f2,reason for discharge,claim reason,field,field,28.08272371125425,0.39375,1.0264021815391492e-08
group:openEHR-EHR-COMPOSITION.outpatient_high_complexity_procedures.v1::Problem/Diagnosis,field:cf_1285e1e2c004f2,Problem/Diagnosis,claim reason,canonical_group,field,29.89986946071548,0.02,1.511934458660327e-10
subgroup:openEHR-EHR-COMPOSITION.outpatient_high_complexity_procedures.v1::Problem/Diagnosis::structure,field:cf_1285e1e2c004f2,structure,claim reason,canonical_subgroup,field,34.54318277601422,0.02,8.49693797087232e-12
field:cf_bd9db9ae67063d,field:cf_1285e1e2c004f2,Problem,claim reason,field,field,38.316860029577605,0.425,1.944536023241247e-11
field:cf_4e7e8ca2916a1e,field:cf_1285e1e2c004f2,Secondary Diagnosis,claim reason,field,field,37.844195052215156,0.425,2.6066755820729106e-11
field:cf_0a229c157b8d2a,field:cf_1285e1e2c004f2,Associated causes,claim reason,field,field,38.110446285259904,0.425,2.2100163675381358e-11
group:openEHR-EHR-COMPOSITION.outpatient_high_complexity_procedures.v1::Procedure_undertaken,field:cf_1285e1e2c004f2,Procedure undertaken,claim reason,canonical_group,field,34.91253494613069,0.02,6.757868396729423e-12
subgroup:openEHR-EHR-COMPOSITION.outpatient_high_complexity_procedures.v1::Procedure_undertaken::Procedure_list,field:cf_1285e1e2c004f2,Procedure list,claim reason,canonical_subgroup,field,35.91253494613069,0.02,3.6353577140174304e-12
field:cf_0b6364bb149692,field:cf_1285e1e2c004f2,Procedure,claim reason,field,field,39.6399102574468,0.39375,7.93231064243097e-12
field:cf_af0c9a7d79fe64,field:cf_1285e1e2c004f2,Invaded regional linphonodes,claim reason,field,field,41.13330795249091,0.23173076923076924,1.8494676341469455e-12
field:cf_e5c01940113606,field:cf_1285e1e2c004f2,irradiated area 1,claim reason,field,field,44.90057269183231,0.1610576923076923,1.2435437974224798e-13
field:cf_fc5be63ab59287,field:cf_1285e1e2c004f2,irradiated area 2,claim reason,field,field,40.055272923291575,0.31490384615384615,4.903605113483645e-12
field:cf_821e1930333a5c,field:cf_1285e1e2c004f2,irradiated area 3,claim reason,field,field,48.90057269183231,0.10336538461538461,6.683507248861268e-15
field:cf_c9b3a708f95249,field:cf_1285e1e2c004f2,fields/insertions 1,claim reason,field,field,43.27965023291367,0.1923076923076923,4.056299661260447e-13
field:cf_bbec72e0a270f7,field:cf_1285e1e2c004f2,fields/insertions 2,claim reason,field,field,41.694046529416326,0.23557692307692307,1.3280360432828647e-12
family:openEHR-EHR-COMPOSITION.hospitalisation.v1,field:cf_1285e1e2c004f2,openEHR-EHR-COMPOSITION.hospitalisation.v1,claim reason,composition_family,field,12.388988543385315,0.02,7.844367247462026e-06
group:openEHR-EHR-COMPOSITION.hospitalisation.v1::Patient_discharge,field:cf_1285e1e2c004f2,Patient discharge,claim reason,canonical_group,field,4.263004863577784,0.02,0.001209431396166676
subgroup:openEHR-EHR-COMPOSITION.hospitalisation.v1::Patient_discharge::Components,field:cf_1285e1e2c004f2,Components,claim reason,canonical_subgroup,field,3.2630048635777835,0.02,0.002248245937023607
field:cf_79ed78f34fef6f,field:cf_1285e1e2c004f2,date of discharge,claim reason,field,field,1.5635179153094463,0.8854166666666666,0.31906152168128615
field:cf_be52992cb12705,field:cf_1285e1e2c004f2,hospital infection,claim reason,field,field,6.319210098737658,0.13541666666666666,0.0025578137491170474
field:cf_1285e1e2c004f2,field:cf_1285e1e2c004f2,claim reason,claim reason,field,field,0.0,0.39375,0.39375
field:cf_80f721f9446bd3,field:cf_1285e1e2c004f2,death indicator,claim reason,field,field,2.5396825396825395,0.39375,0.07746449645596391
group:openEHR-EHR-COMPOSITION.hospitalisation.v1::Authorization_for_hospital_admission,field:cf_1285e1e2c004f2,Authorization for hospital admission,claim reason,canonical_group,field,16.910589947327516,0.02,4.754007510143786e-07
subgroup:openEHR-EHR-COMPOSITION.hospitalisation.v1::Authorization_for_hospital_admission::Components,field:cf_1285e1e2c004f2,Components,claim reason,canonical_subgroup,field,17.910589947327516,0.02,2.5573918963651594e-07
field:cf_ba8421601b1980,field:cf_1285e1e2c004f2,Issue date,claim reason,field,field,19.598466725143407,0.9270833333333334,4.652738971181829e-06
field:cf_ba09c313b94cba,field:cf_1285e1e2c004f2,ICU - Total,claim reason,field,field,20.364338688744756,0.39375,1.2291073666008247e-06
group:openEHR-EHR-COMPOSITION.hospitalisation.v1::Patient_admission,field:cf_1285e1e2c004f2,Patient admission,claim reason,canonical_group,field,19.243201864729045,0.02,1.11937283520646e-07
subgroup:openEHR-EHR-COMPOSITION.hospitalisation.v1::Patient_admission::Tree,field:cf_1285e1e2c004f2,Tree,claim reason,canonical_subgroup,field,22.93968653582142,0.02,1.1314875204449605e-08
field:cf_3db72fcc22b158,field:cf_1285e1e2c004f2,Patient class,claim reason,field,field,31.486621970743876,0.13541666666666666,4.2778612625394763e-10
subgroup:openEHR-EHR-COMPOSITION.hospitalisation.v1::Patient_admission::Tree_/_Assigned_patient_location_/_Facility,field:cf_1285e1e2c004f2,Tree / Assigned patient location / Facility,claim reason,canonical_subgroup,field,21.559274159730435,0.02,2.6628283037150964e-08
field:cf_9449e602105d68,field:cf_1285e1e2c004f2,Universal ID,claim reason,field,field,22.559274159730435,0.7395833333333334,5.920281882866307e-07
subgroup:openEHR-EHR-COMPOSITION.hospitalisation.v1::Patient_admission::Tree_/_Assigned_patient_location_/_Address,field:cf_1285e1e2c004f2,Tree / Assigned patient location / Address,claim reason,canonical_subgroup,field,22.60220635269782,0.02,1.3948276654829989e-08
field:cf_1d8359b2d21168,field:cf_1285e1e2c004f2,State/province,claim reason,field,field,23.60220635269782,0.4875,2.0441241911061033e-07
field:cf_10f7d6c8e1d5c5,field:cf_1285e1e2c004f2,Admission type,claim reason,field,field,27.707094411688757,0.39375,1.2955687986487932e-08
field:cf_2a67f6f1c22886,field:cf_1285e1e2c004f2,Hospital service,claim reason,field,field,25.86572301509504,0.59375,6.118654727373778e-08
field:cf_22f759c45e42f4,field:cf_1285e1e2c004f2,Admit date/time,claim reason,field,field,25.52037943395763,0.9583333333333334,1.223367733583172e-07
group:openEHR-EHR-COMPOSITION.hospitalisation.v1::Problem/Diagnosis,field:cf_1285e1e2c004f2,Problem/Diagnosis,claim reason,canonical_group,field,15.63082661538435,0.02,1.0511198519483143e-06
subgroup:openEHR-EHR-COMPOSITION.hospitalisation.v1::Problem/Diagnosis::structure,field:cf_1285e1e2c004f2,structure,claim reason,canonical_subgroup,field,16.63082661538435,0.02,5.654440776009338e-07
field:cf_2db2fd852fb674,field:cf_1285e1e2c004f2,Problem,claim reason,field,field,18.67001574165329,0.9583333333333334,8.552707413154594e-06
field:cf_49398dcbba5447,field:cf_1285e1e2c004f2,Secondary Diagnosis,claim reason,field,field,18.593115360254455,1.0815217391304348,1.0123452960912564e-05
group:openEHR-EHR-COMPOSITION.hospitalisation.v1::Procedure_undertaken,field:cf_1285e1e2c004f2,Procedure undertaken,claim reason,canonical_group,field,17.35386822920647,0.02,3.611616347847612e-07
subgroup:openEHR-EHR-COMPOSITION.hospitalisation.v1::Procedure_undertaken::Procedure_list,field:cf_1285e1e2c004f2,Procedure list,claim reason,canonical_subgroup,field,18.35386822920647,0.02,1.942848925050614e-07
field:cf_18704e514938d4,field:cf_1285e1e2c004f2,Procedure,claim reason,field,field,19.35386822920647,0.6770833333333334,3.954515299670488e-06
family:openEHR-EHR-COMPOSITION.demographic_data.v1,field:cf_1285e1e2c004f2,openEHR-EHR-COMPOSITION.demographic_data.v1,claim reason,composition_family,field,17.367310231512654,0.02,3.5816420645270585e-07
group:openEHR-EHR-COMPOSITION.demographic_data.v1::Demographic_data,field:cf_1285e1e2c004f2,Demographic data,claim reason,canonical_group,field,18.367310231512654,0.02,1.926724426067439e-07
subgroup:openEHR-EHR-COMPOSITION.demographic_data.v1::Demographic_data::components,field:cf_1285e1e2c004f2,components,claim reason,canonical_subgroup,field,19.367310231512654,0.02,1.0364706877807694e-07
field:cf_7f3b6795a0e812,field:cf_1285e1e2c004f2,birth date,claim reason,field,field,22.35201899555212,1.09375,9.955874092369566e-07
field:cf_e7551706658b4a,field:cf_1285e1e2c004f2,gender,claim reason,field,field,23.491169035514137,0.39375,1.7686887727721533e-07
field:cf_19e1b0f55ef007,field:cf_1285e1e2c004f2,race,claim reason,field,field,30.150625724849554,0.1846590909090909,1.3355466550140578e-09
field:cf_4122372d727029,field:cf_1285e1e2c004f2,ethnic group,claim reason,field,field,34.150625724849554,0.1846590909090909,1.1184298481974491e-10
field:cf_7ab0248b87b82e,field:cf_1285e1e2c004f2,educational level,claim reason,field,field,25.35898290414283,0.39375,5.5554474013974364e-08
field:cf_eee397355aecbe,field:cf_1285e1e2c004f2,nationality,claim reason,field,field,26.692865410507707,0.39375,2.429709751053971e-08
schema:root,field:cf_80f721f9446bd3,EHR Schema,death indicator,root,field,16.23147187104886,0.02,7.243041073495719e-07
family:openEHR-EHR-COMPOSITION.outpatient_high_complexity_procedures.v1,field:cf_80f721f9446bd3,openEHR-EHR-COMPOSITION.outpatient_high_complexity_procedures.v1,death indicator,composition_family,field,21.345965130343625,0.02,3.039340126525247e-08
group:openEHR-EHR-COMPOSITION.outpatient_high_complexity_procedures.v1::HCPA,field:cf_80f721f9446bd3,HCPA,death indicator,canonical_group,field,34.14455236168882,0.02,1.087924359786069e-11
subgroup:openEHR-EHR-COMPOSITION.outpatient_high_complexity_procedures.v1::HCPA::components_/_General_data,field:cf_80f721f9446bd3,components / General data,death indicator,canonical_subgroup,field,37.896833166816805,0.02,1.0623066380916371e-12
field:cf_5cd62eaa6e16a8,field:cf_80f721f9446bd3,issue date,death indicator,field,field,42.78943279959769,0.5096153846153846,1.4567100464989227e-12
field:cf_775d9002cb4e7b,field:cf_80f721f9446bd3,reason for encounter,death indicator,field,field,42.69341001790089,0.425,1.2893619716294466e-12
field:cf_b87e8363f020f7,field:cf_80f721f9446bd3,healthcare unit,death indicator,field,field,43.04727950313626,0.425,1.0353591998865037e-12
field:cf_8b431261fa7dca,field:cf_80f721f9446bd3,State,death indicator,field,field,43.98303380705485,0.425,5.795987362675499e-13
field:cf_16800b2d3f5ef6,field:cf_80f721f9446bd3,patient age,death indicator,field,field,42.27006928926627,0.49038461538461536,1.9342498865203343e-12
group:openEHR-EHR-COMPOSITION.outpatient_high_complexity_procedures.v1::Patient_discharge,field:cf_80f721f9446bd3,Patient discharge,death indicator,canonical_group,field,26.485511359279087,0.02,1.25571716962328e-09
subgroup:openEHR-EHR-COMPOSITION.outpatient_high_complexity_procedures.v1::Patient_discharge::Components,field:cf_80f721f9446bd3,Components,death indicator,canonical_subgroup,field,27.485511359279087,0.02,6.75506066590971e-10
field:cf_469c691048a0ce,field:cf_80f721f9446bd3,date of discharge,death indicator,field,field,29.4488910546293,0.4168269230769231,4.657952122116076e-09
field:cf_49533263f29569,field:cf_80f721f9446bd3,reason for discharge,death indicator,field,field,29.52352368694858,0.39375,4.201109965223872e-09
group:openEHR-EHR-COMPOSITION.outpatient_high_complexity_procedures.v1::Problem/Diagnosis,field:cf_80f721f9446bd3,Problem/Diagnosis,death indicator,canonical_group,field,31.340669436409804,0.02,6.188415257962884e-11
subgroup:openEHR-EHR-COMPOSITION.outpatient_high_complexity_procedures.v1::Problem/Diagnosis::structure,field:cf_80f721f9446bd3,structure,death indicator,canonical_subgroup,field,35.983982751708545,0.02,3.4778346563714186e-12
field:cf_bd9db9ae67063d,field:cf_80f721f9446bd3,Problem,death indicator,field,field,39.75766000527193,0.425,7.959072780540499e-12
field:cf_4e7e8ca2916a1e,field:cf_80f721f9446bd3,Secondary Diagnosis,death indicator,field,field,39.28499502790948,0.425,1.0669239564096297e-11
field:cf_0a229c157b8d2a,field:cf_80f721f9446bd3,Associated causes,death indicator,field,field,39.55124626095423,0.425,9.045695685340111e-12
group:openEHR-EHR-COMPOSITION.outpatient_high_complexity_procedures.v1::Procedure_undertaken,field:cf_80f721f9446bd3,Procedure undertaken,death indicator,canonical_group,field,36.353334921825024,0.02,2.7660257134876787e-12
subgroup:openEHR-EHR-COMPOSITION.outpatient_high_complexity_procedures.v1::Procedure_undertaken::Procedure_list,field:cf_80f721f9446bd3,Procedure list,death indicator,canonical_subgroup,field,37.353334921825024,0.02,1.487968146814536e-12
field:cf_0b6364bb149692,field:cf_80f721f9446bd3,Procedure,death indicator,field,field,41.08071023314113,0.39375,3.246730169376296e-12
field:cf_af0c9a7d79fe64,field:cf_80f721f9446bd3,Invaded regional linphonodes,death indicator,field,field,42.57410792818523,0.23173076923076924,7.569953618495328e-13
field:cf_e5c01940113606,field:cf_80f721f9446bd3,irradiated area 1,death indicator,field,field,46.34137266752664,0.1610576923076923,5.08988029595749e-14
field:cf_fc5be63ab59287,field:cf_80f721f9446bd3,irradiated area 2,death indicator,field,field,41.49607289898591,0.31490384615384615,2.0070674710460028e-12
field:cf_821e1930333a5c,field:cf_80f721f9446bd3,irradiated area 3,death indicator,field,field,50.34137266752664,0.10336538461538461,2.7355893635896367e-15
field:cf_c9b3a708f95249,field:cf_80f721f9446bd3,fields/insertions 1,death indicator,field,field,44.720450208608,0.1923076923076923,1.6602615656273703e-13
field:cf_bbec72e0a270f7,field:cf_80f721f9446bd3,fields/insertions 2,death indicator,field,field,43.13484650511066,0.23557692307692307,5.435710831445949e-13
family:openEHR-EHR-COMPOSITION.hospitalisation.v1,field:cf_80f721f9446bd3,openEHR-EHR-COMPOSITION.hospitalisation.v1,death indicator,composition_family,field,13.829788519079642,0.02,3.210734545085477e-06
group:openEHR-EHR-COMPOSITION.hospitalisation.v1::Patient_discharge,field:cf_80f721f9446bd3,Patient discharge,death indicator,canonical_group,field,5.703804839272111,0.02,0.000495025671425528
subgroup:openEHR-EHR-COMPOSITION.hospitalisation.v1::Patient_discharge::Components,field:cf_80f721f9446bd3,Components,death indicator,canonical_subgroup,field,4.703804839272111,0.02,0.0009202171020467275
field:cf_79ed78f34fef6f,field:cf_80f721f9446bd3,date of discharge,death indicator,field,field,4.103200454991986,0.8854166666666666,0.06607435954022242
field:cf_be52992cb12705,field:cf_80f721f9446bd3,hospital infection,death indicator,field,field,3.779527559055118,0.13541666666666666,0.012351235072869747
field:cf_1285e1e2c004f2,field:cf_80f721f9446bd3,claim reason,death indicator,field,field,2.5396825396825395,0.39375,0.07746449645596391
field:cf_80f721f9446bd3,field:cf_80f721f9446bd3,death indicator,death indicator,field,field,0.0,0.39375,0.39375
group:openEHR-EHR-COMPOSITION.hospitalisation.v1::Authorization_for_hospital_admission,field:cf_80f721f9446bd3,Authorization for hospital admission,death indicator,canonical_group,field,18.35138992302184,0.02,1.94583650393892e-07
subgroup:openEHR-EHR-COMPOSITION.hospitalisation.v1::Authorization_for_hospital_admission::Components,field:cf_80f721f9446bd3,Components,death indicator,canonical_subgroup,field,19.35138992302184,0.02,1.0467519237626109e-07
field:cf_ba8421601b1980,field:cf_80f721f9446bd3,Issue date,death indicator,field,field,21.039266700837732,0.9270833333333334,1.9043868387054798e-06
field:cf_ba09c313b94cba,field:cf_80f721f9446bd3,ICU - Total,death indicator,field,field,21.80513866443908,0.39375,5.030791339914786e-07
group:openEHR-EHR-COMPOSITION.hospitalisation.v1::Patient_admission,field:cf_80f721f9446bd3,Patient admission,death indicator,canonical_group,field,20.68400184042337,0.02,4.58164300248751e-08
subgroup:openEHR-EHR-COMPOSITION.hospitalisation.v1::Patient_admission::Tree,field:cf_80f721f9446bd3,Tree,death indicator,canonical_subgroup,field,24.380486511515745,0.02,4.631228950175867e-09
field:cf_3db72fcc22b158,field:cf_80f721f9446bd3,Patient class,death indicator,field,field,32.9274219464382,0.13541666666666666,1.750947718461595e-10
subgroup:openEHR-EHR-COMPOSITION.hospitalisation.v1::Patient_admission::Tree_/_Assigned_patient_location_/_Facility,field:cf_80f721f9446bd3,Tree / Assigned patient location / Facility,death indicator,canonical_subgroup,field,23.00007413542476,0.02,1.089907516139762e-08
field:cf_9449e602105d68,field:cf_80f721f9446bd3,Universal ID,death indicator,field,field,24.00007413542476,0.7395833333333334,2.423197812941844e-07
subgroup:openEHR-EHR-COMPOSITION.hospitalisation.v1::Patient_admission::Tree_/_Assigned_patient_location_/_Address,field:cf_80f721f9446bd3,Tree / Assigned patient location / Address,death indicator,canonical_subgroup,field,24.043006328392146,0.02,5.709091923833825e-09
field:cf_1d8359b2d21168,field:cf_80f721f9446bd3,State/province,death indicator,field,field,25.043006328392146,0.4875,8.366691598933911e-08
field:cf_10f7d6c8e1d5c5,field:cf_80f721f9446bd3,Admission type,death indicator,field,field,29.147894387383083,0.39375,5.3028209492644805e-09
field:cf_2a67f6f1c22886,field:cf_80f721f9446bd3,Hospital service,death indicator,field,field,27.306522990789365,0.59375,2.504392704075102e-08
field:cf_22f759c45e42f4,field:cf_80f721f9446bd3,Admit date/time,death indicator,field,field,26.961179409651955,0.9583333333333334,5.0072987656579575e-08
group:openEHR-EHR-COMPOSITION.hospitalisation.v1::Problem/Diagnosis,field:cf_80f721f9446bd3,Problem/Diagnosis,death indicator,canonical_group,field,17.071626591078676,0.02,4.30228049402901e-07
subgroup:openEHR-EHR-COMPOSITION.hospitalisation.v1::Problem/Diagnosis::structure,field:cf_80f721f9446bd3,structure,death indicator,canonical_subgroup,field,18.071626591078676,0.02,2.3143878607349758e-07
field:cf_2db2fd852fb674,field:cf_80f721f9446bd3,Problem,death indicator,field,field,20.110815717347617,0.9583333333333334,3.500661338147923e-06
field:cf_49398dcbba5447,field:cf_80f721f9446bd3,Secondary Diagnosis,death indicator,field,field,20.03391533594878,1.0815217391304348,4.14357450534537e-06
group:openEHR-EHR-COMPOSITION.hospitalisation.v1::Procedure_undertaken,field:cf_80f721f9446bd3,Procedure undertaken,death indicator,canonical_group,field,18.794668204900795,0.02,1.4782506996190877e-07
subgroup:openEHR-EHR-COMPOSITION.hospitalisation.v1::Procedure_undertaken::Procedure_list,field:cf_80f721f9446bd3,Procedure list,death indicator,canonical_subgroup,field,19.794668204900795,0.02,7.952167412305248e-08
field:cf_18704e514938d4,field:cf_80f721f9446bd3,Procedure,death indicator,field,field,20.794668204900795,0.6770833333333334,1.6186007718887813e-06
family:openEHR-EHR-COMPOSITION.demographic_data.v1,field:cf_80f721f9446bd3,openEHR-EHR-COMPOSITION.demographic_data.v1,death indicator,composition_family,field,18.808110207206983,0.02,1.465982091599411e-07
group:openEHR-EHR-COMPOSITION.demographic_data.v1::Demographic_data,field:cf_80f721f9446bd3,Demographic data,death indicator,canonical_group,field,19.808110207206983,0.02,7.886169117893104e-08
subgroup:openEHR-EHR-COMPOSITION.demographic_data.v1::Demographic_data::components,field:cf_80f721f9446bd3,components,death indicator,canonical_subgroup,field,20.808110207206983,0.02,4.2423208109014916e-08
field:cf_7f3b6795a0e812,field:cf_80f721f9446bd3,birth date,death indicator,field,field,23.792818971246447,1.09375,4.074983726091444e-07
field:cf_e7551706658b4a,field:cf_80f721f9446bd3,gender,death indicator,field,field,24.931969011208466,0.39375,7.23932213153548e-08
field:cf_19e1b0f55ef007,field:cf_80f721f9446bd3,race,death indicator,field,field,31.591425700543883,0.1846590909090909,5.466452100664149e-10
field:cf_4122372d727029,field:cf_80f721f9446bd3,ethnic group,death indicator,field,field,35.59142570054388,0.1846590909090909,4.577783314548527e-11
field:cf_7ab0248b87b82e,field:cf_80f721f9446bd3,educational level,death indicator,field,field,26.79978287983716,0.39375,2.273869430430239e-08
field:cf_eee397355aecbe,field:cf_80f721f9446bd3,nationality,death indicator,field,field,28.133665386202036,0.39375,9.944910514948195e-09
schema:root,group:openEHR-EHR-COMPOSITION.hospitalisation.v1::Authorization_for_hospital_admission,EHR Schema,Authorization for hospital admission,root,canonical_group,6.9232847559114195,0.02,0.0002187451716543438
family:openEHR-EHR-COMPOSITION.outpatient_high_complexity_procedures.v1,group:openEHR-EHR-COMPOSITION.hospitalisation.v1::Authorization_for_hospital_admission,openEHR-EHR-COMPOSITION.outpatient_high_complexity_procedures.v1,Authorization for hospital admission,composition_family,canonical_group,12.037778015206182,0.02,9.179030892500897e-06
group:openEHR-EHR-COMPOSITION.outpatient_high_complexity_procedures.v1::HCPA,group:openEHR-EHR-COMPOSITION.hospitalisation.v1::Authorization_for_hospital_admission,HCPA,Authorization for hospital admission,canonical_group,canonical_group,24.836365246551374,0.02,3.901663826231345e-09
subgroup:openEHR-EHR-COMPOSITION.outpatient_high_complexity_procedures.v1::HCPA::components_/_General_data,group:openEHR-EHR-COMPOSITION.hospitalisation.v1::Authorization_for_hospital_admission,components / General data,Authorization for hospital admission,canonical_subgroup,canonical_group,28.588646051679362,0.02,3.2082442380345796e-10
field:cf_5cd62eaa6e16a8,group:openEHR-EHR-COMPOSITION.hospitalisation.v1::Authorization_for_hospital_admission,issue date,Authorization for hospital admission,field,canonical_group,33.48124568446025,0.5096153846153846,4.1822973067797667e-10
field:cf_775d9002cb4e7b,group:openEHR-EHR-COMPOSITION.hospitalisation.v1::Authorization_for_hospital_admission,reason for encounter,Authorization for hospital admission,field,canonical_group,33.385222902763445,0.425,3.7018314759141547e-10
field:cf_b87e8363f020f7,group:openEHR-EHR-COMPOSITION.hospitalisation.v1::Authorization_for_hospital_admission,healthcare unit,Authorization for hospital admission,field,canonical_group,33.73909238799882,0.425,2.9725750870203563e-10
field:cf_8b431261fa7dca,group:openEHR-EHR-COMPOSITION.hospitalisation.v1::Authorization_for_hospital_admission,State,Authorization for hospital admission,field,canonical_group,34.67484669191741,0.425,1.6640609018457282e-10
field:cf_16800b2d3f5ef6,group:openEHR-EHR-COMPOSITION.hospitalisation.v1::Authorization_for_hospital_admission,patient age,Authorization for hospital admission,field,canonical_group,32.961882174128824,0.49038461538461536,5.553341319005619e-10
group:openEHR-EHR-COMPOSITION.outpatient_high_complexity_procedures.v1::Patient_discharge,group:openEHR-EHR-COMPOSITION.hospitalisation.v1::Authorization_for_hospital_admission,Patient discharge,Authorization for hospital admission,canonical_group,canonical_group,17.177324244141644,0.02,4.5034254565824546e-07
subgroup:openEHR-EHR-COMPOSITION.outpatient_high_complexity_procedures.v1::Patient_discharge::Components,group:openEHR-EHR-COMPOSITION.hospitalisation.v1::Authorization_for_hospital_admission,Components,Authorization for hospital admission,canonical_subgroup,canonical_group,18.177324244141644,0.02,2.040078041676452e-07
field:cf_469c691048a0ce,group:openEHR-EHR-COMPOSITION.hospitalisation.v1::Authorization_for_hospital_admission,date of discharge,Authorization for hospital admission,field,canonical_group,20.140703939491857,0.4168269230769231,1.3373245185104541e-06
field:cf_49533263f29569,group:openEHR-EHR-COMPOSITION.hospitalisation.v1::Authorization_for_hospital_admission,reason for discharge,Authorization for hospital admission,field,canonical_group,20.215336571811136,0.39375,1.2061625397085777e-06
group:openEHR-EHR-COMPOSITION.outpatient_high_complexity_procedures.v1::Problem/Diagnosis,group:openEHR-EHR-COMPOSITION.hospitalisation.v1::Authorization_for_hospital_admission,Problem/Diagnosis,Authorization for hospital admission,canonical_group,canonical_group,22.03248232127236,0.02,2.2193745122537558e-08
subgroup:openEHR-EHR-COMPOSITION.outpatient_high_complexity_procedures.v1::Problem/Diagnosis::structure,group:openEHR-EHR-COMPOSITION.hospitalisation.v1::Authorization_for_hospital_admission,structure,Authorization for hospital admission,canonical_subgroup,canonical_group,26.6757956365711,0.02,1.0503316647992256e-09
field:cf_bd9db9ae67063d,group:openEHR-EHR-COMPOSITION.hospitalisation.v1::Authorization_for_hospital_admission,Problem,Authorization for hospital admission,field,canonical_group,30.449472890134484,0.425,2.285095014929129e-09
field:cf_4e7e8ca2916a1e,group:openEHR-EHR-COMPOSITION.hospitalisation.v1::Authorization_for_hospital_admission,Secondary Diagnosis,Authorization for hospital admission,field,canonical_group,29.97680791277203,0.425,3.063199296356417e-09
field:cf_0a229c157b8d2a,group:openEHR-EHR-COMPOSITION.hospitalisation.v1::Authorization_for_hospital_admission,Associated causes,Authorization for hospital admission,field,canonical_group,30.243059145816787,0.425,2.5970706245675055e-09
group:openEHR-EHR-COMPOSITION.outpatient_high_complexity_procedures.v1::Procedure_undertaken,group:openEHR-EHR-COMPOSITION.hospitalisation.v1::Authorization_for_hospital_admission,Procedure undertaken,Authorization for hospital admission,canonical_group,canonical_group,27.045147806687577,0.02,9.919901481811473e-10
subgroup:openEHR-EHR-COMPOSITION.outpatient_high_complexity_procedures.v1::Procedure_undertaken::Procedure_list,group:openEHR-EHR-COMPOSITION.hospitalisation.v1::Authorization_for_hospital_admission,Procedure list,Authorization for hospital admission,canonical_subgroup,canonical_group,28.045147806687577,0.02,4.4937733251601387e-10
field:cf_0b6364bb149692,group:openEHR-EHR-COMPOSITION.hospitalisation.v1::Authorization_for_hospital_admission,Procedure,Authorization for hospital admission,field,canonical_group,31.772523118003683,0.39375,9.321546779922743e-10
field:cf_af0c9a7d79fe64,group:openEHR-EHR-COMPOSITION.hospitalisation.v1::Authorization_for_hospital_admission,Invaded regional linphonodes,Authorization for hospital admission,field,canonical_group,33.265920813047785,0.23173076923076924,2.1733766927174252e-10
field:cf_e5c01940113606,group:openEHR-EHR-COMPOSITION.hospitalisation.v1::Authorization_for_hospital_admission,irradiated area 1,Authorization for hospital admission,field,canonical_group,37.03318555238919,0.1610576923076923,1.4613335512291485e-11
field:cf_fc5be63ab59287,group:openEHR-EHR-COMPOSITION.hospitalisation.v1::Authorization_for_hospital_admission,irradiated area 2,Authorization for hospital admission,field,canonical_group,32.187885783848465,0.31490384615384615,5.762404741324878e-10
field:cf_821e1930333a5c,group:openEHR-EHR-COMPOSITION.hospitalisation.v1::Authorization_for_hospital_admission,irradiated area 3,Authorization for hospital admission,field,canonical_group,41.03318555238919,0.10336538461538461,7.854032485939072e-13
field:cf_c9b3a708f95249,group:openEHR-EHR-COMPOSITION.hospitalisation.v1::Authorization_for_hospital_admission,fields/insertions 1,Authorization for hospital admission,field,canonical_group,35.41226309347055,0.1923076923076923,4.766705283019063e-11
field:cf_bbec72e0a270f7,group:openEHR-EHR-COMPOSITION.hospitalisation.v1::Authorization_for_hospital_admission,fields/insertions 2,Authorization for hospital admission,field,canonical_group,33.82665938997321,0.23557692307692307,1.5606234628111966e-10
family:openEHR-EHR-COMPOSITION.hospitalisation.v1,group:openEHR-EHR-COMPOSITION.hospitalisation.v1::Authorization_for_hospital_admission,openEHR-EHR-COMPOSITION.hospitalisation.v1,Authorization for hospital admission,composition_family,canonical_group,4.521601403942201,0.02,0.0009696654652025697
group:openEHR-EHR-COMPOSITION.hospitalisation.v1::Patient_discharge,group:openEHR-EHR-COMPOSITION.hospitalisation.v1::Authorization_for_hospital_admission,Patient discharge,Authorization for hospital admission,canonical_group,canonical_group,12.647585083749732,0.02,7.468480062533766e-06
subgroup:openEHR-EHR-COMPOSITION.hospitalisation.v1::Patient_discharge::Components,group:openEHR-EHR-COMPOSITION.hospitalisation.v1::Authorization_for_hospital_admission,Components,Authorization for hospital admission,canonical_subgroup,canonical_group,13.647585083749732,0.02,3.3832651005699108e-06
field:cf_79ed78f34fef6f,group:openEHR-EHR-COMPOSITION.hospitalisation.v1::Authorization_for_hospital_admission,date of discharge,Authorization for hospital admission,field,canonical_group,16.091604186832683,0.8854166666666666,3.49703338454063e-05
field:cf_be52992cb12705,group:openEHR-EHR-COMPOSITION.hospitalisation.v1::Authorization_for_hospital_admission,hospital infection,Authorization for hospital admission,field,canonical_group,22.13091748207696,0.13541666666666666,1.2649202143958232e-07
field:cf_1285e1e2c004f2,group:openEHR-EHR-COMPOSITION.hospitalisation.v1::Authorization_for_hospital_admission,claim reason,Authorization for hospital admission,field,canonical_group,16.910589947327516,0.39375,9.359452285595577e-06
field:cf_80f721f9446bd3,group:openEHR-EHR-COMPOSITION.hospitalisation.v1::Authorization_for_hospital_admission,death indicator,Authorization for hospital admission,field,canonical_group,18.35138992302184,0.39375,3.830865617129748e-06
group:openEHR-EHR-COMPOSITION.hospitalisation.v1::Authorization_for_hospital_admission,group:openEHR-EHR-COMPOSITION.hospitalisation.v1::Authorization_for_hospital_admission,Authorization for hospital admission,Authorization for hospital admission,canonical_group,canonical_group,0.0,0.02,0.02
subgroup:openEHR-EHR-COMPOSITION.hospitalisation.v1::Authorization_for_hospital_admission::Components,group:openEHR-EHR-COMPOSITION.hospitalisation.v1::Authorization_for_hospital_admission,Components,Authorization for hospital admission,canonical_subgroup,canonical_group,1.0,0.02,0.008607111001514792
field:cf_ba8421601b1980,group:openEHR-EHR-COMPOSITION.hospitalisation.v1::Authorization_for_hospital_admission,Issue date,Authorization for hospital admission,field,canonical_group,2.6878767778158927,0.9270833333333334,0.1488651593642937
field:cf_ba09c313b94cba,group:openEHR-EHR-COMPOSITION.hospitalisation.v1::Authorization_for_hospital_admission,ICU - Total,Authorization for hospital admission,field,canonical_group,3.4537487414172396,0.39375,0.03932549518426633
group:openEHR-EHR-COMPOSITION.hospitalisation.v1::Patient_admission,group:openEHR-EHR-COMPOSITION.hospitalisation.v1::Authorization_for_hospital_admission,Patient admission,Authorization for hospital admission,canonical_group,canonical_group,11.37581472528593,0.02,1.643131768005142e-05
subgroup:openEHR-EHR-COMPOSITION.hospitalisation.v1::Patient_admission::Tree,group:openEHR-EHR-COMPOSITION.hospitalisation.v1::Authorization_for_hospital_admission,Tree,Authorization for hospital admission,canonical_subgroup,canonical_group,15.072299396378304,0.02,1.398665231077935e-06
field:cf_3db72fcc22b158,group:openEHR-EHR-COMPOSITION.hospitalisation.v1::Authorization_for_hospital_admission,Patient class,Authorization for hospital admission,field,canonical_group,23.619234831300762,0.13541666666666666,5.027070380158523e-08
subgroup:openEHR-EHR-COMPOSITION.hospitalisation.v1::Patient_admission::Tree_/_Assigned_patient_location_/_Facility,group:openEHR-EHR-COMPOSITION.hospitalisation.v1::Authorization_for_hospital_admission,Tree / Assigned patient location / Facility,Authorization for hospital admission,canonical_subgroup,canonical_group,13.691887020287318,0.02,3.291600921300408e-06
field:cf_9449e602105d68,group:openEHR-EHR-COMPOSITION.hospitalisation.v1::Authorization_for_hospital_admission,Universal ID,Authorization for hospital admission,field,canonical_group,14.691887020287318,0.7395833333333334,6.957138595438919e-05
subgroup:openEHR-EHR-COMPOSITION.hospitalisation.v1::Patient_admission::Tree_/_Assigned_patient_location_/_Address,group:openEHR-EHR-COMPOSITION.hospitalisation.v1::Authorization_for_hospital_admission,Tree / Assigned patient location / Address,Authorization for hospital admission,canonical_subgroup,canonical_group,14.734819213254704,0.02,1.7241877827247088e-06
field:cf_1d8359b2d21168,group:openEHR-EHR-COMPOSITION.hospitalisation.v1::Authorization_for_hospital_admission,State/province,Authorization for hospital admission,field,canonical_group,15.734819213254704,0.4875,2.402124693584586e-05
field:cf_10f7d6c8e1d5c5,group:openEHR-EHR-COMPOSITION.hospitalisation.v1::Authorization_for_hospital_admission,Admission type,Authorization for hospital admission,field,canonical_group,19.839707272245644,0.39375,1.522470022620286e-06
field:cf_2a67f6f1c22886,group:openEHR-EHR-COMPOSITION.hospitalisation.v1::Authorization_for_hospital_admission,Hospital service,Authorization for hospital admission,field,canonical_group,17.998335875651925,0.59375,7.190253740986954e-06
field:cf_22f759c45e42f4,group:openEHR-EHR-COMPOSITION.hospitalisation.v1::Authorization_for_hospital_admission,Admit date/time,Authorization for hospital admission,field,canonical_group,17.65299229451451,0.9583333333333334,1.4376239246914795e-05
group:openEHR-EHR-COMPOSITION.hospitalisation.v1::Problem/Diagnosis,group:openEHR-EHR-COMPOSITION.hospitalisation.v1::Authorization_for_hospital_admission,Problem/Diagnosis,Authorization for hospital admission,canonical_group,canonical_group,7.763439475941237,0.02,0.00015429429466175845
subgroup:openEHR-EHR-COMPOSITION.hospitalisation.v1::Problem/Diagnosis::structure,group:openEHR-EHR-COMPOSITION.hospitalisation.v1::Authorization_for_hospital_admission,structure,Authorization for hospital admission,canonical_subgroup,canonical_group,8.763439475941237,0.02,6.989621689758881e-05
field:cf_2db2fd852fb674,group:openEHR-EHR-COMPOSITION.hospitalisation.v1::Authorization_for_hospital_admission,Problem,Authorization for hospital admission,field,canonical_group,10.802628602210177,0.9583333333333334,0.0010050597592617695
field:cf_49398dcbba5447,group:openEHR-EHR-COMPOSITION.hospitalisation.v1::Authorization_for_hospital_admission,Secondary Diagnosis,Authorization for hospital admission,field,canonical_group,10.725728220811343,1.0815217391304348,0.001189643782288557
group:openEHR-EHR-COMPOSITION.hospitalisation.v1::Procedure_undertaken,group:openEHR-EHR-COMPOSITION.hospitalisation.v1::Authorization_for_hospital_admission,Procedure undertaken,Authorization for hospital admission,canonical_group,canonical_group,9.486481089763355,0.02,5.301505779261266e-05
subgroup:openEHR-EHR-COMPOSITION.hospitalisation.v1::Procedure_undertaken::Procedure_list,group:openEHR-EHR-COMPOSITION.hospitalisation.v1::Authorization_for_hospital_admission,Procedure list,Authorization for hospital admission,canonical_subgroup,canonical_group,10.486481089763355,0.02,2.4016130903828367e-05
field:cf_18704e514938d4,group:openEHR-EHR-COMPOSITION.hospitalisation.v1::Authorization_for_hospital_admission,Procedure,Authorization for hospital admission,field,canonical_group,11.486481089763355,0.6770833333333334,0.00046470947772289493
family:openEHR-EHR-COMPOSITION.demographic_data.v1,group:openEHR-EHR-COMPOSITION.hospitalisation.v1::Authorization_for_hospital_admission,openEHR-EHR-COMPOSITION.demographic_data.v1,Authorization for hospital admission,composition_family,canonical_group,9.499923092069542,0.02,4.4273738201285454e-05
group:openEHR-EHR-COMPOSITION.demographic_data.v1::Demographic_data,group:openEHR-EHR-COMPOSITION.hospitalisation.v1::Authorization_for_hospital_admission,Demographic data,Authorization for hospital admission,canonical_group,canonical_group,10.499923092069542,0.02,2.8282463296323924e-05
subgroup:openEHR-EHR-COMPOSITION.demographic_data.v1::Demographic_data::components,group:openEHR-EHR-COMPOSITION.hospitalisation.v1::Authorization_for_hospital_admission,components,Authorization for hospital admission,canonical_subgroup,canonical_group,11.499923092069542,0.02,1.281212110461726e-05
field:cf_7f3b6795a0e812,group:openEHR-EHR-COMPOSITION.hospitalisation.v1::Authorization_for_hospital_admission,birth date,Authorization for hospital admission,field,canonical_group,14.484631856109008,1.09375,0.00011699509798648298
field:cf_e7551706658b4a,group:openEHR-EHR-COMPOSITION.hospitalisation.v1::Authorization_for_hospital_admission,gender,Authorization for hospital admission,field,canonical_group,15.623781896071023,0.39375,2.0784505143216494e-05
field:cf_19e1b0f55ef007,group:openEHR-EHR-COMPOSITION.hospitalisation.v1::Authorization_for_hospital_admission,race,Authorization for hospital admission,field,canonical_group,22.283238585406444,0.1846590909090909,1.569449455860888e-07
field:cf_4122372d727029,group:openEHR-EHR-COMPOSITION.hospitalisation.v1::Authorization_for_hospital_admission,ethnic group,Authorization for hospital admission,field,canonical_group,26.283238585406444,0.1846590909090909,1.3143075983770768e-08
field:cf_7ab0248b87b82e,group:openEHR-EHR-COMPOSITION.hospitalisation.v1::Authorization_for_hospital_admission,educational level,Authorization for hospital admission,field,canonical_group,17.49159576469972,0.39375,6.528408325125276e-06
field:cf_eee397355aecbe,group:openEHR-EHR-COMPOSITION.hospitalisation.v1::Authorization_for_hospital_admission,nationality,Authorization for hospital admission,field,canonical_group,18.825478271064597,0.39375,2.8552403110555624e-06
schema:root,subgroup:openEHR-EHR-COMPOSITION.hospitalisation.v1::Authorization_for_hospital_admission::Components,EHR Schema,Components,root,canonical_subgroup,7.9232847559114195,0.02,0.00011767274834214648
family:openEHR-EHR-COMPOSITION.outpatient_high_complexity_procedures.v1,subgroup:openEHR-EHR-COMPOSITION.hospitalisation.v1::Authorization_for_hospital_admission::Components,openEHR-EHR-COMPOSITION.outpatient_high_complexity_procedures.v1,Components,composition_family,canonical_subgroup,13.037778015206182,0.02,4.9378086111305375e-06
group:openEHR-EHR-COMPOSITION.outpatient_high_complexity_procedures.v1::HCPA,subgroup:openEHR-EHR-COMPOSITION.hospitalisation.v1::Authorization_for_hospital_admission::Components,HCPA,Components,canonical_group,canonical_subgroup,25.836365246551374,0.02,1.7674765075246357e-09
subgroup:openEHR-EHR-COMPOSITION.outpatient_high_complexity_procedures.v1::HCPA::components_/_General_data,subgroup:openEHR-EHR-COMPOSITION.hospitalisation.v1::Authorization_for_hospital_admission::Components,components / General data,Components,canonical_subgroup,canonical_subgroup,29.588646051679362,0.02,2.04945535647634e-10
field:cf_5cd62eaa6e16a8,subgroup:openEHR-EHR-COMPOSITION.hospitalisation.v1::Authorization_for_hospital_admission::Components,issue date,Components,field,canonical_subgroup,34.48124568446025,0.5096153846153846,2.2498435725493612e-10
field:cf_775d9002cb4e7b,subgroup:openEHR-EHR-COMPOSITION.hospitalisation.v1::Authorization_for_hospital_admission::Components,reason for encounter,Components,field,canonical_subgroup,34.385222902763445,0.425,1.9913796513809018e-10
field:cf_b87e8363f020f7,subgroup:openEHR-EHR-COMPOSITION.hospitalisation.v1::Authorization_for_hospital_admission::Components,healthcare unit,Components,field,canonical_subgroup,34.73909238799882,0.425,1.5990802333951106e-10
field:cf_8b431261fa7dca,subgroup:openEHR-EHR-COMPOSITION.hospitalisation.v1::Authorization_for_hospital_admission::Components,State,Components,field,canonical_subgroup,35.67484669191741,0.425,8.951723059666862e-11
field:cf_16800b2d3f5ef6,subgroup:openEHR-EHR-COMPOSITION.hospitalisation.v1::Authorization_for_hospital_admission::Components,patient age,Components,field,canonical_subgroup,33.961882174128824,0.49038461538461536,2.9873890726237535e-10
group:openEHR-EHR-COMPOSITION.outpatient_high_complexity_procedures.v1::Patient_discharge,subgroup:openEHR-EHR-COMPOSITION.hospitalisation.v1::Authorization_for_hospital_admission::Components,Patient discharge,Components,canonical_group,canonical_subgroup,18.177324244141644,0.02,2.040078041676452e-07
subgroup:openEHR-EHR-COMPOSITION.outpatient_high_complexity_procedures.v1::Patient_discharge::Components,subgroup:openEHR-EHR-COMPOSITION.hospitalisation.v1::Authorization_for_hospital_admission::Components,Components,Components,canonical_subgroup,canonical_subgroup,19.177324244141644,0.02,1.3032202537999254e-07
field:cf_469c691048a0ce,subgroup:openEHR-EHR-COMPOSITION.hospitalisation.v1::Authorization_for_hospital_admission::Components,date of discharge,Components,field,canonical_subgroup,21.140703939491857,0.4168269230769231,7.194062859916743e-07
field:cf_49533263f29569,subgroup:openEHR-EHR-COMPOSITION.hospitalisation.v1::Authorization_for_hospital_admission::Components,reason for discharge,Components,field,canonical_subgroup,21.215336571811136,0.39375,6.488484290712957e-07
group:openEHR-EHR-COMPOSITION.outpatient_high_complexity_procedures.v1::Problem/Diagnosis,subgroup:openEHR-EHR-COMPOSITION.hospitalisation.v1::Authorization_for_hospital_admission::Components,Problem/Diagnosis,Components,canonical_group,canonical_subgroup,23.03248232127236,0.02,1.0053896200474129e-08
subgroup:openEHR-EHR-COMPOSITION.outpatient_high_complexity_procedures.v1::Problem/Diagnosis::structure,subgroup:openEHR-EHR-COMPOSITION.hospitalisation.v1::Authorization_for_hospital_admission::Components,structure,Components,canonical_subgroup,canonical_subgroup,27.6757956365711,0.02,6.709613410911051e-10
field:cf_bd9db9ae67063d,subgroup:openEHR-EHR-COMPOSITION.hospitalisation.v1::Authorization_for_hospital_admission::Components,Problem,Components,field,canonical_subgroup,31.449472890134484,0.425,1.2292541526564433e-09
field:cf_4e7e8ca2916a1e,subgroup:openEHR-EHR-COMPOSITION.hospitalisation.v1::Authorization_for_hospital_admission::Components,Secondary Diagnosis,Components,field,canonical_subgroup,30.97680791277203,0.425,1.6478310227188538e-09
field:cf_0a229c157b8d2a,subgroup:openEHR-EHR-COMPOSITION.hospitalisation.v1::Authorization_for_hospital_admission::Components,Associated causes,Components,field,canonical_subgroup,31.243059145816787,0.425,1.3970796965266202e-09
group:openEHR-EHR-COMPOSITION.outpatient_high_complexity_procedures.v1::Procedure_undertaken,subgroup:openEHR-EHR-COMPOSITION.hospitalisation.v1::Authorization_for_hospital_admission::Components,Procedure undertaken,Components,canonical_group,canonical_subgroup,28.045147806687577,0.02,4.4937733251601387e-10
subgroup:openEHR-EHR-COMPOSITION.outpatient_high_complexity_procedures.v1::Procedure_undertaken::Procedure_list,subgroup:openEHR-EHR-COMPOSITION.hospitalisation.v1::Authorization_for_hospital_admission::Components,Procedure list,Components,canonical_subgroup,canonical_subgroup,29.045147806687577,0.02,2.8706629323464474e-10
field:cf_0b6364bb149692,subgroup:openEHR-EHR-COMPOSITION.hospitalisation.v1::Authorization_for_hospital_admission::Components,Procedure,Components,field,canonical_subgroup,32.77252311800368,0.39375,5.014474240037984e-10
field:cf_af0c9a7d79fe64,subgroup:openEHR-EHR-COMPOSITION.hospitalisation.v1::Authorization_for_hospital_admission::Components,Invaded regional linphonodes,Components,field,canonical_subgroup,34.265920813047785,0.23173076923076924,1.1691559026452478e-10
field:cf_e5c01940113606,subgroup:openEHR-EHR-COMPOSITION.hospitalisation.v1::Authorization_for_hospital_admission::Components,irradiated area 1,Components,field,canonical_subgroup,38.03318555238919,0.1610576923076923,7.86116255354192e-12
field:cf_fc5be63ab59287,subgroup:openEHR-EHR-COMPOSITION.hospitalisation.v1::Authorization_for_hospital_admission::Components,irradiated area 2,Components,field,canonical_subgroup,33.187885783848465,0.31490384615384615,3.099853577764894e-10
field:cf_821e1930333a5c,subgroup:openEHR-EHR-COMPOSITION.hospitalisation.v1::Authorization_for_hospital_admission::Components,irradiated area 3,Components,field,canonical_subgroup,42.03318555238919,0.10336538461538461,4.2250330884987926e-13
field:cf_c9b3a708f95249,subgroup:openEHR-EHR-COMPOSITION.hospitalisation.v1::Authorization_for_hospital_admission::Components,fields/insertions 1,Components,field,canonical_subgroup,36.41226309347055,0.1923076923076923,2.564222592653251e-11
field:cf_bbec72e0a270f7,subgroup:openEHR-EHR-COMPOSITION.hospitalisation.v1::Authorization_for_hospital_admission::Components,fields/insertions 2,Components,field,canonical_subgroup,34.82665938997321,0.23557692307692307,8.395287109990218e-11
family:openEHR-EHR-COMPOSITION.hospitalisation.v1,subgroup:openEHR-EHR-COMPOSITION.hospitalisation.v1::Authorization_for_hospital_admission::Components,openEHR-EHR-COMPOSITION.hospitalisation.v1,Components,composition_family,canonical_subgroup,5.521601403942201,0.02,0.0005216261433333747
group:openEHR-EHR-COMPOSITION.hospitalisation.v1::Patient_discharge,subgroup:openEHR-EHR-COMPOSITION.hospitalisation.v1::Authorization_for_hospital_admission::Components,Patient discharge,Components,canonical_group,canonical_subgroup,13.647585083749732,0.02,3.3832651005699108e-06
subgroup:openEHR-EHR-COMPOSITION.hospitalisation.v1::Patient_discharge::Components,subgroup:openEHR-EHR-COMPOSITION.hospitalisation.v1::Authorization_for_hospital_admission::Components,Components,Components,canonical_subgroup,canonical_subgroup,14.647585083749732,0.02,2.1612602620897254e-06
field:cf_79ed78f34fef6f,subgroup:openEHR-EHR-COMPOSITION.hospitalisation.v1::Authorization_for_hospital_admission::Components,date of discharge,Components,field,canonical_subgroup,17.091604186832683,0.8854166666666666,1.881209657296512e-05
field:cf_be52992cb12705,subgroup:openEHR-EHR-COMPOSITION.hospitalisation.v1::Authorization_for_hospital_admission::Components,hospital infection,Components,field,canonical_subgroup,23.13091748207696,0.13541666666666666,6.804567933352968e-08
field:cf_1285e1e2c004f2,subgroup:openEHR-EHR-COMPOSITION.hospitalisation.v1::Authorization_for_hospital_admission::Components,claim reason,Components,field,canonical_subgroup,17.910589947327516,0.39375,5.034865295968907e-06
field:cf_80f721f9446bd3,subgroup:openEHR-EHR-COMPOSITION.hospitalisation.v1::Authorization_for_hospital_admission::Components,death indicator,Components,field,canonical_subgroup,19.35138992302184,0.39375,2.06079284990764e-06
group:openEHR-EHR-COMPOSITION.hospitalisation.v1::Authorization_for_hospital_admission,subgroup:openEHR-EHR-COMPOSITION.hospitalisation.v1::Authorization_for_hospital_admission::Components,Authorization for hospital admission,Components,canonical_group,canonical_subgroup,1.0,0.02,0.008607111001514792
subgroup:openEHR-EHR-COMPOSITION.hospitalisation.v1::Authorization_for_hospital_admission::Components,subgroup:openEHR-EHR-COMPOSITION.hospitalisation.v1::Authorization_for_hospital_admission::Components,Components,Components,canonical_subgroup,canonical_subgroup,0.0,0.02,0.02
field:cf_ba8421601b1980,subgroup:openEHR-EHR-COMPOSITION.hospitalisation.v1::Authorization_for_hospital_admission::Components,Issue date,Components,field,canonical_subgroup,1.6878767778158925,0.9270833333333334,0.27672961919621025
field:cf_ba09c313b94cba,subgroup:openEHR-EHR-COMPOSITION.hospitalisation.v1::Authorization_for_hospital_admission::Components,ICU - Total,Components,field,canonical_subgroup,2.4537487414172396,0.39375,0.07310326575752597
group:openEHR-EHR-COMPOSITION.hospitalisation.v1::Patient_admission,subgroup:openEHR-EHR-COMPOSITION.hospitalisation.v1::Authorization_for_hospital_admission::Components,Patient admission,Components,canonical_group,canonical_subgroup,12.37581472528593,0.02,7.443482903860793e-06
subgroup:openEHR-EHR-COMPOSITION.hospitalisation.v1::Patient_admission::Tree,subgroup:openEHR-EHR-COMPOSITION.hospitalisation.v1::Authorization_for_hospital_admission::Components,Tree,Components,canonical_subgroup,canonical_subgroup,16.072299396378302,0.02,8.934799650745932e-07
field:cf_3db72fcc22b158,subgroup:openEHR-EHR-COMPOSITION.hospitalisation.v1::Authorization_for_hospital_admission::Components,Patient class,Components,field,canonical_subgroup,24.61923483130076,0.13541666666666666,2.7042845484032302e-08
subgroup:openEHR-EHR-COMPOSITION.hospitalisation.v1::Patient_admission::Tree_/_Assigned_patient_location_/_Facility,subgroup:openEHR-EHR-COMPOSITION.hospitalisation.v1::Authorization_for_hospital_admission::Components,Tree / Assigned patient location / Facility,Components,canonical_subgroup,canonical_subgroup,14.691887020287318,0.02,2.102704357594132e-06
field:cf_9449e602105d68,subgroup:openEHR-EHR-COMPOSITION.hospitalisation.v1::Authorization_for_hospital_admission::Components,Universal ID,Components,field,canonical_subgroup,15.691887020287318,0.7395833333333334,3.7425540089915955e-05
subgroup:openEHR-EHR-COMPOSITION.hospitalisation.v1::Patient_admission::Tree_/_Assigned_patient_location_/_Address,subgroup:openEHR-EHR-COMPOSITION.hospitalisation.v1::Authorization_for_hospital_admission::Components,Tree / Assigned patient location / Address,Components,canonical_subgroup,canonical_subgroup,15.734819213254704,0.02,1.1014267071639732e-06
field:cf_1d8359b2d21168,subgroup:openEHR-EHR-COMPOSITION.hospitalisation.v1::Authorization_for_hospital_admission::Components,State/province,Components,field,canonical_subgroup,16.734819213254703,0.4875,1.2922096173226436e-05
field:cf_10f7d6c8e1d5c5,subgroup:openEHR-EHR-COMPOSITION.hospitalisation.v1::Authorization_for_hospital_admission::Components,Admission type,Components,field,canonical_subgroup,20.83970727224564,0.39375,8.190042800732232e-07
field:cf_2a67f6f1c22886,subgroup:openEHR-EHR-COMPOSITION.hospitalisation.v1::Authorization_for_hospital_admission::Components,Hospital service,Components,field,canonical_subgroup,18.99833587565192,0.59375,3.867957004858241e-06
field:cf_22f759c45e42f4,subgroup:openEHR-EHR-COMPOSITION.hospitalisation.v1::Authorization_for_hospital_admission::Components,Admit date/time,Components,field,canonical_subgroup,18.65299229451451,0.9583333333333334,7.733617936408072e-06
group:openEHR-EHR-COMPOSITION.hospitalisation.v1::Problem/Diagnosis,subgroup:openEHR-EHR-COMPOSITION.hospitalisation.v1::Authorization_for_hospital_admission::Components,Problem/Diagnosis,Components,canonical_group,canonical_subgroup,8.763439475941237,0.02,6.989621689758881e-05
subgroup:openEHR-EHR-COMPOSITION.hospitalisation.v1::Problem/Diagnosis::structure,subgroup:openEHR-EHR-COMPOSITION.hospitalisation.v1::Authorization_for_hospital_admission::Components,structure,Components,canonical_subgroup,canonical_subgroup,9.763439475941237,0.02,4.4650333793150436e-05
field:cf_2db2fd852fb674,subgroup:openEHR-EHR-COMPOSITION.hospitalisation.v1::Authorization_for_hospital_admission::Components,Problem,Components,field,canonical_subgroup,11.802628602210177,0.9583333333333334,0.0005406663069451114
field:cf_49398dcbba5447,subgroup:openEHR-EHR-COMPOSITION.hospitalisation.v1::Authorization_for_hospital_admission::Components,Secondary Diagnosis,Components,field,canonical_subgroup,11.725728220811343,1.0815217391304348,0.0006399622554012193
group:openEHR-EHR-COMPOSITION.hospitalisation.v1::Procedure_undertaken,subgroup:openEHR-EHR-COMPOSITION.hospitalisation.v1::Authorization_for_hospital_admission::Components,Procedure undertaken,Components,canonical_group,canonical_subgroup,10.486481089763355,0.02,2.4016130903828367e-05
subgroup:openEHR-EHR-COMPOSITION.hospitalisation.v1::Procedure_undertaken::Procedure_list,subgroup:openEHR-EHR-COMPOSITION.hospitalisation.v1::Authorization_for_hospital_admission::Components,Procedure list,Components,canonical_subgroup,canonical_subgroup,11.486481089763355,0.02,1.534172103830878e-05
field:cf_18704e514938d4,subgroup:openEHR-EHR-COMPOSITION.hospitalisation.v1::Authorization_for_hospital_admission::Components,Procedure,Components,field,canonical_subgroup,12.486481089763355,0.6770833333333334,0.0002499878786385576
family:openEHR-EHR-COMPOSITION.demographic_data.v1,subgroup:openEHR-EHR-COMPOSITION.hospitalisation.v1::Authorization_for_hospital_admission::Components,openEHR-EHR-COMPOSITION.demographic_data.v1,Components,composition_family,canonical_subgroup,10.499923092069542,0.02,2.3816811196904358e-05
group:openEHR-EHR-COMPOSITION.demographic_data.v1::Demographic_data,subgroup:openEHR-EHR-COMPOSITION.hospitalisation.v1::Authorization_for_hospital_admission::Components,Demographic data,Components,canonical_group,canonical_subgroup,11.499923092069542,0.02,1.281212110461726e-05
subgroup:openEHR-EHR-COMPOSITION.demographic_data.v1::Demographic_data::components,subgroup:openEHR-EHR-COMPOSITION.hospitalisation.v1::Authorization_for_hospital_admission::Components,components,Components,canonical_subgroup,canonical_subgroup,12.499923092069542,0.02,8.184498522396608e-06
field:cf_7f3b6795a0e812,subgroup:openEHR-EHR-COMPOSITION.hospitalisation.v1::Authorization_for_hospital_admission::Components,birth date,Components,field,canonical_subgroup,15.484631856109008,1.09375,6.293686218767235e-05
field:cf_e7551706658b4a,subgroup:openEHR-EHR-COMPOSITION.hospitalisation.v1::Authorization_for_hospital_admission::Components,gender,Components,field,canonical_subgroup,16.623781896071023,0.39375,1.1180908929951207e-05
field:cf_19e1b0f55ef007,subgroup:openEHR-EHR-COMPOSITION.hospitalisation.v1::Authorization_for_hospital_admission::Components,race,Components,field,canonical_subgroup,23.283238585406444,0.1846590909090909,8.442766048663537e-08
field:cf_4122372d727029,subgroup:openEHR-EHR-COMPOSITION.hospitalisation.v1::Authorization_for_hospital_admission::Components,ethnic group,Components,field,canonical_subgroup,27.283238585406444,0.1846590909090909,7.070244618353632e-09
field:cf_7ab0248b87b82e,subgroup:openEHR-EHR-COMPOSITION.hospitalisation.v1::Authorization_for_hospital_admission::Components,educational level,Components,field,canonical_subgroup,18.49159576469972,0.39375,3.5119209448479036e-06
field:cf_eee397355aecbe,subgroup:openEHR-EHR-COMPOSITION.hospitalisation.v1::Authorization_for_hospital_admission::Components,nationality,Components,field,canonical_subgroup,19.825478271064597,0.39375,1.5359606433284265e-06
schema:root,field:cf_ba8421601b1980,EHR Schema,Issue date,root,field,9.611161533727312,0.02,4.390588966987911e-05
family:openEHR-EHR-COMPOSITION.outpatient_high_complexity_procedures.v1,field:cf_ba8421601b1980,openEHR-EHR-COMPOSITION.outpatient_high_complexity_procedures.v1,Issue date,composition_family,field,14.725654793022077,0.02,1.8423881752205648e-06
group:openEHR-EHR-COMPOSITION.outpatient_high_complexity_procedures.v1::HCPA,field:cf_ba8421601b1980,HCPA,Issue date,canonical_group,field,27.52424202436727,0.02,6.594783382456718e-10
subgroup:openEHR-EHR-COMPOSITION.outpatient_high_complexity_procedures.v1::HCPA::components_/_General_data,field:cf_ba8421601b1980,components / General data,Issue date,canonical_subgroup,field,31.276522829495256,0.02,6.439493794713631e-11
field:cf_5cd62eaa6e16a8,field:cf_ba8421601b1980,issue date,Issue date,field,field,36.16912246227614,0.5096153846153846,8.830289644031798e-11
field:cf_775d9002cb4e7b,field:cf_ba8421601b1980,reason for encounter,Issue date,field,field,36.07309968057934,0.425,7.815858545667238e-11
field:cf_b87e8363f020f7,field:cf_ba8421601b1980,healthcare unit,Issue date,field,field,36.42696916581471,0.425,6.276143727150145e-11
field:cf_8b431261fa7dca,field:cf_ba8421601b1980,State,Issue date,field,field,37.362723469733304,0.425,3.51341348325152e-11
field:cf_16800b2d3f5ef6,field:cf_ba8421601b1980,patient age,Issue date,field,field,35.64975895194472,0.49038461538461536,1.172504218184015e-10
group:openEHR-EHR-COMPOSITION.outpatient_high_complexity_procedures.v1::Patient_discharge,field:cf_ba8421601b1980,Patient discharge,Issue date,canonical_group,field,19.86520102195754,0.02,7.611910376678761e-08
subgroup:openEHR-EHR-COMPOSITION.outpatient_high_complexity_procedures.v1::Patient_discharge::Components,field:cf_ba8421601b1980,Components,Issue date,canonical_subgroup,field,20.86520102195754,0.02,4.0947848466035187e-08
field:cf_469c691048a0ce,field:cf_ba8421601b1980,date of discharge,Issue date,field,field,22.82858071730775,0.4168269230769231,2.823558915185107e-07
field:cf_49533263f29569,field:cf_ba8421601b1980,reason for discharge,Issue date,field,field,22.90321334962703,0.39375,2.546630189619037e-07
group:openEHR-EHR-COMPOSITION.outpatient_high_complexity_procedures.v1::Problem/Diagnosis,field:cf_ba8421601b1980,Problem/Diagnosis,Issue date,canonical_group,field,24.720359099088256,0.02,3.751295551005067e-09
subgroup:openEHR-EHR-COMPOSITION.outpatient_high_complexity_procedures.v1::Problem/Diagnosis::structure,field:cf_ba8421601b1980,structure,Issue date,canonical_subgroup,field,29.363672414386993,0.02,2.1081949303240518e-10
field:cf_bd9db9ae67063d,field:cf_ba8421601b1980,Problem,Issue date,field,field,33.137349667950375,0.425,4.824633297409908e-10
field:cf_4e7e8ca2916a1e,field:cf_ba8421601b1980,Secondary Diagnosis,Issue date,field,field,32.664684690587926,0.425,6.46748306974101e-10
field:cf_0a229c157b8d2a,field:cf_ba8421601b1980,Associated causes,Issue date,field,field,32.93093592363268,0.425,5.48332271925336e-10
group:openEHR-EHR-COMPOSITION.outpatient_high_complexity_procedures.v1::Procedure_undertaken,field:cf_ba8421601b1980,Procedure undertaken,Issue date,canonical_group,field,29.73302458450347,0.02,1.676710356439076e-10
subgroup:openEHR-EHR-COMPOSITION.outpatient_high_complexity_procedures.v1::Procedure_undertaken::Procedure_list,field:cf_ba8421601b1980,Procedure list,Issue date,canonical_subgroup,field,30.73302458450347,0.02,9.019770097037872e-11
field:cf_0b6364bb149692,field:cf_ba8421601b1980,Procedure,Issue date,field,field,34.46039989581958,0.39375,1.968103938083907e-10
field:cf_af0c9a7d79fe64,field:cf_ba8421601b1980,Invaded regional linphonodes,Issue date,field,field,35.95379759086368,0.23173076923076924,4.5887569186370514e-11
field:cf_e5c01940113606,field:cf_ba8421601b1980,irradiated area 1,Issue date,field,field,39.721062330205086,0.1610576923076923,3.0853852744941804e-12
field:cf_fc5be63ab59287,field:cf_ba8421601b1980,irradiated area 2,Issue date,field,field,34.87576256166436,0.31490384615384615,1.216644804986846e-10
field:cf_821e1930333a5c,field:cf_ba8421601b1980,irradiated area 3,Issue date,field,field,43.721062330205086,0.10336538461538461,1.6582604400708411e-13
field:cf_c9b3a708f95249,field:cf_ba8421601b1980,fields/insertions 1,Issue date,field,field,38.100139871286444,0.1923076923076923,1.0064178897220425e-11
field:cf_bbec72e0a270f7,field:cf_ba8421601b1980,fields/insertions 2,Issue date,field,field,36.5145361677891,0.23557692307692307,3.295020939701078e-11
family:openEHR-EHR-COMPOSITION.hospitalisation.v1,field:cf_ba8421601b1980,openEHR-EHR-COMPOSITION.hospitalisation.v1,Issue date,composition_family,field,7.209478181758094,0.02,0.00019462840989766184
group:openEHR-EHR-COMPOSITION.hospitalisation.v1::Patient_discharge,field:cf_ba8421601b1980,Patient discharge,Issue date,canonical_group,field,15.335461861565625,0.02,1.262359096072637e-06
subgroup:openEHR-EHR-COMPOSITION.hospitalisation.v1::Patient_discharge::Components,field:cf_ba8421601b1980,Components,Issue date,canonical_subgroup,field,16.335461861565626,0.02,6.790790539793146e-07
field:cf_79ed78f34fef6f,field:cf_ba8421601b1980,date of discharge,Issue date,field,field,18.779480964648577,0.8854166666666666,7.383458280281622e-06
field:cf_be52992cb12705,field:cf_ba8421601b1980,hospital infection,Issue date,field,field,24.818794259892854,0.13541666666666666,2.6706881530395456e-08
field:cf_1285e1e2c004f2,field:cf_ba8421601b1980,claim reason,Issue date,field,field,19.59846672514341,0.39375,1.9761071136030653e-06
field:cf_80f721f9446bd3,field:cf_ba8421601b1980,death indicator,Issue date,field,field,21.039266700837736,0.39375,8.088294663265941e-07
group:openEHR-EHR-COMPOSITION.hospitalisation.v1::Authorization_for_hospital_admission,field:cf_ba8421601b1980,Authorization for hospital admission,Issue date,canonical_group,field,2.6878767778158927,0.02,0.0032114731008926287
subgroup:openEHR-EHR-COMPOSITION.hospitalisation.v1::Authorization_for_hospital_admission::Components,field:cf_ba8421601b1980,Components,Issue date,canonical_subgroup,field,1.6878767778158925,0.02,0.005969897402884535
field:cf_ba8421601b1980,field:cf_ba8421601b1980,Issue date,Issue date,field,field,0.0,0.9270833333333334,0.9270833333333334
field:cf_ba09c313b94cba,field:cf_ba8421601b1980,ICU - Total,Issue date,field,field,1.5141955835962146,0.39375,0.1462944883824901
group:openEHR-EHR-COMPOSITION.hospitalisation.v1::Patient_admission,field:cf_ba8421601b1980,Patient admission,Issue date,canonical_group,field,14.063691503101822,0.02,2.7773018285108718e-06
subgroup:openEHR-EHR-COMPOSITION.hospitalisation.v1::Patient_admission::Tree,field:cf_ba8421601b1980,Tree,Issue date,canonical_subgroup,field,17.760176174194196,0.02,2.807359854225352e-07
field:cf_3db72fcc22b158,field:cf_ba8421601b1980,Patient class,Issue date,field,field,26.307111609116653,0.13541666666666666,1.0613900510079242e-08
subgroup:openEHR-EHR-COMPOSITION.hospitalisation.v1::Patient_admission::Tree_/_Assigned_patient_location_/_Facility,field:cf_ba8421601b1980,Tree / Assigned patient location / Facility,Issue date,canonical_subgroup,field,16.379763798103212,0.02,6.606804886018527e-07
field:cf_9449e602105d68,field:cf_ba8421601b1980,Universal ID,Issue date,field,field,17.379763798103212,0.7395833333333334,1.4688948294472172e-05
subgroup:openEHR-EHR-COMPOSITION.hospitalisation.v1::Patient_admission::Tree_/_Assigned_patient_location_/_Address,field:cf_ba8421601b1980,Tree / Assigned patient location / Address,Issue date,canonical_subgroup,field,17.422695991070597,0.02,3.4607391781925624e-07
field:cf_1d8359b2d21168,field:cf_ba8421601b1980,State/province,Issue date,field,field,18.422695991070597,0.4875,5.071723803816617e-06
field:cf_10f7d6c8e1d5c5,field:cf_ba8421601b1980,Admission type,Issue date,field,field,22.527584050061535,0.39375,3.214465708188527e-07
field:cf_2a67f6f1c22886,field:cf_ba8421601b1980,Hospital service,Issue date,field,field,20.686212653467816,0.59375,1.518113574663228e-06
field:cf_22f759c45e42f4,field:cf_ba8421601b1980,Admit date/time,Issue date,field,field,20.340869072330406,0.9583333333333334,3.0353259759024593e-06
group:openEHR-EHR-COMPOSITION.hospitalisation.v1::Problem/Diagnosis,field:cf_ba8421601b1980,Problem/Diagnosis,Issue date,canonical_group,field,10.45131625375713,0.02,2.607957773302309e-05
subgroup:openEHR-EHR-COMPOSITION.hospitalisation.v1::Problem/Diagnosis::structure,field:cf_ba8421601b1980,structure,Issue date,canonical_subgroup,field,11.45131625375713,0.02,1.4029363776297704e-05
field:cf_2db2fd852fb674,field:cf_ba8421601b1980,Problem,Issue date,field,field,13.49050538002607,0.9583333333333334,0.00021220320156234266
field:cf_49398dcbba5447,field:cf_ba8421601b1980,Secondary Diagnosis,Issue date,field,field,13.413604998627235,1.0815217391304348,0.0002511753326048907
group:openEHR-EHR-COMPOSITION.hospitalisation.v1::Procedure_undertaken,field:cf_ba8421601b1980,Procedure undertaken,Issue date,canonical_group,field,12.174357867579246,0.02,8.960864844381254e-06
subgroup:openEHR-EHR-COMPOSITION.hospitalisation.v1::Procedure_undertaken::Procedure_list,field:cf_ba8421601b1980,Procedure list,Issue date,canonical_subgroup,field,13.174357867579246,0.02,4.820447399072564e-06
field:cf_18704e514938d4,field:cf_ba8421601b1980,Procedure,Issue date,field,field,14.174357867579246,0.6770833333333334,9.811639363772282e-05
family:openEHR-EHR-COMPOSITION.demographic_data.v1,field:cf_ba8421601b1980,openEHR-EHR-COMPOSITION.demographic_data.v1,Issue date,composition_family,field,12.187799869885435,0.02,8.886494956836914e-06
group:openEHR-EHR-COMPOSITION.demographic_data.v1::Demographic_data,field:cf_ba8421601b1980,Demographic data,Issue date,canonical_group,field,13.187799869885435,0.02,4.780440531743544e-06
subgroup:openEHR-EHR-COMPOSITION.demographic_data.v1::Demographic_data::components,field:cf_ba8421601b1980,components,Issue date,canonical_subgroup,field,14.187799869885435,0.02,2.5716113933035696e-06
field:cf_7f3b6795a0e812,field:cf_ba8421601b1980,birth date,Issue date,field,field,17.1725086339249,1.09375,2.4701749454248674e-05
field:cf_e7551706658b4a,field:cf_ba8421601b1980,gender,Issue date,field,field,18.311658673886917,0.39375,4.388334617554602e-06
field:cf_19e1b0f55ef007,field:cf_ba8421601b1980,race,Issue date,field,field,24.971115363222335,0.1846590909090909,3.313655692160849e-08
field:cf_4122372d727029,field:cf_ba8421601b1980,ethnic group,Issue date,field,field,28.971115363222335,0.1846590909090909,2.7749621616349008e-09
field:cf_7ab0248b87b82e,field:cf_ba8421601b1980,educational level,Issue date,field,field,20.17947254251561,0.39375,1.3783749025186281e-06
field:cf_eee397355aecbe,field:cf_ba8421601b1980,nationality,Issue date,field,field,21.513355048880488,0.39375,6.028409053814731e-07
schema:root,field:cf_ba09c313b94cba,EHR Schema,ICU - Total,root,field,10.377033497328659,0.02,2.7308768871347334e-05
family:openEHR-EHR-COMPOSITION.outpatient_high_complexity_procedures.v1,field:cf_ba09c313b94cba,openEHR-EHR-COMPOSITION.outpatient_high_complexity_procedures.v1,ICU - Total,composition_family,field,15.491526756623422,0.02,1.1459363020929387e-06
group:openEHR-EHR-COMPOSITION.outpatient_high_complexity_procedures.v1::HCPA,field:cf_ba09c313b94cba,HCPA,ICU - Total,canonical_group,field,28.290113987968617,0.02,4.1018509476113394e-10
subgroup:openEHR-EHR-COMPOSITION.outpatient_high_complexity_procedures.v1::HCPA::components_/_General_data,field:cf_ba09c313b94cba,components / General data,ICU - Total,canonical_subgroup,field,32.042394793096605,0.02,4.005263280405678e-11
field:cf_5cd62eaa6e16a8,field:cf_ba09c313b94cba,issue date,ICU - Total,field,field,36.93499442587749,0.5096153846153846,5.4923004810753004e-11
field:cf_775d9002cb4e7b,field:cf_ba09c313b94cba,reason for encounter,ICU - Total,field,field,36.83897164418069,0.425,4.861340384162611e-11
field:cf_b87e8363f020f7,field:cf_ba09c313b94cba,healthcare unit,ICU - Total,field,field,37.19284112941606,0.425,3.90366212225239e-11
field:cf_8b431261fa7dca,field:cf_ba09c313b94cba,State,ICU - Total,field,field,38.12859543333465,0.425,2.185287611411592e-11
field:cf_16800b2d3f5ef6,field:cf_ba09c313b94cba,patient age,ICU - Total,field,field,36.41563091554607,0.49038461538461536,7.292790770399438e-11
group:openEHR-EHR-COMPOSITION.outpatient_high_complexity_procedures.v1::Patient_discharge,field:cf_ba09c313b94cba,Patient discharge,ICU - Total,canonical_group,field,20.631072985558884,0.02,4.734487849103713e-08
subgroup:openEHR-EHR-COMPOSITION.outpatient_high_complexity_procedures.v1::Patient_discharge::Components,field:cf_ba09c313b94cba,Components,ICU - Total,canonical_subgroup,field,21.631072985558884,0.02,2.5468914032849142e-08
field:cf_469c691048a0ce,field:cf_ba09c313b94cba,date of discharge,ICU - Total,field,field,23.594452680909097,0.4168269230769231,1.7562089821931325e-07
field:cf_49533263f29569,field:cf_ba09c313b94cba,reason for discharge,ICU - Total,field,field,23.669085313228376,0.39375,1.5839636953493325e-07
group:openEHR-EHR-COMPOSITION.outpatient_high_complexity_procedures.v1::Problem/Diagnosis,field:cf_ba09c313b94cba,Problem/Diagnosis,ICU - Total,canonical_group,field,25.486231062689605,0.02,2.3332464947359964e-09
subgroup:openEHR-EHR-COMPOSITION.outpatient_high_complexity_procedures.v1::Problem/Diagnosis::structure,field:cf_ba09c313b94cba,structure,ICU - Total,canonical_subgroup,field,30.129544377988342,0.02,1.3112638992363279e-10
field:cf_bd9db9ae67063d,field:cf_ba09c313b94cba,Problem,ICU - Total,field,field,33.90322163155172,0.425,3.000845594944432e-10
field:cf_4e7e8ca2916a1e,field:cf_ba09c313b94cba,Secondary Diagnosis,ICU - Total,field,field,33.430556654189274,0.425,4.0226721667383843e-10
field:cf_0a229c157b8d2a,field:cf_ba09c313b94cba,Associated causes,ICU - Total,field,field,33.69680788723403,0.425,3.410539996182475e-10
group:openEHR-EHR-COMPOSITION.outpatient_high_complexity_procedures.v1::Procedure_undertaken,field:cf_ba09c313b94cba,Procedure undertaken,ICU - Total,canonical_group,field,30.498896548104817,0.02,1.0428873195024209e-10
subgroup:openEHR-EHR-COMPOSITION.outpatient_high_complexity_procedures.v1::Procedure_undertaken::Procedure_list,field:cf_ba09c313b94cba,Procedure list,ICU - Total,canonical_subgroup,field,31.498896548104817,0.02,5.6101543256434686e-11
field:cf_0b6364bb149692,field:cf_ba09c313b94cba,Procedure,ICU - Total,field,field,35.22627185942092,0.39375,1.2241295180221328e-10
field:cf_af0c9a7d79fe64,field:cf_ba09c313b94cba,Invaded regional linphonodes,ICU - Total,field,field,36.71966955446503,0.23173076923076924,2.854134218440042e-11
field:cf_e5c01940113606,field:cf_ba09c313b94cba,irradiated area 1,ICU - Total,field,field,40.486934293806435,0.1610576923076923,1.9190608361142917e-12
field:cf_fc5be63ab59287,field:cf_ba09c313b94cba,irradiated area 2,ICU - Total,field,field,35.6416345252657,0.31490384615384615,7.567338238155508e-11
field:cf_821e1930333a5c,field:cf_ba09c313b94cba,irradiated area 3,ICU - Total,field,field,44.486934293806435,0.10336538461538461,1.0314117633621333e-13
field:cf_c9b3a708f95249,field:cf_ba09c313b94cba,fields/insertions 1,ICU - Total,field,field,38.86601183488779,0.1923076923076923,6.259760078899692e-12
field:cf_bbec72e0a270f7,field:cf_ba09c313b94cba,fields/insertions 2,ICU - Total,field,field,37.28040813139045,0.23557692307692307,2.049450903856246e-11
family:openEHR-EHR-COMPOSITION.hospitalisation.v1,field:cf_ba09c313b94cba,openEHR-EHR-COMPOSITION.hospitalisation.v1,ICU - Total,composition_family,field,7.975350145359441,0.02,0.0001210557923243588
group:openEHR-EHR-COMPOSITION.hospitalisation.v1::Patient_discharge,field:cf_ba09c313b94cba,Patient discharge,ICU - Total,canonical_group,field,16.10133382516697,0.02,7.851673897623013e-07
subgroup:openEHR-EHR-COMPOSITION.hospitalisation.v1::Patient_discharge::Components,field:cf_ba09c313b94cba,Components,ICU - Total,canonical_subgroup,field,17.10133382516697,0.02,4.2237642990336e-07
field:cf_79ed78f34fef6f,field:cf_ba09c313b94cba,date of discharge,ICU - Total,field,field,19.545352928249926,0.8854166666666666,4.59239425879971e-06
field:cf_be52992cb12705,field:cf_ba09c313b94cba,hospital infection,ICU - Total,field,field,25.584666223494203,0.13541666666666666,1.6611257862481483e-08
field:cf_1285e1e2c004f2,field:cf_ba09c313b94cba,claim reason,ICU - Total,field,field,20.364338688744756,0.39375,1.2291073666008247e-06
field:cf_80f721f9446bd3,field:cf_ba09c313b94cba,death indicator,ICU - Total,field,field,21.805138664439085,0.39375,5.030791339914777e-07
group:openEHR-EHR-COMPOSITION.hospitalisation.v1::Authorization_for_hospital_admission,field:cf_ba09c313b94cba,Authorization for hospital admission,ICU - Total,canonical_group,field,3.4537487414172396,0.02,0.0019974854696770206
subgroup:openEHR-EHR-COMPOSITION.hospitalisation.v1::Authorization_for_hospital_admission::Components,field:cf_ba09c313b94cba,Components,ICU - Total,canonical_subgroup,field,2.4537487414172396,0.02,0.0037131817527632244
field:cf_ba8421601b1980,field:cf_ba09c313b94cba,Issue date,ICU - Total,field,field,1.5141955835962146,0.9270833333333334,0.3444499858741169
field:cf_ba09c313b94cba,field:cf_ba09c313b94cba,ICU - Total,ICU - Total,field,field,0.0,0.39375,0.39375
group:openEHR-EHR-COMPOSITION.hospitalisation.v1::Patient_admission,field:cf_ba09c313b94cba,Patient admission,ICU - Total,canonical_group,field,14.829563466703169,0.02,1.7274378059763073e-06
subgroup:openEHR-EHR-COMPOSITION.hospitalisation.v1::Patient_admission::Tree,field:cf_ba09c313b94cba,Tree,ICU - Total,canonical_subgroup,field,18.52604813779554,0.02,1.7461334225128948e-07
field:cf_3db72fcc22b158,field:cf_ba09c313b94cba,Patient class,ICU - Total,field,field,27.072983572718,0.13541666666666666,6.601678226601971e-09
subgroup:openEHR-EHR-COMPOSITION.hospitalisation.v1::Patient_admission::Tree_/_Assigned_patient_location_/_Facility,field:cf_ba09c313b94cba,Tree / Assigned patient location / Facility,ICU - Total,canonical_subgroup,field,17.145635761704558,0.02,4.109328132670662e-07
field:cf_9449e602105d68,field:cf_ba09c313b94cba,Universal ID,ICU - Total,field,field,18.145635761704558,0.7395833333333334,9.136293489392742e-06
subgroup:openEHR-EHR-COMPOSITION.hospitalisation.v1::Patient_admission::Tree_/_Assigned_patient_location_/_Address,field:cf_ba09c313b94cba,Tree / Assigned patient location / Address,ICU - Total,canonical_subgroup,field,18.188567954671946,0.02,2.1525250268670242e-07
field:cf_1d8359b2d21168,field:cf_ba09c313b94cba,State/province,ICU - Total,field,field,19.188567954671946,0.4875,3.1545319814520398e-06
field:cf_10f7d6c8e1d5c5,field:cf_ba09c313b94cba,Admission type,ICU - Total,field,field,23.293456013662883,0.39375,1.9993468240780084e-07
field:cf_2a67f6f1c22886,field:cf_ba09c313b94cba,Hospital service,ICU - Total,field,field,21.45208461706916,0.59375,9.442426299215719e-07
field:cf_22f759c45e42f4,field:cf_ba09c313b94cba,Admit date/time,ICU - Total,field,field,21.10674103593175,0.9583333333333334,1.887924744228178e-06
group:openEHR-EHR-COMPOSITION.hospitalisation.v1::Problem/Diagnosis,field:cf_ba09c313b94cba,Problem/Diagnosis,ICU - Total,canonical_group,field,11.217188217358476,0.02,1.6221084823206692e-05
subgroup:openEHR-EHR-COMPOSITION.hospitalisation.v1::Problem/Diagnosis::structure,field:cf_ba09c313b94cba,structure,ICU - Total,canonical_subgroup,field,12.217188217358476,0.02,8.726042352395441e-06
field:cf_2db2fd852fb674,field:cf_ba09c313b94cba,Problem,ICU - Total,field,field,14.256377343627417,0.9583333333333334,0.000131987034741754
field:cf_49398dcbba5447,field:cf_ba09c313b94cba,Secondary Diagnosis,ICU - Total,field,field,14.179476962228582,1.0815217391304348,0.00015622708378909032
group:openEHR-EHR-COMPOSITION.hospitalisation.v1::Procedure_undertaken,field:cf_ba09c313b94cba,Procedure undertaken,ICU - Total,canonical_group,field,12.940229831180595,0.02,5.573516190254273e-06
subgroup:openEHR-EHR-COMPOSITION.hospitalisation.v1::Procedure_undertaken::Procedure_list,field:cf_ba09c313b94cba,Procedure list,ICU - Total,canonical_subgroup,field,13.940229831180595,0.02,2.99824203239115e-06
field:cf_18704e514938d4,field:cf_ba09c313b94cba,Procedure,ICU - Total,field,field,14.940229831180595,0.6770833333333334,6.1026844837650265e-05
family:openEHR-EHR-COMPOSITION.demographic_data.v1,field:cf_ba09c313b94cba,openEHR-EHR-COMPOSITION.demographic_data.v1,ICU - Total,composition_family,field,12.953671833486782,0.02,5.527259296584507e-06
group:openEHR-EHR-COMPOSITION.demographic_data.v1::Demographic_data,field:cf_ba09c313b94cba,Demographic data,ICU - Total,canonical_group,field,13.953671833486782,0.02,2.973358393741091e-06
subgroup:openEHR-EHR-COMPOSITION.demographic_data.v1::Demographic_data::components,field:cf_ba09c313b94cba,components,ICU - Total,canonical_subgroup,field,14.953671833486782,0.02,1.5995016088884543e-06
field:cf_7f3b6795a0e812,field:cf_ba09c313b94cba,birth date,ICU - Total,field,field,17.938380597526248,1.09375,1.5364097428295297e-05
field:cf_e7551706658b4a,field:cf_ba09c313b94cba,gender,ICU - Total,field,field,19.077530637488262,0.39375,2.7294747174465142e-06
field:cf_19e1b0f55ef007,field:cf_ba09c313b94cba,race,ICU - Total,field,field,25.736987326823684,0.1846590909090909,2.0610414251217287e-08
field:cf_4122372d727029,field:cf_ba09c313b94cba,ethnic group,ICU - Total,field,field,29.736987326823684,0.1846590909090909,1.725982570188299e-09
field:cf_7ab0248b87b82e,field:cf_ba09c313b94cba,educational level,ICU - Total,field,field,20.94534450611696,0.39375,8.573273862338008e-07
field:cf_eee397355aecbe,field:cf_ba09c313b94cba,nationality,ICU - Total,field,field,22.279227012481837,0.39375,3.74957507410457e-07
schema:root,group:openEHR-EHR-COMPOSITION.hospitalisation.v1::Patient_admission,EHR Schema,Patient admission,root,canonical_group,9.255896673312947,0.02,5.150547247979437e-05
family:openEHR-EHR-COMPOSITION.outpatient_high_complexity_procedures.v1,group:openEHR-EHR-COMPOSITION.hospitalisation.v1::Patient_admission,openEHR-EHR-COMPOSITION.outpatient_high_complexity_procedures.v1,Patient admission,composition_family,canonical_group,14.370389932607711,0.02,2.161283467193269e-06
group:openEHR-EHR-COMPOSITION.outpatient_high_complexity_procedures.v1::HCPA,group:openEHR-EHR-COMPOSITION.hospitalisation.v1::Patient_admission,HCPA,Patient admission,canonical_group,canonical_group,27.168977163952903,0.02,9.186810264544484e-10
subgroup:openEHR-EHR-COMPOSITION.outpatient_high_complexity_procedures.v1::HCPA::components_/_General_data,group:openEHR-EHR-COMPOSITION.hospitalisation.v1::Patient_admission,components / General data,Patient admission,canonical_subgroup,canonical_group,30.92125796908089,0.02,7.554092922867357e-11
field:cf_5cd62eaa6e16a8,group:openEHR-EHR-COMPOSITION.hospitalisation.v1::Patient_admission,issue date,Patient admission,field,canonical_group,35.81385760186178,0.5096153846153846,9.847586449910373e-11
field:cf_775d9002cb4e7b,group:openEHR-EHR-COMPOSITION.hospitalisation.v1::Patient_admission,reason for encounter,Patient admission,field,canonical_group,35.717834820164974,0.425,8.716287439195092e-11
field:cf_b87e8363f020f7,group:openEHR-EHR-COMPOSITION.hospitalisation.v1::Patient_admission,healthcare unit,Patient admission,field,canonical_group,36.071704305400345,0.425,6.999189201788676e-11
field:cf_8b431261fa7dca,group:openEHR-EHR-COMPOSITION.hospitalisation.v1::Patient_admission,State,Patient admission,field,canonical_group,37.00745860931894,0.425,3.9181775916019265e-11
field:cf_16800b2d3f5ef6,group:openEHR-EHR-COMPOSITION.hospitalisation.v1::Patient_admission,patient age,Patient admission,field,canonical_group,35.29449409153035,0.49038461538461536,1.307583003152742e-10
group:openEHR-EHR-COMPOSITION.outpatient_high_complexity_procedures.v1::Patient_discharge,group:openEHR-EHR-COMPOSITION.hospitalisation.v1::Patient_admission,Patient discharge,Patient admission,canonical_group,canonical_group,19.509936161543173,0.02,1.0603710891746516e-07
subgroup:openEHR-EHR-COMPOSITION.outpatient_high_complexity_procedures.v1::Patient_discharge::Components,group:openEHR-EHR-COMPOSITION.hospitalisation.v1::Patient_admission,Components,Patient admission,canonical_subgroup,canonical_group,20.509936161543173,0.02,4.803542982801776e-08
field:cf_469c691048a0ce,group:openEHR-EHR-COMPOSITION.hospitalisation.v1::Patient_admission,date of discharge,Patient admission,field,canonical_group,22.473315856893386,0.4168269230769231,3.1488480711947425e-07
field:cf_49533263f29569,group:openEHR-EHR-COMPOSITION.hospitalisation.v1::Patient_admission,reason for discharge,Patient admission,field,canonical_group,22.547948489212665,0.39375,2.8400156687017507e-07
group:openEHR-EHR-COMPOSITION.outpatient_high_complexity_procedures.v1::Problem/Diagnosis,group:openEHR-EHR-COMPOSITION.hospitalisation.v1::Patient_admission,Problem/Diagnosis,Patient admission,canonical_group,canonical_group,24.36509423867389,0.02,5.225712275097567e-09
subgroup:openEHR-EHR-COMPOSITION.outpatient_high_complexity_procedures.v1::Problem/Diagnosis::structure,group:openEHR-EHR-COMPOSITION.hospitalisation.v1::Patient_admission,structure,Patient admission,canonical_subgroup,canonical_group,29.008407553972628,0.02,2.473098183006174e-10
field:cf_bd9db9ae67063d,group:openEHR-EHR-COMPOSITION.hospitalisation.v1::Patient_admission,Problem,Patient admission,field,canonical_group,32.78208480753601,0.425,5.380456972605842e-10
field:cf_4e7e8ca2916a1e,group:openEHR-EHR-COMPOSITION.hospitalisation.v1::Patient_admission,Secondary Diagnosis,Patient admission,field,canonical_group,32.30941983017356,0.425,7.212571864576649e-10
field:cf_0a229c157b8d2a,group:openEHR-EHR-COMPOSITION.hospitalisation.v1::Patient_admission,Associated causes,Patient admission,field,canonical_group,32.575671063218316,0.425,6.11503095451697e-10
group:openEHR-EHR-COMPOSITION.outpatient_high_complexity_procedures.v1::Procedure_undertaken,group:openEHR-EHR-COMPOSITION.hospitalisation.v1::Patient_admission,Procedure undertaken,Patient admission,canonical_group,canonical_group,29.377759724089106,0.02,2.3357279564600913e-10
subgroup:openEHR-EHR-COMPOSITION.outpatient_high_complexity_procedures.v1::Procedure_undertaken::Procedure_list,group:openEHR-EHR-COMPOSITION.hospitalisation.v1::Patient_admission,Procedure list,Patient admission,canonical_subgroup,canonical_group,30.377759724089106,0.02,1.0580984100312259e-10
field:cf_0b6364bb149692,group:openEHR-EHR-COMPOSITION.hospitalisation.v1::Patient_admission,Procedure,Patient admission,field,canonical_group,34.10513503540521,0.39375,2.1948400849783644e-10
field:cf_af0c9a7d79fe64,group:openEHR-EHR-COMPOSITION.hospitalisation.v1::Patient_admission,Invaded regional linphonodes,Patient admission,field,canonical_group,35.598532730449314,0.23173076923076924,5.117406367801808e-11
field:cf_e5c01940113606,group:openEHR-EHR-COMPOSITION.hospitalisation.v1::Patient_admission,irradiated area 1,Patient admission,field,canonical_group,39.36579746979072,0.1610576923076923,3.4408382337036367e-12
field:cf_fc5be63ab59287,group:openEHR-EHR-COMPOSITION.hospitalisation.v1::Patient_admission,irradiated area 2,Patient admission,field,canonical_group,34.520497701249994,0.31490384615384615,1.3568088226913394e-10
field:cf_821e1930333a5c,group:openEHR-EHR-COMPOSITION.hospitalisation.v1::Patient_admission,irradiated area 3,Patient admission,field,canonical_group,43.36579746979072,0.10336538461538461,1.849300951424739e-13
field:cf_c9b3a708f95249,group:openEHR-EHR-COMPOSITION.hospitalisation.v1::Patient_admission,fields/insertions 1,Patient admission,field,canonical_group,37.74487501087208,0.1923076923076923,1.122362637387853e-11
field:cf_bbec72e0a270f7,group:openEHR-EHR-COMPOSITION.hospitalisation.v1::Patient_admission,fields/insertions 2,Patient admission,field,canonical_group,36.15927130737474,0.23557692307692307,3.674625053766178e-11
family:openEHR-EHR-COMPOSITION.hospitalisation.v1,group:openEHR-EHR-COMPOSITION.hospitalisation.v1::Patient_admission,openEHR-EHR-COMPOSITION.hospitalisation.v1,Patient admission,composition_family,canonical_group,6.854213321343728,0.02,0.00022831625290233558
group:openEHR-EHR-COMPOSITION.hospitalisation.v1::Patient_discharge,group:openEHR-EHR-COMPOSITION.hospitalisation.v1::Patient_admission,Patient discharge,Patient admission,canonical_group,canonical_group,14.980197001151259,0.02,1.7585192460136628e-06
subgroup:openEHR-EHR-COMPOSITION.hospitalisation.v1::Patient_discharge::Components,group:openEHR-EHR-COMPOSITION.hospitalisation.v1::Patient_admission,Components,Patient admission,canonical_subgroup,canonical_group,15.980197001151259,0.02,7.96619492038932e-07
field:cf_79ed78f34fef6f,group:openEHR-EHR-COMPOSITION.hospitalisation.v1::Patient_admission,date of discharge,Patient admission,field,canonical_group,18.424216104234212,0.8854166666666666,8.234072340256975e-06
field:cf_be52992cb12705,group:openEHR-EHR-COMPOSITION.hospitalisation.v1::Patient_admission,hospital infection,Patient admission,field,canonical_group,24.46352939947849,0.13541666666666666,2.9783657759837894e-08
field:cf_1285e1e2c004f2,group:openEHR-EHR-COMPOSITION.hospitalisation.v1::Patient_admission,claim reason,Patient admission,field,canonical_group,19.24320186472904,0.39375,2.2037652693127217e-06
field:cf_80f721f9446bd3,group:openEHR-EHR-COMPOSITION.hospitalisation.v1::Patient_admission,death indicator,Patient admission,field,canonical_group,20.68400184042337,0.39375,9.020109661147286e-07
group:openEHR-EHR-COMPOSITION.hospitalisation.v1::Authorization_for_hospital_admission,group:openEHR-EHR-COMPOSITION.hospitalisation.v1::Patient_admission,Authorization for hospital admission,Patient admission,canonical_group,canonical_group,11.37581472528593,0.02,1.643131768005142e-05
subgroup:openEHR-EHR-COMPOSITION.hospitalisation.v1::Authorization_for_hospital_admission::Components,group:openEHR-EHR-COMPOSITION.hospitalisation.v1::Patient_admission,Components,Patient admission,canonical_subgroup,canonical_group,12.37581472528593,0.02,7.443482903860793e-06
field:cf_ba8421601b1980,group:openEHR-EHR-COMPOSITION.hospitalisation.v1::Patient_admission,Issue date,Patient admission,field,canonical_group,14.063691503101822,0.9270833333333334,0.00012873951184243104
field:cf_ba09c313b94cba,group:openEHR-EHR-COMPOSITION.hospitalisation.v1::Patient_admission,ICU - Total,Patient admission,field,canonical_group,14.829563466703169,0.39375,3.400893180515855e-05
group:openEHR-EHR-COMPOSITION.hospitalisation.v1::Patient_admission,group:openEHR-EHR-COMPOSITION.hospitalisation.v1::Patient_admission,Patient admission,Patient admission,canonical_group,canonical_group,0.0,0.02,0.02
subgroup:openEHR-EHR-COMPOSITION.hospitalisation.v1::Patient_admission::Tree,group:openEHR-EHR-COMPOSITION.hospitalisation.v1::Patient_admission,Tree,Patient admission,canonical_subgroup,canonical_group,3.696484671092374,0.02,0.0016173163898318369
field:cf_3db72fcc22b158,group:openEHR-EHR-COMPOSITION.hospitalisation.v1::Patient_admission,Patient class,Patient admission,field,canonical_group,12.243420106014833,0.13541666666666666,5.8129444687793904e-05
subgroup:openEHR-EHR-COMPOSITION.hospitalisation.v1::Patient_admission::Tree_/_Assigned_patient_location_/_Facility,group:openEHR-EHR-COMPOSITION.hospitalisation.v1::Patient_admission,Tree / Assigned patient location / Facility,Patient admission,canonical_subgroup,canonical_group,2.3160722950013897,0.02,0.0038061717704256552
field:cf_9449e602105d68,group:openEHR-EHR-COMPOSITION.hospitalisation.v1::Patient_admission,Universal ID,Patient admission,field,canonical_group,3.3160722950013897,0.7395833333333334,0.0804473724428203
subgroup:openEHR-EHR-COMPOSITION.hospitalisation.v1::Patient_admission::Tree_/_Assigned_patient_location_/_Address,group:openEHR-EHR-COMPOSITION.hospitalisation.v1::Patient_admission,Tree / Assigned patient location / Address,Patient admission,canonical_subgroup,canonical_group,3.3590044879687757,0.02,0.00199372737534869
field:cf_1d8359b2d21168,group:openEHR-EHR-COMPOSITION.hospitalisation.v1::Patient_admission,State/province,Patient admission,field,canonical_group,4.359004487968775,0.4875,0.02777645108372365
field:cf_10f7d6c8e1d5c5,group:openEHR-EHR-COMPOSITION.hospitalisation.v1::Patient_admission,Admission type,Patient admission,field,canonical_group,8.463892546959714,0.39375,0.0017604753917517166
field:cf_2a67f6f1c22886,group:openEHR-EHR-COMPOSITION.hospitalisation.v1::Patient_admission,Hospital service,Patient admission,field,canonical_group,6.622521150365994,0.59375,0.008314294917723534
field:cf_22f759c45e42f4,group:openEHR-EHR-COMPOSITION.hospitalisation.v1::Patient_admission,Admit date/time,Patient admission,field,canonical_group,6.2771775692285825,0.9583333333333334,0.016623654353844032
group:openEHR-EHR-COMPOSITION.hospitalisation.v1::Problem/Diagnosis,group:openEHR-EHR-COMPOSITION.hospitalisation.v1::Patient_admission,Problem/Diagnosis,Patient admission,canonical_group,canonical_group,10.096051393342764,0.02,3.6329947250438804e-05
subgroup:openEHR-EHR-COMPOSITION.hospitalisation.v1::Problem/Diagnosis::structure,group:openEHR-EHR-COMPOSITION.hospitalisation.v1::Patient_admission,structure,Patient admission,canonical_subgroup,canonical_group,11.096051393342764,0.02,1.645767835072126e-05
field:cf_2db2fd852fb674,group:openEHR-EHR-COMPOSITION.hospitalisation.v1::Patient_admission,Problem,Patient admission,field,canonical_group,13.135240519611704,0.9583333333333334,0.00023665015039968712
field:cf_49398dcbba5447,group:openEHR-EHR-COMPOSITION.hospitalisation.v1::Patient_admission,Secondary Diagnosis,Patient admission,field,canonical_group,13.05834013821287,1.0815217391304348,0.0002801120803079679
group:openEHR-EHR-COMPOSITION.hospitalisation.v1::Procedure_undertaken,group:openEHR-EHR-COMPOSITION.hospitalisation.v1::Patient_admission,Procedure undertaken,Patient admission,canonical_group,canonical_group,11.81909300716488,0.02,1.2482861127864804e-05
subgroup:openEHR-EHR-COMPOSITION.hospitalisation.v1::Procedure_undertaken::Procedure_list,group:openEHR-EHR-COMPOSITION.hospitalisation.v1::Patient_admission,Procedure list,Patient admission,canonical_subgroup,canonical_group,12.81909300716488,0.02,5.654809018106658e-06
field:cf_18704e514938d4,group:openEHR-EHR-COMPOSITION.hospitalisation.v1::Patient_admission,Procedure,Patient admission,field,canonical_group,13.81909300716488,0.6770833333333334,0.00010941992929461263
family:openEHR-EHR-COMPOSITION.demographic_data.v1,group:openEHR-EHR-COMPOSITION.hospitalisation.v1::Patient_admission,openEHR-EHR-COMPOSITION.demographic_data.v1,Patient admission,composition_family,canonical_group,11.83253500947107,0.02,1.0424640632101682e-05
group:openEHR-EHR-COMPOSITION.demographic_data.v1::Demographic_data,group:openEHR-EHR-COMPOSITION.hospitalisation.v1::Patient_admission,Demographic data,Patient admission,canonical_group,canonical_group,12.83253500947107,0.02,6.65935446233051e-06
subgroup:openEHR-EHR-COMPOSITION.demographic_data.v1::Demographic_data::components,group:openEHR-EHR-COMPOSITION.hospitalisation.v1::Patient_admission,components,Patient admission,canonical_subgroup,canonical_group,13.83253500947107,0.02,3.016726476616395e-06
field:cf_7f3b6795a0e812,group:openEHR-EHR-COMPOSITION.hospitalisation.v1::Patient_admission,birth date,Patient admission,field,canonical_group,16.817243773510533,1.09375,2.7547523696365877e-05
field:cf_e7551706658b4a,group:openEHR-EHR-COMPOSITION.hospitalisation.v1::Patient_admission,gender,Patient admission,field,canonical_group,17.956393813472552,0.39375,4.893894340907716e-06
field:cf_19e1b0f55ef007,group:openEHR-EHR-COMPOSITION.hospitalisation.v1::Patient_admission,race,Patient admission,field,canonical_group,24.61585050280797,0.1846590909090909,3.695406629820629e-08
field:cf_4122372d727029,group:openEHR-EHR-COMPOSITION.hospitalisation.v1::Patient_admission,ethnic group,Patient admission,field,canonical_group,28.61585050280797,0.1846590909090909,3.094652710559654e-09
field:cf_7ab0248b87b82e,group:openEHR-EHR-COMPOSITION.hospitalisation.v1::Patient_admission,educational level,Patient admission,field,canonical_group,19.824207682101246,0.39375,1.5371710963199399e-06
field:cf_eee397355aecbe,group:openEHR-EHR-COMPOSITION.hospitalisation.v1::Patient_admission,nationality,Patient admission,field,canonical_group,21.158090188466122,0.39375,6.72291416318224e-07
schema:root,subgroup:openEHR-EHR-COMPOSITION.hospitalisation.v1::Patient_admission::Tree,EHR Schema,Tree,root,canonical_subgroup,12.952381344405321,0.02,5.206290300475255e-06
family:openEHR-EHR-COMPOSITION.outpatient_high_complexity_procedures.v1,subgroup:openEHR-EHR-COMPOSITION.hospitalisation.v1::Patient_admission::Tree,openEHR-EHR-COMPOSITION.outpatient_high_complexity_procedures.v1,Tree,composition_family,canonical_subgroup,18.066874603700086,0.02,2.1846744841026552e-07
group:openEHR-EHR-COMPOSITION.outpatient_high_complexity_procedures.v1::HCPA,subgroup:openEHR-EHR-COMPOSITION.hospitalisation.v1::Patient_admission::Tree,HCPA,Tree,canonical_group,canonical_subgroup,30.86546183504528,0.02,7.819988847959554e-11
subgroup:openEHR-EHR-COMPOSITION.outpatient_high_complexity_procedures.v1::HCPA::components_/_General_data,subgroup:openEHR-EHR-COMPOSITION.hospitalisation.v1::Patient_admission::Tree,components / General data,Tree,canonical_subgroup,canonical_subgroup,34.61774264017327,0.02,9.067570609174033e-12
field:cf_5cd62eaa6e16a8,subgroup:openEHR-EHR-COMPOSITION.hospitalisation.v1::Patient_admission::Tree,issue date,Tree,field,canonical_subgroup,39.510342272954155,0.5096153846153846,9.95416435357869e-12
field:cf_775d9002cb4e7b,subgroup:openEHR-EHR-COMPOSITION.hospitalisation.v1::Patient_admission::Tree,reason for encounter,Tree,field,canonical_subgroup,39.41431949125735,0.425,8.810621583684719e-12
field:cf_b87e8363f020f7,subgroup:openEHR-EHR-COMPOSITION.hospitalisation.v1::Patient_admission::Tree,healthcare unit,Tree,field,canonical_subgroup,39.76818897649272,0.425,7.074939632241751e-12
field:cf_8b431261fa7dca,subgroup:openEHR-EHR-COMPOSITION.hospitalisation.v1::Patient_admission::Tree,State,Tree,field,canonical_subgroup,40.703943280411316,0.425,3.9605830232310046e-12
field:cf_16800b2d3f5ef6,subgroup:openEHR-EHR-COMPOSITION.hospitalisation.v1::Patient_admission::Tree,patient age,Tree,field,canonical_subgroup,38.99097876262273,0.49038461538461536,1.3217346387902859e-11
group:openEHR-EHR-COMPOSITION.outpatient_high_complexity_procedures.v1::Patient_discharge,subgroup:openEHR-EHR-COMPOSITION.hospitalisation.v1::Patient_admission::Tree,Patient discharge,Tree,canonical_group,canonical_subgroup,23.206420832635548,0.02,9.026081799084217e-09
subgroup:openEHR-EHR-COMPOSITION.outpatient_high_complexity_procedures.v1::Patient_discharge::Components,subgroup:openEHR-EHR-COMPOSITION.hospitalisation.v1::Patient_admission::Tree,Components,Tree,canonical_subgroup,canonical_subgroup,24.206420832635548,0.02,5.765942465296608e-09
field:cf_469c691048a0ce,subgroup:openEHR-EHR-COMPOSITION.hospitalisation.v1::Patient_admission::Tree,date of discharge,Tree,field,canonical_subgroup,26.16980052798576,0.4168269230769231,3.1829272466460165e-08
field:cf_49533263f29569,subgroup:openEHR-EHR-COMPOSITION.hospitalisation.v1::Patient_admission::Tree,reason for discharge,Tree,field,canonical_subgroup,26.24443316030504,0.39375,2.8707524302315993e-08
group:openEHR-EHR-COMPOSITION.outpatient_high_complexity_procedures.v1::Problem/Diagnosis,subgroup:openEHR-EHR-COMPOSITION.hospitalisation.v1::Patient_admission::Tree,Problem/Diagnosis,Tree,canonical_group,canonical_subgroup,28.06157890976627,0.02,4.448226374242475e-10
subgroup:openEHR-EHR-COMPOSITION.outpatient_high_complexity_procedures.v1::Problem/Diagnosis::structure,subgroup:openEHR-EHR-COMPOSITION.hospitalisation.v1::Patient_admission::Tree,structure,Tree,canonical_subgroup,canonical_subgroup,32.70489222506501,0.02,2.968588370146277e-11
field:cf_bd9db9ae67063d,subgroup:openEHR-EHR-COMPOSITION.hospitalisation.v1::Patient_admission::Tree,Problem,Tree,field,canonical_subgroup,36.478569478628394,0.425,5.438688279112721e-11
field:cf_4e7e8ca2916a1e,subgroup:openEHR-EHR-COMPOSITION.hospitalisation.v1::Patient_admission::Tree,Secondary Diagnosis,Tree,field,canonical_subgroup,36.005904501265945,0.425,7.290631680887318e-11
field:cf_0a229c157b8d2a,subgroup:openEHR-EHR-COMPOSITION.hospitalisation.v1::Patient_admission::Tree,Associated causes,Tree,field,canonical_subgroup,36.272155734310694,0.425,6.181212366918304e-11
group:openEHR-EHR-COMPOSITION.outpatient_high_complexity_procedures.v1::Procedure_undertaken,subgroup:openEHR-EHR-COMPOSITION.hospitalisation.v1::Patient_admission::Tree,Procedure undertaken,Tree,canonical_group,canonical_subgroup,33.07424439518148,0.02,1.9882163716691214e-11
subgroup:openEHR-EHR-COMPOSITION.outpatient_high_complexity_procedures.v1::Procedure_undertaken::Procedure_list,subgroup:openEHR-EHR-COMPOSITION.hospitalisation.v1::Patient_admission::Tree,Procedure list,Tree,canonical_subgroup,canonical_subgroup,34.07424439518148,0.02,1.2700905512254564e-11
field:cf_0b6364bb149692,subgroup:openEHR-EHR-COMPOSITION.hospitalisation.v1::Patient_admission::Tree,Procedure,Tree,field,canonical_subgroup,37.80161970649759,0.39375,2.218594276559624e-11
field:cf_af0c9a7d79fe64,subgroup:openEHR-EHR-COMPOSITION.hospitalisation.v1::Patient_admission::Tree,Invaded regional linphonodes,Tree,field,canonical_subgroup,39.2950174015417,0.23173076923076924,5.172790745047243e-12
field:cf_e5c01940113606,subgroup:openEHR-EHR-COMPOSITION.hospitalisation.v1::Patient_admission::Tree,irradiated area 1,Tree,field,canonical_subgroup,43.0622821408831,0.1610576923076923,3.478077543830563e-13
field:cf_fc5be63ab59287,subgroup:openEHR-EHR-COMPOSITION.hospitalisation.v1::Patient_admission::Tree,irradiated area 2,Tree,field,canonical_subgroup,38.216982372342365,0.31490384615384615,1.3714932167544639e-11
field:cf_821e1930333a5c,subgroup:openEHR-EHR-COMPOSITION.hospitalisation.v1::Patient_admission::Tree,irradiated area 3,Tree,field,canonical_subgroup,47.0622821408831,0.10336538461538461,1.869315461544269e-14
field:cf_c9b3a708f95249,subgroup:openEHR-EHR-COMPOSITION.hospitalisation.v1::Patient_admission::Tree,fields/insertions 1,Tree,field,canonical_subgroup,41.44135968196446,0.1923076923076923,1.1345096804889098e-12
field:cf_bbec72e0a270f7,subgroup:openEHR-EHR-COMPOSITION.hospitalisation.v1::Patient_admission::Tree,fields/insertions 2,Tree,field,canonical_subgroup,39.855755978467116,0.23557692307692307,3.714394578714197e-12
family:openEHR-EHR-COMPOSITION.hospitalisation.v1,subgroup:openEHR-EHR-COMPOSITION.hospitalisation.v1::Patient_admission::Tree,openEHR-EHR-COMPOSITION.hospitalisation.v1,Tree,composition_family,canonical_subgroup,10.550697992436103,0.02,2.3078726117746115e-05
group:openEHR-EHR-COMPOSITION.hospitalisation.v1::Patient_discharge,subgroup:openEHR-EHR-COMPOSITION.hospitalisation.v1::Patient_admission::Tree,Patient discharge,Tree,canonical_group,canonical_subgroup,18.67668167224363,0.02,1.4968852623224326e-07
subgroup:openEHR-EHR-COMPOSITION.hospitalisation.v1::Patient_discharge::Components,subgroup:openEHR-EHR-COMPOSITION.hospitalisation.v1::Patient_admission::Tree,Components,Tree,canonical_subgroup,canonical_subgroup,19.67668167224363,0.02,9.562238069432606e-08
field:cf_79ed78f34fef6f,subgroup:openEHR-EHR-COMPOSITION.hospitalisation.v1::Patient_admission::Tree,date of discharge,Tree,field,canonical_subgroup,22.120700775326583,0.8854166666666666,8.323187594349125e-07
field:cf_be52992cb12705,subgroup:openEHR-EHR-COMPOSITION.hospitalisation.v1::Patient_admission::Tree,hospital infection,Tree,field,canonical_subgroup,28.16001407057086,0.13541666666666666,3.010599865258006e-09
field:cf_1285e1e2c004f2,subgroup:openEHR-EHR-COMPOSITION.hospitalisation.v1::Patient_admission::Tree,claim reason,Tree,field,canonical_subgroup,22.939686535821416,0.39375,2.2276160558760197e-07
field:cf_80f721f9446bd3,subgroup:openEHR-EHR-COMPOSITION.hospitalisation.v1::Patient_admission::Tree,death indicator,Tree,field,canonical_subgroup,24.38048651151574,0.39375,9.11773199565877e-08
group:openEHR-EHR-COMPOSITION.hospitalisation.v1::Authorization_for_hospital_admission,subgroup:openEHR-EHR-COMPOSITION.hospitalisation.v1::Patient_admission::Tree,Authorization for hospital admission,Tree,canonical_group,canonical_subgroup,15.072299396378304,0.02,1.398665231077935e-06
subgroup:openEHR-EHR-COMPOSITION.hospitalisation.v1::Authorization_for_hospital_admission::Components,subgroup:openEHR-EHR-COMPOSITION.hospitalisation.v1::Patient_admission::Tree,Components,Tree,canonical_subgroup,canonical_subgroup,16.072299396378305,0.02,8.934799650745901e-07
field:cf_ba8421601b1980,subgroup:openEHR-EHR-COMPOSITION.hospitalisation.v1::Patient_admission::Tree,Issue date,Tree,field,canonical_subgroup,17.760176174194196,0.9270833333333334,1.3013282657607102e-05
field:cf_ba09c313b94cba,subgroup:openEHR-EHR-COMPOSITION.hospitalisation.v1::Patient_admission::Tree,ICU - Total,Tree,field,canonical_subgroup,18.526048137795545,0.39375,3.4377001755722555e-06
group:openEHR-EHR-COMPOSITION.hospitalisation.v1::Patient_admission,subgroup:openEHR-EHR-COMPOSITION.hospitalisation.v1::Patient_admission::Tree,Patient admission,Tree,canonical_group,canonical_subgroup,3.696484671092374,0.02,0.0016173163898318369
subgroup:openEHR-EHR-COMPOSITION.hospitalisation.v1::Patient_admission::Tree,subgroup:openEHR-EHR-COMPOSITION.hospitalisation.v1::Patient_admission::Tree,Tree,Tree,canonical_subgroup,canonical_subgroup,0.0,0.02,0.02
field:cf_3db72fcc22b158,subgroup:openEHR-EHR-COMPOSITION.hospitalisation.v1::Patient_admission::Tree,Patient class,Tree,field,canonical_subgroup,8.546935434922458,0.13541666666666666,0.0005750706051407844
subgroup:openEHR-EHR-COMPOSITION.hospitalisation.v1::Patient_admission::Tree_/_Assigned_patient_location_/_Facility,subgroup:openEHR-EHR-COMPOSITION.hospitalisation.v1::Patient_admission::Tree,Tree / Assigned patient location / Facility,Tree,canonical_subgroup,canonical_subgroup,6.012556966093763,0.02,0.0004568745927721436
field:cf_9449e602105d68,subgroup:openEHR-EHR-COMPOSITION.hospitalisation.v1::Patient_admission::Tree,Universal ID,Tree,field,canonical_subgroup,7.012556966093763,0.7395833333333334,0.00813180337316746
subgroup:openEHR-EHR-COMPOSITION.hospitalisation.v1::Patient_admission::Tree_/_Assigned_patient_location_/_Address,subgroup:openEHR-EHR-COMPOSITION.hospitalisation.v1::Patient_admission::Tree,Tree / Assigned patient location / Address,Tree,canonical_subgroup,canonical_subgroup,7.05548915906115,0.02,0.0002393174658560511
field:cf_1d8359b2d21168,subgroup:openEHR-EHR-COMPOSITION.hospitalisation.v1::Patient_admission::Tree,State/province,Tree,field,canonical_subgroup,8.05548915906115,0.4875,0.0028077068493167824
field:cf_10f7d6c8e1d5c5,subgroup:openEHR-EHR-COMPOSITION.hospitalisation.v1::Patient_admission::Tree,Admission type,Tree,field,canonical_subgroup,4.76740787586734,0.39375,0.017416262176726142
field:cf_2a67f6f1c22886,subgroup:openEHR-EHR-COMPOSITION.hospitalisation.v1::Patient_admission::Tree,Hospital service,Tree,field,canonical_subgroup,2.92603647927362,0.59375,0.0822527487632822
field:cf_22f759c45e42f4,subgroup:openEHR-EHR-COMPOSITION.hospitalisation.v1::Patient_admission::Tree,Admit date/time,Tree,field,canonical_subgroup,2.5806928981362085,0.9583333333333334,0.1644566711459346
group:openEHR-EHR-COMPOSITION.hospitalisation.v1::Problem/Diagnosis,subgroup:openEHR-EHR-COMPOSITION.hospitalisation.v1::Patient_admission::Tree,Problem/Diagnosis,Tree,canonical_group,canonical_subgroup,13.792536064435138,0.02,3.0924746910452987e-06
subgroup:openEHR-EHR-COMPOSITION.hospitalisation.v1::Problem/Diagnosis::structure,subgroup:openEHR-EHR-COMPOSITION.hospitalisation.v1::Patient_admission::Tree,structure,Tree,canonical_subgroup,canonical_subgroup,14.792536064435138,0.02,1.9755007256595286e-06
field:cf_2db2fd852fb674,subgroup:openEHR-EHR-COMPOSITION.hospitalisation.v1::Patient_admission::Tree,Problem,Tree,field,canonical_subgroup,16.831725190704077,0.9583333333333334,2.392113543109896e-05
field:cf_49398dcbba5447,subgroup:openEHR-EHR-COMPOSITION.hospitalisation.v1::Patient_admission::Tree,Secondary Diagnosis,Tree,field,canonical_subgroup,16.754824809305244,1.0815217391304348,2.8314366154497978e-05
group:openEHR-EHR-COMPOSITION.hospitalisation.v1::Procedure_undertaken,subgroup:openEHR-EHR-COMPOSITION.hospitalisation.v1::Patient_admission::Tree,Procedure undertaken,Tree,canonical_group,canonical_subgroup,15.515577678257255,0.02,1.062565047057394e-06
subgroup:openEHR-EHR-COMPOSITION.hospitalisation.v1::Procedure_undertaken::Procedure_list,subgroup:openEHR-EHR-COMPOSITION.hospitalisation.v1::Patient_admission::Tree,Procedure list,Tree,canonical_subgroup,canonical_subgroup,16.515577678257255,0.02,6.787761360183695e-07
field:cf_18704e514938d4,subgroup:openEHR-EHR-COMPOSITION.hospitalisation.v1::Patient_admission::Tree,Procedure,Tree,field,canonical_subgroup,17.515577678257255,0.6770833333333334,1.1060415313901114e-05
family:openEHR-EHR-COMPOSITION.demographic_data.v1,subgroup:openEHR-EHR-COMPOSITION.hospitalisation.v1::Patient_admission::Tree,openEHR-EHR-COMPOSITION.demographic_data.v1,Tree,composition_family,canonical_subgroup,15.529019680563444,0.02,1.0537463845253109e-06
group:openEHR-EHR-COMPOSITION.demographic_data.v1::Demographic_data,subgroup:openEHR-EHR-COMPOSITION.hospitalisation.v1::Patient_admission::Tree,Demographic data,Tree,canonical_group,canonical_subgroup,16.529019680563444,0.02,5.668570061908895e-07
subgroup:openEHR-EHR-COMPOSITION.demographic_data.v1::Demographic_data::components,subgroup:openEHR-EHR-COMPOSITION.hospitalisation.v1::Patient_admission::Tree,components,Tree,canonical_subgroup,canonical_subgroup,17.529019680563444,0.02,3.6211336840295146e-07
field:cf_7f3b6795a0e812,subgroup:openEHR-EHR-COMPOSITION.hospitalisation.v1::Patient_admission::Tree,birth date,Tree,field,canonical_subgroup,20.513728444602908,1.09375,2.7845663483383358e-06
field:cf_e7551706658b4a,subgroup:openEHR-EHR-COMPOSITION.hospitalisation.v1::Patient_admission::Tree,gender,Tree,field,canonical_subgroup,21.652878484564926,0.39375,4.946859704784579e-07
field:cf_19e1b0f55ef007,subgroup:openEHR-EHR-COMPOSITION.hospitalisation.v1::Patient_admission::Tree,race,Tree,field,canonical_subgroup,28.312335173900344,0.1846590909090909,3.735401068438836e-09
field:cf_4122372d727029,subgroup:openEHR-EHR-COMPOSITION.hospitalisation.v1::Patient_admission::Tree,ethnic group,Tree,field,canonical_subgroup,32.312335173900344,0.1846590909090909,3.128145343516031e-10
field:cf_7ab0248b87b82e,subgroup:openEHR-EHR-COMPOSITION.hospitalisation.v1::Patient_admission::Tree,educational level,Tree,field,canonical_subgroup,23.52069235319362,0.39375,1.5538075050337553e-07
field:cf_eee397355aecbe,subgroup:openEHR-EHR-COMPOSITION.hospitalisation.v1::Patient_admission::Tree,nationality,Tree,field,canonical_subgroup,24.854574859558497,0.39375,6.795674539717018e-08
schema:root,field:cf_3db72fcc22b158,EHR Schema,Patient class,root,field,21.499316779327778,0.02,2.7636780125842197e-08
family:openEHR-EHR-COMPOSITION.outpatient_high_complexity_procedures.v1,field:cf_3db72fcc22b158,openEHR-EHR-COMPOSITION.outpatient_high_complexity_procedures.v1,Patient class,composition_family,field,26.613810038622542,0.02,1.1597003793309654e-09
group:openEHR-EHR-COMPOSITION.outpatient_high_complexity_procedures.v1::HCPA,field:cf_3db72fcc22b158,HCPA,Patient class,canonical_group,field,39.412397269967734,0.02,4.151119125221807e-13
subgroup:openEHR-EHR-COMPOSITION.outpatient_high_complexity_procedures.v1::HCPA::components_/_General_data,field:cf_3db72fcc22b158,components / General data,Patient class,canonical_subgroup,field,43.16467807509572,0.02,4.053371323627147e-14
field:cf_5cd62eaa6e16a8,field:cf_3db72fcc22b158,issue date,Patient class,field,field,48.05727770787661,0.5096153846153846,5.5582696347690326e-14
field:cf_775d9002cb4e7b,field:cf_3db72fcc22b158,reason for encounter,Patient class,field,field,47.961254926179805,0.425,4.9197309460165e-14
field:cf_b87e8363f020f7,field:cf_3db72fcc22b158,healthcare unit,Patient class,field,field,48.31512441141518,0.425,3.9505498130112266e-14
field:cf_8b431261fa7dca,field:cf_3db72fcc22b158,State,Patient class,field,field,49.25087871533377,0.425,2.2115355515596072e-14
field:cf_16800b2d3f5ef6,field:cf_3db72fcc22b158,patient age,Patient class,field,field,47.537914197545184,0.49038461538461536,7.380385984253164e-14
group:openEHR-EHR-COMPOSITION.outpatient_high_complexity_procedures.v1::Patient_discharge,field:cf_3db72fcc22b158,Patient discharge,Patient class,canonical_group,field,31.753356267558004,0.02,4.7913547589996167e-11
subgroup:openEHR-EHR-COMPOSITION.outpatient_high_complexity_procedures.v1::Patient_discharge::Components,field:cf_3db72fcc22b158,Components,Patient class,canonical_subgroup,field,32.753356267558004,0.02,2.5774826411466135e-11
field:cf_469c691048a0ce,field:cf_3db72fcc22b158,date of discharge,Patient class,field,field,34.71673596290822,0.4168269230769231,1.777303170441532e-10
field:cf_49533263f29569,field:cf_3db72fcc22b158,reason for discharge,Patient class,field,field,34.791368595227496,0.39375,1.6029890099372375e-10
group:openEHR-EHR-COMPOSITION.outpatient_high_complexity_procedures.v1::Problem/Diagnosis,field:cf_3db72fcc22b158,Problem/Diagnosis,Patient class,canonical_group,field,36.60851434468872,0.02,2.3612715995435254e-12
subgroup:openEHR-EHR-COMPOSITION.outpatient_high_complexity_procedures.v1::Problem/Diagnosis::structure,field:cf_3db72fcc22b158,structure,Patient class,canonical_subgroup,field,41.25182765998746,0.02,1.3270137603372996e-13
field:cf_bd9db9ae67063d,field:cf_3db72fcc22b158,Problem,Patient class,field,field,45.02550491355085,0.425,3.0368893702160343e-13
field:cf_4e7e8ca2916a1e,field:cf_3db72fcc22b158,Secondary Diagnosis,Patient class,field,field,44.5528399361884,0.425,4.0709893116836205e-13
field:cf_0a229c157b8d2a,field:cf_3db72fcc22b158,Associated causes,Patient class,field,field,44.81909116923315,0.425,3.4515046953940396e-13
group:openEHR-EHR-COMPOSITION.outpatient_high_complexity_procedures.v1::Procedure_undertaken,field:cf_3db72fcc22b158,Procedure undertaken,Patient class,canonical_group,field,41.62117983010394,0.02,1.0554136541599137e-13
subgroup:openEHR-EHR-COMPOSITION.outpatient_high_complexity_procedures.v1::Procedure_undertaken::Procedure_list,field:cf_3db72fcc22b158,Procedure list,Patient class,canonical_subgroup,field,42.62117983010394,0.02,5.677539046167945e-14
field:cf_0b6364bb149692,field:cf_3db72fcc22b158,Procedure,Patient class,field,field,46.34855514142005,0.39375,1.238832790101586e-13
field:cf_af0c9a7d79fe64,field:cf_3db72fcc22b158,Invaded regional linphonodes,Patient class,field,field,47.841952836464145,0.23173076923076924,2.8884158131138074e-14
field:cf_e5c01940113606,field:cf_3db72fcc22b158,irradiated area 1,Patient class,field,field,51.60921757580556,0.1610576923076923,1.9421110715632428e-15
field:cf_fc5be63ab59287,field:cf_3db72fcc22b158,irradiated area 2,Patient class,field,field,46.763917807264825,0.31490384615384615,7.658231098261244e-14
field:cf_821e1930333a5c,field:cf_3db72fcc22b158,irradiated area 3,Patient class,field,field,55.60921757580556,0.10336538461538461,1.0438002627483538e-16
field:cf_c9b3a708f95249,field:cf_3db72fcc22b158,fields/insertions 1,Patient class,field,field,49.98829511688692,0.1923076923076923,6.334947348087458e-15
field:cf_bbec72e0a270f7,field:cf_3db72fcc22b158,fields/insertions 2,Patient class,field,field,48.402691413389576,0.23557692307692307,2.074067281297726e-14
family:openEHR-EHR-COMPOSITION.hospitalisation.v1,field:cf_3db72fcc22b158,openEHR-EHR-COMPOSITION.hospitalisation.v1,Patient class,composition_family,field,19.09763342735856,0.02,1.2250981840994487e-07
group:openEHR-EHR-COMPOSITION.hospitalisation.v1::Patient_discharge,field:cf_3db72fcc22b158,Patient discharge,Patient class,canonical_group,field,27.223617107166092,0.02,7.94598197196999e-10
subgroup:openEHR-EHR-COMPOSITION.hospitalisation.v1::Patient_discharge::Components,field:cf_3db72fcc22b158,Components,Patient class,canonical_subgroup,field,28.223617107166092,0.02,4.2744968030488154e-10
field:cf_79ed78f34fef6f,field:cf_3db72fcc22b158,date of discharge,Patient class,field,field,30.667636210249043,0.8854166666666666,4.647554453280121e-09
field:cf_be52992cb12705,field:cf_3db72fcc22b158,hospital infection,Patient class,field,field,36.70694950549332,0.13541666666666666,1.6810779106221143e-11
field:cf_1285e1e2c004f2,field:cf_3db72fcc22b158,claim reason,Patient class,field,field,31.486621970743876,0.39375,1.243870428646094e-09
field:cf_80f721f9446bd3,field:cf_3db72fcc22b158,death indicator,Patient class,field,field,32.9274219464382,0.39375,5.091217212142176e-10
group:openEHR-EHR-COMPOSITION.hospitalisation.v1::Authorization_for_hospital_admission,field:cf_3db72fcc22b158,Authorization for hospital admission,Patient class,canonical_group,field,23.61923483130076,0.02,7.424596253772601e-09
subgroup:openEHR-EHR-COMPOSITION.hospitalisation.v1::Authorization_for_hospital_admission::Components,field:cf_3db72fcc22b158,Components,Patient class,canonical_subgroup,field,24.61923483130076,0.02,3.994020256103232e-09
field:cf_ba8421601b1980,field:cf_3db72fcc22b158,Issue date,Patient class,field,field,26.30711160911665,0.9270833333333334,7.266439579977352e-08
field:cf_ba09c313b94cba,field:cf_3db72fcc22b158,ICU - Total,Patient class,field,field,27.072983572717998,0.39375,1.9195648997350417e-08
group:openEHR-EHR-COMPOSITION.hospitalisation.v1::Patient_admission,field:cf_3db72fcc22b158,Patient admission,Patient class,canonical_group,field,12.243420106014833,0.02,8.58527183081264e-06
subgroup:openEHR-EHR-COMPOSITION.hospitalisation.v1::Patient_admission::Tree,field:cf_3db72fcc22b158,Tree,Patient class,canonical_subgroup,field,8.546935434922458,0.02,8.493350475925431e-05
field:cf_3db72fcc22b158,field:cf_3db72fcc22b158,Patient class,Patient class,field,field,0.0,0.13541666666666666,0.13541666666666666
subgroup:openEHR-EHR-COMPOSITION.hospitalisation.v1::Patient_admission::Tree_/_Assigned_patient_location_/_Facility,field:cf_3db72fcc22b158,Tree / Assigned patient location / Facility,Patient class,canonical_subgroup,field,14.559492401016222,0.02,2.042313705241856e-06
field:cf_9449e602105d68,field:cf_3db72fcc22b158,Universal ID,Patient class,field,field,15.559492401016222,0.7395833333333334,4.540688113989109e-05
subgroup:openEHR-EHR-COMPOSITION.hospitalisation.v1::Patient_admission::Tree_/_Assigned_patient_location_/_Address,field:cf_3db72fcc22b158,Tree / Assigned patient location / Address,Patient class,canonical_subgroup,field,15.602424593983608,0.02,1.0697932171188211e-06
field:cf_1d8359b2d21168,field:cf_3db72fcc22b158,State/province,Patient class,field,field,16.602424593983606,0.4875,1.567785217277413e-05
field:cf_10f7d6c8e1d5c5,field:cf_3db72fcc22b158,Admission type,Patient class,field,field,3.779527559055118,0.39375,0.035913591211882805
field:cf_2a67f6f1c22886,field:cf_3db72fcc22b158,Hospital service,Patient class,field,field,5.80484401475132,0.59375,0.015427656444936702
field:cf_22f759c45e42f4,field:cf_3db72fcc22b158,Admit date/time,Patient class,field,field,7.093434618778166,0.9583333333333334,0.01120066225578034
group:openEHR-EHR-COMPOSITION.hospitalisation.v1::Problem/Diagnosis,field:cf_3db72fcc22b158,Problem/Diagnosis,Patient class,canonical_group,field,22.339471499357593,0.02,1.641591961811063e-08
subgroup:openEHR-EHR-COMPOSITION.hospitalisation.v1::Problem/Diagnosis::structure,field:cf_3db72fcc22b158,structure,Patient class,canonical_subgroup,field,23.339471499357593,0.02,8.830852646563913e-09
field:cf_2db2fd852fb674,field:cf_3db72fcc22b158,Problem,Patient class,field,field,25.378660625626534,0.9583333333333334,1.3357235823424305e-07
field:cf_49398dcbba5447,field:cf_3db72fcc22b158,Secondary Diagnosis,Patient class,field,field,25.301760244227697,1.0815217391304348,1.5810355950944062e-07
group:openEHR-EHR-COMPOSITION.hospitalisation.v1::Procedure_undertaken,field:cf_3db72fcc22b158,Procedure undertaken,Patient class,canonical_group,field,24.062513113179712,0.02,5.6404608425791585e-09
subgroup:openEHR-EHR-COMPOSITION.hospitalisation.v1::Procedure_undertaken::Procedure_list,field:cf_3db72fcc22b158,Procedure list,Patient class,canonical_subgroup,field,25.062513113179712,0.02,3.034254535736026e-09
field:cf_18704e514938d4,field:cf_3db72fcc22b158,Procedure,Patient class,field,field,26.062513113179712,0.6770833333333334,6.175985085587702e-08
family:openEHR-EHR-COMPOSITION.demographic_data.v1,field:cf_3db72fcc22b158,openEHR-EHR-COMPOSITION.demographic_data.v1,Patient class,composition_family,field,24.0759551154859,0.02,5.593648347820475e-09
group:openEHR-EHR-COMPOSITION.demographic_data.v1::Demographic_data,field:cf_3db72fcc22b158,Demographic data,Patient class,canonical_group,field,25.0759551154859,0.02,3.0090720145706625e-09
subgroup:openEHR-EHR-COMPOSITION.demographic_data.v1::Demographic_data::components,field:cf_3db72fcc22b158,components,Patient class,canonical_subgroup,field,26.0759551154859,0.02,1.6187135525600907e-09
field:cf_7f3b6795a0e812,field:cf_3db72fcc22b158,birth date,Patient class,field,field,29.060663879525364,1.09375,1.554863877087207e-08
field:cf_e7551706658b4a,field:cf_3db72fcc22b158,gender,Patient class,field,field,30.199813919487383,0.39375,2.762259001146712e-09
field:cf_19e1b0f55ef007,field:cf_3db72fcc22b158,race,Patient class,field,field,36.859270608822804,0.1846590909090909,2.0857970187043186e-11
field:cf_4122372d727029,field:cf_3db72fcc22b158,ethnic group,Patient class,field,field,40.859270608822804,0.1846590909090909,1.7467137027688547e-12
field:cf_7ab0248b87b82e,field:cf_3db72fcc22b158,educational level,Patient class,field,field,32.06762778811608,0.39375,8.676249222668661e-10
field:cf_eee397355aecbe,field:cf_3db72fcc22b158,nationality,Patient class,field,field,33.40151029448096,0.39375,3.7946119935524386e-10
schema:root,subgroup:openEHR-EHR-COMPOSITION.hospitalisation.v1::Patient_admission::Tree_/_Assigned_patient_location_/_Facility,EHR Schema,Tree / Assigned patient location / Facility,root,canonical_subgroup,11.571968968314337,0.02,1.2252417210939293e-05
family:openEHR-EHR-COMPOSITION.outpatient_high_complexity_procedures.v1,subgroup:openEHR-EHR-COMPOSITION.hospitalisation.v1::Patient_admission::Tree_/_Assigned_patient_location_/_Facility,openEHR-EHR-COMPOSITION.outpatient_high_complexity_procedures.v1,Tree / Assigned patient location / Facility,composition_family,canonical_subgroup,16.686462227609102,0.02,5.141385075449185e-07
group:openEHR-EHR-COMPOSITION.outpatient_high_complexity_procedures.v1::HCPA,subgroup:openEHR-EHR-COMPOSITION.hospitalisation.v1::Patient_admission::Tree_/_Assigned_patient_location_/_Facility,HCPA,Tree / Assigned patient location / Facility,canonical_group,canonical_subgroup,29.485049458954293,0.02,1.8403462046929421e-10
subgroup:openEHR-EHR-COMPOSITION.outpatient_high_complexity_procedures.v1::HCPA::components_/_General_data,subgroup:openEHR-EHR-COMPOSITION.hospitalisation.v1::Patient_admission::Tree_/_Assigned_patient_location_/_Facility,components / General data,Tree / Assigned patient location / Facility,canonical_subgroup,canonical_subgroup,33.23733026408228,0.02,2.1339505056625382e-11
field:cf_5cd62eaa6e16a8,subgroup:openEHR-EHR-COMPOSITION.hospitalisation.v1::Patient_admission::Tree_/_Assigned_patient_location_/_Facility,issue date,Tree / Assigned patient location / Facility,field,canonical_subgroup,38.12992989686317,0.5096153846153846,2.342600347029685e-11
field:cf_775d9002cb4e7b,subgroup:openEHR-EHR-COMPOSITION.hospitalisation.v1::Patient_admission::Tree_/_Assigned_patient_location_/_Facility,reason for encounter,Tree / Assigned patient location / Facility,field,canonical_subgroup,38.033907115166365,0.425,2.07348044962375e-11
field:cf_b87e8363f020f7,subgroup:openEHR-EHR-COMPOSITION.hospitalisation.v1::Patient_admission::Tree_/_Assigned_patient_location_/_Facility,healthcare unit,Tree / Assigned patient location / Facility,field,canonical_subgroup,38.387776600401736,0.425,1.6650072722322605e-11
field:cf_8b431261fa7dca,subgroup:openEHR-EHR-COMPOSITION.hospitalisation.v1::Patient_admission::Tree_/_Assigned_patient_location_/_Facility,State,Tree / Assigned patient location / Facility,field,canonical_subgroup,39.32353090432033,0.425,9.32078558791853e-12
field:cf_16800b2d3f5ef6,subgroup:openEHR-EHR-COMPOSITION.hospitalisation.v1::Patient_admission::Tree_/_Assigned_patient_location_/_Facility,patient age,Tree / Assigned patient location / Facility,field,canonical_subgroup,37.610566386531744,0.49038461538461536,3.110553446305233e-11
group:openEHR-EHR-COMPOSITION.outpatient_high_complexity_procedures.v1::Patient_discharge,subgroup:openEHR-EHR-COMPOSITION.hospitalisation.v1::Patient_admission::Tree_/_Assigned_patient_location_/_Facility,Patient discharge,Tree / Assigned patient location / Facility,canonical_group,canonical_subgroup,21.826008456544564,0.02,2.1241865819958217e-08
subgroup:openEHR-EHR-COMPOSITION.outpatient_high_complexity_procedures.v1::Patient_discharge::Components,subgroup:openEHR-EHR-COMPOSITION.hospitalisation.v1::Patient_admission::Tree_/_Assigned_patient_location_/_Facility,Components,Tree / Assigned patient location / Facility,canonical_subgroup,canonical_subgroup,22.826008456544564,0.02,1.3569495479850027e-08
field:cf_469c691048a0ce,subgroup:openEHR-EHR-COMPOSITION.hospitalisation.v1::Patient_admission::Tree_/_Assigned_patient_location_/_Facility,date of discharge,Tree / Assigned patient location / Facility,field,canonical_subgroup,24.789388151894777,0.4168269230769231,7.490660398712947e-08
field:cf_49533263f29569,subgroup:openEHR-EHR-COMPOSITION.hospitalisation.v1::Patient_admission::Tree_/_Assigned_patient_location_/_Facility,reason for discharge,Tree / Assigned patient location / Facility,field,canonical_subgroup,24.864020784214055,0.39375,6.75599216611196e-08
group:openEHR-EHR-COMPOSITION.outpatient_high_complexity_procedures.v1::Problem/Diagnosis,subgroup:openEHR-EHR-COMPOSITION.hospitalisation.v1::Patient_admission::Tree_/_Assigned_patient_location_/_Facility,Problem/Diagnosis,Tree / Assigned patient location / Facility,canonical_group,canonical_subgroup,26.68116653367528,0.02,1.046839923254904e-09
subgroup:openEHR-EHR-COMPOSITION.outpatient_high_complexity_procedures.v1::Problem/Diagnosis::structure,subgroup:openEHR-EHR-COMPOSITION.hospitalisation.v1::Patient_admission::Tree_/_Assigned_patient_location_/_Facility,structure,Tree / Assigned patient location / Facility,canonical_subgroup,canonical_subgroup,31.32447984897402,0.02,6.986238019661435e-11
field:cf_bd9db9ae67063d,subgroup:openEHR-EHR-COMPOSITION.hospitalisation.v1::Patient_admission::Tree_/_Assigned_patient_location_/_Facility,Problem,Tree / Assigned patient location / Facility,field,canonical_subgroup,35.0981571025374,0.425,1.2799339650701414e-10
field:cf_4e7e8ca2916a1e,subgroup:openEHR-EHR-COMPOSITION.hospitalisation.v1::Patient_admission::Tree_/_Assigned_patient_location_/_Facility,Secondary Diagnosis,Tree / Assigned patient location / Facility,field,canonical_subgroup,34.62549212517495,0.425,1.715767963944869e-10
field:cf_0a229c157b8d2a,subgroup:openEHR-EHR-COMPOSITION.hospitalisation.v1::Patient_admission::Tree_/_Assigned_patient_location_/_Facility,Associated causes,Tree / Assigned patient location / Facility,field,canonical_subgroup,34.891743358219706,0.425,1.454678637147598e-10
group:openEHR-EHR-COMPOSITION.outpatient_high_complexity_procedures.v1::Procedure_undertaken,subgroup:openEHR-EHR-COMPOSITION.hospitalisation.v1::Patient_admission::Tree_/_Assigned_patient_location_/_Facility,Procedure undertaken,Tree / Assigned patient location / Facility,canonical_group,canonical_subgroup,31.693832019090497,0.02,4.6790430585644284e-11
subgroup:openEHR-EHR-COMPOSITION.outpatient_high_complexity_procedures.v1::Procedure_undertaken::Procedure_list,subgroup:openEHR-EHR-COMPOSITION.hospitalisation.v1::Patient_admission::Tree_/_Assigned_patient_location_/_Facility,Procedure list,Tree / Assigned patient location / Facility,canonical_subgroup,canonical_subgroup,32.69383201909049,0.02,2.9890149091120964e-11
field:cf_0b6364bb149692,subgroup:openEHR-EHR-COMPOSITION.hospitalisation.v1::Patient_admission::Tree_/_Assigned_patient_location_/_Facility,Procedure,Tree / Assigned patient location / Facility,field,canonical_subgroup,36.4212073304066,0.39375,5.221211482527047e-11
field:cf_af0c9a7d79fe64,subgroup:openEHR-EHR-COMPOSITION.hospitalisation.v1::Patient_admission::Tree_/_Assigned_patient_location_/_Facility,Invaded regional linphonodes,Tree / Assigned patient location / Facility,field,canonical_subgroup,37.914605025450705,0.23173076923076924,1.2173579784327303e-11
field:cf_e5c01940113606,subgroup:openEHR-EHR-COMPOSITION.hospitalisation.v1::Patient_admission::Tree_/_Assigned_patient_location_/_Facility,irradiated area 1,Tree / Assigned patient location / Facility,field,canonical_subgroup,41.68186976479211,0.1610576923076923,8.185263344827513e-13
field:cf_fc5be63ab59287,subgroup:openEHR-EHR-COMPOSITION.hospitalisation.v1::Patient_admission::Tree_/_Assigned_patient_location_/_Facility,irradiated area 2,Tree / Assigned patient location / Facility,field,canonical_subgroup,36.83656999625138,0.31490384615384615,3.227654649245156e-11
field:cf_821e1930333a5c,subgroup:openEHR-EHR-COMPOSITION.hospitalisation.v1::Patient_admission::Tree_/_Assigned_patient_location_/_Facility,irradiated area 3,Tree / Assigned patient location / Facility,field,canonical_subgroup,45.68186976479211,0.10336538461538461,4.399223172708832e-14
field:cf_c9b3a708f95249,subgroup:openEHR-EHR-COMPOSITION.hospitalisation.v1::Patient_admission::Tree_/_Assigned_patient_location_/_Facility,fields/insertions 1,Tree / Assigned patient location / Facility,field,canonical_subgroup,40.06094730587347,0.1923076923076923,2.669940616628836e-12
field:cf_bbec72e0a270f7,subgroup:openEHR-EHR-COMPOSITION.hospitalisation.v1::Patient_admission::Tree_/_Assigned_patient_location_/_Facility,fields/insertions 2,Tree / Assigned patient location / Facility,field,canonical_subgroup,38.47534360237613,0.23557692307692307,8.741408841589781e-12
family:openEHR-EHR-COMPOSITION.hospitalisation.v1,subgroup:openEHR-EHR-COMPOSITION.hospitalisation.v1::Patient_admission::Tree_/_Assigned_patient_location_/_Facility,openEHR-EHR-COMPOSITION.hospitalisation.v1,Tree / Assigned patient location / Facility,composition_family,canonical_subgroup,9.170285616345119,0.02,5.4313179782889605e-05
group:openEHR-EHR-COMPOSITION.hospitalisation.v1::Patient_discharge,subgroup:openEHR-EHR-COMPOSITION.hospitalisation.v1::Patient_admission::Tree_/_Assigned_patient_location_/_Facility,Patient discharge,Tree / Assigned patient location / Facility,canonical_group,canonical_subgroup,17.29626929615265,0.02,3.522750690488109e-07
subgroup:openEHR-EHR-COMPOSITION.hospitalisation.v1::Patient_discharge::Components,subgroup:openEHR-EHR-COMPOSITION.hospitalisation.v1::Patient_admission::Tree_/_Assigned_patient_location_/_Facility,Components,Tree / Assigned patient location / Facility,canonical_subgroup,canonical_subgroup,18.29626929615265,0.02,2.250364915039789e-07
field:cf_79ed78f34fef6f,subgroup:openEHR-EHR-COMPOSITION.hospitalisation.v1::Patient_admission::Tree_/_Assigned_patient_location_/_Facility,date of discharge,Tree / Assigned patient location / Facility,field,canonical_subgroup,20.740288399235602,0.8854166666666666,1.958768356070549e-06
field:cf_be52992cb12705,subgroup:openEHR-EHR-COMPOSITION.hospitalisation.v1::Patient_admission::Tree_/_Assigned_patient_location_/_Facility,hospital infection,Tree / Assigned patient location / Facility,field,canonical_subgroup,26.77960169447988,0.13541666666666666,7.085107336594619e-09
field:cf_1285e1e2c004f2,subgroup:openEHR-EHR-COMPOSITION.hospitalisation.v1::Patient_admission::Tree_/_Assigned_patient_location_/_Facility,claim reason,Tree / Assigned patient location / Facility,field,canonical_subgroup,21.559274159730435,0.39375,5.242443222939096e-07
field:cf_80f721f9446bd3,subgroup:openEHR-EHR-COMPOSITION.hospitalisation.v1::Patient_admission::Tree_/_Assigned_patient_location_/_Facility,death indicator,Tree / Assigned patient location / Facility,field,canonical_subgroup,23.00007413542476,0.39375,2.145755422400156e-07
group:openEHR-EHR-COMPOSITION.hospitalisation.v1::Authorization_for_hospital_admission,subgroup:openEHR-EHR-COMPOSITION.hospitalisation.v1::Patient_admission::Tree_/_Assigned_patient_location_/_Facility,Authorization for hospital admission,Tree / Assigned patient location / Facility,canonical_group,canonical_subgroup,13.69188702028732,0.02,3.2916009213004026e-06
subgroup:openEHR-EHR-COMPOSITION.hospitalisation.v1::Authorization_for_hospital_admission::Components,subgroup:openEHR-EHR-COMPOSITION.hospitalisation.v1::Patient_admission::Tree_/_Assigned_patient_location_/_Facility,Components,Tree / Assigned patient location / Facility,canonical_subgroup,canonical_subgroup,14.69188702028732,0.02,2.102704357594132e-06
field:cf_ba8421601b1980,subgroup:openEHR-EHR-COMPOSITION.hospitalisation.v1::Patient_admission::Tree_/_Assigned_patient_location_/_Facility,Issue date,Tree / Assigned patient location / Facility,field,canonical_subgroup,16.379763798103212,0.9270833333333334,3.062529348206505e-05
field:cf_ba09c313b94cba,subgroup:openEHR-EHR-COMPOSITION.hospitalisation.v1::Patient_admission::Tree_/_Assigned_patient_location_/_Facility,ICU - Total,Tree / Assigned patient location / Facility,field,canonical_subgroup,17.14563576170456,0.39375,8.090239761195337e-06
group:openEHR-EHR-COMPOSITION.hospitalisation.v1::Patient_admission,subgroup:openEHR-EHR-COMPOSITION.hospitalisation.v1::Patient_admission::Tree_/_Assigned_patient_location_/_Facility,Patient admission,Tree / Assigned patient location / Facility,canonical_group,canonical_subgroup,2.3160722950013897,0.02,0.0038061717704256552
subgroup:openEHR-EHR-COMPOSITION.hospitalisation.v1::Patient_admission::Tree,subgroup:openEHR-EHR-COMPOSITION.hospitalisation.v1::Patient_admission::Tree_/_Assigned_patient_location_/_Facility,Tree,Tree / Assigned patient location / Facility,canonical_subgroup,canonical_subgroup,6.012556966093763,0.02,0.0004568745927721436
field:cf_3db72fcc22b158,subgroup:openEHR-EHR-COMPOSITION.hospitalisation.v1::Patient_admission::Tree_/_Assigned_patient_location_/_Facility,Patient class,Tree / Assigned patient location / Facility,field,canonical_subgroup,14.559492401016222,0.13541666666666666,1.3828165712575064e-05
subgroup:openEHR-EHR-COMPOSITION.hospitalisation.v1::Patient_admission::Tree_/_Assigned_patient_location_/_Facility,subgroup:openEHR-EHR-COMPOSITION.hospitalisation.v1::Patient_admission::Tree_/_Assigned_patient_location_/_Facility,Tree / Assigned patient location / Facility,Tree / Assigned patient location / Facility,canonical_subgroup,canonical_subgroup,0.0,0.02,0.02
field:cf_9449e602105d68,subgroup:openEHR-EHR-COMPOSITION.hospitalisation.v1::Patient_admission::Tree_/_Assigned_patient_location_/_Facility,Universal ID,Tree / Assigned patient location / Facility,field,canonical_subgroup,1.0,0.7395833333333334,0.3381765292587354
subgroup:openEHR-EHR-COMPOSITION.hospitalisation.v1::Patient_admission::Tree_/_Assigned_patient_location_/_Address,subgroup:openEHR-EHR-COMPOSITION.hospitalisation.v1::Patient_admission::Tree_/_Assigned_patient_location_/_Facility,Tree / Assigned patient location / Address,Tree / Assigned patient location / Facility,canonical_subgroup,canonical_subgroup,5.675076782970166,0.02,0.0005632066727561069
field:cf_1d8359b2d21168,subgroup:openEHR-EHR-COMPOSITION.hospitalisation.v1::Patient_admission::Tree_/_Assigned_patient_location_/_Facility,State/province,Tree / Assigned patient location / Facility,field,canonical_subgroup,6.675076782970166,0.4875,0.0066076214998423725
field:cf_10f7d6c8e1d5c5,subgroup:openEHR-EHR-COMPOSITION.hospitalisation.v1::Patient_admission::Tree_/_Assigned_patient_location_/_Facility,Admission type,Tree / Assigned patient location / Facility,field,canonical_subgroup,10.779964841961103,0.39375,0.0004187919836634023
field:cf_2a67f6f1c22886,subgroup:openEHR-EHR-COMPOSITION.hospitalisation.v1::Patient_admission::Tree_/_Assigned_patient_location_/_Facility,Hospital service,Tree / Assigned patient location / Facility,field,canonical_subgroup,8.938593445367383,0.59375,0.0019778521629270525
field:cf_22f759c45e42f4,subgroup:openEHR-EHR-COMPOSITION.hospitalisation.v1::Patient_admission::Tree_/_Assigned_patient_location_/_Facility,Admit date/time,Tree / Assigned patient location / Facility,field,canonical_subgroup,8.593249864229971,0.9583333333333334,0.003954530245182171
group:openEHR-EHR-COMPOSITION.hospitalisation.v1::Problem/Diagnosis,subgroup:openEHR-EHR-COMPOSITION.hospitalisation.v1::Patient_admission::Tree_/_Assigned_patient_location_/_Facility,Problem/Diagnosis,Tree / Assigned patient location / Facility,canonical_group,canonical_subgroup,12.412123688344154,0.02,7.2777905076670134e-06
subgroup:openEHR-EHR-COMPOSITION.hospitalisation.v1::Problem/Diagnosis::structure,subgroup:openEHR-EHR-COMPOSITION.hospitalisation.v1::Patient_admission::Tree_/_Assigned_patient_location_/_Facility,structure,Tree / Assigned patient location / Facility,canonical_subgroup,canonical_subgroup,13.412123688344154,0.02,4.64911821937481e-06
field:cf_2db2fd852fb674,subgroup:openEHR-EHR-COMPOSITION.hospitalisation.v1::Patient_admission::Tree_/_Assigned_patient_location_/_Facility,Problem,Tree / Assigned patient location / Facility,field,canonical_subgroup,15.451312814613095,0.9583333333333334,5.629569511989214e-05
field:cf_49398dcbba5447,subgroup:openEHR-EHR-COMPOSITION.hospitalisation.v1::Patient_admission::Tree_/_Assigned_patient_location_/_Facility,Secondary Diagnosis,Tree / Assigned patient location / Facility,field,canonical_subgroup,15.37441243321426,1.0815217391304348,6.663466828896193e-05
group:openEHR-EHR-COMPOSITION.hospitalisation.v1::Procedure_undertaken,subgroup:openEHR-EHR-COMPOSITION.hospitalisation.v1::Patient_admission::Tree_/_Assigned_patient_location_/_Facility,Procedure undertaken,Tree / Assigned patient location / Facility,canonical_group,canonical_subgroup,14.135165302166271,0.02,2.5006270336327763e-06
subgroup:openEHR-EHR-COMPOSITION.hospitalisation.v1::Procedure_undertaken::Procedure_list,subgroup:openEHR-EHR-COMPOSITION.hospitalisation.v1::Patient_admission::Tree_/_Assigned_patient_location_/_Facility,Procedure list,Tree / Assigned patient location / Facility,canonical_subgroup,canonical_subgroup,15.135165302166271,0.02,1.5974231038494281e-06
field:cf_18704e514938d4,subgroup:openEHR-EHR-COMPOSITION.hospitalisation.v1::Patient_admission::Tree_/_Assigned_patient_location_/_Facility,Procedure,Tree / Assigned patient location / Facility,field,canonical_subgroup,16.13516530216627,0.6770833333333334,2.6029440375195343e-05
family:openEHR-EHR-COMPOSITION.demographic_data.v1,subgroup:openEHR-EHR-COMPOSITION.hospitalisation.v1::Patient_admission::Tree_/_Assigned_patient_location_/_Facility,openEHR-EHR-COMPOSITION.demographic_data.v1,Tree / Assigned patient location / Facility,composition_family,canonical_subgroup,14.14860730447246,0.02,2.479873305671103e-06
group:openEHR-EHR-COMPOSITION.demographic_data.v1::Demographic_data,subgroup:openEHR-EHR-COMPOSITION.hospitalisation.v1::Patient_admission::Tree_/_Assigned_patient_location_/_Facility,Demographic data,Tree / Assigned patient location / Facility,canonical_group,canonical_subgroup,15.14860730447246,0.02,1.3340340507252888e-06
subgroup:openEHR-EHR-COMPOSITION.demographic_data.v1::Demographic_data::components,subgroup:openEHR-EHR-COMPOSITION.hospitalisation.v1::Patient_admission::Tree_/_Assigned_patient_location_/_Facility,components,Tree / Assigned patient location / Facility,canonical_subgroup,canonical_subgroup,16.14860730447246,0.02,8.521929841151028e-07
field:cf_7f3b6795a0e812,subgroup:openEHR-EHR-COMPOSITION.hospitalisation.v1::Patient_admission::Tree_/_Assigned_patient_location_/_Facility,birth date,Tree / Assigned patient location / Facility,field,canonical_subgroup,19.133316068511924,1.09375,6.55316293988997e-06
field:cf_e7551706658b4a,subgroup:openEHR-EHR-COMPOSITION.hospitalisation.v1::Patient_admission::Tree_/_Assigned_patient_location_/_Facility,gender,Tree / Assigned patient location / Facility,field,canonical_subgroup,20.272466108473942,0.39375,1.16418765548805e-06
field:cf_19e1b0f55ef007,subgroup:openEHR-EHR-COMPOSITION.hospitalisation.v1::Patient_admission::Tree_/_Assigned_patient_location_/_Facility,race,Tree / Assigned patient location / Facility,field,canonical_subgroup,26.93192279780936,0.1846590909090909,8.790845246666939e-09
field:cf_4122372d727029,subgroup:openEHR-EHR-COMPOSITION.hospitalisation.v1::Patient_admission::Tree_/_Assigned_patient_location_/_Facility,ethnic group,Tree / Assigned patient location / Facility,field,canonical_subgroup,30.93192279780936,0.1846590909090909,7.361737366377126e-10
field:cf_7ab0248b87b82e,subgroup:openEHR-EHR-COMPOSITION.hospitalisation.v1::Patient_admission::Tree_/_Assigned_patient_location_/_Facility,educational level,Tree / Assigned patient location / Facility,field,canonical_subgroup,22.140279977102637,0.39375,3.6567107707045044e-07
field:cf_eee397355aecbe,subgroup:openEHR-EHR-COMPOSITION.hospitalisation.v1::Patient_admission::Tree_/_Assigned_patient_location_/_Facility,nationality,Tree / Assigned patient location / Facility,field,canonical_subgroup,23.474162483467513,0.39375,1.599285381431193e-07
schema:root,field:cf_9449e602105d68,EHR Schema,Universal ID,root,field,12.571968968314337,0.02,7.003064666071174e-06
family:openEHR-EHR-COMPOSITION.outpatient_high_complexity_procedures.v1,field:cf_9449e602105d68,openEHR-EHR-COMPOSITION.outpatient_high_complexity_procedures.v1,Universal ID,composition_family,field,17.686462227609102,0.02,2.9386407217995476e-07
group:openEHR-EHR-COMPOSITION.outpatient_high_complexity_procedures.v1::HCPA,field:cf_9449e602105d68,HCPA,Universal ID,canonical_group,field,30.485049458954293,0.02,1.0518792543169773e-10
subgroup:openEHR-EHR-COMPOSITION.outpatient_high_complexity_procedures.v1::HCPA::components_/_General_data,field:cf_9449e602105d68,components / General data,Universal ID,canonical_subgroup,field,34.23733026408228,0.02,1.0271102988736617e-11
field:cf_5cd62eaa6e16a8,field:cf_9449e602105d68,issue date,Universal ID,field,field,39.12992989686317,0.5096153846153846,1.4084463351557383e-11
field:cf_775d9002cb4e7b,field:cf_9449e602105d68,reason for encounter,Universal ID,field,field,39.033907115166365,0.425,1.2466428360230397e-11
field:cf_b87e8363f020f7,field:cf_9449e602105d68,healthcare unit,Universal ID,field,field,39.387776600401736,0.425,1.0010556830816754e-11
field:cf_8b431261fa7dca,field:cf_9449e602105d68,State,Universal ID,field,field,40.32353090432033,0.425,5.6039547329196555e-12
field:cf_16800b2d3f5ef6,field:cf_9449e602105d68,patient age,Universal ID,field,field,38.610566386531744,0.49038461538461536,1.8701643271374135e-11
group:openEHR-EHR-COMPOSITION.outpatient_high_complexity_procedures.v1::Patient_discharge,field:cf_9449e602105d68,Patient discharge,Universal ID,canonical_group,field,22.826008456544564,0.02,1.2141127534602656e-08
subgroup:openEHR-EHR-COMPOSITION.outpatient_high_complexity_procedures.v1::Patient_discharge::Components,field:cf_9449e602105d68,Components,Universal ID,canonical_subgroup,field,23.826008456544564,0.02,6.531252023367036e-09
field:cf_469c691048a0ce,field:cf_9449e602105d68,date of discharge,Universal ID,field,field,25.789388151894777,0.4168269230769231,4.5036248713275486e-08
field:cf_49533263f29569,field:cf_9449e602105d68,reason for discharge,Universal ID,field,field,25.864020784214055,0.39375,4.061918806921724e-08
group:openEHR-EHR-COMPOSITION.outpatient_high_complexity_procedures.v1::Problem/Diagnosis,field:cf_9449e602105d68,Problem/Diagnosis,Universal ID,canonical_group,field,27.68116653367528,0.02,5.983380708774491e-10
subgroup:openEHR-EHR-COMPOSITION.outpatient_high_complexity_procedures.v1::Problem/Diagnosis::structure,field:cf_9449e602105d68,structure,Universal ID,canonical_subgroup,field,32.32447984897402,0.02,3.3626070526640975e-11
field:cf_bd9db9ae67063d,field:cf_9449e602105d68,Problem,Universal ID,field,field,36.09815710253741,0.425,7.695372813506786e-11
field:cf_4e7e8ca2916a1e,field:cf_9449e602105d68,Secondary Diagnosis,Universal ID,field,field,35.62549212517496,0.425,1.031574636219899e-10
field:cf_0a229c157b8d2a,field:cf_9449e602105d68,Associated causes,Universal ID,field,field,35.891743358219706,0.425,8.745993732638633e-11
group:openEHR-EHR-COMPOSITION.outpatient_high_complexity_procedures.v1::Procedure_undertaken,field:cf_9449e602105d68,Procedure undertaken,Universal ID,canonical_group,field,32.69383201909049,0.02,2.6743817607845074e-11
subgroup:openEHR-EHR-COMPOSITION.outpatient_high_complexity_procedures.v1::Procedure_undertaken::Procedure_list,field:cf_9449e602105d68,Procedure list,Universal ID,canonical_subgroup,field,33.69383201909049,0.02,1.4386687922186759e-11
field:cf_0b6364bb149692,field:cf_9449e602105d68,Procedure,Universal ID,field,field,37.4212073304066,0.39375,3.1391595185933326e-11
field:cf_af0c9a7d79fe64,field:cf_9449e602105d68,Invaded regional linphonodes,Universal ID,field,field,38.91460502545071,0.23173076923076924,7.3191459459578e-12
field:cf_e5c01940113606,field:cf_9449e602105d68,irradiated area 1,Universal ID,field,field,42.68186976479211,0.1610576923076923,4.921242402667852e-13
field:cf_fc5be63ab59287,field:cf_9449e602105d68,irradiated area 2,Universal ID,field,field,37.83656999625138,0.31490384615384615,1.940569319748382e-11
field:cf_821e1930333a5c,field:cf_9449e602105d68,irradiated area 3,Universal ID,field,field,46.68186976479211,0.10336538461538461,2.6449538279076495e-14
field:cf_c9b3a708f95249,field:cf_9449e602105d68,fields/insertions 1,Universal ID,field,field,41.06094730587347,0.1923076923076923,1.6052537861792907e-12
field:cf_bbec72e0a270f7,field:cf_9449e602105d68,fields/insertions 2,Universal ID,field,field,39.47534360237613,0.23557692307692307,5.255614882259316e-12
family:openEHR-EHR-COMPOSITION.hospitalisation.v1,field:cf_9449e602105d68,openEHR-EHR-COMPOSITION.hospitalisation.v1,Universal ID,composition_family,field,10.170285616345119,0.02,3.10435650118028e-05
group:openEHR-EHR-COMPOSITION.hospitalisation.v1::Patient_discharge,field:cf_9449e602105d68,Patient discharge,Universal ID,canonical_group,field,18.29626929615265,0.02,2.0134843976671796e-07
subgroup:openEHR-EHR-COMPOSITION.hospitalisation.v1::Patient_discharge::Components,field:cf_9449e602105d68,Components,Universal ID,canonical_subgroup,field,19.29626929615265,0.02,1.0831427319087236e-07
field:cf_79ed78f34fef6f,field:cf_9449e602105d68,date of discharge,Universal ID,field,field,21.740288399235602,0.8854166666666666,1.177674252471041e-06
field:cf_be52992cb12705,field:cf_9449e602105d68,hospital infection,Universal ID,field,field,27.77960169447988,0.13541666666666666,4.25979338518609e-09
field:cf_1285e1e2c004f2,field:cf_9449e602105d68,claim reason,Universal ID,field,field,22.559274159730435,0.39375,3.1519247207372736e-07
field:cf_80f721f9446bd3,field:cf_9449e602105d68,death indicator,Universal ID,field,field,24.00007413542476,0.39375,1.2900968637915732e-07
group:openEHR-EHR-COMPOSITION.hospitalisation.v1::Authorization_for_hospital_admission,field:cf_9449e602105d68,Authorization for hospital admission,Universal ID,canonical_group,field,14.69188702028732,0.02,1.8813670567947497e-06
subgroup:openEHR-EHR-COMPOSITION.hospitalisation.v1::Authorization_for_hospital_admission::Components,field:cf_9449e602105d68,Components,Universal ID,canonical_subgroup,field,15.69188702028732,0.02,1.0120709432765986e-06
field:cf_ba8421601b1980,field:cf_9449e602105d68,Issue date,Universal ID,field,field,17.379763798103212,0.9270833333333334,1.8412907017014412e-05
field:cf_ba09c313b94cba,field:cf_9449e602105d68,ICU - Total,Universal ID,field,field,18.14563576170456,0.39375,4.864111181676691e-06
group:openEHR-EHR-COMPOSITION.hospitalisation.v1::Patient_admission,field:cf_9449e602105d68,Patient admission,Universal ID,canonical_group,field,3.3160722950013897,0.02,0.002175478240707253
subgroup:openEHR-EHR-COMPOSITION.hospitalisation.v1::Patient_admission::Tree,field:cf_9449e602105d68,Tree,Universal ID,canonical_subgroup,field,7.012556966093763,0.02,0.00021990228840114824
field:cf_3db72fcc22b158,field:cf_9449e602105d68,Patient class,Universal ID,field,field,15.559492401016222,0.13541666666666666,8.31393598336034e-06
subgroup:openEHR-EHR-COMPOSITION.hospitalisation.v1::Patient_admission::Tree_/_Assigned_patient_location_/_Facility,field:cf_9449e602105d68,Tree / Assigned patient location / Facility,Universal ID,canonical_subgroup,field,1.0,0.02,0.009145055439109467
field:cf_9449e602105d68,field:cf_9449e602105d68,Universal ID,Universal ID,field,field,0.0,0.7395833333333334,0.7395833333333334
subgroup:openEHR-EHR-COMPOSITION.hospitalisation.v1::Patient_admission::Tree_/_Assigned_patient_location_/_Address,field:cf_9449e602105d68,Tree / Assigned patient location / Address,Universal ID,canonical_subgroup,field,6.675076782970166,0.02,0.0002710819076858409
field:cf_1d8359b2d21168,field:cf_9449e602105d68,State/province,Universal ID,field,field,7.675076782970166,0.4875,0.003972713611756033
field:cf_10f7d6c8e1d5c5,field:cf_9449e602105d68,Admission type,Universal ID,field,field,11.779964841961103,0.39375,0.0002517911496646102
field:cf_2a67f6f1c22886,field:cf_9449e602105d68,Hospital service,Universal ID,field,field,9.938593445367383,0.59375,0.001189148048187816
field:cf_22f759c45e42f4,field:cf_9449e602105d68,Admit date/time,Universal ID,field,field,9.593249864229971,0.9583333333333334,0.0023775902014833766
group:openEHR-EHR-COMPOSITION.hospitalisation.v1::Problem/Diagnosis,field:cf_9449e602105d68,Problem/Diagnosis,Universal ID,canonical_group,field,13.412123688344154,0.02,4.159737354177462e-06
subgroup:openEHR-EHR-COMPOSITION.hospitalisation.v1::Problem/Diagnosis::structure,field:cf_9449e602105d68,structure,Universal ID,canonical_subgroup,field,14.412123688344154,0.02,2.237707571534556e-06
field:cf_2db2fd852fb674,field:cf_9449e602105d68,Problem,Universal ID,field,field,16.451312814613097,0.9583333333333334,3.384677440912708e-05
field:cf_49398dcbba5447,field:cf_9449e602105d68,Secondary Diagnosis,Universal ID,field,field,16.37441243321426,1.0815217391304348,4.006289611666197e-05
group:openEHR-EHR-COMPOSITION.hospitalisation.v1::Procedure_undertaken,field:cf_9449e602105d68,Procedure undertaken,Universal ID,canonical_group,field,15.135165302166271,0.02,1.4292733034442252e-06
subgroup:openEHR-EHR-COMPOSITION.hospitalisation.v1::Procedure_undertaken::Procedure_list,field:cf_9449e602105d68,Procedure list,Universal ID,canonical_subgroup,field,16.13516530216627,0.02,7.688696233903855e-07
field:cf_18704e514938d4,field:cf_9449e602105d68,Procedure,Universal ID,field,field,17.13516530216627,0.6770833333333334,1.5649732976896066e-05
family:openEHR-EHR-COMPOSITION.demographic_data.v1,field:cf_9449e602105d68,openEHR-EHR-COMPOSITION.demographic_data.v1,Universal ID,composition_family,field,15.14860730447246,0.02,1.4174111788956193e-06
group:openEHR-EHR-COMPOSITION.demographic_data.v1::Demographic_data,field:cf_9449e602105d68,Demographic data,Universal ID,canonical_group,field,16.14860730447246,0.02,7.624884594714078e-07
subgroup:openEHR-EHR-COMPOSITION.demographic_data.v1::Demographic_data::components,field:cf_9449e602105d68,components,Universal ID,canonical_subgroup,field,17.14860730447246,0.02,4.1017642550277646e-07
field:cf_7f3b6795a0e812,field:cf_9449e602105d68,birth date,Universal ID,field,field,20.133316068511924,1.09375,3.9399713818318836e-06
field:cf_e7551706658b4a,field:cf_9449e602105d68,gender,Universal ID,field,field,21.272466108473942,0.39375,6.999468940080861e-07
field:cf_19e1b0f55ef007,field:cf_9449e602105d68,race,Universal ID,field,field,27.93192279780936,0.1846590909090909,5.285337631870654e-09
field:cf_4122372d727029,field:cf_9449e602105d68,ethnic group,Universal ID,field,field,31.93192279780936,0.1846590909090909,4.4261122163666674e-10
field:cf_7ab0248b87b82e,field:cf_9449e602105d68,educational level,Universal ID,field,field,23.140279977102637,0.39375,2.1985315976980824e-07
field:cf_eee397355aecbe,field:cf_9449e602105d68,nationality,Universal ID,field,field,24.474162483467513,0.39375,9.615415780164911e-08
schema:root,subgroup:openEHR-EHR-COMPOSITION.hospitalisation.v1::Patient_admission::Tree_/_Assigned_patient_location_/_Address,EHR Schema,Tree / Assigned patient location / Address,root,canonical_subgroup,12.614901161281722,0.02,6.417991903952168e-06
family:openEHR-EHR-COMPOSITION.outpatient_high_complexity_procedures.v1,subgroup:openEHR-EHR-COMPOSITION.hospitalisation.v1::Patient_admission::Tree_/_Assigned_patient_location_/_Address,openEHR-EHR-COMPOSITION.outpatient_high_complexity_procedures.v1,Tree / Assigned patient location / Address,composition_family,canonical_subgroup,17.729394420576487,0.02,2.693131259019847e-07
group:openEHR-EHR-COMPOSITION.outpatient_high_complexity_procedures.v1::HCPA,subgroup:openEHR-EHR-COMPOSITION.hospitalisation.v1::Patient_admission::Tree_/_Assigned_patient_location_/_Address,HCPA,Tree / Assigned patient location / Address,canonical_group,canonical_subgroup,30.527981651921678,0.02,9.639997429766678e-11
subgroup:openEHR-EHR-COMPOSITION.outpatient_high_complexity_procedures.v1::HCPA::components_/_General_data,subgroup:openEHR-EHR-COMPOSITION.hospitalisation.v1::Patient_admission::Tree_/_Assigned_patient_location_/_Address,components / General data,Tree / Assigned patient location / Address,canonical_subgroup,canonical_subgroup,34.280262457049666,0.02,1.11779388776844e-11
field:cf_5cd62eaa6e16a8,subgroup:openEHR-EHR-COMPOSITION.hospitalisation.v1::Patient_admission::Tree_/_Assigned_patient_location_/_Address,issue date,Tree / Assigned patient location / Address,field,canonical_subgroup,39.17286208983055,0.5096153846153846,1.2270876678936961e-11
field:cf_775d9002cb4e7b,subgroup:openEHR-EHR-COMPOSITION.hospitalisation.v1::Patient_admission::Tree_/_Assigned_patient_location_/_Address,reason for encounter,Tree / Assigned patient location / Address,field,canonical_subgroup,39.07683930813375,0.425,1.0861188049331996e-11
field:cf_b87e8363f020f7,subgroup:openEHR-EHR-COMPOSITION.hospitalisation.v1::Patient_admission::Tree_/_Assigned_patient_location_/_Address,healthcare unit,Tree / Assigned patient location / Address,field,canonical_subgroup,39.43070879336912,0.425,8.7215469480319e-12
field:cf_8b431261fa7dca,subgroup:openEHR-EHR-COMPOSITION.hospitalisation.v1::Patient_admission::Tree_/_Assigned_patient_location_/_Address,State,Tree / Assigned patient location / Address,field,canonical_subgroup,40.36646309728771,0.425,4.882361203659102e-12
field:cf_16800b2d3f5ef6,subgroup:openEHR-EHR-COMPOSITION.hospitalisation.v1::Patient_admission::Tree_/_Assigned_patient_location_/_Address,patient age,Tree / Assigned patient location / Address,field,canonical_subgroup,38.65349857949913,0.49038461538461536,1.6293525180789223e-11
group:openEHR-EHR-COMPOSITION.outpatient_high_complexity_procedures.v1::Patient_discharge,subgroup:openEHR-EHR-COMPOSITION.hospitalisation.v1::Patient_admission::Tree_/_Assigned_patient_location_/_Address,Patient discharge,Tree / Assigned patient location / Address,canonical_group,canonical_subgroup,22.86894064951195,0.02,1.1126794044820058e-08
subgroup:openEHR-EHR-COMPOSITION.outpatient_high_complexity_procedures.v1::Patient_discharge::Components,subgroup:openEHR-EHR-COMPOSITION.hospitalisation.v1::Patient_admission::Tree_/_Assigned_patient_location_/_Address,Components,Tree / Assigned patient location / Address,canonical_subgroup,canonical_subgroup,23.86894064951195,0.02,7.107896395548599e-09
field:cf_469c691048a0ce,subgroup:openEHR-EHR-COMPOSITION.hospitalisation.v1::Patient_admission::Tree_/_Assigned_patient_location_/_Address,date of discharge,Tree / Assigned patient location / Address,field,canonical_subgroup,25.83232034486216,0.4168269230769231,3.923715375221801e-08
field:cf_49533263f29569,subgroup:openEHR-EHR-COMPOSITION.hospitalisation.v1::Patient_admission::Tree_/_Assigned_patient_location_/_Address,reason for discharge,Tree / Assigned patient location / Address,field,canonical_subgroup,25.90695297718144,0.39375,3.53888561569368e-08
group:openEHR-EHR-COMPOSITION.outpatient_high_complexity_procedures.v1::Problem/Diagnosis,subgroup:openEHR-EHR-COMPOSITION.hospitalisation.v1::Patient_admission::Tree_/_Assigned_patient_location_/_Address,Problem/Diagnosis,Tree / Assigned patient location / Address,canonical_group,canonical_subgroup,27.724098726642666,0.02,5.483497693977732e-10
subgroup:openEHR-EHR-COMPOSITION.outpatient_high_complexity_procedures.v1::Problem/Diagnosis::structure,subgroup:openEHR-EHR-COMPOSITION.hospitalisation.v1::Patient_admission::Tree_/_Assigned_patient_location_/_Address,structure,Tree / Assigned patient location / Address,canonical_subgroup,canonical_subgroup,32.36741204194141,0.02,3.659491696808808e-11
field:cf_bd9db9ae67063d,subgroup:openEHR-EHR-COMPOSITION.hospitalisation.v1::Patient_admission::Tree_/_Assigned_patient_location_/_Address,Problem,Tree / Assigned patient location / Address,field,canonical_subgroup,36.14108929550479,0.425,6.704477723856231e-11
field:cf_4e7e8ca2916a1e,subgroup:openEHR-EHR-COMPOSITION.hospitalisation.v1::Patient_admission::Tree_/_Assigned_patient_location_/_Address,Secondary Diagnosis,Tree / Assigned patient location / Address,field,canonical_subgroup,35.66842431814234,0.425,8.987438733172604e-11
field:cf_0a229c157b8d2a,subgroup:openEHR-EHR-COMPOSITION.hospitalisation.v1::Patient_admission::Tree_/_Assigned_patient_location_/_Address,Associated causes,Tree / Assigned patient location / Address,field,canonical_subgroup,35.93467555118709,0.425,7.6198153844532e-11
group:openEHR-EHR-COMPOSITION.outpatient_high_complexity_procedures.v1::Procedure_undertaken,subgroup:openEHR-EHR-COMPOSITION.hospitalisation.v1::Patient_admission::Tree_/_Assigned_patient_location_/_Address,Procedure undertaken,Tree / Assigned patient location / Address,canonical_group,canonical_subgroup,32.73676421205788,0.02,2.450949877979872e-11
subgroup:openEHR-EHR-COMPOSITION.outpatient_high_complexity_procedures.v1::Procedure_undertaken::Procedure_list,subgroup:openEHR-EHR-COMPOSITION.hospitalisation.v1::Patient_admission::Tree_/_Assigned_patient_location_/_Address,Procedure list,Tree / Assigned patient location / Address,canonical_subgroup,canonical_subgroup,33.73676421205788,0.02,1.5656888887481072e-11
field:cf_0b6364bb149692,subgroup:openEHR-EHR-COMPOSITION.hospitalisation.v1::Patient_admission::Tree_/_Assigned_patient_location_/_Address,Procedure,Tree / Assigned patient location / Address,field,canonical_subgroup,37.46413952337399,0.39375,2.7349454762087572e-11
field:cf_af0c9a7d79fe64,subgroup:openEHR-EHR-COMPOSITION.hospitalisation.v1::Patient_admission::Tree_/_Assigned_patient_location_/_Address,Invaded regional linphonodes,Tree / Assigned patient location / Address,field,canonical_subgroup,38.957537218418096,0.23173076923076924,6.376695728918816e-12
field:cf_e5c01940113606,subgroup:openEHR-EHR-COMPOSITION.hospitalisation.v1::Patient_admission::Tree_/_Assigned_patient_location_/_Address,irradiated area 1,Tree / Assigned patient location / Address,field,canonical_subgroup,42.724801957759496,0.1610576923076923,4.28755836292586e-13
field:cf_fc5be63ab59287,subgroup:openEHR-EHR-COMPOSITION.hospitalisation.v1::Patient_admission::Tree_/_Assigned_patient_location_/_Address,irradiated area 2,Tree / Assigned patient location / Address,field,canonical_subgroup,37.87950218921876,0.31490384615384615,1.6906918080714757e-11
field:cf_821e1930333a5c,subgroup:openEHR-EHR-COMPOSITION.hospitalisation.v1::Patient_admission::Tree_/_Assigned_patient_location_/_Address,irradiated area 3,Tree / Assigned patient location / Address,field,canonical_subgroup,46.724801957759496,0.10336538461538461,2.3043762075711765e-14
field:cf_c9b3a708f95249,subgroup:openEHR-EHR-COMPOSITION.hospitalisation.v1::Patient_admission::Tree_/_Assigned_patient_location_/_Address,fields/insertions 1,Tree / Assigned patient location / Address,field,canonical_subgroup,41.103879498840854,0.1923076923076923,1.3985531970179494e-12
field:cf_bbec72e0a270f7,subgroup:openEHR-EHR-COMPOSITION.hospitalisation.v1::Patient_admission::Tree_/_Assigned_patient_location_/_Address,fields/insertions 2,Tree / Assigned patient location / Address,field,canonical_subgroup,39.51827579534351,0.23557692307692307,4.5788753523973654e-12
family:openEHR-EHR-COMPOSITION.hospitalisation.v1,subgroup:openEHR-EHR-COMPOSITION.hospitalisation.v1::Patient_admission::Tree_/_Assigned_patient_location_/_Address,openEHR-EHR-COMPOSITION.hospitalisation.v1,Tree / Assigned patient location / Address,composition_family,canonical_subgroup,10.213217809312503,0.02,2.845002272802634e-05
group:openEHR-EHR-COMPOSITION.hospitalisation.v1::Patient_discharge,subgroup:openEHR-EHR-COMPOSITION.hospitalisation.v1::Patient_admission::Tree_/_Assigned_patient_location_/_Address,Patient discharge,Tree / Assigned patient location / Address,canonical_group,canonical_subgroup,18.339201489120036,0.02,1.845267347818407e-07
subgroup:openEHR-EHR-COMPOSITION.hospitalisation.v1::Patient_discharge::Components,subgroup:openEHR-EHR-COMPOSITION.hospitalisation.v1::Patient_admission::Tree_/_Assigned_patient_location_/_Address,Components,Tree / Assigned patient location / Address,canonical_subgroup,canonical_subgroup,19.339201489120036,0.02,1.1787734254403632e-07
field:cf_79ed78f34fef6f,subgroup:openEHR-EHR-COMPOSITION.hospitalisation.v1::Patient_admission::Tree_/_Assigned_patient_location_/_Address,date of discharge,Tree / Assigned patient location / Address,field,canonical_subgroup,21.783220592202987,0.8854166666666666,1.026030964710737e-06
field:cf_be52992cb12705,subgroup:openEHR-EHR-COMPOSITION.hospitalisation.v1::Patient_admission::Tree_/_Assigned_patient_location_/_Address,hospital infection,Tree / Assigned patient location / Address,field,canonical_subgroup,27.822533887447264,0.13541666666666666,3.7112808633628227e-09
field:cf_1285e1e2c004f2,subgroup:openEHR-EHR-COMPOSITION.hospitalisation.v1::Patient_admission::Tree_/_Assigned_patient_location_/_Address,claim reason,Tree / Assigned patient location / Address,field,canonical_subgroup,22.60220635269782,0.39375,2.746066966419654e-07
field:cf_80f721f9446bd3,subgroup:openEHR-EHR-COMPOSITION.hospitalisation.v1::Patient_admission::Tree_/_Assigned_patient_location_/_Address,death indicator,Tree / Assigned patient location / Address,field,canonical_subgroup,24.043006328392146,0.39375,1.1239774725047842e-07
group:openEHR-EHR-COMPOSITION.hospitalisation.v1::Authorization_for_hospital_admission,subgroup:openEHR-EHR-COMPOSITION.hospitalisation.v1::Patient_admission::Tree_/_Assigned_patient_location_/_Address,Authorization for hospital admission,Tree / Assigned patient location / Address,canonical_group,canonical_subgroup,14.734819213254704,0.02,1.7241877827247088e-06
subgroup:openEHR-EHR-COMPOSITION.hospitalisation.v1::Authorization_for_hospital_admission::Components,subgroup:openEHR-EHR-COMPOSITION.hospitalisation.v1::Patient_admission::Tree_/_Assigned_patient_location_/_Address,Components,Tree / Assigned patient location / Address,canonical_subgroup,canonical_subgroup,15.734819213254704,0.02,1.1014267071639732e-06
field:cf_ba8421601b1980,subgroup:openEHR-EHR-COMPOSITION.hospitalisation.v1::Patient_admission::Tree_/_Assigned_patient_location_/_Address,Issue date,Tree / Assigned patient location / Address,field,canonical_subgroup,17.422695991070597,0.9270833333333334,1.604196806558011e-05
field:cf_ba09c313b94cba,subgroup:openEHR-EHR-COMPOSITION.hospitalisation.v1::Patient_admission::Tree_/_Assigned_patient_location_/_Address,ICU - Total,Tree / Assigned patient location / Address,field,canonical_subgroup,18.188567954671946,0.39375,4.237783646644454e-06
group:openEHR-EHR-COMPOSITION.hospitalisation.v1::Patient_admission,subgroup:openEHR-EHR-COMPOSITION.hospitalisation.v1::Patient_admission::Tree_/_Assigned_patient_location_/_Address,Patient admission,Tree / Assigned patient location / Address,canonical_group,canonical_subgroup,3.3590044879687757,0.02,0.00199372737534869
subgroup:openEHR-EHR-COMPOSITION.hospitalisation.v1::Patient_admission::Tree,subgroup:openEHR-EHR-COMPOSITION.hospitalisation.v1::Patient_admission::Tree_/_Assigned_patient_location_/_Address,Tree,Tree / Assigned patient location / Address,canonical_subgroup,canonical_subgroup,7.05548915906115,0.02,0.0002393174658560511
field:cf_3db72fcc22b158,subgroup:openEHR-EHR-COMPOSITION.hospitalisation.v1::Patient_admission::Tree_/_Assigned_patient_location_/_Address,Patient class,Tree / Assigned patient location / Address,field,canonical_subgroup,15.602424593983608,0.13541666666666666,7.243391574242018e-06
subgroup:openEHR-EHR-COMPOSITION.hospitalisation.v1::Patient_admission::Tree_/_Assigned_patient_location_/_Facility,subgroup:openEHR-EHR-COMPOSITION.hospitalisation.v1::Patient_admission::Tree_/_Assigned_patient_location_/_Address,Tree / Assigned patient location / Facility,Tree / Assigned patient location / Address,canonical_subgroup,canonical_subgroup,5.675076782970166,0.02,0.0005632066727561069
field:cf_9449e602105d68,subgroup:openEHR-EHR-COMPOSITION.hospitalisation.v1::Patient_admission::Tree_/_Assigned_patient_location_/_Address,Universal ID,Tree / Assigned patient location / Address,field,canonical_subgroup,6.675076782970166,0.7395833333333334,0.010024383044632658
subgroup:openEHR-EHR-COMPOSITION.hospitalisation.v1::Patient_admission::Tree_/_Assigned_patient_location_/_Address,subgroup:openEHR-EHR-COMPOSITION.hospitalisation.v1::Patient_admission::Tree_/_Assigned_patient_location_/_Address,Tree / Assigned patient location / Address,Tree / Assigned patient location / Address,canonical_subgroup,canonical_subgroup,0.0,0.02,0.02
field:cf_1d8359b2d21168,subgroup:openEHR-EHR-COMPOSITION.hospitalisation.v1::Patient_admission::Tree_/_Assigned_patient_location_/_Address,State/province,Tree / Assigned patient location / Address,field,canonical_subgroup,1.0,0.4875,0.22291072632829326
field:cf_10f7d6c8e1d5c5,subgroup:openEHR-EHR-COMPOSITION.hospitalisation.v1::Patient_admission::Tree_/_Assigned_patient_location_/_Address,Admission type,Tree / Assigned patient location / Address,field,canonical_subgroup,11.82289703492849,0.39375,0.0002193692488851943
field:cf_2a67f6f1c22886,subgroup:openEHR-EHR-COMPOSITION.hospitalisation.v1::Patient_admission::Tree_/_Assigned_patient_location_/_Address,Hospital service,Tree / Assigned patient location / Address,field,canonical_subgroup,9.98152563833477,0.59375,0.0010360273365117437
field:cf_22f759c45e42f4,subgroup:openEHR-EHR-COMPOSITION.hospitalisation.v1::Patient_admission::Tree_/_Assigned_patient_location_/_Address,Admit date/time,Tree / Assigned patient location / Address,field,canonical_subgroup,9.636182057197358,0.9583333333333334,0.002071439672724582
group:openEHR-EHR-COMPOSITION.hospitalisation.v1::Problem/Diagnosis,subgroup:openEHR-EHR-COMPOSITION.hospitalisation.v1::Patient_admission::Tree_/_Assigned_patient_location_/_Address,Problem/Diagnosis,Tree / Assigned patient location / Address,canonical_group,canonical_subgroup,13.455055881311539,0.02,3.8122110725354604e-06
subgroup:openEHR-EHR-COMPOSITION.hospitalisation.v1::Problem/Diagnosis::structure,subgroup:openEHR-EHR-COMPOSITION.hospitalisation.v1::Patient_admission::Tree_/_Assigned_patient_location_/_Address,structure,Tree / Assigned patient location / Address,canonical_subgroup,canonical_subgroup,14.455055881311539,0.02,2.4352748179211414e-06
field:cf_2db2fd852fb674,subgroup:openEHR-EHR-COMPOSITION.hospitalisation.v1::Patient_admission::Tree_/_Assigned_patient_location_/_Address,Problem,Tree / Assigned patient location / Address,field,canonical_subgroup,16.49424500758048,0.9583333333333334,2.9488492702015024e-05
field:cf_49398dcbba5447,subgroup:openEHR-EHR-COMPOSITION.hospitalisation.v1::Patient_admission::Tree_/_Assigned_patient_location_/_Address,Secondary Diagnosis,Tree / Assigned patient location / Address,field,canonical_subgroup,16.417344626181645,1.0815217391304348,3.4904195167241665e-05
group:openEHR-EHR-COMPOSITION.hospitalisation.v1::Procedure_undertaken,subgroup:openEHR-EHR-COMPOSITION.hospitalisation.v1::Patient_admission::Tree_/_Assigned_patient_location_/_Address,Procedure undertaken,Tree / Assigned patient location / Address,canonical_group,canonical_subgroup,15.178097495133656,0.02,1.3098643133315842e-06
subgroup:openEHR-EHR-COMPOSITION.hospitalisation.v1::Procedure_undertaken::Procedure_list,subgroup:openEHR-EHR-COMPOSITION.hospitalisation.v1::Patient_admission::Tree_/_Assigned_patient_location_/_Address,Procedure list,Tree / Assigned patient location / Address,canonical_subgroup,canonical_subgroup,16.178097495133656,0.02,8.367531378655866e-07
field:cf_18704e514938d4,subgroup:openEHR-EHR-COMPOSITION.hospitalisation.v1::Patient_admission::Tree_/_Assigned_patient_location_/_Address,Procedure,Tree / Assigned patient location / Address,field,canonical_subgroup,17.178097495133656,0.6770833333333334,1.3634594277711712e-05
family:openEHR-EHR-COMPOSITION.demographic_data.v1,subgroup:openEHR-EHR-COMPOSITION.hospitalisation.v1::Patient_admission::Tree_/_Assigned_patient_location_/_Address,openEHR-EHR-COMPOSITION.demographic_data.v1,Tree / Assigned patient location / Address,composition_family,canonical_subgroup,15.191539497439845,0.02,1.2989932128995877e-06
group:openEHR-EHR-COMPOSITION.demographic_data.v1::Demographic_data,subgroup:openEHR-EHR-COMPOSITION.hospitalisation.v1::Patient_admission::Tree_/_Assigned_patient_location_/_Address,Demographic data,Tree / Assigned patient location / Address,canonical_group,canonical_subgroup,16.191539497439845,0.02,6.987861733525686e-07
subgroup:openEHR-EHR-COMPOSITION.demographic_data.v1::Demographic_data::components,subgroup:openEHR-EHR-COMPOSITION.hospitalisation.v1::Patient_admission::Tree_/_Assigned_patient_location_/_Address,components,Tree / Assigned patient location / Address,canonical_subgroup,canonical_subgroup,17.191539497439845,0.02,4.4639091033990964e-07
field:cf_7f3b6795a0e812,subgroup:openEHR-EHR-COMPOSITION.hospitalisation.v1::Patient_admission::Tree_/_Assigned_patient_location_/_Address,birth date,Tree / Assigned patient location / Address,field,canonical_subgroup,20.17624826147931,1.09375,3.4326407572819628e-06
field:cf_e7551706658b4a,subgroup:openEHR-EHR-COMPOSITION.hospitalisation.v1::Patient_admission::Tree_/_Assigned_patient_location_/_Address,gender,Tree / Assigned patient location / Address,field,canonical_subgroup,21.315398301441327,0.39375,6.098181949707345e-07
field:cf_19e1b0f55ef007,subgroup:openEHR-EHR-COMPOSITION.hospitalisation.v1::Patient_admission::Tree_/_Assigned_patient_location_/_Address,race,Tree / Assigned patient location / Address,field,canonical_subgroup,27.974854990776745,0.1846590909090909,4.6047708505740214e-09
field:cf_4122372d727029,subgroup:openEHR-EHR-COMPOSITION.hospitalisation.v1::Patient_admission::Tree_/_Assigned_patient_location_/_Address,ethnic group,Tree / Assigned patient location / Address,field,canonical_subgroup,31.974854990776745,0.1846590909090909,3.856183641399882e-10
field:cf_7ab0248b87b82e,subgroup:openEHR-EHR-COMPOSITION.hospitalisation.v1::Patient_admission::Tree_/_Assigned_patient_location_/_Address,educational level,Tree / Assigned patient location / Address,field,canonical_subgroup,23.18321217007002,0.39375,1.9154375595798894e-07
field:cf_eee397355aecbe,subgroup:openEHR-EHR-COMPOSITION.hospitalisation.v1::Patient_admission::Tree_/_Assigned_patient_location_/_Address,nationality,Tree / Assigned patient location / Address,field,canonical_subgroup,24.517094676434898,0.39375,8.377286255784918e-08
schema:root,field:cf_1d8359b2d21168,EHR Schema,State/province,root,field,13.614901161281722,0.02,3.668305735587395e-06
family:openEHR-EHR-COMPOSITION.outpatient_high_complexity_procedures.v1,field:cf_1d8359b2d21168,openEHR-EHR-COMPOSITION.outpatient_high_complexity_procedures.v1,State/province,composition_family,field,18.729394420576487,0.02,1.5393021667834469e-07
group:openEHR-EHR-COMPOSITION.outpatient_high_complexity_procedures.v1::HCPA,field:cf_1d8359b2d21168,HCPA,State/province,canonical_group,field,31.527981651921678,0.02,5.509894433005578e-11
subgroup:openEHR-EHR-COMPOSITION.outpatient_high_complexity_procedures.v1::HCPA::components_/_General_data,field:cf_1d8359b2d21168,components / General data,State/province,canonical_subgroup,field,35.280262457049666,0.02,5.3801510911263764e-12
field:cf_5cd62eaa6e16a8,field:cf_1d8359b2d21168,issue date,State/province,field,field,40.17286208983055,0.5096153846153846,7.37764395429662e-12
field:cf_775d9002cb4e7b,field:cf_1d8359b2d21168,reason for encounter,State/province,field,field,40.07683930813375,0.425,6.530094014079411e-12
field:cf_b87e8363f020f7,field:cf_1d8359b2d21168,healthcare unit,State/province,field,field,40.43070879336912,0.425,5.243673275904514e-12
field:cf_8b431261fa7dca,field:cf_1d8359b2d21168,State,State/province,field,field,41.36646309728771,0.425,2.935431881464279e-12
field:cf_16800b2d3f5ef6,field:cf_1d8359b2d21168,patient age,State/province,field,field,39.65349857949913,0.49038461538461536,9.796189032733648e-12
group:openEHR-EHR-COMPOSITION.outpatient_high_complexity_procedures.v1::Patient_discharge,field:cf_1d8359b2d21168,Patient discharge,State/province,canonical_group,field,23.86894064951195,0.02,6.3596967749645355e-09
subgroup:openEHR-EHR-COMPOSITION.outpatient_high_complexity_procedures.v1::Patient_discharge::Components,field:cf_1d8359b2d21168,Components,State/province,canonical_subgroup,field,24.86894064951195,0.02,3.421163504880958e-09
field:cf_469c691048a0ce,field:cf_1d8359b2d21168,date of discharge,State/province,field,field,26.83232034486216,0.4168269230769231,2.3590633150176514e-08
field:cf_49533263f29569,field:cf_1d8359b2d21168,reason for discharge,State/province,field,field,26.90695297718144,0.39375,2.1276913419222517e-08
group:openEHR-EHR-COMPOSITION.outpatient_high_complexity_procedures.v1::Problem/Diagnosis,field:cf_1d8359b2d21168,Problem/Diagnosis,State/province,canonical_group,field,28.724098726642666,0.02,3.134180650728463e-10
subgroup:openEHR-EHR-COMPOSITION.outpatient_high_complexity_procedures.v1::Problem/Diagnosis::structure,field:cf_1d8359b2d21168,structure,State/province,canonical_subgroup,field,33.36741204194141,0.02,1.7613818129619685e-11
field:cf_bd9db9ae67063d,field:cf_1d8359b2d21168,Problem,State/province,field,field,37.14108929550479,0.425,4.03094667482302e-11
field:cf_4e7e8ca2916a1e,field:cf_1d8359b2d21168,Secondary Diagnosis,State/province,field,field,36.66842431814234,0.425,5.4035359305840814e-11
field:cf_0a229c157b8d2a,field:cf_1d8359b2d21168,Associated causes,State/province,field,field,36.93467555118709,0.425,4.5812769841019697e-11
group:openEHR-EHR-COMPOSITION.outpatient_high_complexity_procedures.v1::Procedure_undertaken,field:cf_1d8359b2d21168,Procedure undertaken,State/province,canonical_group,field,33.73676421205788,0.02,1.4008795320377802e-11
subgroup:openEHR-EHR-COMPOSITION.outpatient_high_complexity_procedures.v1::Procedure_undertaken::Procedure_list,field:cf_1d8359b2d21168,Procedure list,State/province,canonical_subgroup,field,34.73676421205788,0.02,7.535953519999538e-12
field:cf_0b6364bb149692,field:cf_1d8359b2d21168,Procedure,State/province,field,field,38.46413952337399,0.39375,1.644336789116067e-11
field:cf_af0c9a7d79fe64,field:cf_1d8359b2d21168,Invaded regional linphonodes,State/province,field,field,39.957537218418096,0.23173076923076924,3.833873644382734e-12
field:cf_e5c01940113606,field:cf_1d8359b2d21168,irradiated area 1,State/province,field,field,43.724801957759496,0.1610576923076923,2.577817368927727e-13
field:cf_fc5be63ab59287,field:cf_1d8359b2d21168,irradiated area 2,State/province,field,field,38.87950218921876,0.31490384615384615,1.0164980484082183e-11
field:cf_821e1930333a5c,field:cf_1d8359b2d21168,irradiated area 3,State/province,field,field,47.724801957759496,0.10336538461538461,1.3854647586341211e-14
field:cf_c9b3a708f95249,field:cf_1d8359b2d21168,fields/insertions 1,State/province,field,field,42.103879498840854,0.1923076923076923,8.40854961606181e-13
field:cf_bbec72e0a270f7,field:cf_1d8359b2d21168,fields/insertions 2,State/province,field,field,40.51827579534351,0.23557692307692307,2.7529664705275763e-12
family:openEHR-EHR-COMPOSITION.hospitalisation.v1,field:cf_1d8359b2d21168,openEHR-EHR-COMPOSITION.hospitalisation.v1,State/province,composition_family,field,11.213217809312503,0.02,1.6261064693232825e-05
group:openEHR-EHR-COMPOSITION.hospitalisation.v1::Patient_discharge,field:cf_1d8359b2d21168,Patient discharge,State/province,canonical_group,field,19.339201489120036,0.02,1.0546920122361145e-07
subgroup:openEHR-EHR-COMPOSITION.hospitalisation.v1::Patient_discharge::Components,field:cf_1d8359b2d21168,Components,State/province,canonical_subgroup,field,20.339201489120036,0.02,5.673657013579526e-08
field:cf_79ed78f34fef6f,field:cf_1d8359b2d21168,date of discharge,State/province,field,field,22.783220592202987,0.8854166666666666,6.168826679443957e-07
field:cf_be52992cb12705,field:cf_1d8359b2d21168,hospital infection,State/province,field,field,28.822533887447264,0.13541666666666666,2.2313408846561377e-09
field:cf_1285e1e2c004f2,field:cf_1d8359b2d21168,claim reason,State/province,field,field,23.60220635269782,0.39375,1.6510233851241605e-07
field:cf_80f721f9446bd3,field:cf_1d8359b2d21168,death indicator,State/province,field,field,25.043006328392146,0.39375,6.757712445292774e-08
group:openEHR-EHR-COMPOSITION.hospitalisation.v1::Authorization_for_hospital_admission,field:cf_1d8359b2d21168,Authorization for hospital admission,State/province,canonical_group,field,15.734819213254704,0.02,9.854870537782919e-07
subgroup:openEHR-EHR-COMPOSITION.hospitalisation.v1::Authorization_for_hospital_admission::Components,field:cf_1d8359b2d21168,Components,State/province,canonical_subgroup,field,16.734819213254703,0.02,5.301372789015974e-07
field:cf_ba8421601b1980,field:cf_1d8359b2d21168,Issue date,State/province,field,field,18.422695991070594,0.9270833333333334,9.644944840591446e-06
field:cf_ba09c313b94cba,field:cf_1d8359b2d21168,ICU - Total,State/province,field,field,19.188567954671942,0.39375,2.5478912157881906e-06
group:openEHR-EHR-COMPOSITION.hospitalisation.v1::Patient_admission,field:cf_1d8359b2d21168,Patient admission,State/province,canonical_group,field,4.359004487968775,0.02,0.0011395467111271242
subgroup:openEHR-EHR-COMPOSITION.hospitalisation.v1::Patient_admission::Tree,field:cf_1d8359b2d21168,Tree,State/province,canonical_subgroup,field,8.05548915906115,0.02,0.00011518797330530389
field:cf_3db72fcc22b158,field:cf_1d8359b2d21168,Patient class,State/province,field,field,16.602424593983606,0.13541666666666666,4.354958936881704e-06
subgroup:openEHR-EHR-COMPOSITION.hospitalisation.v1::Patient_admission::Tree_/_Assigned_patient_location_/_Facility,field:cf_1d8359b2d21168,Tree / Assigned patient location / Facility,State/province,canonical_subgroup,field,6.675076782970165,0.02,0.0002710819076858412
field:cf_9449e602105d68,field:cf_1d8359b2d21168,Universal ID,State/province,field,field,7.675076782970165,0.7395833333333334,0.0060269800520230425
subgroup:openEHR-EHR-COMPOSITION.hospitalisation.v1::Patient_admission::Tree_/_Assigned_patient_location_/_Address,field:cf_1d8359b2d21168,Tree / Assigned patient location / Address,State/province,canonical_subgroup,field,1.0,0.02,0.009145055439109467
field:cf_1d8359b2d21168,field:cf_1d8359b2d21168,State/province,State/province,field,field,0.0,0.4875,0.4875
field:cf_10f7d6c8e1d5c5,field:cf_1d8359b2d21168,Admission type,State/province,field,field,12.82289703492849,0.39375,0.00013189181630147824
field:cf_2a67f6f1c22886,field:cf_1d8359b2d21168,Hospital service,State/province,field,field,10.98152563833477,0.59375,0.0006228928067398742
field:cf_22f759c45e42f4,field:cf_1d8359b2d21168,Admit date/time,State/province,field,field,10.636182057197358,0.9583333333333334,0.0012454158556086657
group:openEHR-EHR-COMPOSITION.hospitalisation.v1::Problem/Diagnosis,field:cf_1d8359b2d21168,Problem/Diagnosis,State/province,canonical_group,field,14.455055881311539,0.02,2.178930100245232e-06
subgroup:openEHR-EHR-COMPOSITION.hospitalisation.v1::Problem/Diagnosis::structure,field:cf_1d8359b2d21168,structure,State/province,canonical_subgroup,field,15.455055881311539,0.02,1.17214332733453e-06
field:cf_2db2fd852fb674,field:cf_1d8359b2d21168,Problem,State/province,field,field,17.49424500758048,0.9583333333333334,1.7729425989406045e-05
field:cf_49398dcbba5447,field:cf_1d8359b2d21168,Secondary Diagnosis,State/province,field,field,17.417344626181645,1.0815217391304348,2.0985519714105596e-05
group:openEHR-EHR-COMPOSITION.hospitalisation.v1::Procedure_undertaken,field:cf_1d8359b2d21168,Procedure undertaken,State/province,canonical_group,field,16.178097495133656,0.02,7.486738601955249e-07
subgroup:openEHR-EHR-COMPOSITION.hospitalisation.v1::Procedure_undertaken::Procedure_list,field:cf_1d8359b2d21168,Procedure list,State/province,canonical_subgroup,field,17.178097495133656,0.02,4.0274493866471523e-07
field:cf_18704e514938d4,field:cf_1d8359b2d21168,Procedure,State/province,field,field,18.178097495133656,0.6770833333333334,8.197554638855812e-06
family:openEHR-EHR-COMPOSITION.demographic_data.v1,field:cf_1d8359b2d21168,openEHR-EHR-COMPOSITION.demographic_data.v1,State/province,composition_family,field,16.191539497439845,0.02,7.424603091871041e-07
group:openEHR-EHR-COMPOSITION.demographic_data.v1::Demographic_data,field:cf_1d8359b2d21168,Demographic data,State/province,canonical_group,field,17.191539497439845,0.02,3.9940239346202443e-07
subgroup:openEHR-EHR-COMPOSITION.demographic_data.v1::Demographic_data::components,field:cf_1d8359b2d21168,components,State/province,canonical_subgroup,field,18.191539497439845,0.02,2.148562959248958e-07
field:cf_7f3b6795a0e812,field:cf_1d8359b2d21168,birth date,State/province,field,field,21.17624826147931,1.09375,2.063813531245378e-06
field:cf_e7551706658b4a,field:cf_1d8359b2d21168,gender,State/province,field,field,22.315398301441327,0.39375,3.666422242730647e-07
field:cf_19e1b0f55ef007,field:cf_1d8359b2d21168,race,State/province,field,field,28.974854990776745,0.1846590909090909,2.768535673166084e-09
field:cf_4122372d727029,field:cf_1d8359b2d21168,ethnic group,State/province,field,field,32.97485499077675,0.1846590909090909,2.3184610743798933e-10
field:cf_7ab0248b87b82e,field:cf_1d8359b2d21168,educational level,State/province,field,field,24.18321217007002,0.39375,1.151622390234262e-07
field:cf_eee397355aecbe,field:cf_1d8359b2d21168,nationality,State/province,field,field,25.517094676434898,0.39375,5.036692725018738e-08
schema:root,field:cf_10f7d6c8e1d5c5,EHR Schema,Admission type,root,field,17.719789220272663,0.02,2.8785433917848656e-07
family:openEHR-EHR-COMPOSITION.outpatient_high_complexity_procedures.v1,field:cf_10f7d6c8e1d5c5,openEHR-EHR-COMPOSITION.outpatient_high_complexity_procedures.v1,Admission type,composition_family,field,22.834282479567428,0.02,1.2079004312995467e-08
group:openEHR-EHR-COMPOSITION.outpatient_high_complexity_procedures.v1::HCPA,field:cf_10f7d6c8e1d5c5,HCPA,Admission type,canonical_group,field,35.63286971091262,0.02,4.323650031591685e-12
subgroup:openEHR-EHR-COMPOSITION.outpatient_high_complexity_procedures.v1::HCPA::components_/_General_data,field:cf_10f7d6c8e1d5c5,components / General data,Admission type,canonical_subgroup,field,39.38515051604061,0.02,4.221839586575803e-13
field:cf_5cd62eaa6e16a8,field:cf_10f7d6c8e1d5c5,issue date,Admission type,field,field,44.2777501488215,0.5096153846153846,5.789285240201349e-13
field:cf_775d9002cb4e7b,field:cf_10f7d6c8e1d5c5,reason for encounter,Admission type,field,field,44.181727367124694,0.425,5.124207284470587e-13
field:cf_b87e8363f020f7,field:cf_10f7d6c8e1d5c5,healthcare unit,Admission type,field,field,44.535596852360065,0.425,4.1147445564857826e-13
field:cf_8b431261fa7dca,field:cf_10f7d6c8e1d5c5,State,Admission type,field,field,45.47135115627866,0.425,2.303452507365928e-13
field:cf_16800b2d3f5ef6,field:cf_10f7d6c8e1d5c5,patient age,Admission type,field,field,43.75838663849007,0.49038461538461536,7.687133308242471e-13
group:openEHR-EHR-COMPOSITION.outpatient_high_complexity_procedures.v1::Patient_discharge,field:cf_10f7d6c8e1d5c5,Patient discharge,Admission type,canonical_group,field,27.97382870850289,0.02,4.990495461632586e-10
subgroup:openEHR-EHR-COMPOSITION.outpatient_high_complexity_procedures.v1::Patient_discharge::Components,field:cf_10f7d6c8e1d5c5,Components,Admission type,canonical_subgroup,field,28.97382870850289,0.02,2.6846092744267144e-10
field:cf_469c691048a0ce,field:cf_10f7d6c8e1d5c5,date of discharge,Admission type,field,field,30.937208403853102,0.4168269230769231,1.851172341053192e-09
field:cf_49533263f29569,field:cf_10f7d6c8e1d5c5,reason for discharge,Admission type,field,field,31.01184103617238,0.39375,1.6696132475085086e-09
group:openEHR-EHR-COMPOSITION.outpatient_high_complexity_procedures.v1::Problem/Diagnosis,field:cf_10f7d6c8e1d5c5,Problem/Diagnosis,Admission type,canonical_group,field,32.82898678563361,0.02,2.4594119604836437e-11
subgroup:openEHR-EHR-COMPOSITION.outpatient_high_complexity_procedures.v1::Problem/Diagnosis::structure,field:cf_10f7d6c8e1d5c5,structure,Admission type,canonical_subgroup,field,37.47230010093235,0.02,1.3821677754184882e-12
field:cf_bd9db9ae67063d,field:cf_10f7d6c8e1d5c5,Problem,Admission type,field,field,41.245977354495736,0.425,3.163110097635023e-12
field:cf_4e7e8ca2916a1e,field:cf_10f7d6c8e1d5c5,Secondary Diagnosis,Admission type,field,field,40.77331237713329,0.425,4.240189822336113e-12
field:cf_0a229c157b8d2a,field:cf_10f7d6c8e1d5c5,Associated causes,Admission type,field,field,41.039563610178035,0.425,3.594957874036402e-12
group:openEHR-EHR-COMPOSITION.outpatient_high_complexity_procedures.v1::Procedure_undertaken,field:cf_10f7d6c8e1d5c5,Procedure undertaken,Admission type,canonical_group,field,37.84165227104882,0.02,1.0992792886682082e-12
subgroup:openEHR-EHR-COMPOSITION.outpatient_high_complexity_procedures.v1::Procedure_undertaken::Procedure_list,field:cf_10f7d6c8e1d5c5,Procedure list,Admission type,canonical_subgroup,field,38.84165227104882,0.02,5.913511787020923e-13
field:cf_0b6364bb149692,field:cf_10f7d6c8e1d5c5,Procedure,Admission type,field,field,42.569027582364924,0.39375,1.2903217832307748e-12
field:cf_af0c9a7d79fe64,field:cf_10f7d6c8e1d5c5,Invaded regional linphonodes,Admission type,field,field,44.062425277409034,0.23173076923076924,3.008465607681673e-13
field:cf_e5c01940113606,field:cf_10f7d6c8e1d5c5,irradiated area 1,Admission type,field,field,47.82969001675044,0.1610576923076923,2.022830071269112e-14
field:cf_fc5be63ab59287,field:cf_10f7d6c8e1d5c5,irradiated area 2,Admission type,field,field,42.984390248209706,0.31490384615384615,7.976526360988138e-13
field:cf_821e1930333a5c,field:cf_10f7d6c8e1d5c5,irradiated area 3,Admission type,field,field,51.82969001675044,0.10336538461538461,1.0871832156265087e-15
field:cf_c9b3a708f95249,field:cf_10f7d6c8e1d5c5,fields/insertions 1,Admission type,field,field,46.2087675578318,0.1923076923076923,6.598243624296485e-14
field:cf_bbec72e0a270f7,field:cf_10f7d6c8e1d5c5,fields/insertions 2,Admission type,field,field,44.62316385433446,0.23557692307692307,2.1602707115342205e-13
family:openEHR-EHR-COMPOSITION.hospitalisation.v1,field:cf_10f7d6c8e1d5c5,openEHR-EHR-COMPOSITION.hospitalisation.v1,Admission type,composition_family,field,15.318105868303443,0.02,1.2760163326080112e-06
group:openEHR-EHR-COMPOSITION.hospitalisation.v1::Patient_discharge,field:cf_10f7d6c8e1d5c5,Patient discharge,Admission type,canonical_group,field,23.444089548110973,0.02,8.276236881614267e-09
subgroup:openEHR-EHR-COMPOSITION.hospitalisation.v1::Patient_discharge::Components,field:cf_10f7d6c8e1d5c5,Components,Admission type,canonical_subgroup,field,24.444089548110973,0.02,4.452155594680292e-09
field:cf_79ed78f34fef6f,field:cf_10f7d6c8e1d5c5,date of discharge,Admission type,field,field,26.888108651193924,0.8854166666666666,4.840718455092508e-08
field:cf_be52992cb12705,field:cf_10f7d6c8e1d5c5,hospital infection,Admission type,field,field,32.9274219464382,0.13541666666666666,1.750947718461595e-10
field:cf_1285e1e2c004f2,field:cf_10f7d6c8e1d5c5,claim reason,Admission type,field,field,27.707094411688757,0.39375,1.2955687986487932e-08
field:cf_80f721f9446bd3,field:cf_10f7d6c8e1d5c5,death indicator,Admission type,field,field,29.147894387383083,0.39375,5.3028209492644805e-09
group:openEHR-EHR-COMPOSITION.hospitalisation.v1::Authorization_for_hospital_admission,field:cf_10f7d6c8e1d5c5,Authorization for hospital admission,Admission type,canonical_group,field,19.839707272245644,0.02,7.733181067277644e-08
subgroup:openEHR-EHR-COMPOSITION.hospitalisation.v1::Authorization_for_hospital_admission::Components,field:cf_10f7d6c8e1d5c5,Components,Admission type,canonical_subgroup,field,20.839707272245644,0.02,4.16002174005446e-08
field:cf_ba8421601b1980,field:cf_10f7d6c8e1d5c5,Issue date,Admission type,field,field,22.527584050061535,0.9270833333333334,7.568451006052352e-07
field:cf_ba09c313b94cba,field:cf_10f7d6c8e1d5c5,ICU - Total,Admission type,field,field,23.293456013662883,0.39375,1.9993468240780084e-07
group:openEHR-EHR-COMPOSITION.hospitalisation.v1::Patient_admission,field:cf_10f7d6c8e1d5c5,Patient admission,Admission type,canonical_group,field,8.463892546959714,0.02,8.942097227945227e-05
subgroup:openEHR-EHR-COMPOSITION.hospitalisation.v1::Patient_admission::Tree,field:cf_10f7d6c8e1d5c5,Tree,Admission type,canonical_subgroup,field,4.76740787586734,0.02,0.0008846355391352961
field:cf_3db72fcc22b158,field:cf_10f7d6c8e1d5c5,Patient class,Admission type,field,field,3.779527559055118,0.13541666666666666,0.012351235072869747
subgroup:openEHR-EHR-COMPOSITION.hospitalisation.v1::Patient_admission::Tree_/_Assigned_patient_location_/_Facility,field:cf_10f7d6c8e1d5c5,Tree / Assigned patient location / Facility,Admission type,canonical_subgroup,field,10.779964841961103,0.02,2.1271973773379165e-05
field:cf_9449e602105d68,field:cf_10f7d6c8e1d5c5,Universal ID,Admission type,field,field,11.779964841961103,0.7395833333333334,0.0004729410483118341
subgroup:openEHR-EHR-COMPOSITION.hospitalisation.v1::Patient_admission::Tree_/_Assigned_patient_location_/_Address,field:cf_10f7d6c8e1d5c5,Tree / Assigned patient location / Address,Admission type,canonical_subgroup,field,11.82289703492849,0.02,1.1142565022740027e-05
field:cf_1d8359b2d21168,field:cf_10f7d6c8e1d5c5,State/province,Admission type,field,field,12.82289703492849,0.4875,0.00016329462970659207
field:cf_10f7d6c8e1d5c5,field:cf_10f7d6c8e1d5c5,Admission type,Admission type,field,field,0.0,0.39375,0.39375
field:cf_2a67f6f1c22886,field:cf_10f7d6c8e1d5c5,Hospital service,Admission type,field,field,2.0253164556962022,0.59375,0.1606886848181505
field:cf_22f759c45e42f4,field:cf_10f7d6c8e1d5c5,Admit date/time,Admission type,field,field,3.3139070597230478,0.9583333333333334,0.11666189828619987
group:openEHR-EHR-COMPOSITION.hospitalisation.v1::Problem/Diagnosis,field:cf_10f7d6c8e1d5c5,Problem/Diagnosis,Admission type,canonical_group,field,18.559943940302478,0.02,1.7098206347344484e-07
subgroup:openEHR-EHR-COMPOSITION.hospitalisation.v1::Problem/Diagnosis::structure,field:cf_10f7d6c8e1d5c5,structure,Admission type,canonical_subgroup,field,19.559943940302478,0.02,9.197884997399928e-08
field:cf_2db2fd852fb674,field:cf_10f7d6c8e1d5c5,Problem,Admission type,field,field,21.59913306657142,0.9583333333333334,1.3912395994379032e-06
field:cf_49398dcbba5447,field:cf_10f7d6c8e1d5c5,Secondary Diagnosis,Admission type,field,field,21.522232685172582,1.0815217391304348,1.6467473937675174e-06
group:openEHR-EHR-COMPOSITION.hospitalisation.v1::Procedure_undertaken,field:cf_10f7d6c8e1d5c5,Procedure undertaken,Admission type,canonical_group,field,20.282985554124597,0.02,5.874892520437111e-08
subgroup:openEHR-EHR-COMPOSITION.hospitalisation.v1::Procedure_undertaken::Procedure_list,field:cf_10f7d6c8e1d5c5,Procedure list,Admission type,canonical_subgroup,field,21.282985554124597,0.02,3.160365752835699e-08
field:cf_18704e514938d4,field:cf_10f7d6c8e1d5c5,Procedure,Admission type,field,field,22.282985554124597,0.6770833333333334,6.432674492082716e-07
family:openEHR-EHR-COMPOSITION.demographic_data.v1,field:cf_10f7d6c8e1d5c5,openEHR-EHR-COMPOSITION.demographic_data.v1,Admission type,composition_family,field,20.296427556430785,0.02,5.826134381165101e-08
group:openEHR-EHR-COMPOSITION.demographic_data.v1::Demographic_data,field:cf_10f7d6c8e1d5c5,Demographic data,Admission type,canonical_group,field,21.296427556430785,0.02,3.134136583026855e-08
subgroup:openEHR-EHR-COMPOSITION.demographic_data.v1::Demographic_data::components,field:cf_10f7d6c8e1d5c5,components,Admission type,canonical_subgroup,field,22.296427556430785,0.02,1.685991341501277e-08
field:cf_7f3b6795a0e812,field:cf_10f7d6c8e1d5c5,birth date,Admission type,field,field,25.28113632047025,1.09375,1.6194879136188712e-07
field:cf_e7551706658b4a,field:cf_10f7d6c8e1d5c5,gender,Admission type,field,field,26.420286360432268,0.39375,2.8770654026784266e-08
field:cf_19e1b0f55ef007,field:cf_10f7d6c8e1d5c5,race,Admission type,field,field,33.079743049767686,0.1846590909090909,2.1724879662018678e-10
field:cf_4122372d727029,field:cf_10f7d6c8e1d5c5,ethnic group,Admission type,field,field,37.079743049767686,0.1846590909090909,1.8193114984997392e-11
field:cf_7ab0248b87b82e,field:cf_10f7d6c8e1d5c5,educational level,Admission type,field,field,28.288100229060962,0.39375,9.036855868038776e-09
field:cf_eee397355aecbe,field:cf_10f7d6c8e1d5c5,nationality,Admission type,field,field,29.62198273542584,0.39375,3.952325570739816e-09
schema:root,field:cf_2a67f6f1c22886,EHR Schema,Hospital service,root,field,15.87841782367894,0.02,9.015403959446394e-07
family:openEHR-EHR-COMPOSITION.outpatient_high_complexity_procedures.v1,field:cf_2a67f6f1c22886,openEHR-EHR-COMPOSITION.outpatient_high_complexity_procedures.v1,Hospital service,composition_family,field,20.992911082973706,0.02,3.783062767798925e-08
group:openEHR-EHR-COMPOSITION.outpatient_high_complexity_procedures.v1::HCPA,field:cf_2a67f6f1c22886,HCPA,Hospital service,canonical_group,field,33.7914983143189,0.02,1.3541380590376529e-11
subgroup:openEHR-EHR-COMPOSITION.outpatient_high_complexity_procedures.v1::HCPA::components_/_General_data,field:cf_2a67f6f1c22886,components / General data,Hospital service,canonical_subgroup,field,37.54377911944689,0.02,1.322251713612787e-12
field:cf_5cd62eaa6e16a8,field:cf_2a67f6f1c22886,issue date,Hospital service,field,field,42.436378752227775,0.5096153846153846,1.8131651315672283e-12
field:cf_775d9002cb4e7b,field:cf_2a67f6f1c22886,reason for encounter,Hospital service,field,field,42.34035597053097,0.425,1.6048671968358088e-12
field:cf_b87e8363f020f7,field:cf_2a67f6f1c22886,healthcare unit,Hospital service,field,field,42.69422545576634,0.425,1.2887102717479205e-12
field:cf_8b431261fa7dca,field:cf_2a67f6f1c22886,State,Hospital service,field,field,43.629979759684936,0.425,7.214258056546797e-13
field:cf_16800b2d3f5ef6,field:cf_2a67f6f1c22886,patient age,Hospital service,field,field,41.91701524189635,0.49038461538461536,2.4075583596101276e-12
group:openEHR-EHR-COMPOSITION.outpatient_high_complexity_procedures.v1::Patient_discharge,field:cf_2a67f6f1c22886,Patient discharge,Hospital service,canonical_group,field,26.132457311909167,0.02,1.5629895548145417e-09
subgroup:openEHR-EHR-COMPOSITION.outpatient_high_complexity_procedures.v1::Patient_discharge::Components,field:cf_2a67f6f1c22886,Components,Hospital service,canonical_subgroup,field,27.132457311909167,0.02,8.408015370310584e-10
field:cf_469c691048a0ce,field:cf_2a67f6f1c22886,date of discharge,Hospital service,field,field,29.09583700725938,0.4168269230769231,5.797747048308486e-09
field:cf_49533263f29569,field:cf_2a67f6f1c22886,reason for discharge,Hospital service,field,field,29.17046963957866,0.39375,5.229116199981648e-09
group:openEHR-EHR-COMPOSITION.outpatient_high_complexity_procedures.v1::Problem/Diagnosis,field:cf_2a67f6f1c22886,Problem/Diagnosis,Hospital service,canonical_group,field,30.987615389039888,0.02,7.702712555847822e-11
subgroup:openEHR-EHR-COMPOSITION.outpatient_high_complexity_procedures.v1::Problem/Diagnosis::structure,field:cf_2a67f6f1c22886,structure,Hospital service,canonical_subgroup,field,35.63092870433863,0.02,4.328856348210414e-12
field:cf_bd9db9ae67063d,field:cf_2a67f6f1c22886,Problem,Hospital service,field,field,39.404605957902014,0.425,9.90664770931305e-12
field:cf_4e7e8ca2916a1e,field:cf_2a67f6f1c22886,Secondary Diagnosis,Hospital service,field,field,38.931940980539565,0.425,1.3279988838170786e-11
field:cf_0a229c157b8d2a,field:cf_2a67f6f1c22886,Associated causes,Hospital service,field,field,39.19819221358431,0.425,1.1259165848993778e-11
group:openEHR-EHR-COMPOSITION.outpatient_high_complexity_procedures.v1::Procedure_undertaken,field:cf_2a67f6f1c22886,Procedure undertaken,Hospital service,canonical_group,field,36.0002808744551,0.02,3.442868667493569e-12
subgroup:openEHR-EHR-COMPOSITION.outpatient_high_complexity_procedures.v1::Procedure_undertaken::Procedure_list,field:cf_2a67f6f1c22886,Procedure list,Hospital service,canonical_subgroup,field,37.0002808744551,0.02,1.8520720490471527e-12
field:cf_0b6364bb149692,field:cf_2a67f6f1c22886,Procedure,Hospital service,field,field,40.72765618577121,0.39375,4.04120088885845e-12
field:cf_af0c9a7d79fe64,field:cf_2a67f6f1c22886,Invaded regional linphonodes,Hospital service,field,field,42.22105388081532,0.23173076923076924,9.4223115860463e-13
field:cf_e5c01940113606,field:cf_2a67f6f1c22886,irradiated area 1,Hospital service,field,field,45.98831862015672,0.1610576923076923,6.335367493800052e-14
field:cf_fc5be63ab59287,field:cf_2a67f6f1c22886,irradiated area 2,Hospital service,field,field,41.143018851615984,0.31490384615384615,2.4981943139266555e-12
field:cf_821e1930333a5c,field:cf_2a67f6f1c22886,irradiated area 3,Hospital service,field,field,49.98831862015672,0.10336538461538461,3.404984581707283e-15
field:cf_c9b3a708f95249,field:cf_2a67f6f1c22886,fields/insertions 1,Hospital service,field,field,44.36739616123808,0.1923076923076923,2.0665254470591798e-13
field:cf_bbec72e0a270f7,field:cf_2a67f6f1c22886,fields/insertions 2,Hospital service,field,field,42.781792457740735,0.23557692307692307,6.765822318963067e-13
family:openEHR-EHR-COMPOSITION.hospitalisation.v1,field:cf_2a67f6f1c22886,openEHR-EHR-COMPOSITION.hospitalisation.v1,Hospital service,composition_family,field,13.476734471709722,0.02,3.9963971813464655e-06
group:openEHR-EHR-COMPOSITION.hospitalisation.v1::Patient_discharge,field:cf_2a67f6f1c22886,Patient discharge,Hospital service,canonical_group,field,21.60271815151725,0.02,2.5920616296687766e-08
subgroup:openEHR-EHR-COMPOSITION.hospitalisation.v1::Patient_discharge::Components,field:cf_2a67f6f1c22886,Components,Hospital service,canonical_subgroup,field,22.60271815151725,0.02,1.3943851355829043e-08
field:cf_79ed78f34fef6f,field:cf_2a67f6f1c22886,date of discharge,Hospital service,field,field,25.046737254600203,0.8854166666666666,1.5160804054979458e-07
field:cf_be52992cb12705,field:cf_2a67f6f1c22886,hospital infection,Hospital service,field,field,31.08605054984448,0.13541666666666666,5.483850283046925e-10
field:cf_1285e1e2c004f2,field:cf_2a67f6f1c22886,claim reason,Hospital service,field,field,25.865723015095035,0.39375,4.057634187626836e-08
field:cf_80f721f9446bd3,field:cf_2a67f6f1c22886,death indicator,Hospital service,field,field,27.30652299078936,0.39375,1.6608077932287578e-08
group:openEHR-EHR-COMPOSITION.hospitalisation.v1::Authorization_for_hospital_admission,field:cf_2a67f6f1c22886,Authorization for hospital admission,Hospital service,canonical_group,field,17.998335875651925,0.02,2.4219802074903426e-07
subgroup:openEHR-EHR-COMPOSITION.hospitalisation.v1::Authorization_for_hospital_admission::Components,field:cf_2a67f6f1c22886,Components,Hospital service,canonical_subgroup,field,18.998335875651925,0.02,1.3028907805838262e-07
field:cf_ba8421601b1980,field:cf_2a67f6f1c22886,Issue date,Hospital service,field,field,20.686212653467816,0.9270833333333334,2.370387862193461e-06
field:cf_ba09c313b94cba,field:cf_2a67f6f1c22886,ICU - Total,Hospital service,field,field,21.452084617069165,0.39375,6.261819545795665e-07
group:openEHR-EHR-COMPOSITION.hospitalisation.v1::Patient_admission,field:cf_2a67f6f1c22886,Patient admission,Hospital service,canonical_group,field,6.622521150365994,0.02,0.000280060460386477
subgroup:openEHR-EHR-COMPOSITION.hospitalisation.v1::Patient_admission::Tree,field:cf_2a67f6f1c22886,Tree,Hospital service,canonical_subgroup,field,2.92603647927362,0.02,0.002770618905710558
field:cf_3db72fcc22b158,field:cf_2a67f6f1c22886,Patient class,Hospital service,field,field,5.80484401475132,0.13541666666666666,0.003518588312003107
subgroup:openEHR-EHR-COMPOSITION.hospitalisation.v1::Patient_admission::Tree_/_Assigned_patient_location_/_Facility,field:cf_2a67f6f1c22886,Tree / Assigned patient location / Facility,Hospital service,canonical_subgroup,field,8.938593445367385,0.02,6.662238864596383e-05
field:cf_9449e602105d68,field:cf_2a67f6f1c22886,Universal ID,Hospital service,field,field,9.938593445367385,0.7395833333333334,0.0014812194986199099
subgroup:openEHR-EHR-COMPOSITION.hospitalisation.v1::Patient_admission::Tree_/_Assigned_patient_location_/_Address,field:cf_2a67f6f1c22886,Tree / Assigned patient location / Address,Hospital service,canonical_subgroup,field,9.98152563833477,0.02,3.489776291407979e-05
field:cf_1d8359b2d21168,field:cf_2a67f6f1c22886,State/province,Hospital service,field,field,10.98152563833477,0.4875,0.0005114277781653704
field:cf_10f7d6c8e1d5c5,field:cf_2a67f6f1c22886,Admission type,Hospital service,field,field,2.0253164556962022,0.39375,0.10656196993203663
field:cf_2a67f6f1c22886,field:cf_2a67f6f1c22886,Hospital service,Hospital service,field,field,0.0,0.59375,0.59375
field:cf_22f759c45e42f4,field:cf_2a67f6f1c22886,Admit date/time,Hospital service,field,field,1.2885906040268456,0.9583333333333334,0.40951609054819205
group:openEHR-EHR-COMPOSITION.hospitalisation.v1::Problem/Diagnosis,field:cf_2a67f6f1c22886,Problem/Diagnosis,Hospital service,canonical_group,field,16.71857254370876,0.02,5.355043027775946e-07
subgroup:openEHR-EHR-COMPOSITION.hospitalisation.v1::Problem/Diagnosis::structure,field:cf_2a67f6f1c22886,structure,Hospital service,canonical_subgroup,field,17.71857254370876,0.02,2.8807156098722156e-07
field:cf_2db2fd852fb674,field:cf_2a67f6f1c22886,Problem,Hospital service,field,field,19.7577616699777,0.9583333333333334,4.357268689819515e-06
field:cf_49398dcbba5447,field:cf_2a67f6f1c22886,Secondary Diagnosis,Hospital service,field,field,19.680861288578864,1.0815217391304348,5.157501886665753e-06
group:openEHR-EHR-COMPOSITION.hospitalisation.v1::Procedure_undertaken,field:cf_2a67f6f1c22886,Procedure undertaken,Hospital service,canonical_group,field,18.441614157530875,0.02,1.8399767549527757e-07
subgroup:openEHR-EHR-COMPOSITION.hospitalisation.v1::Procedure_undertaken::Procedure_list,field:cf_2a67f6f1c22886,Procedure list,Hospital service,canonical_subgroup,field,19.441614157530875,0.02,9.89805260630346e-08
field:cf_18704e514938d4,field:cf_2a67f6f1c22886,Procedure,Hospital service,field,field,20.441614157530875,0.6770833333333334,2.0146703103819878e-06
family:openEHR-EHR-COMPOSITION.demographic_data.v1,field:cf_2a67f6f1c22886,openEHR-EHR-COMPOSITION.demographic_data.v1,Hospital service,composition_family,field,18.455056159837063,0.02,1.8247060342437315e-07
group:openEHR-EHR-COMPOSITION.demographic_data.v1::Demographic_data,field:cf_2a67f6f1c22886,Demographic data,Hospital service,canonical_group,field,19.455056159837063,0.02,9.81590461366854e-08
subgroup:openEHR-EHR-COMPOSITION.demographic_data.v1::Demographic_data::components,field:cf_2a67f6f1c22886,components,Hospital service,canonical_subgroup,field,20.455056159837063,0.02,5.2804112868828975e-08
field:cf_7f3b6795a0e812,field:cf_2a67f6f1c22886,birth date,Hospital service,field,field,23.439764923876528,1.09375,5.07212703146438e-07
field:cf_e7551706658b4a,field:cf_2a67f6f1c22886,gender,Hospital service,field,field,24.578914963838546,0.39375,9.010774997145465e-08
field:cf_19e1b0f55ef007,field:cf_2a67f6f1c22886,race,Hospital service,field,field,31.238371653173964,0.1846590909090909,6.804085937437124e-10
field:cf_4122372d727029,field:cf_2a67f6f1c22886,ethnic group,Hospital service,field,field,35.238371653173964,0.1846590909090909,5.697961036074849e-11
field:cf_7ab0248b87b82e,field:cf_2a67f6f1c22886,educational level,Hospital service,field,field,26.44672883246724,0.39375,2.8302823714999286e-08
field:cf_eee397355aecbe,field:cf_2a67f6f1c22886,nationality,Hospital service,field,field,27.780611338832117,0.39375,1.237841739720142e-08
schema:root,field:cf_22f759c45e42f4,EHR Schema,Admit date/time,root,field,15.53307424254153,0.02,1.1167945719593836e-06
family:openEHR-EHR-COMPOSITION.outpatient_high_complexity_procedures.v1,field:cf_22f759c45e42f4,openEHR-EHR-COMPOSITION.outpatient_high_complexity_procedures.v1,Admit date/time,composition_family,field,20.647567501836292,0.02,4.686316867734595e-08
group:openEHR-EHR-COMPOSITION.outpatient_high_complexity_procedures.v1::HCPA,field:cf_22f759c45e42f4,HCPA,Admit date/time,canonical_group,field,33.44615473318149,0.02,1.6774556534788164e-11
subgroup:openEHR-EHR-COMPOSITION.outpatient_high_complexity_procedures.v1::HCPA::components_/_General_data,field:cf_22f759c45e42f4,components / General data,Admit date/time,canonical_subgroup,field,37.198435538309475,0.02,1.6379560396508644e-12
field:cf_5cd62eaa6e16a8,field:cf_22f759c45e42f4,issue date,Admit date/time,field,field,42.09103517109036,0.5096153846153846,2.246081247284069e-12
field:cf_775d9002cb4e7b,field:cf_22f759c45e42f4,reason for encounter,Admit date/time,field,field,41.99501238939356,0.425,1.988049545205258e-12
field:cf_b87e8363f020f7,field:cf_22f759c45e42f4,healthcare unit,Admit date/time,field,field,42.34888187462893,0.425,1.5964061541672255e-12
field:cf_8b431261fa7dca,field:cf_22f759c45e42f4,State,Admit date/time,field,field,43.28463617854752,0.425,8.936753443891667e-13
field:cf_16800b2d3f5ef6,field:cf_22f759c45e42f4,patient age,Admit date/time,field,field,41.57167166075894,0.49038461538461536,2.9823933789131553e-12
group:openEHR-EHR-COMPOSITION.outpatient_high_complexity_procedures.v1::Patient_discharge,field:cf_22f759c45e42f4,Patient discharge,Admit date/time,canonical_group,field,25.787113730771754,0.02,1.936173086306478e-09
subgroup:openEHR-EHR-COMPOSITION.outpatient_high_complexity_procedures.v1::Patient_discharge::Components,field:cf_22f759c45e42f4,Components,Admit date/time,canonical_subgroup,field,26.787113730771754,0.02,1.0415535419990842e-09
field:cf_469c691048a0ce,field:cf_22f759c45e42f4,date of discharge,Admit date/time,field,field,28.750493426121967,0.4168269230769231,7.182032510434594e-09
field:cf_49533263f29569,field:cf_22f759c45e42f4,reason for discharge,Admit date/time,field,field,28.825126058441246,0.39375,6.477633852629948e-09
group:openEHR-EHR-COMPOSITION.outpatient_high_complexity_procedures.v1::Problem/Diagnosis,field:cf_22f759c45e42f4,Problem/Diagnosis,Admit date/time,canonical_group,field,30.642271807902475,0.02,9.541832634932178e-11
subgroup:openEHR-EHR-COMPOSITION.outpatient_high_complexity_procedures.v1::Problem/Diagnosis::structure,field:cf_22f759c45e42f4,structure,Admit date/time,canonical_subgroup,field,35.285585123201216,0.02,5.362425570967068e-12
field:cf_bd9db9ae67063d,field:cf_22f759c45e42f4,Problem,Admit date/time,field,field,39.0592623767646,0.425,1.2271985190948737e-11
field:cf_4e7e8ca2916a1e,field:cf_22f759c45e42f4,Secondary Diagnosis,Admit date/time,field,field,38.58659739940215,0.425,1.6450754194558642e-11
field:cf_0a229c157b8d2a,field:cf_22f759c45e42f4,Associated causes,Admit date/time,field,field,38.8528486324469,0.425,1.3947434148828597e-11
group:openEHR-EHR-COMPOSITION.outpatient_high_complexity_procedures.v1::Procedure_undertaken,field:cf_22f759c45e42f4,Procedure undertaken,Admit date/time,canonical_group,field,35.65493729331769,0.02,4.264897121772427e-12
subgroup:openEHR-EHR-COMPOSITION.outpatient_high_complexity_procedures.v1::Procedure_undertaken::Procedure_list,field:cf_22f759c45e42f4,Procedure list,Admit date/time,canonical_subgroup,field,36.65493729331769,0.02,2.294277683571012e-12
field:cf_0b6364bb149692,field:cf_22f759c45e42f4,Procedure,Admit date/time,field,field,40.382312604633796,0.39375,5.00608873121611e-12
field:cf_af0c9a7d79fe64,field:cf_22f759c45e42f4,Invaded regional linphonodes,Admit date/time,field,field,41.875710299677905,0.23173076923076924,1.1672007690327265e-12
field:cf_e5c01940113606,field:cf_22f759c45e42f4,irradiated area 1,Admit date/time,field,field,45.642975039019305,0.1610576923076923,7.848016639376765e-14
field:cf_fc5be63ab59287,field:cf_22f759c45e42f4,irradiated area 2,Admit date/time,field,field,40.79767527047857,0.31490384615384615,3.09466981406834e-12
field:cf_821e1930333a5c,field:cf_22f759c45e42f4,irradiated area 3,Admit date/time,field,field,49.642975039019305,0.10336538461538461,4.217967731187065e-15
field:cf_c9b3a708f95249,field:cf_22f759c45e42f4,fields/insertions 1,Admit date/time,field,field,44.02205258010066,0.1923076923076923,2.5599345436689115e-13
field:cf_bbec72e0a270f7,field:cf_22f759c45e42f4,fields/insertions 2,Admit date/time,field,field,42.43644887660332,0.23557692307692307,8.381248000254437e-13
family:openEHR-EHR-COMPOSITION.hospitalisation.v1,field:cf_22f759c45e42f4,openEHR-EHR-COMPOSITION.hospitalisation.v1,Admit date/time,composition_family,field,13.13139089057231,0.02,4.950587571669479e-06
group:openEHR-EHR-COMPOSITION.hospitalisation.v1::Patient_discharge,field:cf_22f759c45e42f4,Patient discharge,Admit date/time,canonical_group,field,21.25737457037984,0.02,3.210949139073341e-08
subgroup:openEHR-EHR-COMPOSITION.hospitalisation.v1::Patient_discharge::Components,field:cf_22f759c45e42f4,Components,Admit date/time,canonical_subgroup,field,22.25737457037984,0.02,1.727312228763914e-08
field:cf_79ed78f34fef6f,field:cf_22f759c45e42f4,date of discharge,Admit date/time,field,field,24.701393673462796,0.8854166666666666,1.87806378408589e-07
field:cf_be52992cb12705,field:cf_22f759c45e42f4,hospital infection,Admit date/time,field,field,30.740706968707073,0.13541666666666666,6.793188920977411e-10
field:cf_1285e1e2c004f2,field:cf_22f759c45e42f4,claim reason,Admit date/time,field,field,25.520379433957626,0.39375,5.0264456879830505e-08
field:cf_80f721f9446bd3,field:cf_22f759c45e42f4,death indicator,Admit date/time,field,field,26.961179409651955,0.39375,2.057346666759465e-08
group:openEHR-EHR-COMPOSITION.hospitalisation.v1::Authorization_for_hospital_admission,field:cf_22f759c45e42f4,Authorization for hospital admission,Admit date/time,canonical_group,field,17.65299229451451,0.02,3.0002586254430876e-07
subgroup:openEHR-EHR-COMPOSITION.hospitalisation.v1::Authorization_for_hospital_admission::Components,field:cf_22f759c45e42f4,Components,Admit date/time,canonical_subgroup,field,18.65299229451451,0.02,1.613972438902554e-07
field:cf_ba8421601b1980,field:cf_22f759c45e42f4,Issue date,Admit date/time,field,field,20.340869072330403,0.9270833333333334,2.9363479549491235e-06
field:cf_ba09c313b94cba,field:cf_22f759c45e42f4,ICU - Total,Admit date/time,field,field,21.10674103593175,0.39375,7.756908188241862e-07
group:openEHR-EHR-COMPOSITION.hospitalisation.v1::Patient_admission,field:cf_22f759c45e42f4,Patient admission,Admit date/time,canonical_group,field,6.2771775692285825,0.02,0.00034692843868891894
subgroup:openEHR-EHR-COMPOSITION.hospitalisation.v1::Patient_admission::Tree,field:cf_22f759c45e42f4,Tree,Admit date/time,canonical_subgroup,field,2.5806928981362085,0.02,0.003432139223915157
field:cf_3db72fcc22b158,field:cf_22f759c45e42f4,Patient class,Admit date/time,field,field,7.093434618778166,0.13541666666666666,0.0015827022752733088
subgroup:openEHR-EHR-COMPOSITION.hospitalisation.v1::Patient_admission::Tree_/_Assigned_patient_location_/_Facility,field:cf_22f759c45e42f4,Tree / Assigned patient location / Facility,Admit date/time,canonical_subgroup,field,8.593249864229971,0.02,8.252932685597574e-05
field:cf_9449e602105d68,field:cf_22f759c45e42f4,Universal ID,Admit date/time,field,field,9.593249864229971,0.7395833333333334,0.0018348793946230406
subgroup:openEHR-EHR-COMPOSITION.hospitalisation.v1::Patient_admission::Tree_/_Assigned_patient_location_/_Address,field:cf_22f759c45e42f4,Tree / Assigned patient location / Address,Admit date/time,canonical_subgroup,field,9.636182057197358,0.02,4.323004534381736e-05
field:cf_1d8359b2d21168,field:cf_22f759c45e42f4,State/province,Admit date/time,field,field,10.636182057197358,0.4875,0.000633537630896582
field:cf_10f7d6c8e1d5c5,field:cf_22f759c45e42f4,Admission type,Admit date/time,field,field,3.3139070597230478,0.39375,0.047932823426286464
field:cf_2a67f6f1c22886,field:cf_22f759c45e42f4,Hospital service,Admit date/time,field,field,1.2885906040268456,0.59375,0.25372192566572765
field:cf_22f759c45e42f4,field:cf_22f759c45e42f4,Admit date/time,Admit date/time,field,field,0.0,0.9583333333333334,0.9583333333333334
group:openEHR-EHR-COMPOSITION.hospitalisation.v1::Problem/Diagnosis,field:cf_22f759c45e42f4,Problem/Diagnosis,Admit date/time,canonical_group,field,16.373228962571346,0.02,6.633627303813428e-07
subgroup:openEHR-EHR-COMPOSITION.hospitalisation.v1::Problem/Diagnosis::structure,field:cf_22f759c45e42f4,structure,Admit date/time,canonical_subgroup,field,17.373228962571346,0.02,3.5685229091625943e-07
field:cf_2db2fd852fb674,field:cf_22f759c45e42f4,Problem,Admit date/time,field,field,19.412418088840287,0.9583333333333334,5.397621718614408e-06
field:cf_49398dcbba5447,field:cf_22f759c45e42f4,Secondary Diagnosis,Admit date/time,field,field,19.33551770744145,1.0815217391304348,6.388920715930178e-06
group:openEHR-EHR-COMPOSITION.hospitalisation.v1::Procedure_undertaken,field:cf_22f759c45e42f4,Procedure undertaken,Admit date/time,canonical_group,field,18.096270576393465,0.02,2.279294484979333e-07
subgroup:openEHR-EHR-COMPOSITION.hospitalisation.v1::Procedure_undertaken::Procedure_list,field:cf_22f759c45e42f4,Procedure list,Admit date/time,canonical_subgroup,field,19.096270576393465,0.02,1.2261337898348493e-07
field:cf_18704e514938d4,field:cf_22f759c45e42f4,Procedure,Admit date/time,field,field,20.096270576393465,0.6770833333333334,2.495698337027699e-06
family:openEHR-EHR-COMPOSITION.demographic_data.v1,field:cf_22f759c45e42f4,openEHR-EHR-COMPOSITION.demographic_data.v1,Admit date/time,composition_family,field,18.10971257869965,0.02,2.260377686492566e-07
group:openEHR-EHR-COMPOSITION.demographic_data.v1::Demographic_data,field:cf_22f759c45e42f4,Demographic data,Admit date/time,canonical_group,field,19.10971257869965,0.02,1.215957603311796e-07
subgroup:openEHR-EHR-COMPOSITION.demographic_data.v1::Demographic_data::components,field:cf_22f759c45e42f4,components,Admit date/time,canonical_subgroup,field,20.10971257869965,0.02,6.541176290525316e-08
field:cf_7f3b6795a0e812,field:cf_22f759c45e42f4,birth date,Admit date/time,field,field,23.094421342739114,1.09375,6.28316153386844e-07
field:cf_e7551706658b4a,field:cf_22f759c45e42f4,gender,Admit date/time,field,field,24.233571382701133,0.39375,1.1162211533976952e-07
field:cf_19e1b0f55ef007,field:cf_22f759c45e42f4,race,Admit date/time,field,field,30.89302807203655,0.1846590909090909,8.428647541758703e-10
field:cf_4122372d727029,field:cf_22f759c45e42f4,ethnic group,Admit date/time,field,field,34.89302807203655,0.1846590909090909,7.058421325266091e-11
field:cf_7ab0248b87b82e,field:cf_22f759c45e42f4,educational level,Admit date/time,field,field,26.101385251329827,0.39375,3.506048097036752e-08
field:cf_eee397355aecbe,field:cf_22f759c45e42f4,nationality,Admit date/time,field,field,27.435267757694703,0.39375,1.5333921165182143e-08
schema:root,group:openEHR-EHR-COMPOSITION.hospitalisation.v1::Problem/Diagnosis,EHR Schema,Problem/Diagnosis,root,canonical_group,5.643521423968254,0.02,0.00048364961972213673
family:openEHR-EHR-COMPOSITION.outpatient_high_complexity_procedures.v1,group:openEHR-EHR-COMPOSITION.hospitalisation.v1::Problem/Diagnosis,openEHR-EHR-COMPOSITION.outpatient_high_complexity_procedures.v1,Problem/Diagnosis,composition_family,canonical_group,10.758014683263017,0.02,2.0295007048616825e-05
group:openEHR-EHR-COMPOSITION.outpatient_high_complexity_procedures.v1::HCPA,group:openEHR-EHR-COMPOSITION.hospitalisation.v1::Problem/Diagnosis,HCPA,Problem/Diagnosis,canonical_group,canonical_group,23.55660191460821,0.02,8.626650872195063e-09
subgroup:openEHR-EHR-COMPOSITION.outpatient_high_complexity_procedures.v1::HCPA::components_/_General_data,group:openEHR-EHR-COMPOSITION.hospitalisation.v1::Problem/Diagnosis,components / General data,Problem/Diagnosis,canonical_subgroup,canonical_group,27.308882719736197,0.02,7.093487339474016e-10
field:cf_5cd62eaa6e16a8,group:openEHR-EHR-COMPOSITION.hospitalisation.v1::Problem/Diagnosis,issue date,Problem/Diagnosis,field,canonical_group,32.20148235251708,0.5096153846153846,9.247136687365537e-10
field:cf_775d9002cb4e7b,group:openEHR-EHR-COMPOSITION.hospitalisation.v1::Problem/Diagnosis,reason for encounter,Problem/Diagnosis,field,canonical_group,32.10545957082028,0.425,8.184817850199014e-10
field:cf_b87e8363f020f7,group:openEHR-EHR-COMPOSITION.hospitalisation.v1::Problem/Diagnosis,healthcare unit,Problem/Diagnosis,field,canonical_group,32.45932905605565,0.425,6.572418488416708e-10
field:cf_8b431261fa7dca,group:openEHR-EHR-COMPOSITION.hospitalisation.v1::Problem/Diagnosis,State,Problem/Diagnosis,field,canonical_group,33.395083359974244,0.425,3.679269427002134e-10
field:cf_16800b2d3f5ef6,group:openEHR-EHR-COMPOSITION.hospitalisation.v1::Problem/Diagnosis,patient age,Problem/Diagnosis,field,canonical_group,31.682118842185655,0.49038461538461536,1.2278540352737272e-09
group:openEHR-EHR-COMPOSITION.outpatient_high_complexity_procedures.v1::Patient_discharge,group:openEHR-EHR-COMPOSITION.hospitalisation.v1::Problem/Diagnosis,Patient discharge,Problem/Diagnosis,canonical_group,canonical_group,15.897560912198479,0.02,9.95715696511394e-07
subgroup:openEHR-EHR-COMPOSITION.outpatient_high_complexity_procedures.v1::Patient_discharge::Components,group:openEHR-EHR-COMPOSITION.hospitalisation.v1::Problem/Diagnosis,Components,Problem/Diagnosis,canonical_subgroup,canonical_group,16.89756091219848,0.02,4.510650276749567e-07
field:cf_469c691048a0ce,group:openEHR-EHR-COMPOSITION.hospitalisation.v1::Problem/Diagnosis,date of discharge,Problem/Diagnosis,field,canonical_group,18.86094060754869,0.4168269230769231,2.956849241201648e-06
field:cf_49533263f29569,group:openEHR-EHR-COMPOSITION.hospitalisation.v1::Problem/Diagnosis,reason for discharge,Problem/Diagnosis,field,canonical_group,18.93557323986797,0.39375,2.6668476805282485e-06
group:openEHR-EHR-COMPOSITION.outpatient_high_complexity_procedures.v1::Problem/Diagnosis,group:openEHR-EHR-COMPOSITION.hospitalisation.v1::Problem/Diagnosis,Problem/Diagnosis,Problem/Diagnosis,canonical_group,canonical_group,20.752718989329196,0.02,4.907078088876374e-08
subgroup:openEHR-EHR-COMPOSITION.outpatient_high_complexity_procedures.v1::Problem/Diagnosis::structure,group:openEHR-EHR-COMPOSITION.hospitalisation.v1::Problem/Diagnosis,structure,Problem/Diagnosis,canonical_subgroup,canonical_group,25.396032304627933,0.02,2.322302734366099e-09
field:cf_bd9db9ae67063d,group:openEHR-EHR-COMPOSITION.hospitalisation.v1::Problem/Diagnosis,Problem,Problem/Diagnosis,field,canonical_group,29.169709558191318,0.425,5.052387335642822e-09
field:cf_4e7e8ca2916a1e,group:openEHR-EHR-COMPOSITION.hospitalisation.v1::Problem/Diagnosis,Secondary Diagnosis,Problem/Diagnosis,field,canonical_group,28.697044580828866,0.425,6.7727902911473524e-09
field:cf_0a229c157b8d2a,group:openEHR-EHR-COMPOSITION.hospitalisation.v1::Problem/Diagnosis,Associated causes,Problem/Diagnosis,field,canonical_group,28.96329581387362,0.425,5.742171177832557e-09
group:openEHR-EHR-COMPOSITION.outpatient_high_complexity_procedures.v1::Procedure_undertaken,group:openEHR-EHR-COMPOSITION.hospitalisation.v1::Problem/Diagnosis,Procedure undertaken,Problem/Diagnosis,canonical_group,canonical_group,25.765384474744412,0.02,2.193308562229888e-09
subgroup:openEHR-EHR-COMPOSITION.outpatient_high_complexity_procedures.v1::Procedure_undertaken::Procedure_list,group:openEHR-EHR-COMPOSITION.hospitalisation.v1::Problem/Diagnosis,Procedure list,Problem/Diagnosis,canonical_subgroup,canonical_group,26.765384474744412,0.02,9.935815924044968e-10
field:cf_0b6364bb149692,group:openEHR-EHR-COMPOSITION.hospitalisation.v1::Problem/Diagnosis,Procedure,Problem/Diagnosis,field,canonical_group,30.492759786060518,0.39375,2.0610112311213728e-09
field:cf_af0c9a7d79fe64,group:openEHR-EHR-COMPOSITION.hospitalisation.v1::Problem/Diagnosis,Invaded regional linphonodes,Problem/Diagnosis,field,canonical_group,31.98615748110462,0.23173076923076924,4.805376059256495e-10
field:cf_e5c01940113606,group:openEHR-EHR-COMPOSITION.hospitalisation.v1::Problem/Diagnosis,irradiated area 1,Problem/Diagnosis,field,canonical_group,35.753422220446026,0.1610576923076923,3.231035505807671e-11
field:cf_fc5be63ab59287,group:openEHR-EHR-COMPOSITION.hospitalisation.v1::Problem/Diagnosis,irradiated area 2,Problem/Diagnosis,field,canonical_group,30.908122451905296,0.31490384615384615,1.2740783445637604e-09
field:cf_821e1930333a5c,group:openEHR-EHR-COMPOSITION.hospitalisation.v1::Problem/Diagnosis,irradiated area 3,Problem/Diagnosis,field,canonical_group,39.753422220446026,0.10336538461538461,1.7365411068877026e-12
field:cf_c9b3a708f95249,group:openEHR-EHR-COMPOSITION.hospitalisation.v1::Problem/Diagnosis,fields/insertions 1,Problem/Diagnosis,field,canonical_group,34.132499761527384,0.1923076923076923,1.0539273530126787e-10
field:cf_bbec72e0a270f7,group:openEHR-EHR-COMPOSITION.hospitalisation.v1::Problem/Diagnosis,fields/insertions 2,Problem/Diagnosis,field,canonical_group,32.54689605803004,0.23557692307692307,3.4505673364566337e-10
family:openEHR-EHR-COMPOSITION.hospitalisation.v1,group:openEHR-EHR-COMPOSITION.hospitalisation.v1::Problem/Diagnosis,openEHR-EHR-COMPOSITION.hospitalisation.v1,Problem/Diagnosis,composition_family,canonical_group,3.2418380719990356,0.02,0.0021439482753200165
group:openEHR-EHR-COMPOSITION.hospitalisation.v1::Patient_discharge,group:openEHR-EHR-COMPOSITION.hospitalisation.v1::Problem/Diagnosis,Patient discharge,Problem/Diagnosis,canonical_group,canonical_group,11.367821751806567,0.02,1.6512947530812788e-05
subgroup:openEHR-EHR-COMPOSITION.hospitalisation.v1::Patient_discharge::Components,group:openEHR-EHR-COMPOSITION.hospitalisation.v1::Problem/Diagnosis,Components,Problem/Diagnosis,canonical_subgroup,canonical_group,12.367821751806567,0.02,7.4804617031523815e-06
field:cf_79ed78f34fef6f,group:openEHR-EHR-COMPOSITION.hospitalisation.v1::Problem/Diagnosis,date of discharge,Problem/Diagnosis,field,canonical_group,14.81184085488952,0.8854166666666666,7.73200548289728e-05
field:cf_be52992cb12705,group:openEHR-EHR-COMPOSITION.hospitalisation.v1::Problem/Diagnosis,hospital infection,Problem/Diagnosis,field,canonical_group,20.851154150133794,0.13541666666666666,2.796761985851289e-07
field:cf_1285e1e2c004f2,group:openEHR-EHR-COMPOSITION.hospitalisation.v1::Problem/Diagnosis,claim reason,Problem/Diagnosis,field,canonical_group,15.63082661538435,0.39375,2.0693922085232435e-05
field:cf_80f721f9446bd3,group:openEHR-EHR-COMPOSITION.hospitalisation.v1::Problem/Diagnosis,death indicator,Problem/Diagnosis,field,canonical_group,17.071626591078676,0.39375,8.470114722619612e-06
group:openEHR-EHR-COMPOSITION.hospitalisation.v1::Authorization_for_hospital_admission,group:openEHR-EHR-COMPOSITION.hospitalisation.v1::Problem/Diagnosis,Authorization for hospital admission,Problem/Diagnosis,canonical_group,canonical_group,7.763439475941237,0.02,0.00015429429466175845
subgroup:openEHR-EHR-COMPOSITION.hospitalisation.v1::Authorization_for_hospital_admission::Components,group:openEHR-EHR-COMPOSITION.hospitalisation.v1::Problem/Diagnosis,Components,Problem/Diagnosis,canonical_subgroup,canonical_group,8.763439475941237,0.02,6.989621689758881e-05
field:cf_ba8421601b1980,group:openEHR-EHR-COMPOSITION.hospitalisation.v1::Problem/Diagnosis,Issue date,Problem/Diagnosis,field,canonical_group,10.45131625375713,0.9270833333333334,0.0012088970928328413
field:cf_ba09c313b94cba,group:openEHR-EHR-COMPOSITION.hospitalisation.v1::Problem/Diagnosis,ICU - Total,Problem/Diagnosis,field,canonical_group,11.217188217358476,0.39375,0.00031935260745688174
group:openEHR-EHR-COMPOSITION.hospitalisation.v1::Patient_admission,group:openEHR-EHR-COMPOSITION.hospitalisation.v1::Problem/Diagnosis,Patient admission,Problem/Diagnosis,canonical_group,canonical_group,10.096051393342764,0.02,3.6329947250438804e-05
subgroup:openEHR-EHR-COMPOSITION.hospitalisation.v1::Patient_admission::Tree,group:openEHR-EHR-COMPOSITION.hospitalisation.v1::Problem/Diagnosis,Tree,Problem/Diagnosis,canonical_subgroup,canonical_group,13.792536064435138,0.02,3.0924746910452987e-06
field:cf_3db72fcc22b158,group:openEHR-EHR-COMPOSITION.hospitalisation.v1::Problem/Diagnosis,Patient class,Problem/Diagnosis,field,canonical_group,22.339471499357597,0.13541666666666666,1.1114945574762386e-07
subgroup:openEHR-EHR-COMPOSITION.hospitalisation.v1::Patient_admission::Tree_/_Assigned_patient_location_/_Facility,group:openEHR-EHR-COMPOSITION.hospitalisation.v1::Problem/Diagnosis,Tree / Assigned patient location / Facility,Problem/Diagnosis,canonical_subgroup,canonical_group,12.412123688344153,0.02,7.2777905076670185e-06
field:cf_9449e602105d68,group:openEHR-EHR-COMPOSITION.hospitalisation.v1::Problem/Diagnosis,Universal ID,Problem/Diagnosis,field,canonical_group,13.412123688344153,0.7395833333333334,0.00015382362090968766
subgroup:openEHR-EHR-COMPOSITION.hospitalisation.v1::Patient_admission::Tree_/_Assigned_patient_location_/_Address,group:openEHR-EHR-COMPOSITION.hospitalisation.v1::Problem/Diagnosis,Tree / Assigned patient location / Address,Problem/Diagnosis,canonical_subgroup,canonical_group,13.455055881311539,0.02,3.8122110725354604e-06
field:cf_1d8359b2d21168,group:openEHR-EHR-COMPOSITION.hospitalisation.v1::Problem/Diagnosis,State/province,Problem/Diagnosis,field,canonical_group,14.455055881311539,0.4875,5.311142119347752e-05
field:cf_10f7d6c8e1d5c5,group:openEHR-EHR-COMPOSITION.hospitalisation.v1::Problem/Diagnosis,Admission type,Problem/Diagnosis,field,canonical_group,18.559943940302478,0.39375,3.3662093746334447e-06
field:cf_2a67f6f1c22886,group:openEHR-EHR-COMPOSITION.hospitalisation.v1::Problem/Diagnosis,Hospital service,Problem/Diagnosis,field,canonical_group,16.71857254370876,0.59375,1.589778398870984e-05
field:cf_22f759c45e42f4,group:openEHR-EHR-COMPOSITION.hospitalisation.v1::Problem/Diagnosis,Admit date/time,Problem/Diagnosis,field,canonical_group,16.373228962571346,0.9583333333333334,3.178613083077267e-05
group:openEHR-EHR-COMPOSITION.hospitalisation.v1::Problem/Diagnosis,group:openEHR-EHR-COMPOSITION.hospitalisation.v1::Problem/Diagnosis,Problem/Diagnosis,Problem/Diagnosis,canonical_group,canonical_group,0.0,0.02,0.02
subgroup:openEHR-EHR-COMPOSITION.hospitalisation.v1::Problem/Diagnosis::structure,group:openEHR-EHR-COMPOSITION.hospitalisation.v1::Problem/Diagnosis,structure,Problem/Diagnosis,canonical_subgroup,canonical_group,1.0,0.02,0.008607111001514792
field:cf_2db2fd852fb674,group:openEHR-EHR-COMPOSITION.hospitalisation.v1::Problem/Diagnosis,Problem,Problem/Diagnosis,field,canonical_group,3.0391891262689406,0.9583333333333334,0.12376436515579436
field:cf_49398dcbba5447,group:openEHR-EHR-COMPOSITION.hospitalisation.v1::Problem/Diagnosis,Secondary Diagnosis,Problem/Diagnosis,field,canonical_group,2.962288744870105,1.0815217391304348,0.14649428167796508
group:openEHR-EHR-COMPOSITION.hospitalisation.v1::Procedure_undertaken,group:openEHR-EHR-COMPOSITION.hospitalisation.v1::Problem/Diagnosis,Procedure undertaken,Problem/Diagnosis,canonical_group,canonical_group,8.20671775782019,0.02,0.00011721727317237014
subgroup:openEHR-EHR-COMPOSITION.hospitalisation.v1::Procedure_undertaken::Procedure_list,group:openEHR-EHR-COMPOSITION.hospitalisation.v1::Problem/Diagnosis,Procedure list,Problem/Diagnosis,canonical_subgroup,canonical_group,9.20671775782019,0.02,5.310010955207746e-05
field:cf_18704e514938d4,group:openEHR-EHR-COMPOSITION.hospitalisation.v1::Problem/Diagnosis,Procedure,Problem/Diagnosis,field,canonical_group,10.20671775782019,0.6770833333333334,0.001027481248990063
family:openEHR-EHR-COMPOSITION.demographic_data.v1,group:openEHR-EHR-COMPOSITION.hospitalisation.v1::Problem/Diagnosis,openEHR-EHR-COMPOSITION.demographic_data.v1,Problem/Diagnosis,composition_family,canonical_group,8.220159760126377,0.02,9.789005390512323e-05
group:openEHR-EHR-COMPOSITION.demographic_data.v1::Demographic_data,group:openEHR-EHR-COMPOSITION.hospitalisation.v1::Problem/Diagnosis,Demographic data,Problem/Diagnosis,canonical_group,canonical_group,9.220159760126377,0.02,6.253304936799836e-05
subgroup:openEHR-EHR-COMPOSITION.demographic_data.v1::Demographic_data::components,group:openEHR-EHR-COMPOSITION.hospitalisation.v1::Problem/Diagnosis,components,Problem/Diagnosis,canonical_subgroup,canonical_group,10.220159760126377,0.02,2.8327836693345594e-05
field:cf_7f3b6795a0e812,group:openEHR-EHR-COMPOSITION.hospitalisation.v1::Problem/Diagnosis,birth date,Problem/Diagnosis,field,canonical_group,13.204868524165843,1.09375,0.0002586783252063291
field:cf_e7551706658b4a,group:openEHR-EHR-COMPOSITION.hospitalisation.v1::Problem/Diagnosis,gender,Problem/Diagnosis,field,canonical_group,14.344018564127857,0.39375,4.595492523379697e-05
field:cf_19e1b0f55ef007,group:openEHR-EHR-COMPOSITION.hospitalisation.v1::Problem/Diagnosis,race,Problem/Diagnosis,field,canonical_group,21.00347525346328,0.1846590909090909,3.470081770306172e-07
field:cf_4122372d727029,group:openEHR-EHR-COMPOSITION.hospitalisation.v1::Problem/Diagnosis,ethnic group,Problem/Diagnosis,field,canonical_group,25.00347525346328,0.1846590909090909,2.9059584051411637e-08
field:cf_7ab0248b87b82e,group:openEHR-EHR-COMPOSITION.hospitalisation.v1::Problem/Diagnosis,educational level,Problem/Diagnosis,field,canonical_group,16.211832432756555,0.39375,1.443443153491416e-05
field:cf_eee397355aecbe,group:openEHR-EHR-COMPOSITION.hospitalisation.v1::Problem/Diagnosis,nationality,Problem/Diagnosis,field,canonical_group,17.54571493912143,0.39375,6.31298912891875e-06
schema:root,subgroup:openEHR-EHR-COMPOSITION.hospitalisation.v1::Problem/Diagnosis::structure,EHR Schema,structure,root,canonical_subgroup,6.643521423968254,0.02,0.000260176622674303
family:openEHR-EHR-COMPOSITION.outpatient_high_complexity_procedures.v1,subgroup:openEHR-EHR-COMPOSITION.hospitalisation.v1::Problem/Diagnosis::structure,openEHR-EHR-COMPOSITION.outpatient_high_complexity_procedures.v1,structure,composition_family,canonical_subgroup,11.758014683263017,0.02,1.091758615274813e-05
group:openEHR-EHR-COMPOSITION.outpatient_high_complexity_procedures.v1::HCPA,subgroup:openEHR-EHR-COMPOSITION.hospitalisation.v1::Problem/Diagnosis::structure,HCPA,structure,canonical_group,canonical_subgroup,24.55660191460821,0.02,3.9079232435945976e-09
subgroup:openEHR-EHR-COMPOSITION.outpatient_high_complexity_procedures.v1::HCPA::components_/_General_data,subgroup:openEHR-EHR-COMPOSITION.hospitalisation.v1::Problem/Diagnosis::structure,components / General data,structure,canonical_subgroup,canonical_subgroup,28.308882719736197,0.02,4.531383693184218e-10
field:cf_5cd62eaa6e16a8,subgroup:openEHR-EHR-COMPOSITION.hospitalisation.v1::Problem/Diagnosis::structure,issue date,structure,field,canonical_subgroup,33.20148235251708,0.5096153846153846,4.974445744645931e-10
field:cf_775d9002cb4e7b,subgroup:openEHR-EHR-COMPOSITION.hospitalisation.v1::Problem/Diagnosis::structure,reason for encounter,structure,field,canonical_subgroup,33.10545957082028,0.425,4.4029772352401564e-10
field:cf_b87e8363f020f7,subgroup:openEHR-EHR-COMPOSITION.hospitalisation.v1::Problem/Diagnosis::structure,healthcare unit,structure,field,canonical_subgroup,33.45932905605565,0.425,3.535595967388163e-10
field:cf_8b431261fa7dca,subgroup:openEHR-EHR-COMPOSITION.hospitalisation.v1::Problem/Diagnosis::structure,State,structure,field,canonical_subgroup,34.395083359974244,0.425,1.9792425226679413e-10
field:cf_16800b2d3f5ef6,subgroup:openEHR-EHR-COMPOSITION.hospitalisation.v1::Problem/Diagnosis::structure,patient age,structure,field,canonical_subgroup,32.68211884218566,0.49038461538461536,6.605172484536763e-10
group:openEHR-EHR-COMPOSITION.outpatient_high_complexity_procedures.v1::Patient_discharge,subgroup:openEHR-EHR-COMPOSITION.hospitalisation.v1::Problem/Diagnosis::structure,Patient discharge,structure,canonical_group,canonical_subgroup,16.89756091219848,0.02,4.510650276749567e-07
subgroup:openEHR-EHR-COMPOSITION.outpatient_high_complexity_procedures.v1::Patient_discharge::Components,subgroup:openEHR-EHR-COMPOSITION.hospitalisation.v1::Problem/Diagnosis::structure,Components,structure,canonical_subgroup,canonical_subgroup,17.89756091219848,0.02,2.881444081245869e-07
field:cf_469c691048a0ce,subgroup:openEHR-EHR-COMPOSITION.hospitalisation.v1::Problem/Diagnosis::structure,date of discharge,structure,field,canonical_subgroup,19.86094060754869,0.4168269230769231,1.5906206021104589e-06
field:cf_49533263f29569,subgroup:openEHR-EHR-COMPOSITION.hospitalisation.v1::Problem/Diagnosis::structure,reason for discharge,structure,field,canonical_subgroup,19.93557323986797,0.39375,1.434615875652432e-06
group:openEHR-EHR-COMPOSITION.outpatient_high_complexity_procedures.v1::Problem/Diagnosis,subgroup:openEHR-EHR-COMPOSITION.hospitalisation.v1::Problem/Diagnosis::structure,Problem/Diagnosis,structure,canonical_group,canonical_subgroup,21.752718989329196,0.02,2.22293504231895e-08
subgroup:openEHR-EHR-COMPOSITION.outpatient_high_complexity_procedures.v1::Problem/Diagnosis::structure,subgroup:openEHR-EHR-COMPOSITION.hospitalisation.v1::Problem/Diagnosis::structure,structure,structure,canonical_subgroup,canonical_subgroup,26.396032304627933,0.02,1.4835079330562368e-09
field:cf_bd9db9ae67063d,subgroup:openEHR-EHR-COMPOSITION.hospitalisation.v1::Problem/Diagnosis::structure,Problem,structure,field,canonical_subgroup,30.169709558191318,0.425,2.71790366378284e-09
field:cf_4e7e8ca2916a1e,subgroup:openEHR-EHR-COMPOSITION.hospitalisation.v1::Problem/Diagnosis::structure,Secondary Diagnosis,structure,field,canonical_subgroup,29.697044580828866,0.425,3.643384864117931e-09
field:cf_0a229c157b8d2a,subgroup:openEHR-EHR-COMPOSITION.hospitalisation.v1::Problem/Diagnosis::structure,Associated causes,structure,field,canonical_subgroup,29.96329581387362,0.425,3.0889690448314815e-09
group:openEHR-EHR-COMPOSITION.outpatient_high_complexity_procedures.v1::Procedure_undertaken,subgroup:openEHR-EHR-COMPOSITION.hospitalisation.v1::Problem/Diagnosis::structure,Procedure undertaken,structure,canonical_group,canonical_subgroup,26.765384474744412,0.02,9.935815924044968e-10
subgroup:openEHR-EHR-COMPOSITION.outpatient_high_complexity_procedures.v1::Procedure_undertaken::Procedure_list,subgroup:openEHR-EHR-COMPOSITION.hospitalisation.v1::Problem/Diagnosis::structure,Procedure list,structure,canonical_subgroup,canonical_subgroup,27.765384474744412,0.02,6.347088829799183e-10
field:cf_0b6364bb149692,subgroup:openEHR-EHR-COMPOSITION.hospitalisation.v1::Problem/Diagnosis::structure,Procedure,structure,field,canonical_subgroup,31.492759786060518,0.39375,1.1087095276018936e-09
field:cf_af0c9a7d79fe64,subgroup:openEHR-EHR-COMPOSITION.hospitalisation.v1::Problem/Diagnosis::structure,Invaded regional linphonodes,structure,field,canonical_subgroup,32.98615748110462,0.23173076923076924,2.585025321627655e-10
field:cf_e5c01940113606,subgroup:openEHR-EHR-COMPOSITION.hospitalisation.v1::Problem/Diagnosis::structure,irradiated area 1,structure,field,canonical_subgroup,36.753422220446026,0.1610576923076923,1.738117578020131e-11
field:cf_fc5be63ab59287,subgroup:openEHR-EHR-COMPOSITION.hospitalisation.v1::Problem/Diagnosis::structure,irradiated area 2,structure,field,canonical_subgroup,31.908122451905296,0.31490384615384615,6.853833585179054e-10
field:cf_821e1930333a5c,subgroup:openEHR-EHR-COMPOSITION.hospitalisation.v1::Problem/Diagnosis::structure,irradiated area 3,structure,field,canonical_subgroup,40.753422220446026,0.10336538461538461,9.341626291047378e-13
field:cf_c9b3a708f95249,subgroup:openEHR-EHR-COMPOSITION.hospitalisation.v1::Problem/Diagnosis::structure,fields/insertions 1,structure,field,canonical_subgroup,35.132499761527384,0.1923076923076923,5.669543571820488e-11
field:cf_bbec72e0a270f7,subgroup:openEHR-EHR-COMPOSITION.hospitalisation.v1::Problem/Diagnosis::structure,fields/insertions 2,structure,field,canonical_subgroup,33.54689605803004,0.23557692307692307,1.8562135051927224e-10
family:openEHR-EHR-COMPOSITION.hospitalisation.v1,subgroup:openEHR-EHR-COMPOSITION.hospitalisation.v1::Problem/Diagnosis::structure,openEHR-EHR-COMPOSITION.hospitalisation.v1,structure,composition_family,canonical_subgroup,4.241838071999036,0.02,0.0011533250491990992
group:openEHR-EHR-COMPOSITION.hospitalisation.v1::Patient_discharge,subgroup:openEHR-EHR-COMPOSITION.hospitalisation.v1::Problem/Diagnosis::structure,Patient discharge,structure,canonical_group,canonical_subgroup,12.367821751806567,0.02,7.4804617031523815e-06
subgroup:openEHR-EHR-COMPOSITION.hospitalisation.v1::Patient_discharge::Components,subgroup:openEHR-EHR-COMPOSITION.hospitalisation.v1::Problem/Diagnosis::structure,Components,structure,canonical_subgroup,canonical_subgroup,13.367821751806567,0.02,4.7785864070728345e-06
field:cf_79ed78f34fef6f,subgroup:openEHR-EHR-COMPOSITION.hospitalisation.v1::Problem/Diagnosis::structure,date of discharge,structure,field,canonical_subgroup,15.81184085488952,0.8854166666666666,4.1593893409761115e-05
field:cf_be52992cb12705,subgroup:openEHR-EHR-COMPOSITION.hospitalisation.v1::Problem/Diagnosis::structure,hospital infection,structure,field,canonical_subgroup,21.851154150133794,0.13541666666666666,1.504502553564938e-07
field:cf_1285e1e2c004f2,subgroup:openEHR-EHR-COMPOSITION.hospitalisation.v1::Problem/Diagnosis::structure,claim reason,structure,field,canonical_subgroup,16.63082661538435,0.39375,1.1132180277768384e-05
field:cf_80f721f9446bd3,subgroup:openEHR-EHR-COMPOSITION.hospitalisation.v1::Problem/Diagnosis::structure,death indicator,structure,field,canonical_subgroup,18.071626591078676,0.39375,4.556451100821983e-06
group:openEHR-EHR-COMPOSITION.hospitalisation.v1::Authorization_for_hospital_admission,subgroup:openEHR-EHR-COMPOSITION.hospitalisation.v1::Problem/Diagnosis::structure,Authorization for hospital admission,structure,canonical_group,canonical_subgroup,8.763439475941237,0.02,6.989621689758881e-05
subgroup:openEHR-EHR-COMPOSITION.hospitalisation.v1::Authorization_for_hospital_admission::Components,subgroup:openEHR-EHR-COMPOSITION.hospitalisation.v1::Problem/Diagnosis::structure,Components,structure,canonical_subgroup,canonical_subgroup,9.763439475941237,0.02,4.4650333793150436e-05
field:cf_ba8421601b1980,subgroup:openEHR-EHR-COMPOSITION.hospitalisation.v1::Problem/Diagnosis::structure,Issue date,structure,field,canonical_subgroup,11.45131625375713,0.9270833333333334,0.0006503194667137998
field:cf_ba09c313b94cba,subgroup:openEHR-EHR-COMPOSITION.hospitalisation.v1::Problem/Diagnosis::structure,ICU - Total,structure,field,canonical_subgroup,12.217188217358476,0.39375,0.00017179395881278522
group:openEHR-EHR-COMPOSITION.hospitalisation.v1::Patient_admission,subgroup:openEHR-EHR-COMPOSITION.hospitalisation.v1::Problem/Diagnosis::structure,Patient admission,structure,canonical_group,canonical_subgroup,11.096051393342764,0.02,1.645767835072126e-05
subgroup:openEHR-EHR-COMPOSITION.hospitalisation.v1::Patient_admission::Tree,subgroup:openEHR-EHR-COMPOSITION.hospitalisation.v1::Problem/Diagnosis::structure,Tree,structure,canonical_subgroup,canonical_subgroup,14.792536064435138,0.02,1.9755007256595286e-06
field:cf_3db72fcc22b158,subgroup:openEHR-EHR-COMPOSITION.hospitalisation.v1::Problem/Diagnosis::structure,Patient class,structure,field,canonical_subgroup,23.339471499357597,0.13541666666666666,5.979223146110961e-08
subgroup:openEHR-EHR-COMPOSITION.hospitalisation.v1::Patient_admission::Tree_/_Assigned_patient_location_/_Facility,subgroup:openEHR-EHR-COMPOSITION.hospitalisation.v1::Problem/Diagnosis::structure,Tree / Assigned patient location / Facility,structure,canonical_subgroup,canonical_subgroup,13.412123688344153,0.02,4.649118219374818e-06
field:cf_9449e602105d68,subgroup:openEHR-EHR-COMPOSITION.hospitalisation.v1::Problem/Diagnosis::structure,Universal ID,structure,field,canonical_subgroup,14.412123688344153,0.7395833333333334,8.274856123903841e-05
subgroup:openEHR-EHR-COMPOSITION.hospitalisation.v1::Patient_admission::Tree_/_Assigned_patient_location_/_Address,subgroup:openEHR-EHR-COMPOSITION.hospitalisation.v1::Problem/Diagnosis::structure,Tree / Assigned patient location / Address,structure,canonical_subgroup,canonical_subgroup,14.455055881311539,0.02,2.4352748179211414e-06
field:cf_1d8359b2d21168,subgroup:openEHR-EHR-COMPOSITION.hospitalisation.v1::Problem/Diagnosis::structure,State/province,structure,field,canonical_subgroup,15.455055881311539,0.4875,2.857099360377917e-05
field:cf_10f7d6c8e1d5c5,subgroup:openEHR-EHR-COMPOSITION.hospitalisation.v1::Problem/Diagnosis::structure,Admission type,structure,field,canonical_subgroup,19.559943940302478,0.39375,1.810833608863111e-06
field:cf_2a67f6f1c22886,subgroup:openEHR-EHR-COMPOSITION.hospitalisation.v1::Problem/Diagnosis::structure,Hospital service,structure,field,canonical_subgroup,17.71857254370876,0.59375,8.552124466808141e-06
field:cf_22f759c45e42f4,subgroup:openEHR-EHR-COMPOSITION.hospitalisation.v1::Problem/Diagnosis::structure,Admit date/time,structure,field,canonical_subgroup,17.373228962571346,0.9583333333333334,1.7099172273070765e-05
group:openEHR-EHR-COMPOSITION.hospitalisation.v1::Problem/Diagnosis,subgroup:openEHR-EHR-COMPOSITION.hospitalisation.v1::Problem/Diagnosis::structure,Problem/Diagnosis,structure,canonical_group,canonical_subgroup,1.0,0.02,0.008607111001514792
subgroup:openEHR-EHR-COMPOSITION.hospitalisation.v1::Problem/Diagnosis::structure,subgroup:openEHR-EHR-COMPOSITION.hospitalisation.v1::Problem/Diagnosis::structure,structure,structure,canonical_subgroup,canonical_subgroup,0.0,0.02,0.02
field:cf_2db2fd852fb674,subgroup:openEHR-EHR-COMPOSITION.hospitalisation.v1::Problem/Diagnosis::structure,Problem,structure,field,canonical_subgroup,2.0391891262689406,0.9583333333333334,0.23006904896941646
field:cf_49398dcbba5447,subgroup:openEHR-EHR-COMPOSITION.hospitalisation.v1::Problem/Diagnosis::structure,Secondary Diagnosis,structure,field,canonical_subgroup,1.9622887448701054,1.0815217391304348,0.27232232818130603
group:openEHR-EHR-COMPOSITION.hospitalisation.v1::Procedure_undertaken,subgroup:openEHR-EHR-COMPOSITION.hospitalisation.v1::Problem/Diagnosis::structure,Procedure undertaken,structure,canonical_group,canonical_subgroup,9.20671775782019,0.02,5.310010955207746e-05
subgroup:openEHR-EHR-COMPOSITION.hospitalisation.v1::Procedure_undertaken::Procedure_list,subgroup:openEHR-EHR-COMPOSITION.hospitalisation.v1::Problem/Diagnosis::structure,Procedure list,structure,canonical_subgroup,canonical_subgroup,10.20671775782019,0.02,3.3920828925934384e-05
field:cf_18704e514938d4,subgroup:openEHR-EHR-COMPOSITION.hospitalisation.v1::Problem/Diagnosis::structure,Procedure,structure,field,canonical_subgroup,11.20671775782019,0.6770833333333334,0.0005527278226270332
family:openEHR-EHR-COMPOSITION.demographic_data.v1,subgroup:openEHR-EHR-COMPOSITION.hospitalisation.v1::Problem/Diagnosis::structure,openEHR-EHR-COMPOSITION.demographic_data.v1,structure,composition_family,canonical_subgroup,9.220159760126377,0.02,5.265940999410389e-05
group:openEHR-EHR-COMPOSITION.demographic_data.v1::Demographic_data,subgroup:openEHR-EHR-COMPOSITION.hospitalisation.v1::Problem/Diagnosis::structure,Demographic data,structure,canonical_group,canonical_subgroup,10.220159760126377,0.02,2.8327836693345594e-05
subgroup:openEHR-EHR-COMPOSITION.demographic_data.v1::Demographic_data::components,subgroup:openEHR-EHR-COMPOSITION.hospitalisation.v1::Problem/Diagnosis::structure,components,structure,canonical_subgroup,canonical_subgroup,11.220159760126377,0.02,1.809607758670226e-05
field:cf_7f3b6795a0e812,subgroup:openEHR-EHR-COMPOSITION.hospitalisation.v1::Problem/Diagnosis::structure,birth date,structure,field,canonical_subgroup,14.204868524165843,1.09375,0.00013915456617105085
field:cf_e7551706658b4a,subgroup:openEHR-EHR-COMPOSITION.hospitalisation.v1::Problem/Diagnosis::structure,gender,structure,field,canonical_subgroup,15.344018564127857,0.39375,2.47211964096002e-05
field:cf_19e1b0f55ef007,subgroup:openEHR-EHR-COMPOSITION.hospitalisation.v1::Problem/Diagnosis::structure,race,structure,field,canonical_subgroup,22.00347525346328,0.1846590909090909,1.8667111863348874e-07
field:cf_4122372d727029,subgroup:openEHR-EHR-COMPOSITION.hospitalisation.v1::Problem/Diagnosis::structure,ethnic group,structure,field,canonical_subgroup,26.00347525346328,0.1846590909090909,1.5632441599271845e-08
field:cf_7ab0248b87b82e,subgroup:openEHR-EHR-COMPOSITION.hospitalisation.v1::Problem/Diagnosis::structure,educational level,structure,field,canonical_subgroup,17.211832432756555,0.39375,7.764922154048226e-06
field:cf_eee397355aecbe,subgroup:openEHR-EHR-COMPOSITION.hospitalisation.v1::Problem/Diagnosis::structure,nationality,structure,field,canonical_subgroup,18.54571493912143,0.39375,3.3960373864974875e-06
schema:root,field:cf_2db2fd852fb674,EHR Schema,Problem,root,field,8.682710550237195,0.02,7.807641931663253e-05
family:openEHR-EHR-COMPOSITION.outpatient_high_complexity_procedures.v1,field:cf_2db2fd852fb674,openEHR-EHR-COMPOSITION.outpatient_high_complexity_procedures.v1,Problem,composition_family,field,13.797203809531958,0.02,3.276259125918822e-06
group:openEHR-EHR-COMPOSITION.outpatient_high_complexity_procedures.v1::HCPA,field:cf_2db2fd852fb674,HCPA,Problem,canonical_group,field,26.595791040877153,0.02,1.1727289357816768e-09
subgroup:openEHR-EHR-COMPOSITION.outpatient_high_complexity_procedures.v1::HCPA::components_/_General_data,field:cf_2db2fd852fb674,components / General data,Problem,canonical_subgroup,field,30.34807184600514,0.02,1.1451142921443474e-10
field:cf_5cd62eaa6e16a8,field:cf_2db2fd852fb674,issue date,Problem,field,field,35.24067147878603,0.5096153846153846,1.5702617624161727e-10
field:cf_775d9002cb4e7b,field:cf_2db2fd852fb674,reason for encounter,Problem,field,field,35.144648697089224,0.425,1.389868770953618e-10
field:cf_b87e8363f020f7,field:cf_2db2fd852fb674,healthcare unit,Problem,field,field,35.498518182324595,0.425,1.1160662795283166e-10
field:cf_8b431261fa7dca,field:cf_2db2fd852fb674,State,Problem,field,field,36.43427248624319,0.425,6.247789224033079e-11
field:cf_16800b2d3f5ef6,field:cf_2db2fd852fb674,patient age,Problem,field,field,34.7213079684546,0.49038461538461536,2.0850262157939668e-10
group:openEHR-EHR-COMPOSITION.outpatient_high_complexity_procedures.v1::Patient_discharge,field:cf_2db2fd852fb674,Patient discharge,Problem,canonical_group,field,18.93675003846742,0.02,1.3536013296592288e-07
subgroup:openEHR-EHR-COMPOSITION.outpatient_high_complexity_procedures.v1::Patient_discharge::Components,field:cf_2db2fd852fb674,Components,Problem,canonical_subgroup,field,19.93675003846742,0.02,7.281623060109368e-08
field:cf_469c691048a0ce,field:cf_2db2fd852fb674,date of discharge,Problem,field,field,21.900129733817632,0.4168269230769231,5.021043224149651e-07
field:cf_49533263f29569,field:cf_2db2fd852fb674,reason for discharge,Problem,field,field,21.97476236613691,0.39375,4.528589854893585e-07
group:openEHR-EHR-COMPOSITION.outpatient_high_complexity_procedures.v1::Problem/Diagnosis,field:cf_2db2fd852fb674,Problem/Diagnosis,Problem,canonical_group,field,23.79190811559814,0.02,6.670807188353596e-09
subgroup:openEHR-EHR-COMPOSITION.outpatient_high_complexity_procedures.v1::Problem/Diagnosis::structure,field:cf_2db2fd852fb674,structure,Problem,canonical_subgroup,field,28.435221430896878,0.02,3.748934655891979e-10
field:cf_bd9db9ae67063d,field:cf_2db2fd852fb674,Problem,Problem,field,field,32.20889868446026,0.425,8.579488884289337e-10
field:cf_4e7e8ca2916a1e,field:cf_2db2fd852fb674,Secondary Diagnosis,Problem,field,field,31.73623370709781,0.425,1.1500915341267717e-09
field:cf_0a229c157b8d2a,field:cf_2db2fd852fb674,Associated causes,Problem,field,field,32.002484940142566,0.425,9.750814915624998e-10
group:openEHR-EHR-COMPOSITION.outpatient_high_complexity_procedures.v1::Procedure_undertaken,field:cf_2db2fd852fb674,Procedure undertaken,Problem,canonical_group,field,28.804573601013352,0.02,2.981639635278537e-10
subgroup:openEHR-EHR-COMPOSITION.outpatient_high_complexity_procedures.v1::Procedure_undertaken::Procedure_list,field:cf_2db2fd852fb674,Procedure list,Problem,canonical_subgroup,field,29.804573601013352,0.02,1.6039564567099014e-10
field:cf_0b6364bb149692,field:cf_2db2fd852fb674,Procedure,Problem,field,field,33.531948912329455,0.39375,3.4998153888673597e-10
field:cf_af0c9a7d79fe64,field:cf_2db2fd852fb674,Invaded regional linphonodes,Problem,field,field,35.025346607373564,0.23173076923076924,8.160037571619744e-11
field:cf_e5c01940113606,field:cf_2db2fd852fb674,irradiated area 1,Problem,field,field,38.79261134671497,0.1610576923076923,5.486640545403487e-12
field:cf_fc5be63ab59287,field:cf_2db2fd852fb674,irradiated area 2,Problem,field,field,33.94731157817424,0.31490384615384615,2.1635199894086874e-10
field:cf_821e1930333a5c,field:cf_2db2fd852fb674,irradiated area 3,Problem,field,field,42.79261134671497,0.10336538461538461,2.948830747506203e-13
field:cf_c9b3a708f95249,field:cf_2db2fd852fb674,fields/insertions 1,Problem,field,field,37.17168888779633,0.1923076923076923,1.789680285640706e-11
field:cf_bbec72e0a270f7,field:cf_2db2fd852fb674,fields/insertions 2,Problem,field,field,35.58608518429899,0.23557692307692307,5.859428848373319e-11
family:openEHR-EHR-COMPOSITION.hospitalisation.v1,field:cf_2db2fd852fb674,openEHR-EHR-COMPOSITION.hospitalisation.v1,Problem,composition_family,field,6.281027198267976,0.02,0.0003461013876806637
group:openEHR-EHR-COMPOSITION.hospitalisation.v1::Patient_discharge,field:cf_2db2fd852fb674,Patient discharge,Problem,canonical_group,field,14.407010878075507,0.02,2.2448122302996648e-06
subgroup:openEHR-EHR-COMPOSITION.hospitalisation.v1::Patient_discharge::Components,field:cf_2db2fd852fb674,Components,Problem,canonical_subgroup,field,15.407010878075507,0.02,1.2075842527342013e-06
field:cf_79ed78f34fef6f,field:cf_2db2fd852fb674,date of discharge,Problem,field,field,17.85102998115846,0.8854166666666666,1.312976434443168e-05
field:cf_be52992cb12705,field:cf_2db2fd852fb674,hospital infection,Problem,field,field,23.89034327640274,0.13541666666666666,4.7491981068710317e-08
field:cf_1285e1e2c004f2,field:cf_2db2fd852fb674,claim reason,Problem,field,field,18.67001574165329,0.39375,3.5140471762743868e-06
field:cf_80f721f9446bd3,field:cf_2db2fd852fb674,death indicator,Problem,field,field,20.11081571734762,0.39375,1.4383152019781658e-06
group:openEHR-EHR-COMPOSITION.hospitalisation.v1::Authorization_for_hospital_admission,field:cf_2db2fd852fb674,Authorization for hospital admission,Problem,canonical_group,field,10.802628602210177,0.02,2.0975160193289106e-05
subgroup:openEHR-EHR-COMPOSITION.hospitalisation.v1::Authorization_for_hospital_admission::Components,field:cf_2db2fd852fb674,Components,Problem,canonical_subgroup,field,11.802628602210177,0.02,1.128347075363711e-05
field:cf_ba8421601b1980,field:cf_2db2fd852fb674,Issue date,Problem,field,field,13.49050538002607,0.9270833333333334,0.0002052835319461793
field:cf_ba09c313b94cba,field:cf_2db2fd852fb674,ICU - Total,Problem,field,field,14.256377343627417,0.39375,5.4229455578677185e-05
group:openEHR-EHR-COMPOSITION.hospitalisation.v1::Patient_admission,field:cf_2db2fd852fb674,Patient admission,Problem,canonical_group,field,13.135240519611704,0.02,4.938785747471731e-06
subgroup:openEHR-EHR-COMPOSITION.hospitalisation.v1::Patient_admission::Tree,field:cf_2db2fd852fb674,Tree,Problem,canonical_subgroup,field,16.831725190704077,0.02,4.992236959533696e-07
field:cf_3db72fcc22b158,field:cf_2db2fd852fb674,Patient class,Problem,field,field,25.378660625626537,0.13541666666666666,1.887435496788213e-08
subgroup:openEHR-EHR-COMPOSITION.hospitalisation.v1::Patient_admission::Tree_/_Assigned_patient_location_/_Facility,field:cf_2db2fd852fb674,Tree / Assigned patient location / Facility,Problem,canonical_subgroup,field,15.451312814613093,0.02,1.1748666807629683e-06
field:cf_9449e602105d68,field:cf_2db2fd852fb674,Universal ID,Problem,field,field,16.451312814613093,0.7395833333333334,2.6120880250522037e-05
subgroup:openEHR-EHR-COMPOSITION.hospitalisation.v1::Patient_admission::Tree_/_Assigned_patient_location_/_Address,field:cf_2db2fd852fb674,Tree / Assigned patient location / Address,Problem,canonical_subgroup,field,16.49424500758048,0.02,6.154120216072701e-07
field:cf_1d8359b2d21168,field:cf_2db2fd852fb674,State/province,Problem,field,field,17.49424500758048,0.4875,9.018881916350031e-06
field:cf_10f7d6c8e1d5c5,field:cf_2db2fd852fb674,Admission type,Problem,field,field,21.59913306657142,0.39375,5.716180093342689e-07
field:cf_2a67f6f1c22886,field:cf_2db2fd852fb674,Hospital service,Problem,field,field,19.757761669977697,0.59375,2.6996121230403615e-06
field:cf_22f759c45e42f4,field:cf_2db2fd852fb674,Admit date/time,Problem,field,field,19.412418088840287,0.9583333333333334,5.397621718614408e-06
group:openEHR-EHR-COMPOSITION.hospitalisation.v1::Problem/Diagnosis,field:cf_2db2fd852fb674,Problem/Diagnosis,Problem,canonical_group,field,3.0391891262689406,0.02,0.002582908490207882
subgroup:openEHR-EHR-COMPOSITION.hospitalisation.v1::Problem/Diagnosis::structure,field:cf_2db2fd852fb674,structure,Problem,canonical_subgroup,field,2.0391891262689406,0.02,0.00480144102197043
field:cf_2db2fd852fb674,field:cf_2db2fd852fb674,Problem,Problem,field,field,0.0,0.9583333333333334,0.9583333333333334
field:cf_49398dcbba5447,field:cf_2db2fd852fb674,Secondary Diagnosis,Problem,field,field,0.980461811722913,1.0815217391304348,0.559444724516638
group:openEHR-EHR-COMPOSITION.hospitalisation.v1::Procedure_undertaken,field:cf_2db2fd852fb674,Procedure undertaken,Problem,canonical_group,field,11.24590688408913,0.02,1.593481526715429e-05
subgroup:openEHR-EHR-COMPOSITION.hospitalisation.v1::Procedure_undertaken::Procedure_list,field:cf_2db2fd852fb674,Procedure list,Problem,canonical_subgroup,field,12.24590688408913,0.02,8.572045237064346e-06
field:cf_18704e514938d4,field:cf_2db2fd852fb674,Procedure,Problem,field,field,13.24590688408913,0.6770833333333334,0.00017447719996322098
family:openEHR-EHR-COMPOSITION.demographic_data.v1,field:cf_2db2fd852fb674,openEHR-EHR-COMPOSITION.demographic_data.v1,Problem,composition_family,field,11.259348886395317,0.02,1.580256570865313e-05
group:openEHR-EHR-COMPOSITION.demographic_data.v1::Demographic_data,field:cf_2db2fd852fb674,Demographic data,Problem,canonical_group,field,12.259348886395317,0.02,8.500902322694295e-06
subgroup:openEHR-EHR-COMPOSITION.demographic_data.v1::Demographic_data::components,field:cf_2db2fd852fb674,components,Problem,canonical_subgroup,field,13.259348886395317,0.02,4.573013119029044e-06
field:cf_7f3b6795a0e812,field:cf_2db2fd852fb674,birth date,Problem,field,field,16.244057650434783,1.09375,4.3926319743098534e-05
field:cf_e7551706658b4a,field:cf_2db2fd852fb674,gender,Problem,field,field,17.383207690396798,0.39375,7.803633095195881e-06
field:cf_19e1b0f55ef007,field:cf_2db2fd852fb674,race,Problem,field,field,24.04266437973222,0.1846590909090909,5.892566424171237e-08
field:cf_4122372d727029,field:cf_2db2fd852fb674,ethnic group,Problem,field,field,28.04266437973222,0.1846590909090909,4.934625193763712e-09
field:cf_7ab0248b87b82e,field:cf_2db2fd852fb674,educational level,Problem,field,field,19.251021559025496,0.39375,2.4511193754125586e-06
field:cf_eee397355aecbe,field:cf_2db2fd852fb674,nationality,Problem,field,field,20.584904065390372,0.39375,1.072012426206961e-06
schema:root,field:cf_49398dcbba5447,EHR Schema,Secondary Diagnosis,root,field,8.60581016883836,0.02,8.188913484298254e-05
family:openEHR-EHR-COMPOSITION.outpatient_high_complexity_procedures.v1,field:cf_49398dcbba5447,openEHR-EHR-COMPOSITION.outpatient_high_complexity_procedures.v1,Secondary Diagnosis,composition_family,field,13.720303428133125,0.02,3.4362490966048315e-06
group:openEHR-EHR-COMPOSITION.outpatient_high_complexity_procedures.v1::HCPA,field:cf_49398dcbba5447,HCPA,Secondary Diagnosis,canonical_group,field,26.518890659478316,0.02,1.229996954228089e-09
subgroup:openEHR-EHR-COMPOSITION.outpatient_high_complexity_procedures.v1::HCPA::components_/_General_data,field:cf_49398dcbba5447,components / General data,Secondary Diagnosis,canonical_subgroup,field,30.271171464606304,0.02,1.2010338012524444e-10
field:cf_5cd62eaa6e16a8,field:cf_49398dcbba5447,issue date,Secondary Diagnosis,field,field,35.16377109738719,0.5096153846153846,1.6469425509871523e-10
field:cf_775d9002cb4e7b,field:cf_49398dcbba5447,reason for encounter,Secondary Diagnosis,field,field,35.06774831569039,0.425,1.4577404060642592e-10
field:cf_b87e8363f020f7,field:cf_49398dcbba5447,healthcare unit,Secondary Diagnosis,field,field,35.42161780092576,0.425,1.1705672834119197e-10
field:cf_8b431261fa7dca,field:cf_49398dcbba5447,State,Secondary Diagnosis,field,field,36.35737210484435,0.425,6.552888294768235e-11
field:cf_16800b2d3f5ef6,field:cf_49398dcbba5447,patient age,Secondary Diagnosis,field,field,34.64440758705577,0.49038461538461536,2.1868445611456677e-10
group:openEHR-EHR-COMPOSITION.outpatient_high_complexity_procedures.v1::Patient_discharge,field:cf_49398dcbba5447,Patient discharge,Secondary Diagnosis,canonical_group,field,18.859849657068587,0.02,1.419701912283926e-07
subgroup:openEHR-EHR-COMPOSITION.outpatient_high_complexity_procedures.v1::Patient_discharge::Components,field:cf_49398dcbba5447,Components,Secondary Diagnosis,canonical_subgroup,field,19.859849657068587,0.02,7.63720746755661e-08
field:cf_469c691048a0ce,field:cf_49398dcbba5447,date of discharge,Secondary Diagnosis,field,field,21.8232293524188,0.4168269230769231,5.266236454407215e-07
field:cf_49533263f29569,field:cf_49398dcbba5447,reason for discharge,Secondary Diagnosis,field,field,21.89786198473808,0.39375,4.7497350483251917e-07
group:openEHR-EHR-COMPOSITION.outpatient_high_complexity_procedures.v1::Problem/Diagnosis,field:cf_49398dcbba5447,Problem/Diagnosis,Secondary Diagnosis,canonical_group,field,23.715007734199304,0.02,6.996563548121825e-09
subgroup:openEHR-EHR-COMPOSITION.outpatient_high_complexity_procedures.v1::Problem/Diagnosis::structure,field:cf_49398dcbba5447,structure,Secondary Diagnosis,canonical_subgroup,field,28.35832104949804,0.02,3.9320068497105033e-10
field:cf_bd9db9ae67063d,field:cf_49398dcbba5447,Problem,Secondary Diagnosis,field,field,32.13199830306142,0.425,8.998452135467933e-10
field:cf_4e7e8ca2916a1e,field:cf_49398dcbba5447,Secondary Diagnosis,Secondary Diagnosis,field,field,31.659333325698974,0.425,1.206254097513624e-09
field:cf_0a229c157b8d2a,field:cf_49398dcbba5447,Associated causes,Secondary Diagnosis,field,field,31.92558455874373,0.425,1.0226977677042154e-09
group:openEHR-EHR-COMPOSITION.outpatient_high_complexity_procedures.v1::Procedure_undertaken,field:cf_49398dcbba5447,Procedure undertaken,Secondary Diagnosis,canonical_group,field,28.72767321961452,0.02,3.127242415617431e-10
subgroup:openEHR-EHR-COMPOSITION.outpatient_high_complexity_procedures.v1::Procedure_undertaken::Procedure_list,field:cf_49398dcbba5447,Procedure list,Secondary Diagnosis,canonical_subgroup,field,29.72767321961452,0.02,1.682282662491529e-10
field:cf_0b6364bb149692,field:cf_49398dcbba5447,Procedure,Secondary Diagnosis,field,field,33.455048530930625,0.39375,3.670722310435798e-10
field:cf_af0c9a7d79fe64,field:cf_49398dcbba5447,Invaded regional linphonodes,Secondary Diagnosis,field,field,34.94844622597473,0.23173076923076924,8.558517704510346e-11
field:cf_e5c01940113606,field:cf_49398dcbba5447,irradiated area 1,Secondary Diagnosis,field,field,38.715710965316134,0.1610576923076923,5.7545703477440115e-12
field:cf_fc5be63ab59287,field:cf_49398dcbba5447,irradiated area 2,Secondary Diagnosis,field,field,33.87041119677541,0.31490384615384615,2.269171431001235e-10
field:cf_821e1930333a5c,field:cf_49398dcbba5447,irradiated area 3,Secondary Diagnosis,field,field,42.715710965316134,0.10336538461538461,3.0928313673348344e-13
field:cf_c9b3a708f95249,field:cf_49398dcbba5447,fields/insertions 1,Secondary Diagnosis,field,field,37.09478850639749,0.1923076923076923,1.877075966333913e-11
field:cf_bbec72e0a270f7,field:cf_49398dcbba5447,fields/insertions 2,Secondary Diagnosis,field,field,35.50918480290015,0.23557692307692307,6.145563068426837e-11
family:openEHR-EHR-COMPOSITION.hospitalisation.v1,field:cf_49398dcbba5447,openEHR-EHR-COMPOSITION.hospitalisation.v1,Secondary Diagnosis,composition_family,field,6.204126816869141,0.02,0.00036300259992952323
group:openEHR-EHR-COMPOSITION.hospitalisation.v1::Patient_discharge,field:cf_49398dcbba5447,Patient discharge,Secondary Diagnosis,canonical_group,field,14.33011049667667,0.02,2.354433426034764e-06
subgroup:openEHR-EHR-COMPOSITION.hospitalisation.v1::Patient_discharge::Components,field:cf_49398dcbba5447,Components,Secondary Diagnosis,canonical_subgroup,field,15.33011049667667,0.02,1.2665543652223724e-06
field:cf_79ed78f34fef6f,field:cf_49398dcbba5447,date of discharge,Secondary Diagnosis,field,field,17.774129599759625,0.8854166666666666,1.3770931764908773e-05
field:cf_be52992cb12705,field:cf_49398dcbba5447,hospital infection,Secondary Diagnosis,field,field,23.813442895003902,0.13541666666666666,4.9811162905975046e-08
field:cf_1285e1e2c004f2,field:cf_49398dcbba5447,claim reason,Secondary Diagnosis,field,field,18.593115360254455,0.39375,3.685649080493041e-06
field:cf_80f721f9446bd3,field:cf_49398dcbba5447,death indicator,Secondary Diagnosis,field,field,20.033915335948784,0.39375,1.508552627699857e-06
group:openEHR-EHR-COMPOSITION.hospitalisation.v1::Authorization_for_hospital_admission,field:cf_49398dcbba5447,Authorization for hospital admission,Secondary Diagnosis,canonical_group,field,10.725728220811341,0.02,2.199944280815022e-05
subgroup:openEHR-EHR-COMPOSITION.hospitalisation.v1::Authorization_for_hospital_admission::Components,field:cf_49398dcbba5447,Components,Secondary Diagnosis,canonical_subgroup,field,11.725728220811341,0.02,1.1834477888826576e-05
field:cf_ba8421601b1980,field:cf_49398dcbba5447,Issue date,Secondary Diagnosis,field,field,13.413604998627234,0.9270833333333334,0.00021530816827563322
field:cf_ba09c313b94cba,field:cf_49398dcbba5447,ICU - Total,Secondary Diagnosis,field,field,14.17947696222858,0.39375,5.687764934934479e-05
group:openEHR-EHR-COMPOSITION.hospitalisation.v1::Patient_admission,field:cf_49398dcbba5447,Patient admission,Secondary Diagnosis,canonical_group,field,13.05834013821287,0.02,5.1799620881071455e-06
subgroup:openEHR-EHR-COMPOSITION.hospitalisation.v1::Patient_admission::Tree,field:cf_49398dcbba5447,Tree,Secondary Diagnosis,canonical_subgroup,field,16.754824809305244,0.02,5.236023489877012e-07
field:cf_3db72fcc22b158,field:cf_49398dcbba5447,Patient class,Secondary Diagnosis,field,field,25.3017602442277,0.13541666666666666,1.9796048699046338e-08
subgroup:openEHR-EHR-COMPOSITION.hospitalisation.v1::Patient_admission::Tree_/_Assigned_patient_location_/_Facility,field:cf_49398dcbba5447,Tree / Assigned patient location / Facility,Secondary Diagnosis,canonical_subgroup,field,15.37441243321426,0.02,1.2322390919767834e-06
field:cf_9449e602105d68,field:cf_49398dcbba5447,Universal ID,Secondary Diagnosis,field,field,16.37441243321426,0.7395833333333334,2.739644445498702e-05
subgroup:openEHR-EHR-COMPOSITION.hospitalisation.v1::Patient_admission::Tree_/_Assigned_patient_location_/_Address,field:cf_49398dcbba5447,Tree / Assigned patient location / Address,Secondary Diagnosis,canonical_subgroup,field,16.417344626181645,0.02,6.45464513645474e-07
field:cf_1d8359b2d21168,field:cf_49398dcbba5447,State/province,Secondary Diagnosis,field,field,17.417344626181645,0.4875,9.459302102287799e-06
field:cf_10f7d6c8e1d5c5,field:cf_49398dcbba5447,Admission type,Secondary Diagnosis,field,field,21.522232685172582,0.39375,5.995319029068171e-07
field:cf_2a67f6f1c22886,field:cf_49398dcbba5447,Hospital service,Secondary Diagnosis,field,field,19.680861288578864,0.59375,2.83144261868459e-06
field:cf_22f759c45e42f4,field:cf_49398dcbba5447,Admit date/time,Secondary Diagnosis,field,field,19.335517707441454,0.9583333333333334,5.66120445347916e-06
group:openEHR-EHR-COMPOSITION.hospitalisation.v1::Problem/Diagnosis,field:cf_49398dcbba5447,Problem/Diagnosis,Secondary Diagnosis,canonical_group,field,2.962288744870105,0.02,0.0027090399827884998
subgroup:openEHR-EHR-COMPOSITION.hospitalisation.v1::Problem/Diagnosis::structure,field:cf_49398dcbba5447,structure,Secondary Diagnosis,canonical_subgroup,field,1.9622887448701054,0.02,0.005035910390488473
field:cf_2db2fd852fb674,field:cf_49398dcbba5447,Problem,Secondary Diagnosis,field,field,0.980461811722913,0.9583333333333334,0.4957223773355134
field:cf_49398dcbba5447,field:cf_49398dcbba5447,Secondary Diagnosis,Secondary Diagnosis,field,field,0.0,1.0815217391304348,1.0815217391304348
group:openEHR-EHR-COMPOSITION.hospitalisation.v1::Procedure_undertaken,field:cf_49398dcbba5447,Procedure undertaken,Secondary Diagnosis,canonical_group,field,11.169006502690294,0.02,1.6712962089336446e-05
subgroup:openEHR-EHR-COMPOSITION.hospitalisation.v1::Procedure_undertaken::Procedure_list,field:cf_49398dcbba5447,Procedure list,Secondary Diagnosis,canonical_subgroup,field,12.169006502690294,0.02,8.990644991689217e-06
field:cf_18704e514938d4,field:cf_49398dcbba5447,Procedure,Secondary Diagnosis,field,field,13.169006502690294,0.6770833333333334,0.00018299746683913978
family:openEHR-EHR-COMPOSITION.demographic_data.v1,field:cf_49398dcbba5447,openEHR-EHR-COMPOSITION.demographic_data.v1,Secondary Diagnosis,composition_family,field,11.182448504996483,0.02,1.6574254371643758e-05
group:openEHR-EHR-COMPOSITION.demographic_data.v1::Demographic_data,field:cf_49398dcbba5447,Demographic data,Secondary Diagnosis,canonical_group,field,12.182448504996483,0.02,8.916027946504984e-06
subgroup:openEHR-EHR-COMPOSITION.demographic_data.v1::Demographic_data::components,field:cf_49398dcbba5447,components,Secondary Diagnosis,canonical_subgroup,field,13.182448504996483,0.02,4.796327639261019e-06
field:cf_7f3b6795a0e812,field:cf_49398dcbba5447,birth date,Secondary Diagnosis,field,field,16.167157269035947,1.09375,4.607137919594995e-05
field:cf_e7551706658b4a,field:cf_49398dcbba5447,gender,Secondary Diagnosis,field,field,17.306307308997965,0.39375,8.184708883819461e-06
field:cf_19e1b0f55ef007,field:cf_49398dcbba5447,race,Secondary Diagnosis,field,field,23.965763998333383,0.1846590909090909,6.180318855598395e-08
field:cf_4122372d727029,field:cf_49398dcbba5447,ethnic group,Secondary Diagnosis,field,field,27.965763998333383,0.1846590909090909,5.175598361560795e-09
field:cf_7ab0248b87b82e,field:cf_49398dcbba5447,educational level,Secondary Diagnosis,field,field,19.17412117762666,0.39375,2.5708151937066016e-06
field:cf_eee397355aecbe,field:cf_49398dcbba5447,nationality,Secondary Diagnosis,field,field,20.508003683991536,0.39375,1.124362142774569e-06
schema:root,group:openEHR-EHR-COMPOSITION.hospitalisation.v1::Procedure_undertaken,EHR Schema,Procedure undertaken,root,canonical_group,7.366563037790373,0.02,0.00016618056161540748
family:openEHR-EHR-COMPOSITION.outpatient_high_complexity_procedures.v1,group:openEHR-EHR-COMPOSITION.hospitalisation.v1::Procedure_undertaken,openEHR-EHR-COMPOSITION.outpatient_high_complexity_procedures.v1,Procedure undertaken,composition_family,canonical_group,12.481056297085136,0.02,6.9733036723267205e-06
group:openEHR-EHR-COMPOSITION.outpatient_high_complexity_procedures.v1::HCPA,group:openEHR-EHR-COMPOSITION.hospitalisation.v1::Procedure_undertaken,HCPA,Procedure undertaken,canonical_group,canonical_group,25.279643528430327,0.02,2.964091417305433e-09
subgroup:openEHR-EHR-COMPOSITION.outpatient_high_complexity_procedures.v1::HCPA::components_/_General_data,group:openEHR-EHR-COMPOSITION.hospitalisation.v1::Procedure_undertaken,components / General data,Procedure undertaken,canonical_subgroup,canonical_group,29.031924333558315,0.02,2.4373010167211844e-10
field:cf_5cd62eaa6e16a8,group:openEHR-EHR-COMPOSITION.hospitalisation.v1::Procedure_undertaken,issue date,Procedure undertaken,field,canonical_group,33.9245239663392,0.5096153846153846,3.1772884860815027e-10
field:cf_775d9002cb4e7b,group:openEHR-EHR-COMPOSITION.hospitalisation.v1::Procedure_undertaken,reason for encounter,Procedure undertaken,field,canonical_group,33.8285011846424,0.425,2.812278913497983e-10
field:cf_b87e8363f020f7,group:openEHR-EHR-COMPOSITION.hospitalisation.v1::Procedure_undertaken,healthcare unit,Procedure undertaken,field,canonical_group,34.18237066987777,0.425,2.2582633192269722e-10
field:cf_8b431261fa7dca,group:openEHR-EHR-COMPOSITION.hospitalisation.v1::Procedure_undertaken,State,Procedure undertaken,field,canonical_group,35.11812497379636,0.425,1.2641859618640526e-10
field:cf_16800b2d3f5ef6,group:openEHR-EHR-COMPOSITION.hospitalisation.v1::Procedure_undertaken,patient age,Procedure undertaken,field,canonical_group,33.40516045600778,0.49038461538461536,4.218869711522964e-10
group:openEHR-EHR-COMPOSITION.outpatient_high_complexity_procedures.v1::Patient_discharge,group:openEHR-EHR-COMPOSITION.hospitalisation.v1::Procedure_undertaken,Patient discharge,Procedure undertaken,canonical_group,canonical_group,17.620602526020598,0.02,3.4212493281934963e-07
subgroup:openEHR-EHR-COMPOSITION.outpatient_high_complexity_procedures.v1::Patient_discharge::Components,group:openEHR-EHR-COMPOSITION.hospitalisation.v1::Procedure_undertaken,Components,Procedure undertaken,canonical_subgroup,canonical_group,18.620602526020598,0.02,1.549845933243124e-07
field:cf_469c691048a0ce,group:openEHR-EHR-COMPOSITION.hospitalisation.v1::Procedure_undertaken,date of discharge,Procedure undertaken,field,canonical_group,20.58398222137081,0.4168269230769231,1.0159645484623375e-06
field:cf_49533263f29569,group:openEHR-EHR-COMPOSITION.hospitalisation.v1::Procedure_undertaken,reason for discharge,Procedure undertaken,field,canonical_group,20.65861485369009,0.39375,9.163208802842509e-07
group:openEHR-EHR-COMPOSITION.outpatient_high_complexity_procedures.v1::Problem/Diagnosis,group:openEHR-EHR-COMPOSITION.hospitalisation.v1::Procedure_undertaken,Problem/Diagnosis,Procedure undertaken,canonical_group,canonical_group,22.475760603151315,0.02,1.6860573428521053e-08
subgroup:openEHR-EHR-COMPOSITION.outpatient_high_complexity_procedures.v1::Problem/Diagnosis::structure,group:openEHR-EHR-COMPOSITION.hospitalisation.v1::Procedure_undertaken,structure,Procedure undertaken,canonical_subgroup,canonical_group,27.119073918450052,0.02,7.979362681183796e-10
field:cf_bd9db9ae67063d,group:openEHR-EHR-COMPOSITION.hospitalisation.v1::Procedure_undertaken,Problem,Procedure undertaken,field,canonical_group,30.892751172013437,0.425,1.7359851650830725e-09
field:cf_4e7e8ca2916a1e,group:openEHR-EHR-COMPOSITION.hospitalisation.v1::Procedure_undertaken,Secondary Diagnosis,Procedure undertaken,field,canonical_group,30.420086194650985,0.425,2.3271104708670376e-09
field:cf_0a229c157b8d2a,group:openEHR-EHR-COMPOSITION.hospitalisation.v1::Procedure_undertaken,Associated causes,Procedure undertaken,field,canonical_group,30.68633742769574,0.425,1.9729928285113547e-09
group:openEHR-EHR-COMPOSITION.outpatient_high_complexity_procedures.v1::Procedure_undertaken,group:openEHR-EHR-COMPOSITION.hospitalisation.v1::Procedure_undertaken,Procedure undertaken,Procedure undertaken,canonical_group,canonical_group,27.48842608856653,0.02,7.536142566940218e-10
subgroup:openEHR-EHR-COMPOSITION.outpatient_high_complexity_procedures.v1::Procedure_undertaken::Procedure_list,group:openEHR-EHR-COMPOSITION.hospitalisation.v1::Procedure_undertaken,Procedure list,Procedure undertaken,canonical_subgroup,canonical_group,28.48842608856653,0.02,3.4139166103628954e-10
field:cf_0b6364bb149692,group:openEHR-EHR-COMPOSITION.hospitalisation.v1::Procedure_undertaken,Procedure,Procedure undertaken,field,canonical_group,32.215801399882636,0.39375,7.081572897342146e-10
field:cf_af0c9a7d79fe64,group:openEHR-EHR-COMPOSITION.hospitalisation.v1::Procedure_undertaken,Invaded regional linphonodes,Procedure undertaken,field,canonical_group,33.70919909492674,0.23173076923076924,1.6511128299020764e-10
field:cf_e5c01940113606,group:openEHR-EHR-COMPOSITION.hospitalisation.v1::Procedure_undertaken,irradiated area 1,Procedure undertaken,field,canonical_group,37.476463834268145,0.1610576923076923,1.1101741282520129e-11
field:cf_fc5be63ab59287,group:openEHR-EHR-COMPOSITION.hospitalisation.v1::Procedure_undertaken,irradiated area 2,Procedure undertaken,field,canonical_group,32.63116406572742,0.31490384615384615,4.377695054599118e-10
field:cf_821e1930333a5c,group:openEHR-EHR-COMPOSITION.hospitalisation.v1::Procedure_undertaken,irradiated area 3,Procedure undertaken,field,canonical_group,41.476463834268145,0.10336538461538461,5.966703262924767e-13
field:cf_c9b3a708f95249,group:openEHR-EHR-COMPOSITION.hospitalisation.v1::Procedure_undertaken,fields/insertions 1,Procedure undertaken,field,canonical_group,35.8555413753495,0.1923076923076923,3.621262837467095e-11
field:cf_bbec72e0a270f7,group:openEHR-EHR-COMPOSITION.hospitalisation.v1::Procedure_undertaken,fields/insertions 2,Procedure undertaken,field,canonical_group,34.26993767185216,0.23557692307692307,1.1856046081326015e-10
family:openEHR-EHR-COMPOSITION.hospitalisation.v1,group:openEHR-EHR-COMPOSITION.hospitalisation.v1::Procedure_undertaken,openEHR-EHR-COMPOSITION.hospitalisation.v1,Procedure undertaken,composition_family,canonical_group,4.9648796858211535,0.02,0.0007366542098632359
group:openEHR-EHR-COMPOSITION.hospitalisation.v1::Patient_discharge,group:openEHR-EHR-COMPOSITION.hospitalisation.v1::Procedure_undertaken,Patient discharge,Procedure undertaken,canonical_group,canonical_group,13.090863365628685,0.02,5.6737993429474175e-06
subgroup:openEHR-EHR-COMPOSITION.hospitalisation.v1::Patient_discharge::Components,group:openEHR-EHR-COMPOSITION.hospitalisation.v1::Procedure_undertaken,Components,Procedure undertaken,canonical_subgroup,canonical_group,14.090863365628685,0.02,2.5702642497405304e-06
field:cf_79ed78f34fef6f,group:openEHR-EHR-COMPOSITION.hospitalisation.v1::Procedure_undertaken,date of discharge,Procedure undertaken,field,canonical_group,16.534882468711636,0.8854166666666666,2.6566939395082717e-05
field:cf_be52992cb12705,group:openEHR-EHR-COMPOSITION.hospitalisation.v1::Procedure_undertaken,hospital infection,Procedure undertaken,field,canonical_group,22.574195763955913,0.13541666666666666,9.60959046717343e-08
field:cf_1285e1e2c004f2,group:openEHR-EHR-COMPOSITION.hospitalisation.v1::Procedure_undertaken,claim reason,Procedure undertaken,field,canonical_group,17.35386822920647,0.39375,7.110369684824985e-06
field:cf_80f721f9446bd3,group:openEHR-EHR-COMPOSITION.hospitalisation.v1::Procedure_undertaken,death indicator,Procedure undertaken,field,canonical_group,18.794668204900795,0.39375,2.9103060648750785e-06
group:openEHR-EHR-COMPOSITION.hospitalisation.v1::Authorization_for_hospital_admission,group:openEHR-EHR-COMPOSITION.hospitalisation.v1::Procedure_undertaken,Authorization for hospital admission,Procedure undertaken,canonical_group,canonical_group,9.486481089763355,0.02,5.301505779261266e-05
subgroup:openEHR-EHR-COMPOSITION.hospitalisation.v1::Authorization_for_hospital_admission::Components,group:openEHR-EHR-COMPOSITION.hospitalisation.v1::Procedure_undertaken,Components,Procedure undertaken,canonical_subgroup,canonical_group,10.486481089763355,0.02,2.4016130903828367e-05
field:cf_ba8421601b1980,group:openEHR-EHR-COMPOSITION.hospitalisation.v1::Procedure_undertaken,Issue date,Procedure undertaken,field,canonical_group,12.174357867579248,0.9270833333333334,0.00041537342247392235
field:cf_ba09c313b94cba,group:openEHR-EHR-COMPOSITION.hospitalisation.v1::Procedure_undertaken,ICU - Total,Procedure undertaken,field,canonical_group,12.940229831180595,0.39375,0.00010972859999563098
group:openEHR-EHR-COMPOSITION.hospitalisation.v1::Patient_admission,group:openEHR-EHR-COMPOSITION.hospitalisation.v1::Procedure_undertaken,Patient admission,Procedure undertaken,canonical_group,canonical_group,11.81909300716488,0.02,1.2482861127864804e-05
subgroup:openEHR-EHR-COMPOSITION.hospitalisation.v1::Patient_admission::Tree,group:openEHR-EHR-COMPOSITION.hospitalisation.v1::Procedure_undertaken,Tree,Procedure undertaken,canonical_subgroup,canonical_group,15.515577678257255,0.02,1.062565047057394e-06
field:cf_3db72fcc22b158,group:openEHR-EHR-COMPOSITION.hospitalisation.v1::Procedure_undertaken,Patient class,Procedure undertaken,field,canonical_group,24.062513113179712,0.13541666666666666,3.819062028829638e-08
subgroup:openEHR-EHR-COMPOSITION.hospitalisation.v1::Patient_admission::Tree_/_Assigned_patient_location_/_Facility,group:openEHR-EHR-COMPOSITION.hospitalisation.v1::Procedure_undertaken,Tree / Assigned patient location / Facility,Procedure undertaken,canonical_subgroup,canonical_group,14.135165302166271,0.02,2.5006270336327763e-06
field:cf_9449e602105d68,group:openEHR-EHR-COMPOSITION.hospitalisation.v1::Procedure_undertaken,Universal ID,Procedure undertaken,field,canonical_group,15.135165302166271,0.7395833333333334,5.285333570028125e-05
subgroup:openEHR-EHR-COMPOSITION.hospitalisation.v1::Patient_admission::Tree_/_Assigned_patient_location_/_Address,group:openEHR-EHR-COMPOSITION.hospitalisation.v1::Procedure_undertaken,Tree / Assigned patient location / Address,Procedure undertaken,canonical_subgroup,canonical_group,15.178097495133656,0.02,1.3098643133315842e-06
field:cf_1d8359b2d21168,group:openEHR-EHR-COMPOSITION.hospitalisation.v1::Procedure_undertaken,State/province,Procedure undertaken,field,canonical_group,16.178097495133656,0.4875,1.8248925342265918e-05
field:cf_10f7d6c8e1d5c5,group:openEHR-EHR-COMPOSITION.hospitalisation.v1::Procedure_undertaken,Admission type,Procedure undertaken,field,canonical_group,20.282985554124593,0.39375,1.1566194649610581e-06
field:cf_2a67f6f1c22886,group:openEHR-EHR-COMPOSITION.hospitalisation.v1::Procedure_undertaken,Hospital service,Procedure undertaken,field,canonical_group,18.441614157530875,0.59375,5.462430991266053e-06
field:cf_22f759c45e42f4,group:openEHR-EHR-COMPOSITION.hospitalisation.v1::Procedure_undertaken,Admit date/time,Procedure undertaken,field,canonical_group,18.096270576393465,0.9583333333333334,1.0921619407192637e-05
group:openEHR-EHR-COMPOSITION.hospitalisation.v1::Problem/Diagnosis,group:openEHR-EHR-COMPOSITION.hospitalisation.v1::Procedure_undertaken,Problem/Diagnosis,Procedure undertaken,canonical_group,canonical_group,8.20671775782019,0.02,0.00011721727317237014
subgroup:openEHR-EHR-COMPOSITION.hospitalisation.v1::Problem/Diagnosis::structure,group:openEHR-EHR-COMPOSITION.hospitalisation.v1::Procedure_undertaken,structure,Procedure undertaken,canonical_subgroup,canonical_group,9.20671775782019,0.02,5.310010955207746e-05
field:cf_2db2fd852fb674,group:openEHR-EHR-COMPOSITION.hospitalisation.v1::Procedure_undertaken,Problem,Procedure undertaken,field,canonical_group,11.24590688408913,0.9583333333333334,0.000763543231551143
field:cf_49398dcbba5447,group:openEHR-EHR-COMPOSITION.hospitalisation.v1::Procedure_undertaken,Secondary Diagnosis,Procedure undertaken,field,canonical_group,11.169006502690296,1.0815217391304348,0.0009037715912440081
group:openEHR-EHR-COMPOSITION.hospitalisation.v1::Procedure_undertaken,group:openEHR-EHR-COMPOSITION.hospitalisation.v1::Procedure_undertaken,Procedure undertaken,Procedure undertaken,canonical_group,canonical_group,0.0,0.02,0.02
subgroup:openEHR-EHR-COMPOSITION.hospitalisation.v1::Procedure_undertaken::Procedure_list,group:openEHR-EHR-COMPOSITION.hospitalisation.v1::Procedure_undertaken,Procedure list,Procedure undertaken,canonical_subgroup,canonical_group,1.0,0.02,0.008607111001514792
field:cf_18704e514938d4,group:openEHR-EHR-COMPOSITION.hospitalisation.v1::Procedure_undertaken,Procedure,Procedure undertaken,field,canonical_group,2.0,0.6770833333333334,0.16654664626179735
family:openEHR-EHR-COMPOSITION.demographic_data.v1,group:openEHR-EHR-COMPOSITION.hospitalisation.v1::Procedure_undertaken,openEHR-EHR-COMPOSITION.demographic_data.v1,Procedure undertaken,composition_family,canonical_group,9.943201373948495,0.02,3.363472950492914e-05
group:openEHR-EHR-COMPOSITION.demographic_data.v1::Demographic_data,group:openEHR-EHR-COMPOSITION.hospitalisation.v1::Procedure_undertaken,Demographic data,Procedure undertaken,canonical_group,canonical_group,10.943201373948495,0.02,2.1486168581024002e-05
subgroup:openEHR-EHR-COMPOSITION.demographic_data.v1::Demographic_data::components,group:openEHR-EHR-COMPOSITION.hospitalisation.v1::Procedure_undertaken,components,Procedure undertaken,canonical_subgroup,canonical_group,11.943201373948495,0.02,9.733359893375428e-06
field:cf_7f3b6795a0e812,group:openEHR-EHR-COMPOSITION.hospitalisation.v1::Procedure_undertaken,birth date,Procedure undertaken,field,canonical_group,14.927910137987961,1.09375,8.888109823226497e-05
field:cf_e7551706658b4a,group:openEHR-EHR-COMPOSITION.hospitalisation.v1::Procedure_undertaken,gender,Procedure undertaken,field,canonical_group,16.067060177949976,0.39375,1.578997475224707e-05
field:cf_19e1b0f55ef007,group:openEHR-EHR-COMPOSITION.hospitalisation.v1::Procedure_undertaken,race,Procedure undertaken,field,canonical_group,22.726516867285397,0.1846590909090909,1.192309709190233e-07
field:cf_4122372d727029,group:openEHR-EHR-COMPOSITION.hospitalisation.v1::Procedure_undertaken,ethnic group,Procedure undertaken,field,canonical_group,26.726516867285397,0.1846590909090909,9.98478609524834e-09
field:cf_7ab0248b87b82e,group:openEHR-EHR-COMPOSITION.hospitalisation.v1::Procedure_undertaken,educational level,Procedure undertaken,field,canonical_group,17.934874046578674,0.39375,4.959627468433211e-06
field:cf_eee397355aecbe,group:openEHR-EHR-COMPOSITION.hospitalisation.v1::Procedure_undertaken,nationality,Procedure undertaken,field,canonical_group,19.26875655294355,0.39375,2.169124167860194e-06
schema:root,subgroup:openEHR-EHR-COMPOSITION.hospitalisation.v1::Procedure_undertaken::Procedure_list,EHR Schema,Procedure list,root,canonical_subgroup,8.366563037790373,0.02,8.939590875736753e-05
family:openEHR-EHR-COMPOSITION.outpatient_high_complexity_procedures.v1,subgroup:openEHR-EHR-COMPOSITION.hospitalisation.v1::Procedure_undertaken::Procedure_list,openEHR-EHR-COMPOSITION.outpatient_high_complexity_procedures.v1,Procedure list,composition_family,canonical_subgroup,13.481056297085136,0.02,3.7512499221866787e-06
group:openEHR-EHR-COMPOSITION.outpatient_high_complexity_procedures.v1::HCPA,subgroup:openEHR-EHR-COMPOSITION.hospitalisation.v1::Procedure_undertaken::Procedure_list,HCPA,Procedure list,canonical_group,canonical_subgroup,26.279643528430327,0.02,1.3427507288097465e-09
subgroup:openEHR-EHR-COMPOSITION.outpatient_high_complexity_procedures.v1::HCPA::components_/_General_data,subgroup:openEHR-EHR-COMPOSITION.hospitalisation.v1::Procedure_undertaken::Procedure_list,components / General data,Procedure list,canonical_subgroup,canonical_subgroup,30.031924333558315,0.02,1.5569698730681927e-10
field:cf_5cd62eaa6e16a8,subgroup:openEHR-EHR-COMPOSITION.hospitalisation.v1::Procedure_undertaken::Procedure_list,issue date,Procedure list,field,canonical_subgroup,34.9245239663392,0.5096153846153846,1.7092046677211472e-10
field:cf_775d9002cb4e7b,subgroup:openEHR-EHR-COMPOSITION.hospitalisation.v1::Procedure_undertaken::Procedure_list,reason for encounter,Procedure list,field,canonical_subgroup,34.8285011846424,0.425,1.512849798481033e-10
field:cf_b87e8363f020f7,subgroup:openEHR-EHR-COMPOSITION.hospitalisation.v1::Procedure_undertaken::Procedure_list,healthcare unit,Procedure list,field,canonical_subgroup,35.18237066987777,0.425,1.2148201912022394e-10
field:cf_8b431261fa7dca,subgroup:openEHR-EHR-COMPOSITION.hospitalisation.v1::Procedure_undertaken::Procedure_list,State,Procedure list,field,canonical_subgroup,36.11812497379636,0.425,6.800618062700421e-11
field:cf_16800b2d3f5ef6,subgroup:openEHR-EHR-COMPOSITION.hospitalisation.v1::Procedure_undertaken::Procedure_list,patient age,Procedure list,field,canonical_subgroup,34.40516045600778,0.49038461538461536,2.2695174942504252e-10
group:openEHR-EHR-COMPOSITION.outpatient_high_complexity_procedures.v1::Patient_discharge,subgroup:openEHR-EHR-COMPOSITION.hospitalisation.v1::Procedure_undertaken::Procedure_list,Patient discharge,Procedure list,canonical_group,canonical_subgroup,18.620602526020598,0.02,1.549845933243124e-07
subgroup:openEHR-EHR-COMPOSITION.outpatient_high_complexity_procedures.v1::Patient_discharge::Components,subgroup:openEHR-EHR-COMPOSITION.hospitalisation.v1::Procedure_undertaken::Procedure_list,Components,Procedure list,canonical_subgroup,canonical_subgroup,19.620602526020598,0.02,9.90055561213777e-08
field:cf_469c691048a0ce,subgroup:openEHR-EHR-COMPOSITION.hospitalisation.v1::Procedure_undertaken::Procedure_list,date of discharge,Procedure list,field,canonical_subgroup,21.58398222137081,0.4168269230769231,5.46532477638699e-07
field:cf_49533263f29569,subgroup:openEHR-EHR-COMPOSITION.hospitalisation.v1::Procedure_undertaken::Procedure_list,reason for discharge,Procedure list,field,canonical_subgroup,21.65861485369009,0.39375,4.92929720600768e-07
group:openEHR-EHR-COMPOSITION.outpatient_high_complexity_procedures.v1::Problem/Diagnosis,subgroup:openEHR-EHR-COMPOSITION.hospitalisation.v1::Procedure_undertaken::Procedure_list,Problem/Diagnosis,Procedure list,canonical_group,canonical_subgroup,23.475760603151315,0.02,7.637938265709035e-09
subgroup:openEHR-EHR-COMPOSITION.outpatient_high_complexity_procedures.v1::Problem/Diagnosis::structure,subgroup:openEHR-EHR-COMPOSITION.hospitalisation.v1::Procedure_undertaken::Procedure_list,structure,Procedure list,canonical_subgroup,canonical_subgroup,28.119073918450052,0.02,5.097288851748348e-10
field:cf_bd9db9ae67063d,subgroup:openEHR-EHR-COMPOSITION.hospitalisation.v1::Procedure_undertaken::Procedure_list,Problem,Procedure list,field,canonical_subgroup,31.892751172013437,0.425,9.338635633033105e-10
field:cf_4e7e8ca2916a1e,subgroup:openEHR-EHR-COMPOSITION.hospitalisation.v1::Procedure_undertaken::Procedure_list,Secondary Diagnosis,Procedure list,field,canonical_subgroup,31.420086194650985,0.425,1.2518561334712456e-09
field:cf_0a229c157b8d2a,subgroup:openEHR-EHR-COMPOSITION.hospitalisation.v1::Procedure_undertaken::Procedure_list,Associated causes,Procedure list,field,canonical_subgroup,31.68633742769574,0.425,1.0613605175118694e-09
group:openEHR-EHR-COMPOSITION.outpatient_high_complexity_procedures.v1::Procedure_undertaken,subgroup:openEHR-EHR-COMPOSITION.hospitalisation.v1::Procedure_undertaken::Procedure_list,Procedure undertaken,Procedure list,canonical_group,canonical_subgroup,28.48842608856653,0.02,3.4139166103628954e-10
subgroup:openEHR-EHR-COMPOSITION.outpatient_high_complexity_procedures.v1::Procedure_undertaken::Procedure_list,subgroup:openEHR-EHR-COMPOSITION.hospitalisation.v1::Procedure_undertaken::Procedure_list,Procedure list,Procedure list,canonical_subgroup,canonical_subgroup,29.48842608856653,0.02,2.180840723011188e-10
field:cf_0b6364bb149692,subgroup:openEHR-EHR-COMPOSITION.hospitalisation.v1::Procedure_undertaken::Procedure_list,Procedure,Procedure list,field,canonical_subgroup,33.215801399882636,0.39375,3.809492749546406e-10
field:cf_af0c9a7d79fe64,subgroup:openEHR-EHR-COMPOSITION.hospitalisation.v1::Procedure_undertaken::Procedure_list,Invaded regional linphonodes,Procedure list,field,canonical_subgroup,34.70919909492674,0.23173076923076924,8.882069626870229e-11
field:cf_e5c01940113606,subgroup:openEHR-EHR-COMPOSITION.hospitalisation.v1::Procedure_undertaken::Procedure_list,irradiated area 1,Procedure list,field,canonical_subgroup,38.476463834268145,0.1610576923076923,5.972119970546864e-12
field:cf_fc5be63ab59287,subgroup:openEHR-EHR-COMPOSITION.hospitalisation.v1::Procedure_undertaken::Procedure_list,irradiated area 2,Procedure list,field,canonical_subgroup,33.63116406572742,0.31490384615384615,2.354956704107308e-10
field:cf_821e1930333a5c,subgroup:openEHR-EHR-COMPOSITION.hospitalisation.v1::Procedure_undertaken::Procedure_list,irradiated area 3,Procedure list,field,canonical_subgroup,42.476463834268145,0.10336538461538461,3.20975483106837e-13
field:cf_c9b3a708f95249,subgroup:openEHR-EHR-COMPOSITION.hospitalisation.v1::Procedure_undertaken::Procedure_list,fields/insertions 1,Procedure list,field,canonical_subgroup,36.8555413753495,0.1923076923076923,1.9480382004837366e-11
field:cf_bbec72e0a270f7,subgroup:openEHR-EHR-COMPOSITION.hospitalisation.v1::Procedure_undertaken::Procedure_list,fields/insertions 2,Procedure list,field,canonical_subgroup,35.26993767185216,0.23557692307692307,6.377894041315461e-11
family:openEHR-EHR-COMPOSITION.hospitalisation.v1,subgroup:openEHR-EHR-COMPOSITION.hospitalisation.v1::Procedure_undertaken::Procedure_list,openEHR-EHR-COMPOSITION.hospitalisation.v1,Procedure list,composition_family,canonical_subgroup,5.9648796858211535,0.02,0.00039627903462662777
group:openEHR-EHR-COMPOSITION.hospitalisation.v1::Patient_discharge,subgroup:openEHR-EHR-COMPOSITION.hospitalisation.v1::Procedure_undertaken::Procedure_list,Patient discharge,Procedure list,canonical_group,canonical_subgroup,14.090863365628685,0.02,2.5702642497405304e-06
subgroup:openEHR-EHR-COMPOSITION.hospitalisation.v1::Patient_discharge::Components,subgroup:openEHR-EHR-COMPOSITION.hospitalisation.v1::Procedure_undertaken::Procedure_list,Components,Procedure list,canonical_subgroup,canonical_subgroup,15.090863365628685,0.02,1.6419079856019376e-06
field:cf_79ed78f34fef6f,subgroup:openEHR-EHR-COMPOSITION.hospitalisation.v1::Procedure_undertaken::Procedure_list,date of discharge,Procedure list,field,canonical_subgroup,17.534882468711636,0.8854166666666666,1.4291537271499586e-05
field:cf_be52992cb12705,subgroup:openEHR-EHR-COMPOSITION.hospitalisation.v1::Procedure_undertaken::Procedure_list,hospital infection,Procedure list,field,canonical_subgroup,23.574195763955913,0.13541666666666666,5.169425739378751e-08
field:cf_1285e1e2c004f2,subgroup:openEHR-EHR-COMPOSITION.hospitalisation.v1::Procedure_undertaken::Procedure_list,claim reason,Procedure list,field,canonical_subgroup,18.35386822920647,0.39375,3.824983821193396e-06
field:cf_80f721f9446bd3,subgroup:openEHR-EHR-COMPOSITION.hospitalisation.v1::Procedure_undertaken::Procedure_list,death indicator,Procedure list,field,canonical_subgroup,19.794668204900795,0.39375,1.5655829592975957e-06
group:openEHR-EHR-COMPOSITION.hospitalisation.v1::Authorization_for_hospital_admission,subgroup:openEHR-EHR-COMPOSITION.hospitalisation.v1::Procedure_undertaken::Procedure_list,Authorization for hospital admission,Procedure list,canonical_group,canonical_subgroup,10.486481089763355,0.02,2.4016130903828367e-05
subgroup:openEHR-EHR-COMPOSITION.hospitalisation.v1::Authorization_for_hospital_admission::Components,subgroup:openEHR-EHR-COMPOSITION.hospitalisation.v1::Procedure_undertaken::Procedure_list,Components,Procedure list,canonical_subgroup,canonical_subgroup,11.486481089763355,0.02,1.534172103830878e-05
field:cf_ba8421601b1980,subgroup:openEHR-EHR-COMPOSITION.hospitalisation.v1::Procedure_undertaken::Procedure_list,Issue date,Procedure list,field,canonical_subgroup,13.174357867579248,0.9270833333333334,0.00022344782214450944
field:cf_ba09c313b94cba,subgroup:openEHR-EHR-COMPOSITION.hospitalisation.v1::Procedure_undertaken::Procedure_list,ICU - Total,Procedure list,field,canonical_subgroup,13.940229831180595,0.39375,5.902789001270077e-05
group:openEHR-EHR-COMPOSITION.hospitalisation.v1::Patient_admission,subgroup:openEHR-EHR-COMPOSITION.hospitalisation.v1::Procedure_undertaken::Procedure_list,Patient admission,Procedure list,canonical_group,canonical_subgroup,12.81909300716488,0.02,5.654809018106658e-06
subgroup:openEHR-EHR-COMPOSITION.hospitalisation.v1::Patient_admission::Tree,subgroup:openEHR-EHR-COMPOSITION.hospitalisation.v1::Procedure_undertaken::Procedure_list,Tree,Procedure list,canonical_subgroup,canonical_subgroup,16.515577678257255,0.02,6.787761360183695e-07
field:cf_3db72fcc22b158,subgroup:openEHR-EHR-COMPOSITION.hospitalisation.v1::Procedure_undertaken::Procedure_list,Patient class,Procedure list,field,canonical_subgroup,25.062513113179712,0.13541666666666666,2.0544431752379345e-08
subgroup:openEHR-EHR-COMPOSITION.hospitalisation.v1::Patient_admission::Tree_/_Assigned_patient_location_/_Facility,subgroup:openEHR-EHR-COMPOSITION.hospitalisation.v1::Procedure_undertaken::Procedure_list,Tree / Assigned patient location / Facility,Procedure list,canonical_subgroup,canonical_subgroup,15.135165302166271,0.02,1.5974231038494281e-06
field:cf_9449e602105d68,subgroup:openEHR-EHR-COMPOSITION.hospitalisation.v1::Procedure_undertaken::Procedure_list,Universal ID,Procedure list,field,canonical_subgroup,16.13516530216627,0.7395833333333334,2.84321579482903e-05
subgroup:openEHR-EHR-COMPOSITION.hospitalisation.v1::Patient_admission::Tree_/_Assigned_patient_location_/_Address,subgroup:openEHR-EHR-COMPOSITION.hospitalisation.v1::Procedure_undertaken::Procedure_list,Tree / Assigned patient location / Address,Procedure list,canonical_subgroup,canonical_subgroup,16.178097495133656,0.02,8.367531378655866e-07
field:cf_1d8359b2d21168,subgroup:openEHR-EHR-COMPOSITION.hospitalisation.v1::Procedure_undertaken::Procedure_list,State/province,Procedure list,field,canonical_subgroup,17.178097495133656,0.4875,9.816907879952432e-06
field:cf_10f7d6c8e1d5c5,subgroup:openEHR-EHR-COMPOSITION.hospitalisation.v1::Procedure_undertaken::Procedure_list,Admission type,Procedure list,field,canonical_subgroup,21.282985554124593,0.39375,6.221970075895304e-07
field:cf_2a67f6f1c22886,subgroup:openEHR-EHR-COMPOSITION.hospitalisation.v1::Procedure_undertaken::Procedure_list,Hospital service,Procedure list,field,canonical_subgroup,19.441614157530875,0.59375,2.9384843674963398e-06
field:cf_22f759c45e42f4,subgroup:openEHR-EHR-COMPOSITION.hospitalisation.v1::Procedure_undertaken::Procedure_list,Admit date/time,Procedure list,field,canonical_subgroup,19.096270576393465,0.9583333333333334,5.8752244096253195e-06
group:openEHR-EHR-COMPOSITION.hospitalisation.v1::Problem/Diagnosis,subgroup:openEHR-EHR-COMPOSITION.hospitalisation.v1::Procedure_undertaken::Procedure_list,Problem/Diagnosis,Procedure list,canonical_group,canonical_subgroup,9.20671775782019,0.02,5.310010955207746e-05
subgroup:openEHR-EHR-COMPOSITION.hospitalisation.v1::Problem/Diagnosis::structure,subgroup:openEHR-EHR-COMPOSITION.hospitalisation.v1::Procedure_undertaken::Procedure_list,structure,Procedure list,canonical_subgroup,canonical_subgroup,10.20671775782019,0.02,3.3920828925934384e-05
field:cf_2db2fd852fb674,subgroup:openEHR-EHR-COMPOSITION.hospitalisation.v1::Procedure_undertaken::Procedure_list,Problem,Procedure list,field,canonical_subgroup,12.24590688408913,0.9583333333333334,0.0004107438342759999
field:cf_49398dcbba5447,subgroup:openEHR-EHR-COMPOSITION.hospitalisation.v1::Procedure_undertaken::Procedure_list,Secondary Diagnosis,Procedure list,field,canonical_subgroup,12.169006502690296,1.0815217391304348,0.00048617890036580197
group:openEHR-EHR-COMPOSITION.hospitalisation.v1::Procedure_undertaken,subgroup:openEHR-EHR-COMPOSITION.hospitalisation.v1::Procedure_undertaken::Procedure_list,Procedure undertaken,Procedure list,canonical_group,canonical_subgroup,1.0,0.02,0.008607111001514792
subgroup:openEHR-EHR-COMPOSITION.hospitalisation.v1::Procedure_undertaken::Procedure_list,subgroup:openEHR-EHR-COMPOSITION.hospitalisation.v1::Procedure_undertaken::Procedure_list,Procedure list,Procedure list,canonical_subgroup,canonical_subgroup,0.0,0.02,0.02
field:cf_18704e514938d4,subgroup:openEHR-EHR-COMPOSITION.hospitalisation.v1::Procedure_undertaken::Procedure_list,Procedure,Procedure list,field,canonical_subgroup,1.0,0.6770833333333334,0.3095982310115184
family:openEHR-EHR-COMPOSITION.demographic_data.v1,subgroup:openEHR-EHR-COMPOSITION.hospitalisation.v1::Procedure_undertaken::Procedure_list,openEHR-EHR-COMPOSITION.demographic_data.v1,Procedure list,composition_family,canonical_subgroup,10.943201373948495,0.02,1.809361564717811e-05
group:openEHR-EHR-COMPOSITION.demographic_data.v1::Demographic_data,subgroup:openEHR-EHR-COMPOSITION.hospitalisation.v1::Procedure_undertaken::Procedure_list,Demographic data,Procedure list,canonical_group,canonical_subgroup,11.943201373948495,0.02,9.733359893375428e-06
subgroup:openEHR-EHR-COMPOSITION.demographic_data.v1::Demographic_data::components,subgroup:openEHR-EHR-COMPOSITION.hospitalisation.v1::Procedure_undertaken::Procedure_list,components,Procedure list,canonical_subgroup,canonical_subgroup,12.943201373948495,0.02,6.217758091326224e-06
field:cf_7f3b6795a0e812,subgroup:openEHR-EHR-COMPOSITION.hospitalisation.v1::Procedure_undertaken::Procedure_list,birth date,Procedure list,field,canonical_subgroup,15.927910137987961,1.09375,4.781309240135274e-05
field:cf_e7551706658b4a,subgroup:openEHR-EHR-COMPOSITION.hospitalisation.v1::Procedure_undertaken::Procedure_list,gender,Procedure list,field,canonical_subgroup,17.067060177949976,0.39375,8.494129087731666e-06
field:cf_19e1b0f55ef007,subgroup:openEHR-EHR-COMPOSITION.hospitalisation.v1::Procedure_undertaken::Procedure_list,race,Procedure list,field,canonical_subgroup,23.726516867285397,0.1846590909090909,6.413963759490092e-08
field:cf_4122372d727029,subgroup:openEHR-EHR-COMPOSITION.hospitalisation.v1::Procedure_undertaken::Procedure_list,ethnic group,Procedure list,field,canonical_subgroup,27.726516867285397,0.1846590909090909,5.371260140511488e-09
field:cf_7ab0248b87b82e,subgroup:openEHR-EHR-COMPOSITION.hospitalisation.v1::Procedure_undertaken::Procedure_list,educational level,Procedure list,field,canonical_subgroup,18.934874046578674,0.39375,2.6680040091854e-06
field:cf_eee397355aecbe,subgroup:openEHR-EHR-COMPOSITION.hospitalisation.v1::Procedure_undertaken::Procedure_list,nationality,Procedure list,field,canonical_subgroup,20.26875655294355,0.39375,1.1668682805525693e-06
schema:root,field:cf_18704e514938d4,EHR Schema,Procedure,root,field,9.366563037790373,0.02,5.109565885098113e-05
family:openEHR-EHR-COMPOSITION.outpatient_high_complexity_procedures.v1,field:cf_18704e514938d4,openEHR-EHR-COMPOSITION.outpatient_high_complexity_procedures.v1,Procedure,composition_family,field,14.481056297085136,0.02,2.144086781522013e-06
group:openEHR-EHR-COMPOSITION.outpatient_high_complexity_procedures.v1::HCPA,field:cf_18704e514938d4,HCPA,Procedure,canonical_group,field,27.279643528430327,0.02,7.6747061599186e-10
subgroup:openEHR-EHR-COMPOSITION.outpatient_high_complexity_procedures.v1::HCPA::components_/_General_data,field:cf_18704e514938d4,components / General data,Procedure,canonical_subgroup,field,31.031924333558315,0.02,7.49398726643781e-11
field:cf_5cd62eaa6e16a8,field:cf_18704e514938d4,issue date,Procedure,field,field,35.9245239663392,0.5096153846153846,1.0276285723833787e-10
field:cf_775d9002cb4e7b,field:cf_18704e514938d4,reason for encounter,Procedure,field,field,35.8285011846424,0.425,9.095737380101652e-11
field:cf_b87e8363f020f7,field:cf_18704e514938d4,healthcare unit,Procedure,field,field,36.18237066987777,0.425,7.30388795656701e-11
field:cf_8b431261fa7dca,field:cf_18704e514938d4,State,Procedure,field,field,37.11812497379636,0.425,4.0887493248044486e-11
field:cf_16800b2d3f5ef6,field:cf_18704e514938d4,patient age,Procedure,field,field,35.40516045600778,0.49038461538461536,1.3645065840623903e-10
group:openEHR-EHR-COMPOSITION.outpatient_high_complexity_procedures.v1::Patient_discharge,field:cf_18704e514938d4,Patient discharge,Procedure,canonical_group,field,19.620602526020598,0.02,8.858391863491689e-08
subgroup:openEHR-EHR-COMPOSITION.outpatient_high_complexity_procedures.v1::Patient_discharge::Components,field:cf_18704e514938d4,Components,Procedure,canonical_subgroup,field,20.620602526020598,0.02,4.765322628999281e-08
field:cf_469c691048a0ce,field:cf_18704e514938d4,date of discharge,Procedure,field,field,22.58398222137081,0.4168269230769231,3.285928247000535e-07
field:cf_49533263f29569,field:cf_18704e514938d4,reason for discharge,Procedure,field,field,22.65861485369009,0.39375,2.9636513088960743e-07
group:openEHR-EHR-COMPOSITION.outpatient_high_complexity_procedures.v1::Problem/Diagnosis,field:cf_18704e514938d4,Problem/Diagnosis,Procedure,canonical_group,field,24.475760603151315,0.02,4.365585555025291e-09
subgroup:openEHR-EHR-COMPOSITION.outpatient_high_complexity_procedures.v1::Problem/Diagnosis::structure,field:cf_18704e514938d4,structure,Procedure,canonical_subgroup,field,29.119073918450052,0.02,2.453420480968074e-10
field:cf_bd9db9ae67063d,field:cf_18704e514938d4,Problem,Procedure,field,field,32.89275117201343,0.425,5.614686751574016e-10
field:cf_4e7e8ca2916a1e,field:cf_18704e514938d4,Secondary Diagnosis,Procedure,field,field,32.420086194650985,0.425,7.526559899837094e-10
field:cf_0a229c157b8d2a,field:cf_18704e514938d4,Associated causes,Procedure,field,field,32.68633742769574,0.425,6.381239262873047e-10
group:openEHR-EHR-COMPOSITION.outpatient_high_complexity_procedures.v1::Procedure_undertaken,field:cf_18704e514938d4,Procedure undertaken,Procedure,canonical_group,field,29.48842608856653,0.02,1.9512785416415892e-10
subgroup:openEHR-EHR-COMPOSITION.outpatient_high_complexity_procedures.v1::Procedure_undertaken::Procedure_list,field:cf_18704e514938d4,Procedure list,Procedure,canonical_subgroup,field,30.48842608856653,0.02,1.0496794376739404e-10
field:cf_0b6364bb149692,field:cf_18704e514938d4,Procedure,Procedure,field,field,34.215801399882636,0.39375,2.2903890152258236e-10
field:cf_af0c9a7d79fe64,field:cf_18704e514938d4,Invaded regional linphonodes,Procedure,field,field,35.70919909492674,0.23173076923076924,5.34018465011561e-11
field:cf_e5c01940113606,field:cf_18704e514938d4,irradiated area 1,Procedure,field,field,39.476463834268145,0.1610576923076923,3.5906297445453714e-12
field:cf_fc5be63ab59287,field:cf_18704e514938d4,irradiated area 2,Procedure,field,field,34.63116406572742,0.31490384615384615,1.415875372662673e-10
field:cf_821e1930333a5c,field:cf_18704e514938d4,irradiated area 3,Procedure,field,field,43.476463834268145,0.10336538461538461,1.9298073759353818e-13
field:cf_c9b3a708f95249,field:cf_18704e514938d4,fields/insertions 1,Procedure,field,field,37.8555413753495,0.1923076923076923,1.1712229393688896e-11
field:cf_bbec72e0a270f7,field:cf_18704e514938d4,fields/insertions 2,Procedure,field,field,36.26993767185216,0.23557692307692307,3.8345941081637354e-11
family:openEHR-EHR-COMPOSITION.hospitalisation.v1,field:cf_18704e514938d4,openEHR-EHR-COMPOSITION.hospitalisation.v1,Procedure,composition_family,field,6.9648796858211535,0.02,0.00022649960881358062
group:openEHR-EHR-COMPOSITION.hospitalisation.v1::Patient_discharge,field:cf_18704e514938d4,Patient discharge,Procedure,canonical_group,field,15.090863365628685,0.02,1.4690755660648915e-06
subgroup:openEHR-EHR-COMPOSITION.hospitalisation.v1::Patient_discharge::Components,field:cf_18704e514938d4,Components,Procedure,canonical_subgroup,field,16.090863365628685,0.02,7.902810291708554e-07
field:cf_79ed78f34fef6f,field:cf_18704e514938d4,date of discharge,Procedure,field,field,18.534882468711636,0.8854166666666666,8.592529801042538e-06
field:cf_be52992cb12705,field:cf_18704e514938d4,hospital infection,Procedure,field,field,24.574195763955913,0.13541666666666666,3.108024271711367e-08
field:cf_1285e1e2c004f2,field:cf_18704e514938d4,claim reason,Procedure,field,field,19.35386822920647,0.39375,2.2997027435006842e-06
field:cf_80f721f9446bd3,field:cf_18704e514938d4,death indicator,Procedure,field,field,20.794668204900795,0.39375,9.412786027291681e-07
group:openEHR-EHR-COMPOSITION.hospitalisation.v1::Authorization_for_hospital_admission,field:cf_18704e514938d4,Authorization for hospital admission,Procedure,canonical_group,field,11.486481089763355,0.02,1.3726803034276278e-05
subgroup:openEHR-EHR-COMPOSITION.hospitalisation.v1::Authorization_for_hospital_admission::Components,field:cf_18704e514938d4,Components,Procedure,canonical_subgroup,field,12.486481089763355,0.02,7.384257338246624e-06
field:cf_ba8421601b1980,field:cf_18704e514938d4,Issue date,Procedure,field,field,14.174357867579248,0.9270833333333334,0.00013434398513472793
field:cf_ba09c313b94cba,field:cf_18704e514938d4,ICU - Total,Procedure,field,field,14.940229831180595,0.39375,3.548945745943354e-05
group:openEHR-EHR-COMPOSITION.hospitalisation.v1::Patient_admission,field:cf_18704e514938d4,Patient admission,Procedure,canonical_group,field,13.81909300716488,0.02,3.232096373010096e-06
subgroup:openEHR-EHR-COMPOSITION.hospitalisation.v1::Patient_admission::Tree,field:cf_18704e514938d4,Tree,Procedure,canonical_subgroup,field,17.515577678257255,0.02,3.2670765234907906e-07
field:cf_3db72fcc22b158,field:cf_18704e514938d4,Patient class,Procedure,field,field,26.062513113179712,0.13541666666666666,1.2351970171175403e-08
subgroup:openEHR-EHR-COMPOSITION.hospitalisation.v1::Patient_admission::Tree_/_Assigned_patient_location_/_Facility,field:cf_18704e514938d4,Tree / Assigned patient location / Facility,Procedure,canonical_subgroup,field,16.13516530216627,0.02,7.688696233903855e-07
field:cf_9449e602105d68,field:cf_18704e514938d4,Universal ID,Procedure,field,field,17.13516530216627,0.7395833333333334,1.7094323713224933e-05
subgroup:openEHR-EHR-COMPOSITION.hospitalisation.v1::Patient_admission::Tree_/_Assigned_patient_location_/_Address,field:cf_18704e514938d4,Tree / Assigned patient location / Address,Procedure,canonical_subgroup,field,17.178097495133656,0.02,4.0274493866471523e-07
field:cf_1d8359b2d21168,field:cf_18704e514938d4,State/province,Procedure,field,field,18.178097495133656,0.4875,5.902239339976183e-06
field:cf_10f7d6c8e1d5c5,field:cf_18704e514938d4,Admission type,Procedure,field,field,22.282985554124593,0.39375,3.740847627703494e-07
field:cf_2a67f6f1c22886,field:cf_18704e514938d4,Hospital service,Procedure,field,field,20.441614157530875,0.59375,1.766710887565743e-06
field:cf_22f759c45e42f4,field:cf_18704e514938d4,Admit date/time,Procedure,field,field,20.096270576393465,0.9583333333333334,3.5323730308699745e-06
group:openEHR-EHR-COMPOSITION.hospitalisation.v1::Problem/Diagnosis,field:cf_18704e514938d4,Problem/Diagnosis,Procedure,canonical_group,field,10.20671775782019,0.02,3.0350215354783396e-05
subgroup:openEHR-EHR-COMPOSITION.hospitalisation.v1::Problem/Diagnosis::structure,field:cf_18704e514938d4,structure,Procedure,canonical_subgroup,field,11.20671775782019,0.02,1.6326729529906207e-05
field:cf_2db2fd852fb674,field:cf_18704e514938d4,Problem,Procedure,field,field,13.24590688408913,0.9583333333333334,0.00024695234456332816
field:cf_49398dcbba5447,field:cf_18704e514938d4,Secondary Diagnosis,Procedure,field,field,13.169006502690296,1.0815217391304348,0.00029230632161328813
group:openEHR-EHR-COMPOSITION.hospitalisation.v1::Procedure_undertaken,field:cf_18704e514938d4,Procedure undertaken,Procedure,canonical_group,field,2.0,0.02,0.00491953170496386
subgroup:openEHR-EHR-COMPOSITION.hospitalisation.v1::Procedure_undertaken::Procedure_list,field:cf_18704e514938d4,Procedure list,Procedure,canonical_subgroup,field,1.0,0.02,0.009145055439109467
field:cf_18704e514938d4,field:cf_18704e514938d4,Procedure,Procedure,field,field,0.0,0.6770833333333334,0.6770833333333334
family:openEHR-EHR-COMPOSITION.demographic_data.v1,field:cf_18704e514938d4,openEHR-EHR-COMPOSITION.demographic_data.v1,Procedure,composition_family,field,11.943201373948495,0.02,1.034169488671139e-05
group:openEHR-EHR-COMPOSITION.demographic_data.v1::Demographic_data,field:cf_18704e514938d4,Demographic data,Procedure,canonical_group,field,12.943201373948495,0.02,5.563257239607674e-06
subgroup:openEHR-EHR-COMPOSITION.demographic_data.v1::Demographic_data::components,field:cf_18704e514938d4,components,Procedure,canonical_subgroup,field,13.943201373948495,0.02,2.9927232869552543e-06
field:cf_7f3b6795a0e812,field:cf_18704e514938d4,birth date,Procedure,field,field,16.92791013798796,1.09375,2.8746762054626503e-05
field:cf_e7551706658b4a,field:cf_18704e514938d4,gender,Procedure,field,field,18.067060177949976,0.39375,5.106942376715946e-06
field:cf_19e1b0f55ef007,field:cf_18704e514938d4,race,Procedure,field,field,24.726516867285397,0.1846590909090909,3.856280377628174e-08
field:cf_4122372d727029,field:cf_18704e514938d4,ethnic group,Procedure,field,field,28.726516867285397,0.1846590909090909,3.2293735761047467e-09
field:cf_7ab0248b87b82e,field:cf_18704e514938d4,educational level,Procedure,field,field,19.934874046578674,0.39375,1.604089435777058e-06
field:cf_eee397355aecbe,field:cf_18704e514938d4,nationality,Procedure,field,field,21.26875655294355,0.39375,7.015585716264369e-07
schema:root,family:openEHR-EHR-COMPOSITION.demographic_data.v1,EHR Schema,openEHR-EHR-COMPOSITION.demographic_data.v1,root,composition_family,2.576638336158122,0.02,0.0032383791873584014
family:openEHR-EHR-COMPOSITION.outpatient_high_complexity_procedures.v1,family:openEHR-EHR-COMPOSITION.demographic_data.v1,openEHR-EHR-COMPOSITION.outpatient_high_complexity_procedures.v1,openEHR-EHR-COMPOSITION.demographic_data.v1,composition_family,composition_family,7.691131595452886,0.02,0.00016136883878800233
group:openEHR-EHR-COMPOSITION.outpatient_high_complexity_procedures.v1::HCPA,family:openEHR-EHR-COMPOSITION.demographic_data.v1,HCPA,openEHR-EHR-COMPOSITION.demographic_data.v1,canonical_group,composition_family,20.48971882679808,0.02,4.8641331291678735e-08
subgroup:openEHR-EHR-COMPOSITION.outpatient_high_complexity_procedures.v1::HCPA::components_/_General_data,family:openEHR-EHR-COMPOSITION.demographic_data.v1,components / General data,openEHR-EHR-COMPOSITION.demographic_data.v1,canonical_subgroup,composition_family,24.241999631926067,0.02,4.749595746429067e-09
field:cf_5cd62eaa6e16a8,family:openEHR-EHR-COMPOSITION.demographic_data.v1,issue date,openEHR-EHR-COMPOSITION.demographic_data.v1,field,composition_family,29.134599264706956,0.5096153846153846,6.1916176028892515e-09
field:cf_775d9002cb4e7b,family:openEHR-EHR-COMPOSITION.demographic_data.v1,reason for encounter,openEHR-EHR-COMPOSITION.demographic_data.v1,field,composition_family,29.038576483010146,0.425,5.480319367072345e-09
field:cf_b87e8363f020f7,family:openEHR-EHR-COMPOSITION.demographic_data.v1,healthcare unit,openEHR-EHR-COMPOSITION.demographic_data.v1,field,composition_family,29.392445968245525,0.425,4.400702983231142e-09
field:cf_8b431261fa7dca,family:openEHR-EHR-COMPOSITION.demographic_data.v1,State,openEHR-EHR-COMPOSITION.demographic_data.v1,field,composition_family,30.32820027216411,0.425,2.463533320657436e-09
field:cf_16800b2d3f5ef6,family:openEHR-EHR-COMPOSITION.demographic_data.v1,patient age,openEHR-EHR-COMPOSITION.demographic_data.v1,field,composition_family,28.615235754375526,0.49038461538461536,8.221358584400168e-09
group:openEHR-EHR-COMPOSITION.outpatient_high_complexity_procedures.v1::Patient_discharge,family:openEHR-EHR-COMPOSITION.demographic_data.v1,Patient discharge,openEHR-EHR-COMPOSITION.demographic_data.v1,canonical_group,composition_family,12.830677824388346,0.02,5.614338378111688e-06
subgroup:openEHR-EHR-COMPOSITION.outpatient_high_complexity_procedures.v1::Patient_discharge::Components,family:openEHR-EHR-COMPOSITION.demographic_data.v1,Components,openEHR-EHR-COMPOSITION.demographic_data.v1,canonical_subgroup,composition_family,13.830677824388346,0.02,3.020202101279488e-06
field:cf_469c691048a0ce,family:openEHR-EHR-COMPOSITION.demographic_data.v1,date of discharge,openEHR-EHR-COMPOSITION.demographic_data.v1,field,composition_family,15.794057519738558,0.4168269230769231,1.9798214766229126e-05
field:cf_49533263f29569,family:openEHR-EHR-COMPOSITION.demographic_data.v1,reason for discharge,openEHR-EHR-COMPOSITION.demographic_data.v1,field,composition_family,15.868690152057837,0.39375,1.785644746177898e-05
group:openEHR-EHR-COMPOSITION.outpatient_high_complexity_procedures.v1::Problem/Diagnosis,family:openEHR-EHR-COMPOSITION.demographic_data.v1,Problem/Diagnosis,openEHR-EHR-COMPOSITION.demographic_data.v1,canonical_group,composition_family,17.685835901519066,0.02,2.7668537249431913e-07
subgroup:openEHR-EHR-COMPOSITION.outpatient_high_complexity_procedures.v1::Problem/Diagnosis::structure,family:openEHR-EHR-COMPOSITION.demographic_data.v1,structure,openEHR-EHR-COMPOSITION.demographic_data.v1,canonical_subgroup,composition_family,22.329149216817804,0.02,1.554947328613078e-08
field:cf_bd9db9ae67063d,family:openEHR-EHR-COMPOSITION.demographic_data.v1,Problem,openEHR-EHR-COMPOSITION.demographic_data.v1,field,composition_family,26.10282647038119,0.425,3.382933703869921e-08
field:cf_4e7e8ca2916a1e,family:openEHR-EHR-COMPOSITION.demographic_data.v1,Secondary Diagnosis,openEHR-EHR-COMPOSITION.demographic_data.v1,field,composition_family,25.630161493018736,0.425,4.5348661975161496e-08
field:cf_0a229c157b8d2a,family:openEHR-EHR-COMPOSITION.demographic_data.v1,Associated causes,openEHR-EHR-COMPOSITION.demographic_data.v1,field,composition_family,25.896412726063488,0.425,3.8447931879333406e-08
group:openEHR-EHR-COMPOSITION.outpatient_high_complexity_procedures.v1::Procedure_undertaken,family:openEHR-EHR-COMPOSITION.demographic_data.v1,Procedure undertaken,openEHR-EHR-COMPOSITION.demographic_data.v1,canonical_group,composition_family,22.698501386934282,0.02,1.2366960246897423e-08
subgroup:openEHR-EHR-COMPOSITION.outpatient_high_complexity_procedures.v1::Procedure_undertaken::Procedure_list,family:openEHR-EHR-COMPOSITION.demographic_data.v1,Procedure list,openEHR-EHR-COMPOSITION.demographic_data.v1,canonical_subgroup,composition_family,23.698501386934282,0.02,6.652737474772937e-09
field:cf_0b6364bb149692,family:openEHR-EHR-COMPOSITION.demographic_data.v1,Procedure,openEHR-EHR-COMPOSITION.demographic_data.v1,field,composition_family,27.425876698250388,0.39375,1.3799940294814744e-08
field:cf_af0c9a7d79fe64,family:openEHR-EHR-COMPOSITION.demographic_data.v1,Invaded regional linphonodes,openEHR-EHR-COMPOSITION.demographic_data.v1,field,composition_family,28.91927439329449,0.23173076923076924,3.217542035216925e-09
field:cf_e5c01940113606,family:openEHR-EHR-COMPOSITION.demographic_data.v1,irradiated area 1,openEHR-EHR-COMPOSITION.demographic_data.v1,field,composition_family,32.6865391326359,0.1610576923076923,2.1634087382586724e-10
field:cf_fc5be63ab59287,family:openEHR-EHR-COMPOSITION.demographic_data.v1,irradiated area 2,openEHR-EHR-COMPOSITION.demographic_data.v1,field,composition_family,27.841239364095166,0.31490384615384615,8.530863306518754e-09
field:cf_821e1930333a5c,family:openEHR-EHR-COMPOSITION.demographic_data.v1,irradiated area 3,openEHR-EHR-COMPOSITION.demographic_data.v1,field,composition_family,36.6865391326359,0.10336538461538461,1.1627381371184073e-11
field:cf_c9b3a708f95249,family:openEHR-EHR-COMPOSITION.demographic_data.v1,fields/insertions 1,openEHR-EHR-COMPOSITION.demographic_data.v1,field,composition_family,31.065616673717255,0.1923076923076923,7.056795386182277e-10
field:cf_bbec72e0a270f7,family:openEHR-EHR-COMPOSITION.demographic_data.v1,fields/insertions 2,openEHR-EHR-COMPOSITION.demographic_data.v1,field,composition_family,29.480012970219917,0.23557692307692307,2.3104009579041096e-09
family:openEHR-EHR-COMPOSITION.hospitalisation.v1,family:openEHR-EHR-COMPOSITION.demographic_data.v1,openEHR-EHR-COMPOSITION.hospitalisation.v1,openEHR-EHR-COMPOSITION.demographic_data.v1,composition_family,composition_family,4.978321688127341,0.02,0.0008675167426414342
group:openEHR-EHR-COMPOSITION.hospitalisation.v1::Patient_discharge,family:openEHR-EHR-COMPOSITION.demographic_data.v1,Patient discharge,openEHR-EHR-COMPOSITION.demographic_data.v1,canonical_group,composition_family,13.104305367934872,0.02,4.738282238584725e-06
subgroup:openEHR-EHR-COMPOSITION.hospitalisation.v1::Patient_discharge::Components,family:openEHR-EHR-COMPOSITION.demographic_data.v1,Components,openEHR-EHR-COMPOSITION.demographic_data.v1,canonical_subgroup,composition_family,14.104305367934872,0.02,2.5489325740002965e-06
field:cf_79ed78f34fef6f,family:openEHR-EHR-COMPOSITION.demographic_data.v1,date of discharge,openEHR-EHR-COMPOSITION.demographic_data.v1,field,composition_family,16.548324471017825,0.8854166666666666,2.6346449483726838e-05
field:cf_be52992cb12705,family:openEHR-EHR-COMPOSITION.demographic_data.v1,hospital infection,openEHR-EHR-COMPOSITION.demographic_data.v1,field,composition_family,22.5876377662621,0.13541666666666666,9.529836539979788e-08
field:cf_1285e1e2c004f2,family:openEHR-EHR-COMPOSITION.demographic_data.v1,claim reason,openEHR-EHR-COMPOSITION.demographic_data.v1,field,composition_family,17.367310231512654,0.39375,7.051357814537646e-06
field:cf_80f721f9446bd3,family:openEHR-EHR-COMPOSITION.demographic_data.v1,death indicator,openEHR-EHR-COMPOSITION.demographic_data.v1,field,composition_family,18.808110207206983,0.39375,2.88615224283634e-06
group:openEHR-EHR-COMPOSITION.hospitalisation.v1::Authorization_for_hospital_admission,family:openEHR-EHR-COMPOSITION.demographic_data.v1,Authorization for hospital admission,openEHR-EHR-COMPOSITION.demographic_data.v1,canonical_group,composition_family,9.499923092069542,0.02,4.4273738201285454e-05
subgroup:openEHR-EHR-COMPOSITION.hospitalisation.v1::Authorization_for_hospital_admission::Components,family:openEHR-EHR-COMPOSITION.demographic_data.v1,Components,openEHR-EHR-COMPOSITION.demographic_data.v1,canonical_subgroup,composition_family,10.499923092069542,0.02,2.3816811196904358e-05
field:cf_ba8421601b1980,family:openEHR-EHR-COMPOSITION.demographic_data.v1,Issue date,openEHR-EHR-COMPOSITION.demographic_data.v1,field,composition_family,12.187799869885435,0.9270833333333334,0.0004119260683117111
field:cf_ba09c313b94cba,family:openEHR-EHR-COMPOSITION.demographic_data.v1,ICU - Total,openEHR-EHR-COMPOSITION.demographic_data.v1,field,composition_family,12.953671833486782,0.39375,0.00010881791740150746
group:openEHR-EHR-COMPOSITION.hospitalisation.v1::Patient_admission,family:openEHR-EHR-COMPOSITION.demographic_data.v1,Patient admission,openEHR-EHR-COMPOSITION.demographic_data.v1,canonical_group,composition_family,11.83253500947107,0.02,1.0424640632101682e-05
subgroup:openEHR-EHR-COMPOSITION.hospitalisation.v1::Patient_admission::Tree,family:openEHR-EHR-COMPOSITION.demographic_data.v1,Tree,openEHR-EHR-COMPOSITION.demographic_data.v1,canonical_subgroup,composition_family,15.529019680563444,0.02,1.0537463845253109e-06
field:cf_3db72fcc22b158,family:openEHR-EHR-COMPOSITION.demographic_data.v1,Patient class,openEHR-EHR-COMPOSITION.demographic_data.v1,field,composition_family,24.075955115485904,0.13541666666666666,3.787366068836773e-08
subgroup:openEHR-EHR-COMPOSITION.hospitalisation.v1::Patient_admission::Tree_/_Assigned_patient_location_/_Facility,family:openEHR-EHR-COMPOSITION.demographic_data.v1,Tree / Assigned patient location / Facility,openEHR-EHR-COMPOSITION.demographic_data.v1,canonical_subgroup,composition_family,14.14860730447246,0.02,2.479873305671103e-06
field:cf_9449e602105d68,family:openEHR-EHR-COMPOSITION.demographic_data.v1,Universal ID,openEHR-EHR-COMPOSITION.demographic_data.v1,field,composition_family,15.14860730447246,0.7395833333333334,5.24146842195776e-05
subgroup:openEHR-EHR-COMPOSITION.hospitalisation.v1::Patient_admission::Tree_/_Assigned_patient_location_/_Address,family:openEHR-EHR-COMPOSITION.demographic_data.v1,Tree / Assigned patient location / Address,openEHR-EHR-COMPOSITION.demographic_data.v1,canonical_subgroup,composition_family,15.191539497439845,0.02,1.2989932128995877e-06
field:cf_1d8359b2d21168,family:openEHR-EHR-COMPOSITION.demographic_data.v1,State/province,openEHR-EHR-COMPOSITION.demographic_data.v1,field,composition_family,16.191539497439845,0.4875,1.809747003643566e-05
field:cf_10f7d6c8e1d5c5,family:openEHR-EHR-COMPOSITION.demographic_data.v1,Admission type,openEHR-EHR-COMPOSITION.demographic_data.v1,field,composition_family,20.296427556430785,0.39375,1.1470202062918793e-06
field:cf_2a67f6f1c22886,family:openEHR-EHR-COMPOSITION.demographic_data.v1,Hospital service,openEHR-EHR-COMPOSITION.demographic_data.v1,field,composition_family,18.455056159837063,0.59375,5.4170960391610785e-06
field:cf_22f759c45e42f4,family:openEHR-EHR-COMPOSITION.demographic_data.v1,Admit date/time,openEHR-EHR-COMPOSITION.demographic_data.v1,field,composition_family,18.109712578699654,0.9583333333333334,1.0830976414443527e-05
group:openEHR-EHR-COMPOSITION.hospitalisation.v1::Problem/Diagnosis,family:openEHR-EHR-COMPOSITION.demographic_data.v1,Problem/Diagnosis,openEHR-EHR-COMPOSITION.demographic_data.v1,canonical_group,composition_family,8.220159760126377,0.02,9.789005390512323e-05
subgroup:openEHR-EHR-COMPOSITION.hospitalisation.v1::Problem/Diagnosis::structure,family:openEHR-EHR-COMPOSITION.demographic_data.v1,structure,openEHR-EHR-COMPOSITION.demographic_data.v1,canonical_subgroup,composition_family,9.220159760126377,0.02,5.265940999410389e-05
field:cf_2db2fd852fb674,family:openEHR-EHR-COMPOSITION.demographic_data.v1,Problem,openEHR-EHR-COMPOSITION.demographic_data.v1,field,composition_family,11.259348886395317,0.9583333333333334,0.0007572062735396291
field:cf_49398dcbba5447,family:openEHR-EHR-COMPOSITION.demographic_data.v1,Secondary Diagnosis,openEHR-EHR-COMPOSITION.demographic_data.v1,field,composition_family,11.182448504996483,1.0815217391304348,0.0008962708206405184
group:openEHR-EHR-COMPOSITION.hospitalisation.v1::Procedure_undertaken,family:openEHR-EHR-COMPOSITION.demographic_data.v1,Procedure undertaken,openEHR-EHR-COMPOSITION.demographic_data.v1,canonical_group,composition_family,9.943201373948494,0.02,3.3634729504929165e-05
subgroup:openEHR-EHR-COMPOSITION.hospitalisation.v1::Procedure_undertaken::Procedure_list,family:openEHR-EHR-COMPOSITION.demographic_data.v1,Procedure list,openEHR-EHR-COMPOSITION.demographic_data.v1,canonical_subgroup,composition_family,10.943201373948494,0.02,1.8093615647178122e-05
field:cf_18704e514938d4,family:openEHR-EHR-COMPOSITION.demographic_data.v1,Procedure,openEHR-EHR-COMPOSITION.demographic_data.v1,field,composition_family,11.943201373948494,0.6770833333333334,0.00035010946231054226
family:openEHR-EHR-COMPOSITION.demographic_data.v1,family:openEHR-EHR-COMPOSITION.demographic_data.v1,openEHR-EHR-COMPOSITION.demographic_data.v1,openEHR-EHR-COMPOSITION.demographic_data.v1,composition_family,composition_family,0.0,0.02,0.02
group:openEHR-EHR-COMPOSITION.demographic_data.v1::Demographic_data,family:openEHR-EHR-COMPOSITION.demographic_data.v1,Demographic data,openEHR-EHR-COMPOSITION.demographic_data.v1,canonical_group,composition_family,1.0,0.02,0.008607111001514792
subgroup:openEHR-EHR-COMPOSITION.demographic_data.v1::Demographic_data::components,family:openEHR-EHR-COMPOSITION.demographic_data.v1,components,openEHR-EHR-COMPOSITION.demographic_data.v1,canonical_subgroup,composition_family,2.0,0.02,0.00463014748702481
field:cf_7f3b6795a0e812,family:openEHR-EHR-COMPOSITION.demographic_data.v1,birth date,openEHR-EHR-COMPOSITION.demographic_data.v1,field,composition_family,4.984708764039466,1.09375,0.04228063054610954
field:cf_e7551706658b4a,family:openEHR-EHR-COMPOSITION.demographic_data.v1,gender,openEHR-EHR-COMPOSITION.demographic_data.v1,field,composition_family,6.123858804001482,0.39375,0.00751127182393214
field:cf_19e1b0f55ef007,family:openEHR-EHR-COMPOSITION.demographic_data.v1,race,openEHR-EHR-COMPOSITION.demographic_data.v1,field,composition_family,12.7833154933369,0.1846590909090909,5.671802814483184e-05
field:cf_4122372d727029,family:openEHR-EHR-COMPOSITION.demographic_data.v1,ethnic group,openEHR-EHR-COMPOSITION.demographic_data.v1,field,composition_family,16.7833154933369,0.1846590909090909,4.74975062607717e-06
field:cf_7ab0248b87b82e,family:openEHR-EHR-COMPOSITION.demographic_data.v1,educational level,openEHR-EHR-COMPOSITION.demographic_data.v1,field,composition_family,7.991672672630178,0.39375,0.0023592887667879753
field:cf_eee397355aecbe,family:openEHR-EHR-COMPOSITION.demographic_data.v1,nationality,openEHR-EHR-COMPOSITION.demographic_data.v1,field,composition_family,9.325555178995053,0.39375,0.0010318497337901006
schema:root,group:openEHR-EHR-COMPOSITION.demographic_data.v1::Demographic_data,EHR Schema,Demographic data,root,canonical_group,3.576638336158122,0.02,0.0017420680706618143
family:openEHR-EHR-COMPOSITION.outpatient_high_complexity_procedures.v1,group:openEHR-EHR-COMPOSITION.demographic_data.v1::Demographic_data,openEHR-EHR-COMPOSITION.outpatient_high_complexity_procedures.v1,Demographic data,composition_family,canonical_group,8.691131595452886,0.02,7.310102671757272e-05
group:openEHR-EHR-COMPOSITION.outpatient_high_complexity_procedures.v1::HCPA,group:openEHR-EHR-COMPOSITION.demographic_data.v1::Demographic_data,HCPA,Demographic data,canonical_group,canonical_group,21.48971882679808,0.02,3.107252115660057e-08
subgroup:openEHR-EHR-COMPOSITION.outpatient_high_complexity_procedures.v1::HCPA::components_/_General_data,group:openEHR-EHR-COMPOSITION.demographic_data.v1::Demographic_data,components / General data,Demographic data,canonical_subgroup,canonical_group,25.241999631926067,0.02,2.5550186126148444e-09
field:cf_5cd62eaa6e16a8,group:openEHR-EHR-COMPOSITION.demographic_data.v1::Demographic_data,issue date,Demographic data,field,canonical_group,30.134599264706956,0.5096153846153846,3.3307462491875415e-09
field:cf_775d9002cb4e7b,group:openEHR-EHR-COMPOSITION.demographic_data.v1::Demographic_data,reason for encounter,Demographic data,field,canonical_group,30.038576483010146,0.425,2.948107319758932e-09
field:cf_b87e8363f020f7,group:openEHR-EHR-COMPOSITION.demographic_data.v1::Demographic_data,healthcare unit,Demographic data,field,canonical_group,30.392445968245525,0.425,2.3673336913354802e-09
field:cf_8b431261fa7dca,group:openEHR-EHR-COMPOSITION.demographic_data.v1::Demographic_data,State,Demographic data,field,canonical_group,31.32820027216411,0.425,1.325244046676804e-09
field:cf_16800b2d3f5ef6,group:openEHR-EHR-COMPOSITION.demographic_data.v1::Demographic_data,patient age,Demographic data,field,canonical_group,29.615235754375526,0.49038461538461536,4.422634119949292e-09
group:openEHR-EHR-COMPOSITION.outpatient_high_complexity_procedures.v1::Patient_discharge,group:openEHR-EHR-COMPOSITION.demographic_data.v1::Demographic_data,Patient discharge,Demographic data,canonical_group,canonical_group,13.830677824388346,0.02,3.5864899952693917e-06
subgroup:openEHR-EHR-COMPOSITION.outpatient_high_complexity_procedures.v1::Patient_discharge::Components,group:openEHR-EHR-COMPOSITION.demographic_data.v1::Demographic_data,Components,Demographic data,canonical_subgroup,canonical_group,14.830677824388346,0.02,1.6247009207950495e-06
field:cf_469c691048a0ce,group:openEHR-EHR-COMPOSITION.demographic_data.v1::Demographic_data,date of discharge,Demographic data,field,canonical_group,16.79405751973856,0.4168269230769231,1.0650339507797697e-05
field:cf_49533263f29569,group:openEHR-EHR-COMPOSITION.demographic_data.v1::Demographic_data,reason for discharge,Demographic data,field,canonical_group,16.868690152057837,0.39375,9.605776587265554e-06
group:openEHR-EHR-COMPOSITION.outpatient_high_complexity_procedures.v1::Problem/Diagnosis,group:openEHR-EHR-COMPOSITION.demographic_data.v1::Demographic_data,Problem/Diagnosis,Demographic data,canonical_group,canonical_group,18.685835901519066,0.02,1.7674911155284114e-07
subgroup:openEHR-EHR-COMPOSITION.outpatient_high_complexity_procedures.v1::Problem/Diagnosis::structure,group:openEHR-EHR-COMPOSITION.demographic_data.v1::Demographic_data,structure,Demographic data,canonical_subgroup,canonical_group,23.329149216817804,0.02,8.364752661801046e-09
field:cf_bd9db9ae67063d,group:openEHR-EHR-COMPOSITION.demographic_data.v1::Demographic_data,Problem,Demographic data,field,canonical_group,27.10282647038119,0.425,1.8198303687483786e-08
field:cf_4e7e8ca2916a1e,group:openEHR-EHR-COMPOSITION.demographic_data.v1::Demographic_data,Secondary Diagnosis,Demographic data,field,canonical_group,26.630161493018736,0.425,2.4395060461899276e-08
field:cf_0a229c157b8d2a,group:openEHR-EHR-COMPOSITION.demographic_data.v1::Demographic_data,Associated causes,Demographic data,field,canonical_group,26.896412726063488,0.425,2.068285109150642e-08
group:openEHR-EHR-COMPOSITION.outpatient_high_complexity_procedures.v1::Procedure_undertaken,group:openEHR-EHR-COMPOSITION.demographic_data.v1::Demographic_data,Procedure undertaken,Demographic data,canonical_group,canonical_group,23.698501386934282,0.02,7.900125751292861e-09
subgroup:openEHR-EHR-COMPOSITION.outpatient_high_complexity_procedures.v1::Procedure_undertaken::Procedure_list,group:openEHR-EHR-COMPOSITION.demographic_data.v1::Demographic_data,Procedure list,Demographic data,canonical_subgroup,canonical_group,24.698501386934282,0.02,3.578803119331739e-09
field:cf_0b6364bb149692,group:openEHR-EHR-COMPOSITION.demographic_data.v1::Demographic_data,Procedure,Demographic data,field,canonical_group,28.425876698250388,0.39375,7.423601120734223e-09
field:cf_af0c9a7d79fe64,group:openEHR-EHR-COMPOSITION.demographic_data.v1::Demographic_data,Invaded regional linphonodes,Demographic data,field,canonical_group,29.91927439329449,0.23173076923076924,1.7308588405719914e-09
field:cf_e5c01940113606,group:openEHR-EHR-COMPOSITION.demographic_data.v1::Demographic_data,irradiated area 1,Demographic data,field,canonical_group,33.6865391326359,0.1610576923076923,1.1637936969899647e-10
field:cf_fc5be63ab59287,group:openEHR-EHR-COMPOSITION.demographic_data.v1::Demographic_data,irradiated area 2,Demographic data,field,canonical_group,28.841239364095166,0.31490384615384615,4.5891304636222725e-09
field:cf_821e1930333a5c,group:openEHR-EHR-COMPOSITION.demographic_data.v1::Demographic_data,irradiated area 3,Demographic data,field,canonical_group,37.6865391326359,0.10336538461538461,6.254885132420405e-12
field:cf_c9b3a708f95249,group:openEHR-EHR-COMPOSITION.demographic_data.v1::Demographic_data,fields/insertions 1,Demographic data,field,canonical_group,32.06561667371726,0.1923076923076923,3.796163825240501e-10
field:cf_bbec72e0a270f7,group:openEHR-EHR-COMPOSITION.demographic_data.v1::Demographic_data,fields/insertions 2,Demographic data,field,canonical_group,30.480012970219917,0.23557692307692307,1.2428673439179265e-09
family:openEHR-EHR-COMPOSITION.hospitalisation.v1,group:openEHR-EHR-COMPOSITION.demographic_data.v1::Demographic_data,openEHR-EHR-COMPOSITION.hospitalisation.v1,Demographic data,composition_family,canonical_group,5.978321688127341,0.02,0.00039299015260986123
group:openEHR-EHR-COMPOSITION.hospitalisation.v1::Patient_discharge,group:openEHR-EHR-COMPOSITION.demographic_data.v1::Demographic_data,Patient discharge,Demographic data,canonical_group,canonical_group,14.104305367934872,0.02,3.0268574316253518e-06
subgroup:openEHR-EHR-COMPOSITION.hospitalisation.v1::Patient_discharge::Components,group:openEHR-EHR-COMPOSITION.demographic_data.v1::Demographic_data,Components,Demographic data,canonical_subgroup,canonical_group,15.104305367934872,0.02,1.3711840999873343e-06
field:cf_79ed78f34fef6f,group:openEHR-EHR-COMPOSITION.demographic_data.v1::Demographic_data,date of discharge,Demographic data,field,canonical_group,17.548324471017825,0.8854166666666666,1.417292595013995e-05
field:cf_be52992cb12705,group:openEHR-EHR-COMPOSITION.demographic_data.v1::Demographic_data,hospital infection,Demographic data,field,canonical_group,23.5876377662621,0.13541666666666666,5.1265225578686006e-08
field:cf_1285e1e2c004f2,group:openEHR-EHR-COMPOSITION.demographic_data.v1::Demographic_data,claim reason,Demographic data,field,canonical_group,18.367310231512654,0.39375,3.7932387138202698e-06
field:cf_80f721f9446bd3,group:openEHR-EHR-COMPOSITION.demographic_data.v1::Demographic_data,death indicator,Demographic data,field,canonical_group,19.808110207206983,0.39375,1.5525895450852046e-06
group:openEHR-EHR-COMPOSITION.hospitalisation.v1::Authorization_for_hospital_admission,group:openEHR-EHR-COMPOSITION.demographic_data.v1::Demographic_data,Authorization for hospital admission,Demographic data,canonical_group,canonical_group,10.499923092069542,0.02,2.8282463296323924e-05
subgroup:openEHR-EHR-COMPOSITION.hospitalisation.v1::Authorization_for_hospital_admission::Components,group:openEHR-EHR-COMPOSITION.demographic_data.v1::Demographic_data,Components,Demographic data,canonical_subgroup,canonical_group,11.499923092069542,0.02,1.281212110461726e-05
field:cf_ba8421601b1980,group:openEHR-EHR-COMPOSITION.demographic_data.v1::Demographic_data,Issue date,Demographic data,field,canonical_group,13.187799869885435,0.9270833333333334,0.0002215933371485289
field:cf_ba09c313b94cba,group:openEHR-EHR-COMPOSITION.demographic_data.v1::Demographic_data,ICU - Total,Demographic data,field,canonical_group,13.953671833486782,0.39375,5.8537993376777726e-05
group:openEHR-EHR-COMPOSITION.hospitalisation.v1::Patient_admission,group:openEHR-EHR-COMPOSITION.demographic_data.v1::Demographic_data,Patient admission,Demographic data,canonical_group,canonical_group,12.83253500947107,0.02,6.65935446233051e-06
subgroup:openEHR-EHR-COMPOSITION.hospitalisation.v1::Patient_admission::Tree,group:openEHR-EHR-COMPOSITION.demographic_data.v1::Demographic_data,Tree,Demographic data,canonical_subgroup,canonical_group,16.529019680563444,0.02,5.668570061908895e-07
field:cf_3db72fcc22b158,group:openEHR-EHR-COMPOSITION.demographic_data.v1::Demographic_data,Patient class,Demographic data,field,canonical_group,25.075955115485904,0.13541666666666666,2.037392509865549e-08
subgroup:openEHR-EHR-COMPOSITION.hospitalisation.v1::Patient_admission::Tree_/_Assigned_patient_location_/_Facility,group:openEHR-EHR-COMPOSITION.demographic_data.v1::Demographic_data,Tree / Assigned patient location / Facility,Demographic data,canonical_subgroup,canonical_group,15.14860730447246,0.02,1.3340340507252888e-06
field:cf_9449e602105d68,group:openEHR-EHR-COMPOSITION.demographic_data.v1::Demographic_data,Universal ID,Demographic data,field,canonical_group,16.14860730447246,0.7395833333333334,2.81961878242031e-05
subgroup:openEHR-EHR-COMPOSITION.hospitalisation.v1::Patient_admission::Tree_/_Assigned_patient_location_/_Address,group:openEHR-EHR-COMPOSITION.demographic_data.v1::Demographic_data,Tree / Assigned patient location / Address,Demographic data,canonical_subgroup,canonical_group,16.191539497439845,0.02,6.987861733525686e-07
field:cf_1d8359b2d21168,group:openEHR-EHR-COMPOSITION.demographic_data.v1::Demographic_data,State/province,Demographic data,field,canonical_group,17.191539497439845,0.4875,9.735433340636844e-06
field:cf_10f7d6c8e1d5c5,group:openEHR-EHR-COMPOSITION.demographic_data.v1::Demographic_data,Admission type,Demographic data,field,canonical_group,21.296427556430785,0.39375,6.170331397834119e-07
field:cf_2a67f6f1c22886,group:openEHR-EHR-COMPOSITION.demographic_data.v1::Demographic_data,Hospital service,Demographic data,field,canonical_group,19.455056159837063,0.59375,2.9140966821828475e-06
field:cf_22f759c45e42f4,group:openEHR-EHR-COMPOSITION.demographic_data.v1::Demographic_data,Admit date/time,Demographic data,field,canonical_group,19.109712578699654,0.9583333333333334,5.8264635158690015e-06
group:openEHR-EHR-COMPOSITION.hospitalisation.v1::Problem/Diagnosis,group:openEHR-EHR-COMPOSITION.demographic_data.v1::Demographic_data,Problem/Diagnosis,Demographic data,canonical_group,canonical_group,9.220159760126377,0.02,6.253304936799836e-05
subgroup:openEHR-EHR-COMPOSITION.hospitalisation.v1::Problem/Diagnosis::structure,group:openEHR-EHR-COMPOSITION.demographic_data.v1::Demographic_data,structure,Demographic data,canonical_subgroup,canonical_group,10.220159760126377,0.02,2.8327836693345594e-05
field:cf_2db2fd852fb674,group:openEHR-EHR-COMPOSITION.demographic_data.v1::Demographic_data,Problem,Demographic data,field,canonical_group,12.259348886395317,0.9583333333333334,0.00040733490296243505
field:cf_49398dcbba5447,group:openEHR-EHR-COMPOSITION.demographic_data.v1::Demographic_data,Secondary Diagnosis,Demographic data,field,canonical_group,12.182448504996483,1.0815217391304348,0.0004821439025419815
group:openEHR-EHR-COMPOSITION.hospitalisation.v1::Procedure_undertaken,group:openEHR-EHR-COMPOSITION.demographic_data.v1::Demographic_data,Procedure undertaken,Demographic data,canonical_group,canonical_group,10.943201373948494,0.02,2.1486168581024016e-05
subgroup:openEHR-EHR-COMPOSITION.hospitalisation.v1::Procedure_undertaken::Procedure_list,group:openEHR-EHR-COMPOSITION.demographic_data.v1::Demographic_data,Procedure list,Demographic data,canonical_subgroup,canonical_group,11.943201373948494,0.02,9.733359893375438e-06
field:cf_18704e514938d4,group:openEHR-EHR-COMPOSITION.demographic_data.v1::Demographic_data,Procedure,Demographic data,field,canonical_group,12.943201373948494,0.6770833333333334,0.00018833943779921852
family:openEHR-EHR-COMPOSITION.demographic_data.v1,group:openEHR-EHR-COMPOSITION.demographic_data.v1::Demographic_data,openEHR-EHR-COMPOSITION.demographic_data.v1,Demographic data,composition_family,canonical_group,1.0,0.02,0.008607111001514792
group:openEHR-EHR-COMPOSITION.demographic_data.v1::Demographic_data,group:openEHR-EHR-COMPOSITION.demographic_data.v1::Demographic_data,Demographic data,Demographic data,canonical_group,canonical_group,0.0,0.02,0.02
subgroup:openEHR-EHR-COMPOSITION.demographic_data.v1::Demographic_data::components,group:openEHR-EHR-COMPOSITION.demographic_data.v1::Demographic_data,components,Demographic data,canonical_subgroup,canonical_group,1.0,0.02,0.008607111001514792
field:cf_7f3b6795a0e812,group:openEHR-EHR-COMPOSITION.demographic_data.v1::Demographic_data,birth date,Demographic data,field,canonical_group,3.9847087640394654,1.09375,0.07859664974910806
field:cf_e7551706658b4a,group:openEHR-EHR-COMPOSITION.demographic_data.v1::Demographic_data,gender,Demographic data,field,canonical_group,5.123858804001482,0.39375,0.013962913823437777
field:cf_19e1b0f55ef007,group:openEHR-EHR-COMPOSITION.demographic_data.v1::Demographic_data,race,Demographic data,field,canonical_group,11.7833154933369,0.1846590909090909,0.00010543473299665787
field:cf_4122372d727029,group:openEHR-EHR-COMPOSITION.demographic_data.v1::Demographic_data,ethnic group,Demographic data,field,canonical_group,15.7833154933369,0.1846590909090909,8.829444630592062e-06
field:cf_7ab0248b87b82e,group:openEHR-EHR-COMPOSITION.demographic_data.v1::Demographic_data,educational level,Demographic data,field,canonical_group,6.991672672630178,0.39375,0.004385748047395242
field:cf_eee397355aecbe,group:openEHR-EHR-COMPOSITION.demographic_data.v1::Demographic_data,nationality,Demographic data,field,canonical_group,8.325555178995053,0.39375,0.0019181344051141013
schema:root,subgroup:openEHR-EHR-COMPOSITION.demographic_data.v1::Demographic_data::components,EHR Schema,components,root,canonical_subgroup,4.576638336158123,0.02,0.0009371358285238089
family:openEHR-EHR-COMPOSITION.outpatient_high_complexity_procedures.v1,subgroup:openEHR-EHR-COMPOSITION.demographic_data.v1::Demographic_data::components,openEHR-EHR-COMPOSITION.outpatient_high_complexity_procedures.v1,components,composition_family,canonical_subgroup,9.691131595452887,0.02,3.93242907051779e-05
group:openEHR-EHR-COMPOSITION.outpatient_high_complexity_procedures.v1::HCPA,subgroup:openEHR-EHR-COMPOSITION.demographic_data.v1::Demographic_data::components,HCPA,components,canonical_group,canonical_subgroup,22.489718826798082,0.02,1.4076033615356695e-08
subgroup:openEHR-EHR-COMPOSITION.outpatient_high_complexity_procedures.v1::HCPA::components_/_General_data,subgroup:openEHR-EHR-COMPOSITION.demographic_data.v1::Demographic_data::components,components / General data,components,canonical_subgroup,canonical_subgroup,26.24199963192607,0.02,1.632168935095829e-09
field:cf_5cd62eaa6e16a8,subgroup:openEHR-EHR-COMPOSITION.demographic_data.v1::Demographic_data::components,issue date,components,field,canonical_subgroup,31.134599264706956,0.5096153846153846,1.7917564177897618e-09
field:cf_775d9002cb4e7b,subgroup:openEHR-EHR-COMPOSITION.demographic_data.v1::Demographic_data::components,reason for encounter,components,field,canonical_subgroup,31.038576483010154,0.425,1.5859179340964547e-09
field:cf_b87e8363f020f7,subgroup:openEHR-EHR-COMPOSITION.demographic_data.v1::Demographic_data::components,healthcare unit,components,field,canonical_subgroup,31.39244596824553,0.425,1.2734939911843883e-09
field:cf_8b431261fa7dca,subgroup:openEHR-EHR-COMPOSITION.demographic_data.v1::Demographic_data::components,State,components,field,canonical_subgroup,32.32820027216412,0.425,7.129076633652407e-10
field:cf_16800b2d3f5ef6,subgroup:openEHR-EHR-COMPOSITION.demographic_data.v1::Demographic_data::components,patient age,components,field,canonical_subgroup,30.61523575437553,0.49038461538461536,2.3791314243431374e-09
group:openEHR-EHR-COMPOSITION.outpatient_high_complexity_procedures.v1::Patient_discharge,subgroup:openEHR-EHR-COMPOSITION.demographic_data.v1::Demographic_data::components,Patient discharge,components,canonical_group,canonical_subgroup,14.83067782438835,0.02,1.6247009207950442e-06
subgroup:openEHR-EHR-COMPOSITION.outpatient_high_complexity_procedures.v1::Patient_discharge::Components,subgroup:openEHR-EHR-COMPOSITION.demographic_data.v1::Demographic_data::components,Components,components,canonical_subgroup,canonical_subgroup,15.83067782438835,0.02,1.0378736024272604e-06
field:cf_469c691048a0ce,subgroup:openEHR-EHR-COMPOSITION.demographic_data.v1::Demographic_data::components,date of discharge,components,field,canonical_subgroup,17.794057519738562,0.4168269230769231,5.729290896714568e-06
field:cf_49533263f29569,subgroup:openEHR-EHR-COMPOSITION.demographic_data.v1::Demographic_data::components,reason for discharge,components,field,canonical_subgroup,17.86869015205784,0.39375,5.1673740838966445e-06
group:openEHR-EHR-COMPOSITION.outpatient_high_complexity_procedures.v1::Problem/Diagnosis,subgroup:openEHR-EHR-COMPOSITION.demographic_data.v1::Demographic_data::components,Problem/Diagnosis,components,canonical_group,canonical_subgroup,19.68583590151907,0.02,8.00683801344433e-08
subgroup:openEHR-EHR-COMPOSITION.outpatient_high_complexity_procedures.v1::Problem/Diagnosis::structure,subgroup:openEHR-EHR-COMPOSITION.demographic_data.v1::Demographic_data::components,structure,components,canonical_subgroup,canonical_subgroup,24.329149216817807,0.02,5.343479447446939e-09
field:cf_bd9db9ae67063d,subgroup:openEHR-EHR-COMPOSITION.demographic_data.v1::Demographic_data::components,Problem,components,field,canonical_subgroup,28.102826470381192,0.425,9.789676242340512e-09
field:cf_4e7e8ca2916a1e,subgroup:openEHR-EHR-COMPOSITION.demographic_data.v1::Demographic_data::components,Secondary Diagnosis,components,field,canonical_subgroup,27.63016149301874,0.425,1.3123187080264423e-08
field:cf_0a229c157b8d2a,subgroup:openEHR-EHR-COMPOSITION.demographic_data.v1::Demographic_data::components,Associated causes,components,field,canonical_subgroup,27.896412726063495,0.425,1.112622469827477e-08
group:openEHR-EHR-COMPOSITION.outpatient_high_complexity_procedures.v1::Procedure_undertaken,subgroup:openEHR-EHR-COMPOSITION.demographic_data.v1::Demographic_data::components,Procedure undertaken,components,canonical_group,canonical_subgroup,24.698501386934282,0.02,3.578803119331739e-09
subgroup:openEHR-EHR-COMPOSITION.outpatient_high_complexity_procedures.v1::Procedure_undertaken::Procedure_list,subgroup:openEHR-EHR-COMPOSITION.demographic_data.v1::Demographic_data::components,Procedure list,components,canonical_subgroup,canonical_subgroup,25.698501386934282,0.02,2.286171712158039e-09
field:cf_0b6364bb149692,subgroup:openEHR-EHR-COMPOSITION.demographic_data.v1::Demographic_data::components,Procedure,components,field,canonical_subgroup,29.425876698250388,0.39375,3.993484929820563e-09
field:cf_af0c9a7d79fe64,subgroup:openEHR-EHR-COMPOSITION.demographic_data.v1::Demographic_data::components,Invaded regional linphonodes,components,field,canonical_subgroup,30.919274393294494,0.23173076923076924,9.311058855472693e-10
field:cf_e5c01940113606,subgroup:openEHR-EHR-COMPOSITION.demographic_data.v1::Demographic_data::components,irradiated area 1,components,field,canonical_subgroup,34.6865391326359,0.1610576923076923,6.260563458034929e-11
field:cf_fc5be63ab59287,subgroup:openEHR-EHR-COMPOSITION.demographic_data.v1::Demographic_data::components,irradiated area 2,components,field,canonical_subgroup,29.841239364095166,0.31490384615384615,2.4686972063018684e-09
field:cf_821e1930333a5c,subgroup:openEHR-EHR-COMPOSITION.demographic_data.v1::Demographic_data::components,irradiated area 3,components,field,canonical_subgroup,38.6865391326359,0.10336538461538461,3.3647806647791824e-12
field:cf_c9b3a708f95249,subgroup:openEHR-EHR-COMPOSITION.demographic_data.v1::Demographic_data::components,fields/insertions 1,components,field,canonical_subgroup,33.06561667371726,0.1923076923076923,2.042125213986255e-10
field:cf_bbec72e0a270f7,subgroup:openEHR-EHR-COMPOSITION.demographic_data.v1::Demographic_data::components,fields/insertions 2,components,field,canonical_subgroup,31.480012970219917,0.23557692307692307,6.685935743287153e-10
family:openEHR-EHR-COMPOSITION.hospitalisation.v1,subgroup:openEHR-EHR-COMPOSITION.demographic_data.v1::Demographic_data::components,openEHR-EHR-COMPOSITION.hospitalisation.v1,components,composition_family,canonical_subgroup,6.978321688127341,0.02,0.00021140686662595717
group:openEHR-EHR-COMPOSITION.hospitalisation.v1::Patient_discharge,subgroup:openEHR-EHR-COMPOSITION.demographic_data.v1::Demographic_data::components,Patient discharge,components,canonical_group,canonical_subgroup,15.104305367934872,0.02,1.3711840999873343e-06
subgroup:openEHR-EHR-COMPOSITION.hospitalisation.v1::Patient_discharge::Components,subgroup:openEHR-EHR-COMPOSITION.demographic_data.v1::Demographic_data::components,Components,components,canonical_subgroup,canonical_subgroup,16.10430536793487,0.02,8.759247706639073e-07
field:cf_79ed78f34fef6f,subgroup:openEHR-EHR-COMPOSITION.demographic_data.v1::Demographic_data::components,date of discharge,components,field,canonical_subgroup,18.54832447101782,0.8854166666666666,7.624246679319009e-06
field:cf_be52992cb12705,subgroup:openEHR-EHR-COMPOSITION.demographic_data.v1::Demographic_data::components,hospital infection,components,field,canonical_subgroup,24.587637766262098,0.13541666666666666,2.7577842942090435e-08
field:cf_1285e1e2c004f2,subgroup:openEHR-EHR-COMPOSITION.demographic_data.v1::Demographic_data::components,claim reason,components,field,canonical_subgroup,19.367310231512654,0.39375,2.0405516665683894e-06
field:cf_80f721f9446bd3,subgroup:openEHR-EHR-COMPOSITION.demographic_data.v1::Demographic_data::components,death indicator,components,field,canonical_subgroup,20.80811020720698,0.39375,8.352069096462341e-07
group:openEHR-EHR-COMPOSITION.hospitalisation.v1::Authorization_for_hospital_admission,subgroup:openEHR-EHR-COMPOSITION.demographic_data.v1::Demographic_data::components,Authorization for hospital admission,components,canonical_group,canonical_subgroup,11.499923092069542,0.02,1.281212110461726e-05
subgroup:openEHR-EHR-COMPOSITION.hospitalisation.v1::Authorization_for_hospital_admission::Components,subgroup:openEHR-EHR-COMPOSITION.demographic_data.v1::Demographic_data::components,Components,components,canonical_subgroup,canonical_subgroup,12.499923092069542,0.02,8.184498522396608e-06
field:cf_ba8421601b1980,subgroup:openEHR-EHR-COMPOSITION.demographic_data.v1::Demographic_data::components,Issue date,components,field,canonical_subgroup,14.187799869885435,0.9270833333333334,0.00011920490312709255
field:cf_ba09c313b94cba,subgroup:openEHR-EHR-COMPOSITION.demographic_data.v1::Demographic_data::components,ICU - Total,components,field,canonical_subgroup,14.953671833486782,0.39375,3.1490187924991444e-05
group:openEHR-EHR-COMPOSITION.hospitalisation.v1::Patient_admission,subgroup:openEHR-EHR-COMPOSITION.demographic_data.v1::Demographic_data::components,Patient admission,components,canonical_group,canonical_subgroup,13.83253500947107,0.02,3.016726476616395e-06
subgroup:openEHR-EHR-COMPOSITION.hospitalisation.v1::Patient_admission::Tree,subgroup:openEHR-EHR-COMPOSITION.demographic_data.v1::Demographic_data::components,Tree,components,canonical_subgroup,canonical_subgroup,17.529019680563444,0.02,3.6211336840295146e-07
field:cf_3db72fcc22b158,subgroup:openEHR-EHR-COMPOSITION.demographic_data.v1::Demographic_data::components,Patient class,components,field,canonical_subgroup,26.075955115485904,0.13541666666666666,1.096003967879224e-08
subgroup:openEHR-EHR-COMPOSITION.hospitalisation.v1::Patient_admission::Tree_/_Assigned_patient_location_/_Facility,subgroup:openEHR-EHR-COMPOSITION.demographic_data.v1::Demographic_data::components,Tree / Assigned patient location / Facility,components,canonical_subgroup,canonical_subgroup,16.14860730447246,0.02,8.521929841151028e-07
field:cf_9449e602105d68,subgroup:openEHR-EHR-COMPOSITION.demographic_data.v1::Demographic_data::components,Universal ID,components,field,canonical_subgroup,17.14860730447246,0.7395833333333334,1.5167982401404757e-05
subgroup:openEHR-EHR-COMPOSITION.hospitalisation.v1::Patient_admission::Tree_/_Assigned_patient_location_/_Address,subgroup:openEHR-EHR-COMPOSITION.demographic_data.v1::Demographic_data::components,Tree / Assigned patient location / Address,components,canonical_subgroup,canonical_subgroup,17.191539497439845,0.02,4.4639091033990964e-07
field:cf_1d8359b2d21168,subgroup:openEHR-EHR-COMPOSITION.demographic_data.v1::Demographic_data::components,State/province,components,field,canonical_subgroup,18.191539497439845,0.4875,5.237122213169335e-06
field:cf_10f7d6c8e1d5c5,subgroup:openEHR-EHR-COMPOSITION.demographic_data.v1::Demographic_data::components,Admission type,components,field,canonical_subgroup,22.296427556430785,0.39375,3.3192954535806393e-07
field:cf_2a67f6f1c22886,subgroup:openEHR-EHR-COMPOSITION.demographic_data.v1::Demographic_data::components,Hospital service,components,field,canonical_subgroup,20.455056159837063,0.59375,1.56762210079336e-06
field:cf_22f759c45e42f4,subgroup:openEHR-EHR-COMPOSITION.demographic_data.v1::Demographic_data::components,Admit date/time,components,field,canonical_subgroup,20.109712578699654,0.9583333333333334,3.134313639210042e-06
group:openEHR-EHR-COMPOSITION.hospitalisation.v1::Problem/Diagnosis,subgroup:openEHR-EHR-COMPOSITION.demographic_data.v1::Demographic_data::components,Problem/Diagnosis,components,canonical_group,canonical_subgroup,10.220159760126377,0.02,2.8327836693345594e-05
subgroup:openEHR-EHR-COMPOSITION.hospitalisation.v1::Problem/Diagnosis::structure,subgroup:openEHR-EHR-COMPOSITION.demographic_data.v1::Demographic_data::components,structure,components,canonical_subgroup,canonical_subgroup,11.220159760126377,0.02,1.809607758670226e-05
field:cf_2db2fd852fb674,subgroup:openEHR-EHR-COMPOSITION.demographic_data.v1::Demographic_data::components,Problem,components,field,canonical_subgroup,13.259348886395317,0.9583333333333334,0.00021912354528680832
field:cf_49398dcbba5447,subgroup:openEHR-EHR-COMPOSITION.demographic_data.v1::Demographic_data::components,Secondary Diagnosis,components,field,canonical_subgroup,13.182448504996483,1.0815217391304348,0.00025936663049264754
group:openEHR-EHR-COMPOSITION.hospitalisation.v1::Procedure_undertaken,subgroup:openEHR-EHR-COMPOSITION.demographic_data.v1::Demographic_data::components,Procedure undertaken,components,canonical_group,canonical_subgroup,11.943201373948494,0.02,9.733359893375438e-06
subgroup:openEHR-EHR-COMPOSITION.hospitalisation.v1::Procedure_undertaken::Procedure_list,subgroup:openEHR-EHR-COMPOSITION.demographic_data.v1::Demographic_data::components,Procedure list,components,canonical_subgroup,canonical_subgroup,12.943201373948494,0.02,6.217758091326235e-06
field:cf_18704e514938d4,subgroup:openEHR-EHR-COMPOSITION.demographic_data.v1::Demographic_data::components,Procedure,components,field,canonical_subgroup,13.943201373948494,0.6770833333333334,0.00010131615294379785
family:openEHR-EHR-COMPOSITION.demographic_data.v1,subgroup:openEHR-EHR-COMPOSITION.demographic_data.v1::Demographic_data::components,openEHR-EHR-COMPOSITION.demographic_data.v1,components,composition_family,canonical_subgroup,2.0,0.02,0.00463014748702481
group:openEHR-EHR-COMPOSITION.demographic_data.v1::Demographic_data,subgroup:openEHR-EHR-COMPOSITION.demographic_data.v1::Demographic_data::components,Demographic data,components,canonical_group,canonical_subgroup,1.0,0.02,0.008607111001514792
subgroup:openEHR-EHR-COMPOSITION.demographic_data.v1::Demographic_data::components,subgroup:openEHR-EHR-COMPOSITION.demographic_data.v1::Demographic_data::components,components,components,canonical_subgroup,canonical_subgroup,0.0,0.02,0.02
field:cf_7f3b6795a0e812,subgroup:openEHR-EHR-COMPOSITION.demographic_data.v1::Demographic_data::components,birth date,components,field,canonical_subgroup,2.9847087640394654,1.09375,0.14610551621379225
field:cf_e7551706658b4a,subgroup:openEHR-EHR-COMPOSITION.demographic_data.v1::Demographic_data::components,gender,components,field,canonical_subgroup,4.123858804001482,0.39375,0.025956052052272395
field:cf_19e1b0f55ef007,subgroup:openEHR-EHR-COMPOSITION.demographic_data.v1::Demographic_data::components,race,components,field,canonical_subgroup,10.7833154933369,0.1846590909090909,0.00019599558175206918
field:cf_4122372d727029,subgroup:openEHR-EHR-COMPOSITION.demographic_data.v1::Demographic_data::components,ethnic group,components,field,canonical_subgroup,14.7833154933369,0.1846590909090909,1.6413302217737222e-05
field:cf_7ab0248b87b82e,subgroup:openEHR-EHR-COMPOSITION.demographic_data.v1::Demographic_data::components,educational level,components,field,canonical_subgroup,5.991672672630178,0.39375,0.008152790029775857
field:cf_eee397355aecbe,subgroup:openEHR-EHR-COMPOSITION.demographic_data.v1::Demographic_data::components,nationality,components,field,canonical_subgroup,7.325555178995054,0.39375,0.0035656738336968543
schema:root,field:cf_7f3b6795a0e812,EHR Schema,birth date,root,field,7.5613471001975885,0.02,0.00015648081598732685
family:openEHR-EHR-COMPOSITION.outpatient_high_complexity_procedures.v1,field:cf_7f3b6795a0e812,openEHR-EHR-COMPOSITION.outpatient_high_complexity_procedures.v1,birth date,composition_family,field,12.675840359492351,0.02,6.566280906538578e-06
group:openEHR-EHR-COMPOSITION.outpatient_high_complexity_procedures.v1::HCPA,field:cf_7f3b6795a0e812,HCPA,birth date,canonical_group,field,25.474427590837543,0.02,2.3503841801307275e-09
subgroup:openEHR-EHR-COMPOSITION.outpatient_high_complexity_procedures.v1::HCPA::components_/_General_data,field:cf_7f3b6795a0e812,components / General data,birth date,canonical_subgroup,field,29.22670839596553,0.02,2.2950388914073237e-10
field:cf_5cd62eaa6e16a8,field:cf_7f3b6795a0e812,issue date,birth date,field,field,34.11930802874642,0.5096153846153846,3.1471197584010743e-10
field:cf_775d9002cb4e7b,field:cf_7f3b6795a0e812,reason for encounter,birth date,field,field,34.023285247049614,0.425,2.7855759946178126e-10
field:cf_b87e8363f020f7,field:cf_7f3b6795a0e812,healthcare unit,birth date,field,field,34.377154732284986,0.425,2.2368208435415227e-10
field:cf_8b431261fa7dca,field:cf_7f3b6795a0e812,State,birth date,field,field,35.31290903620358,0.425,1.2521823675451954e-10
field:cf_16800b2d3f5ef6,field:cf_7f3b6795a0e812,patient age,birth date,field,field,33.59994451841499,0.49038461538461536,4.178811047664236e-10
group:openEHR-EHR-COMPOSITION.outpatient_high_complexity_procedures.v1::Patient_discharge,field:cf_7f3b6795a0e812,Patient discharge,birth date,canonical_group,field,17.815386588427813,0.02,2.7128887625803883e-07
subgroup:openEHR-EHR-COMPOSITION.outpatient_high_complexity_procedures.v1::Patient_discharge::Components,field:cf_7f3b6795a0e812,Components,birth date,canonical_subgroup,field,18.815386588427813,0.02,1.459383419643218e-07
field:cf_469c691048a0ce,field:cf_7f3b6795a0e812,date of discharge,birth date,field,field,20.778766283778026,0.4168269230769231,1.006317845643313e-06
field:cf_49533263f29569,field:cf_7f3b6795a0e812,reason for discharge,birth date,field,field,20.853398916097305,0.39375,9.07620305808156e-07
group:openEHR-EHR-COMPOSITION.outpatient_high_complexity_procedures.v1::Problem/Diagnosis,field:cf_7f3b6795a0e812,Problem/Diagnosis,birth date,canonical_group,field,22.67054466555853,0.02,1.3369636585080013e-08
subgroup:openEHR-EHR-COMPOSITION.outpatient_high_complexity_procedures.v1::Problem/Diagnosis::structure,field:cf_7f3b6795a0e812,structure,birth date,canonical_subgroup,field,27.313857980857268,0.02,7.513617545114251e-10
field:cf_bd9db9ae67063d,field:cf_7f3b6795a0e812,Problem,birth date,field,field,31.087535234420653,0.425,1.7195017818674473e-09
field:cf_4e7e8ca2916a1e,field:cf_7f3b6795a0e812,Secondary Diagnosis,birth date,field,field,30.6148702570582,0.425,2.3050142833834625e-09
field:cf_0a229c157b8d2a,field:cf_7f3b6795a0e812,Associated causes,birth date,field,field,30.881121490102956,0.425,1.9542590296701272e-09
group:openEHR-EHR-COMPOSITION.outpatient_high_complexity_procedures.v1::Procedure_undertaken,field:cf_7f3b6795a0e812,Procedure undertaken,birth date,canonical_group,field,27.683210150973746,0.02,5.975804310599941e-10
subgroup:openEHR-EHR-COMPOSITION.outpatient_high_complexity_procedures.v1::Procedure_undertaken::Procedure_list,field:cf_7f3b6795a0e812,Procedure list,birth date,canonical_subgroup,field,28.683210150973746,0.02,3.214650689041513e-10
field:cf_0b6364bb149692,field:cf_7f3b6795a0e812,Procedure,birth date,field,field,32.41058546228985,0.39375,7.014332530209949e-10
field:cf_af0c9a7d79fe64,field:cf_7f3b6795a0e812,Invaded regional linphonodes,birth date,field,field,33.903983157333954,0.23173076923076924,1.6354353194861338e-10
field:cf_e5c01940113606,field:cf_7f3b6795a0e812,irradiated area 1,birth date,field,field,37.67124789667536,0.1610576923076923,1.0996328943981117e-11
field:cf_fc5be63ab59287,field:cf_7f3b6795a0e812,irradiated area 2,birth date,field,field,32.825948128134634,0.31490384615384615,4.3361283254372065e-10
field:cf_821e1930333a5c,field:cf_7f3b6795a0e812,irradiated area 3,birth date,field,field,41.67124789667536,0.10336538461538461,5.91004871402949e-13
field:cf_c9b3a708f95249,field:cf_7f3b6795a0e812,fields/insertions 1,birth date,field,field,36.05032543775672,0.1923076923076923,3.586878521129004e-11
field:cf_bbec72e0a270f7,field:cf_7f3b6795a0e812,fields/insertions 2,birth date,field,field,34.46472173425938,0.23557692307692307,1.1743471530050253e-10
family:openEHR-EHR-COMPOSITION.hospitalisation.v1,field:cf_7f3b6795a0e812,openEHR-EHR-COMPOSITION.hospitalisation.v1,birth date,composition_family,field,9.963030452166807,0.02,3.5300239290886616e-05
group:openEHR-EHR-COMPOSITION.hospitalisation.v1::Patient_discharge,field:cf_7f3b6795a0e812,Patient discharge,birth date,canonical_group,field,18.089014131974338,0.02,2.2895721228890706e-07
subgroup:openEHR-EHR-COMPOSITION.hospitalisation.v1::Patient_discharge::Components,field:cf_7f3b6795a0e812,Components,birth date,canonical_subgroup,field,19.089014131974338,0.02,1.231662587980007e-07
field:cf_79ed78f34fef6f,field:cf_7f3b6795a0e812,date of discharge,birth date,field,field,21.53303323505729,0.8854166666666666,1.3391562117024257e-06
field:cf_be52992cb12705,field:cf_7f3b6795a0e812,hospital infection,birth date,field,field,27.572346530301566,0.13541666666666666,4.84389359822668e-09
field:cf_1285e1e2c004f2,field:cf_7f3b6795a0e812,claim reason,birth date,field,field,22.352018995552122,0.39375,3.5841146732530313e-07
field:cf_80f721f9446bd3,field:cf_7f3b6795a0e812,death indicator,birth date,field,field,23.792818971246447,0.39375,1.46699414139292e-07
group:openEHR-EHR-COMPOSITION.hospitalisation.v1::Authorization_for_hospital_admission,field:cf_7f3b6795a0e812,Authorization for hospital admission,birth date,canonical_group,field,14.484631856109008,0.02,2.1393389346099747e-06
subgroup:openEHR-EHR-COMPOSITION.hospitalisation.v1::Authorization_for_hospital_admission::Components,field:cf_7f3b6795a0e812,Components,birth date,canonical_subgroup,field,15.484631856109008,0.02,1.1508454800031517e-06
field:cf_ba8421601b1980,field:cf_7f3b6795a0e812,Issue date,birth date,field,field,17.1725086339249,0.9270833333333334,2.093767334693459e-05
field:cf_ba09c313b94cba,field:cf_7f3b6795a0e812,ICU - Total,birth date,field,field,17.938380597526248,0.39375,5.531075074186306e-06
group:openEHR-EHR-COMPOSITION.hospitalisation.v1::Patient_admission,field:cf_7f3b6795a0e812,Patient admission,birth date,canonical_group,field,16.817243773510533,0.02,5.037261475906903e-07
subgroup:openEHR-EHR-COMPOSITION.hospitalisation.v1::Patient_admission::Tree,field:cf_7f3b6795a0e812,Tree,birth date,canonical_subgroup,field,20.513728444602908,0.02,5.091778465532956e-08
field:cf_3db72fcc22b158,field:cf_7f3b6795a0e812,Patient class,birth date,field,field,29.060663879525364,0.13541666666666666,1.92506956210797e-09
subgroup:openEHR-EHR-COMPOSITION.hospitalisation.v1::Patient_admission::Tree_/_Assigned_patient_location_/_Facility,field:cf_7f3b6795a0e812,Tree / Assigned patient location / Facility,birth date,canonical_subgroup,field,19.133316068511924,0.02,1.1982926518655945e-07
field:cf_9449e602105d68,field:cf_7f3b6795a0e812,Universal ID,birth date,field,field,20.133316068511924,0.7395833333333334,2.6641711248577506e-06
subgroup:openEHR-EHR-COMPOSITION.hospitalisation.v1::Patient_admission::Tree_/_Assigned_patient_location_/_Address,field:cf_7f3b6795a0e812,Tree / Assigned patient location / Address,birth date,canonical_subgroup,field,20.17624826147931,0.02,6.276828813315589e-08
field:cf_1d8359b2d21168,field:cf_7f3b6795a0e812,State/province,birth date,field,field,21.17624826147931,0.4875,9.198711739265111e-07
field:cf_10f7d6c8e1d5c5,field:cf_7f3b6795a0e812,Admission type,birth date,field,field,25.281136320470246,0.39375,5.8301564890279467e-08
field:cf_2a67f6f1c22886,field:cf_7f3b6795a0e812,Hospital service,birth date,field,field,23.439764923876528,0.59375,2.753440388509235e-07
field:cf_22f759c45e42f4,field:cf_7f3b6795a0e812,Admit date/time,birth date,field,field,23.094421342739118,0.9583333333333334,5.505246296341861e-07
group:openEHR-EHR-COMPOSITION.hospitalisation.v1::Problem/Diagnosis,field:cf_7f3b6795a0e812,Problem/Diagnosis,birth date,canonical_group,field,13.204868524165843,0.02,4.7301179466300175e-06
subgroup:openEHR-EHR-COMPOSITION.hospitalisation.v1::Problem/Diagnosis::structure,field:cf_7f3b6795a0e812,structure,birth date,canonical_subgroup,field,14.204868524165843,0.02,2.5445406385563585e-06
field:cf_2db2fd852fb674,field:cf_7f3b6795a0e812,Problem,birth date,field,field,16.244057650434783,0.9583333333333334,3.8487823013000625e-05
field:cf_49398dcbba5447,field:cf_7f3b6795a0e812,Secondary Diagnosis,birth date,field,field,16.167157269035947,1.0815217391304348,4.555629545338653e-05
group:openEHR-EHR-COMPOSITION.hospitalisation.v1::Procedure_undertaken,field:cf_7f3b6795a0e812,Procedure undertaken,birth date,canonical_group,field,14.927910137987961,0.02,1.625254367675702e-06
subgroup:openEHR-EHR-COMPOSITION.hospitalisation.v1::Procedure_undertaken::Procedure_list,field:cf_7f3b6795a0e812,Procedure list,birth date,canonical_subgroup,field,15.927910137987961,0.02,8.74296546767593e-07
field:cf_18704e514938d4,field:cf_7f3b6795a0e812,Procedure,birth date,field,field,16.92791013798796,0.6770833333333334,1.7795614605244978e-05
family:openEHR-EHR-COMPOSITION.demographic_data.v1,field:cf_7f3b6795a0e812,openEHR-EHR-COMPOSITION.demographic_data.v1,birth date,composition_family,field,4.984708764039466,0.02,0.000773131529986003
group:openEHR-EHR-COMPOSITION.demographic_data.v1::Demographic_data,field:cf_7f3b6795a0e812,Demographic data,birth date,canonical_group,field,3.9847087640394654,0.02,0.0014371958811265474
subgroup:openEHR-EHR-COMPOSITION.demographic_data.v1::Demographic_data::components,field:cf_7f3b6795a0e812,components,birth date,canonical_subgroup,field,2.9847087640394654,0.02,0.002671643725052201
field:cf_7f3b6795a0e812,field:cf_7f3b6795a0e812,birth date,birth date,field,field,0.0,1.09375,1.09375
field:cf_e7551706658b4a,field:cf_7f3b6795a0e812,gender,birth date,field,field,1.3445378151260503,0.39375,0.16252136180216548
field:cf_19e1b0f55ef007,field:cf_7f3b6795a0e812,race,birth date,field,field,9.881663208832975,0.1846590909090909,0.0003831176677117897
field:cf_4122372d727029,field:cf_7f3b6795a0e812,ethnic group,birth date,field,field,13.881663208832975,0.1846590909090909,3.2083509275544354e-05
field:cf_7ab0248b87b82e,field:cf_7f3b6795a0e812,educational level,birth date,field,field,3.8842203548085896,0.39375,0.03365650247042212
field:cf_eee397355aecbe,field:cf_7f3b6795a0e812,nationality,birth date,field,field,6.423902894491129,0.39375,0.006969915498987886
schema:root,field:cf_e7551706658b4a,EHR Schema,gender,root,field,8.700497140159603,0.02,7.722014712766164e-05
family:openEHR-EHR-COMPOSITION.outpatient_high_complexity_procedures.v1,field:cf_e7551706658b4a,openEHR-EHR-COMPOSITION.outpatient_high_complexity_procedures.v1,gender,composition_family,field,13.814990399454366,0.02,3.240328052261241e-06
group:openEHR-EHR-COMPOSITION.outpatient_high_complexity_procedures.v1::HCPA,field:cf_e7551706658b4a,HCPA,gender,canonical_group,field,26.61357763079956,0.02,1.1598674959039206e-09
subgroup:openEHR-EHR-COMPOSITION.outpatient_high_complexity_procedures.v1::HCPA::components_/_General_data,field:cf_e7551706658b4a,components / General data,gender,canonical_subgroup,field,30.36585843592755,0.02,1.1325557049276371e-10
field:cf_5cd62eaa6e16a8,field:cf_e7551706658b4a,issue date,gender,field,field,35.258458068708435,0.5096153846153846,1.553040538795393e-10
field:cf_775d9002cb4e7b,field:cf_e7551706658b4a,reason for encounter,gender,field,field,35.16243528701163,0.425,1.3746259359811223e-10
field:cf_b87e8363f020f7,field:cf_e7551706658b4a,healthcare unit,gender,field,field,35.516304772247004,0.425,1.1038262648789192e-10
field:cf_8b431261fa7dca,field:cf_e7551706658b4a,State,gender,field,field,36.4520590761656,0.425,6.179269071573263e-11
field:cf_16800b2d3f5ef6,field:cf_e7551706658b4a,patient age,gender,field,field,34.73909455837701,0.49038461538461536,2.062159517020054e-10
group:openEHR-EHR-COMPOSITION.outpatient_high_complexity_procedures.v1::Patient_discharge,field:cf_e7551706658b4a,Patient discharge,gender,canonical_group,field,18.954536628389828,0.02,1.338756243477179e-07
subgroup:openEHR-EHR-COMPOSITION.outpatient_high_complexity_procedures.v1::Patient_discharge::Components,field:cf_e7551706658b4a,Components,gender,canonical_subgroup,field,19.954536628389828,0.02,7.201764744736906e-08
field:cf_469c691048a0ce,field:cf_e7551706658b4a,date of discharge,gender,field,field,21.91791632374004,0.4168269230769231,4.965976922312424e-07
field:cf_49533263f29569,field:cf_e7551706658b4a,reason for discharge,gender,field,field,21.99254895605932,0.39375,4.478924340235759e-07
group:openEHR-EHR-COMPOSITION.outpatient_high_complexity_procedures.v1::Problem/Diagnosis,field:cf_e7551706658b4a,Problem/Diagnosis,gender,canonical_group,field,23.80969470552055,0.02,6.597647754002372e-09
subgroup:openEHR-EHR-COMPOSITION.outpatient_high_complexity_procedures.v1::Problem/Diagnosis::structure,field:cf_e7551706658b4a,structure,gender,canonical_subgroup,field,28.453008020819286,0.02,3.707819700669822e-10
field:cf_bd9db9ae67063d,field:cf_e7551706658b4a,Problem,gender,field,field,32.22668527438267,0.425,8.48539673980449e-10
field:cf_4e7e8ca2916a1e,field:cf_e7551706658b4a,Secondary Diagnosis,gender,field,field,31.75402029702022,0.425,1.1374783609809854e-09
field:cf_0a229c157b8d2a,field:cf_e7551706658b4a,Associated causes,gender,field,field,32.020271530064974,0.425,9.643876717060972e-10
group:openEHR-EHR-COMPOSITION.outpatient_high_complexity_procedures.v1::Procedure_undertaken,field:cf_e7551706658b4a,Procedure undertaken,gender,canonical_group,field,28.82236019093576,0.02,2.948939684133639e-10
subgroup:openEHR-EHR-COMPOSITION.outpatient_high_complexity_procedures.v1::Procedure_undertaken::Procedure_list,field:cf_e7551706658b4a,Procedure list,gender,canonical_subgroup,field,29.82236019093576,0.02,1.5863656998818856e-10
field:cf_0b6364bb149692,field:cf_e7551706658b4a,Procedure,gender,field,field,33.54973550225186,0.39375,3.4614325504860873e-10
field:cf_af0c9a7d79fe64,field:cf_e7551706658b4a,Invaded regional linphonodes,gender,field,field,35.04313319729597,0.23173076923076924,8.07054559318769e-11
field:cf_e5c01940113606,field:cf_e7551706658b4a,irradiated area 1,gender,field,field,38.81039793663738,0.1610576923076923,5.426467989450877e-12
field:cf_fc5be63ab59287,field:cf_e7551706658b4a,irradiated area 2,gender,field,field,33.965098168096645,0.31490384615384615,2.13979244127792e-10
field:cf_821e1930333a5c,field:cf_e7551706658b4a,irradiated area 3,gender,field,field,42.81039793663738,0.10336538461538461,2.9164906148365417e-13
field:cf_c9b3a708f95249,field:cf_e7551706658b4a,fields/insertions 1,gender,field,field,37.18947547771874,0.1923076923076923,1.7700526763169675e-11
field:cf_bbec72e0a270f7,field:cf_e7551706658b4a,fields/insertions 2,gender,field,field,35.603871774221396,0.23557692307692307,5.795167884435293e-11
family:openEHR-EHR-COMPOSITION.hospitalisation.v1,field:cf_e7551706658b4a,openEHR-EHR-COMPOSITION.hospitalisation.v1,gender,composition_family,field,11.102180492128822,0.02,1.7419960743971914e-05
group:openEHR-EHR-COMPOSITION.hospitalisation.v1::Patient_discharge,field:cf_e7551706658b4a,Patient discharge,gender,canonical_group,field,19.228164171936353,0.02,1.1298579642069713e-07
subgroup:openEHR-EHR-COMPOSITION.hospitalisation.v1::Patient_discharge::Components,field:cf_e7551706658b4a,Components,gender,canonical_subgroup,field,20.228164171936353,0.02,6.078008071171823e-08
field:cf_79ed78f34fef6f,field:cf_e7551706658b4a,date of discharge,gender,field,field,22.672183275019307,0.8854166666666666,6.608467564673118e-07
field:cf_be52992cb12705,field:cf_e7551706658b4a,hospital infection,gender,field,field,28.711496570263584,0.13541666666666666,2.3903644288006163e-09
field:cf_1285e1e2c004f2,field:cf_e7551706658b4a,claim reason,gender,field,field,23.491169035514137,0.39375,1.7686887727721533e-07
field:cf_80f721f9446bd3,field:cf_e7551706658b4a,death indicator,gender,field,field,24.931969011208466,0.39375,7.23932213153548e-08
group:openEHR-EHR-COMPOSITION.hospitalisation.v1::Authorization_for_hospital_admission,field:cf_e7551706658b4a,Authorization for hospital admission,gender,canonical_group,field,15.623781896071023,0.02,1.0557208961633775e-06
subgroup:openEHR-EHR-COMPOSITION.hospitalisation.v1::Authorization_for_hospital_admission::Components,field:cf_e7551706658b4a,Components,gender,canonical_subgroup,field,16.623781896071023,0.02,5.679191837435533e-07
field:cf_ba8421601b1980,field:cf_e7551706658b4a,Issue date,gender,field,field,18.311658673886914,0.9270833333333334,1.0332322247681488e-05
field:cf_ba09c313b94cba,field:cf_e7551706658b4a,ICU - Total,gender,field,field,19.077530637488262,0.39375,2.7294747174465142e-06
group:openEHR-EHR-COMPOSITION.hospitalisation.v1::Patient_admission,field:cf_e7551706658b4a,Patient admission,gender,canonical_group,field,17.956393813472552,0.02,2.4857876017309036e-07
subgroup:openEHR-EHR-COMPOSITION.hospitalisation.v1::Patient_admission::Tree,field:cf_e7551706658b4a,Tree,gender,canonical_subgroup,field,21.652878484564926,0.02,2.5126906437001037e-08
field:cf_3db72fcc22b158,field:cf_e7551706658b4a,Patient class,gender,field,field,30.199813919487383,0.13541666666666666,9.499832543626257e-10
subgroup:openEHR-EHR-COMPOSITION.hospitalisation.v1::Patient_admission::Tree_/_Assigned_patient_location_/_Facility,field:cf_e7551706658b4a,Tree / Assigned patient location / Facility,gender,canonical_subgroup,field,20.272466108473942,0.02,5.9133341231139056e-08
field:cf_9449e602105d68,field:cf_e7551706658b4a,Universal ID,gender,field,field,21.272466108473942,0.7395833333333334,1.3147150654649239e-06
subgroup:openEHR-EHR-COMPOSITION.hospitalisation.v1::Patient_admission::Tree_/_Assigned_patient_location_/_Address,field:cf_e7551706658b4a,Tree / Assigned patient location / Address,gender,canonical_subgroup,field,21.315398301441327,0.02,3.097489244295795e-08
field:cf_1d8359b2d21168,field:cf_e7551706658b4a,State/province,gender,field,field,22.315398301441327,0.4875,4.539379919571278e-07
field:cf_10f7d6c8e1d5c5,field:cf_e7551706658b4a,Admission type,gender,field,field,26.420286360432264,0.39375,2.8770654026784372e-08
field:cf_2a67f6f1c22886,field:cf_e7551706658b4a,Hospital service,gender,field,field,24.578914963838546,0.59375,1.3587676582997128e-07
field:cf_22f759c45e42f4,field:cf_e7551706658b4a,Admit date/time,gender,field,field,24.233571382701136,0.9583333333333334,2.716728733137243e-07
group:openEHR-EHR-COMPOSITION.hospitalisation.v1::Problem/Diagnosis,field:cf_e7551706658b4a,Problem/Diagnosis,gender,canonical_group,field,14.344018564127857,0.02,2.3342184245738144e-06
subgroup:openEHR-EHR-COMPOSITION.hospitalisation.v1::Problem/Diagnosis::structure,field:cf_e7551706658b4a,structure,gender,canonical_subgroup,field,15.344018564127857,0.02,1.2556798176304865e-06
field:cf_2db2fd852fb674,field:cf_e7551706658b4a,Problem,gender,field,field,17.383207690396798,0.9583333333333334,1.8992969438042887e-05
field:cf_49398dcbba5447,field:cf_e7551706658b4a,Secondary Diagnosis,gender,field,field,17.30630730899796,1.0815217391304348,2.248111894934542e-05
group:openEHR-EHR-COMPOSITION.hospitalisation.v1::Procedure_undertaken,field:cf_e7551706658b4a,Procedure undertaken,gender,canonical_group,field,16.067060177949976,0.02,8.020304636062004e-07
subgroup:openEHR-EHR-COMPOSITION.hospitalisation.v1::Procedure_undertaken::Procedure_list,field:cf_e7551706658b4a,Procedure list,gender,canonical_subgroup,field,17.067060177949976,0.02,4.3144782667843386e-07
field:cf_18704e514938d4,field:cf_e7551706658b4a,Procedure,gender,field,field,18.067060177949976,0.6770833333333334,8.781779219220542e-06
family:openEHR-EHR-COMPOSITION.demographic_data.v1,field:cf_e7551706658b4a,openEHR-EHR-COMPOSITION.demographic_data.v1,gender,composition_family,field,6.123858804001482,0.02,0.00038152491804099766
group:openEHR-EHR-COMPOSITION.demographic_data.v1::Demographic_data,field:cf_e7551706658b4a,Demographic data,gender,canonical_group,field,5.123858804001482,0.02,0.0007092273688095379
subgroup:openEHR-EHR-COMPOSITION.demographic_data.v1::Demographic_data::components,field:cf_e7551706658b4a,components,gender,canonical_subgroup,field,4.123858804001482,0.02,0.0013184026439249472
field:cf_7f3b6795a0e812,field:cf_e7551706658b4a,birth date,gender,field,field,1.3445378151260503,1.09375,0.45144822722823746
field:cf_e7551706658b4a,field:cf_e7551706658b4a,gender,gender,field,field,0.0,0.39375,0.39375
field:cf_19e1b0f55ef007,field:cf_e7551706658b4a,race,gender,field,field,8.537125393706926,0.1846590909090909,0.0008817914826045458
field:cf_4122372d727029,field:cf_e7551706658b4a,ethnic group,gender,field,field,12.537125393706926,0.1846590909090909,7.384406305302938e-05
field:cf_7ab0248b87b82e,field:cf_e7551706658b4a,educational level,gender,field,field,2.5396825396825395,0.39375,0.07746449645596391
field:cf_eee397355aecbe,field:cf_e7551706658b4a,nationality,gender,field,field,5.079365079365079,0.39375,0.0160421004810053
schema:root,field:cf_19e1b0f55ef007,EHR Schema,race,root,field,15.359953829495023,0.02,1.2433349543474122e-06
family:openEHR-EHR-COMPOSITION.outpatient_high_complexity_procedures.v1,field:cf_19e1b0f55ef007,openEHR-EHR-COMPOSITION.outpatient_high_complexity_procedures.v1,race,composition_family,field,20.474447088789788,0.02,5.2173082813069024e-08
group:openEHR-EHR-COMPOSITION.outpatient_high_complexity_procedures.v1::HCPA,field:cf_19e1b0f55ef007,HCPA,race,canonical_group,field,33.27303432013498,0.02,1.8675227304146897e-11
subgroup:openEHR-EHR-COMPOSITION.outpatient_high_complexity_procedures.v1::HCPA::components_/_General_data,field:cf_19e1b0f55ef007,components / General data,race,canonical_subgroup,field,37.02531512526297,0.02,1.8235475430448647e-12
field:cf_5cd62eaa6e16a8,field:cf_19e1b0f55ef007,issue date,race,field,field,41.91791475804386,0.5096153846153846,2.5005774519058738e-12
field:cf_775d9002cb4e7b,field:cf_19e1b0f55ef007,reason for encounter,race,field,field,41.821891976347054,0.425,2.213309011872652e-12
field:cf_b87e8363f020f7,field:cf_19e1b0f55ef007,healthcare unit,race,field,field,42.175761461582425,0.425,1.7772897743665094e-12
field:cf_8b431261fa7dca,field:cf_19e1b0f55ef007,State,race,field,field,43.11151576550102,0.425,9.949348084384523e-13
field:cf_16800b2d3f5ef6,field:cf_19e1b0f55ef007,patient age,race,field,field,41.39855124771243,0.49038461538461536,3.3203187306965697e-12
group:openEHR-EHR-COMPOSITION.outpatient_high_complexity_procedures.v1::Patient_discharge,field:cf_19e1b0f55ef007,Patient discharge,race,canonical_group,field,25.61399331772525,0.02,2.155554599130967e-09
subgroup:openEHR-EHR-COMPOSITION.outpatient_high_complexity_procedures.v1::Patient_discharge::Components,field:cf_19e1b0f55ef007,Components,race,canonical_subgroup,field,26.61399331772525,0.02,1.1595686065341206e-09
field:cf_469c691048a0ce,field:cf_19e1b0f55ef007,date of discharge,race,field,field,28.577373013075462,0.4168269230769231,7.995805394913359e-09
field:cf_49533263f29569,field:cf_19e1b0f55ef007,reason for discharge,race,field,field,28.65200564539474,0.39375,7.2115936024909235e-09
group:openEHR-EHR-COMPOSITION.outpatient_high_complexity_procedures.v1::Problem/Diagnosis,field:cf_19e1b0f55ef007,Problem/Diagnosis,race,canonical_group,field,30.46915139485597,0.02,1.0622986842360399e-10
subgroup:openEHR-EHR-COMPOSITION.outpatient_high_complexity_procedures.v1::Problem/Diagnosis::structure,field:cf_19e1b0f55ef007,structure,race,canonical_subgroup,field,35.11246471015471,0.02,5.9700246758651125e-12
field:cf_bd9db9ae67063d,field:cf_19e1b0f55ef007,Problem,race,field,field,38.886141963718096,0.425,1.3662484158004337e-11
field:cf_4e7e8ca2916a1e,field:cf_19e1b0f55ef007,Secondary Diagnosis,race,field,field,38.41347698635565,0.425,1.8314735967588446e-11
field:cf_0a229c157b8d2a,field:cf_19e1b0f55ef007,Associated causes,race,field,field,38.679728219400396,0.425,1.5527772820629326e-11
group:openEHR-EHR-COMPOSITION.outpatient_high_complexity_procedures.v1::Procedure_undertaken,field:cf_19e1b0f55ef007,Procedure undertaken,race,canonical_group,field,35.48181688027118,0.02,4.7481388263661475e-12
subgroup:openEHR-EHR-COMPOSITION.outpatient_high_complexity_procedures.v1::Procedure_undertaken::Procedure_list,field:cf_19e1b0f55ef007,Procedure list,race,canonical_subgroup,field,36.48181688027118,0.02,2.5542348705709726e-12
field:cf_0b6364bb149692,field:cf_19e1b0f55ef007,Procedure,race,field,field,40.20919219158729,0.39375,5.573312460827417e-12
field:cf_af0c9a7d79fe64,field:cf_19e1b0f55ef007,Invaded regional linphonodes,race,field,field,41.7025898866314,0.23173076923076924,1.2994525146495325e-12
field:cf_e5c01940113606,field:cf_19e1b0f55ef007,irradiated area 1,race,field,field,45.4698546259728,0.1610576923076923,8.73725003240084e-14
field:cf_fc5be63ab59287,field:cf_19e1b0f55ef007,irradiated area 2,race,field,field,40.62455485743207,0.31490384615384615,3.4453168457331083e-12
field:cf_821e1930333a5c,field:cf_19e1b0f55ef007,irradiated area 3,race,field,field,49.4698546259728,0.10336538461538461,4.695892018254759e-15
field:cf_c9b3a708f95249,field:cf_19e1b0f55ef007,fields/insertions 1,race,field,field,43.84893216705416,0.1923076923076923,2.849992450626547e-13
field:cf_bbec72e0a270f7,field:cf_19e1b0f55ef007,fields/insertions 2,race,field,field,42.26332846355682,0.23557692307692307,9.330900114859867e-13
family:openEHR-EHR-COMPOSITION.hospitalisation.v1,field:cf_19e1b0f55ef007,openEHR-EHR-COMPOSITION.hospitalisation.v1,race,composition_family,field,17.76163718146424,0.02,2.804818030265242e-07
group:openEHR-EHR-COMPOSITION.hospitalisation.v1::Patient_discharge,field:cf_19e1b0f55ef007,Patient discharge,race,canonical_group,field,25.88762086127177,0.02,1.8192038640173889e-09
subgroup:openEHR-EHR-COMPOSITION.hospitalisation.v1::Patient_discharge::Components,field:cf_19e1b0f55ef007,Components,race,canonical_subgroup,field,26.88762086127177,0.02,9.786305994988954e-10
field:cf_79ed78f34fef6f,field:cf_19e1b0f55ef007,date of discharge,race,field,field,29.33163996435472,0.8854166666666666,1.0640408006793235e-08
field:cf_be52992cb12705,field:cf_19e1b0f55ef007,hospital infection,race,field,field,35.370953259599,0.13541666666666666,3.848767139802389e-11
field:cf_1285e1e2c004f2,field:cf_19e1b0f55ef007,claim reason,race,field,field,30.150625724849554,0.39375,2.8477964059222833e-09
field:cf_80f721f9446bd3,field:cf_19e1b0f55ef007,death indicator,race,field,field,31.59142570054388,0.39375,1.1656157863877749e-09
group:openEHR-EHR-COMPOSITION.hospitalisation.v1::Authorization_for_hospital_admission,field:cf_19e1b0f55ef007,Authorization for hospital admission,race,canonical_group,field,22.283238585406444,0.02,1.6998344875785615e-08
subgroup:openEHR-EHR-COMPOSITION.hospitalisation.v1::Authorization_for_hospital_admission::Components,field:cf_19e1b0f55ef007,Components,race,canonical_subgroup,field,23.283238585406444,0.02,9.144165074244815e-09
field:cf_ba8421601b1980,field:cf_19e1b0f55ef007,Issue date,race,field,field,24.971115363222335,0.9270833333333334,1.663625088525883e-07
field:cf_ba09c313b94cba,field:cf_19e1b0f55ef007,ICU - Total,race,field,field,25.736987326823684,0.39375,4.3947744849518706e-08
group:openEHR-EHR-COMPOSITION.hospitalisation.v1::Patient_admission,field:cf_19e1b0f55ef007,Patient admission,race,canonical_group,field,24.61585050280797,0.02,4.0024096421441895e-09
subgroup:openEHR-EHR-COMPOSITION.hospitalisation.v1::Patient_admission::Tree,field:cf_19e1b0f55ef007,Tree,race,canonical_subgroup,field,28.312335173900344,0.02,4.0457266956629854e-10
field:cf_3db72fcc22b158,field:cf_19e1b0f55ef007,Patient class,race,field,field,36.859270608822804,0.13541666666666666,1.5295844803831666e-11
subgroup:openEHR-EHR-COMPOSITION.hospitalisation.v1::Patient_admission::Tree_/_Assigned_patient_location_/_Facility,field:cf_19e1b0f55ef007,Tree / Assigned patient location / Facility,race,canonical_subgroup,field,26.93192279780936,0.02,9.521161621005423e-10
field:cf_9449e602105d68,field:cf_19e1b0f55ef007,Universal ID,race,field,field,27.93192279780936,0.7395833333333334,2.1168454823030674e-08
subgroup:openEHR-EHR-COMPOSITION.hospitalisation.v1::Patient_admission::Tree_/_Assigned_patient_location_/_Address,field:cf_19e1b0f55ef007,Tree / Assigned patient location / Address,race,canonical_subgroup,field,27.974854990776745,0.02,4.987321044314017e-10
field:cf_1d8359b2d21168,field:cf_19e1b0f55ef007,State/province,race,field,field,28.974854990776745,0.4875,7.30893417715846e-09
field:cf_10f7d6c8e1d5c5,field:cf_19e1b0f55ef007,Admission type,race,field,field,33.079743049767686,0.39375,4.632412801778136e-10
field:cf_2a67f6f1c22886,field:cf_19e1b0f55ef007,Hospital service,race,field,field,31.238371653173964,0.59375,2.1877753244990137e-09
field:cf_22f759c45e42f4,field:cf_19e1b0f55ef007,Admit date/time,race,field,field,30.893028072036554,0.9583333333333334,4.37425195500503e-09
group:openEHR-EHR-COMPOSITION.hospitalisation.v1::Problem/Diagnosis,field:cf_19e1b0f55ef007,Problem/Diagnosis,race,canonical_group,field,21.00347525346328,0.02,3.7583654866085315e-08
subgroup:openEHR-EHR-COMPOSITION.hospitalisation.v1::Problem/Diagnosis::structure,field:cf_19e1b0f55ef007,structure,race,canonical_subgroup,field,22.00347525346328,0.02,2.0217918079688628e-08
field:cf_2db2fd852fb674,field:cf_19e1b0f55ef007,Problem,race,field,field,24.04266437973222,0.9583333333333334,3.058090882698099e-07
field:cf_49398dcbba5447,field:cf_19e1b0f55ef007,Secondary Diagnosis,race,field,field,23.965763998333383,1.0815217391304348,3.619723872884251e-07
group:openEHR-EHR-COMPOSITION.hospitalisation.v1::Procedure_undertaken,field:cf_19e1b0f55ef007,Procedure undertaken,race,canonical_group,field,22.726516867285394,0.02,1.291363131184501e-08
subgroup:openEHR-EHR-COMPOSITION.hospitalisation.v1::Procedure_undertaken::Procedure_list,field:cf_19e1b0f55ef007,Procedure list,race,canonical_subgroup,field,23.726516867285394,0.02,6.946816133355448e-09
field:cf_18704e514938d4,field:cf_19e1b0f55ef007,Procedure,race,field,field,24.726516867285394,0.6770833333333334,1.4139694717969997e-07
family:openEHR-EHR-COMPOSITION.demographic_data.v1,field:cf_19e1b0f55ef007,openEHR-EHR-COMPOSITION.demographic_data.v1,race,composition_family,field,12.7833154933369,0.02,6.1429987406094796e-06
group:openEHR-EHR-COMPOSITION.demographic_data.v1::Demographic_data,field:cf_19e1b0f55ef007,Demographic data,race,canonical_group,field,11.7833154933369,0.02,1.1419392619945716e-05
subgroup:openEHR-EHR-COMPOSITION.demographic_data.v1::Demographic_data::components,field:cf_19e1b0f55ef007,components,race,canonical_subgroup,field,10.7833154933369,0.02,2.1227829162070257e-05
field:cf_7f3b6795a0e812,field:cf_19e1b0f55ef007,birth date,race,field,field,9.881663208832977,1.09375,0.002269235416446752
field:cf_e7551706658b4a,field:cf_19e1b0f55ef007,gender,race,field,field,8.537125393706926,0.39375,0.0018802507613690776
field:cf_19e1b0f55ef007,field:cf_19e1b0f55ef007,race,race,field,field,0.0,0.1846590909090909,0.1846590909090909
field:cf_4122372d727029,field:cf_19e1b0f55ef007,ethnic group,race,field,field,4.0,0.1846590909090909,0.014690750512267332
field:cf_7ab0248b87b82e,field:cf_19e1b0f55ef007,educational level,race,field,field,5.997442854024387,0.39375,0.009079401953183052
field:cf_eee397355aecbe,field:cf_19e1b0f55ef007,nationality,race,field,field,3.457760314341847,0.39375,0.043842843476600946
schema:root,field:cf_4122372d727029,EHR Schema,ethnic group,root,field,19.359953829495023,0.02,1.0412087956857794e-07
family:openEHR-EHR-COMPOSITION.outpatient_high_complexity_procedures.v1,field:cf_4122372d727029,openEHR-EHR-COMPOSITION.outpatient_high_complexity_procedures.v1,ethnic group,composition_family,field,24.474447088789788,0.02,4.36914224385516e-09
group:openEHR-EHR-COMPOSITION.outpatient_high_complexity_procedures.v1::HCPA,field:cf_4122372d727029,HCPA,ethnic group,canonical_group,field,37.27303432013498,0.02,1.5639237731167103e-12
subgroup:openEHR-EHR-COMPOSITION.outpatient_high_complexity_procedures.v1::HCPA::components_/_General_data,field:cf_4122372d727029,components / General data,ethnic group,canonical_subgroup,field,41.02531512526297,0.02,1.527097532753007e-13
field:cf_5cd62eaa6e16a8,field:cf_4122372d727029,issue date,ethnic group,field,field,45.91791475804386,0.5096153846153846,2.0940642166571206e-13
field:cf_775d9002cb4e7b,field:cf_4122372d727029,reason for encounter,ethnic group,field,field,45.821891976347054,0.425,1.8534963588649173e-13
field:cf_b87e8363f020f7,field:cf_4122372d727029,healthcare unit,ethnic group,field,field,46.175761461582425,0.425,1.4883597851747759e-13
field:cf_8b431261fa7dca,field:cf_4122372d727029,State,ethnic group,field,field,47.11151576550102,0.425,8.331905011258955e-14
field:cf_16800b2d3f5ef6,field:cf_4122372d727029,patient age,ethnic group,field,field,45.39855124771243,0.49038461538461536,2.7805420050271646e-13
group:openEHR-EHR-COMPOSITION.outpatient_high_complexity_procedures.v1::Patient_discharge,field:cf_4122372d727029,Patient discharge,ethnic group,canonical_group,field,29.61399331772525,0.02,1.8051309507132e-10
subgroup:openEHR-EHR-COMPOSITION.outpatient_high_complexity_procedures.v1::Patient_discharge::Components,field:cf_4122372d727029,Components,ethnic group,canonical_subgroup,field,30.61399331772525,0.02,9.710601540661515e-11
field:cf_469c691048a0ce,field:cf_4122372d727029,date of discharge,ethnic group,field,field,32.577373013075466,0.4168269230769231,6.695945349775266e-10
field:cf_49533263f29569,field:cf_4122372d727029,reason for discharge,ethnic group,field,field,32.65200564539474,0.39375,6.039221099326364e-10
group:openEHR-EHR-COMPOSITION.outpatient_high_complexity_procedures.v1::Problem/Diagnosis,field:cf_4122372d727029,Problem/Diagnosis,ethnic group,canonical_group,field,34.46915139485597,0.02,8.896031836027158e-12
subgroup:openEHR-EHR-COMPOSITION.outpatient_high_complexity_procedures.v1::Problem/Diagnosis::structure,field:cf_4122372d727029,structure,ethnic group,canonical_subgroup,field,39.11246471015471,0.02,4.999491232219484e-13
field:cf_bd9db9ae67063d,field:cf_4122372d727029,Problem,ethnic group,field,field,42.886141963718096,0.425,1.14414049299356e-12
field:cf_4e7e8ca2916a1e,field:cf_4122372d727029,Secondary Diagnosis,ethnic group,field,field,42.41347698635565,0.425,1.533735065795264e-12
field:cf_0a229c157b8d2a,field:cf_4122372d727029,Associated causes,ethnic group,field,field,42.679728219400396,0.425,1.3003457822623346e-12
group:openEHR-EHR-COMPOSITION.outpatient_high_complexity_procedures.v1::Procedure_undertaken,field:cf_4122372d727029,Procedure undertaken,ethnic group,canonical_group,field,39.48181688027118,0.02,3.9762446087944466e-13
subgroup:openEHR-EHR-COMPOSITION.outpatient_high_complexity_procedures.v1::Procedure_undertaken::Procedure_list,field:cf_4122372d727029,Procedure list,ethnic group,canonical_subgroup,field,40.48181688027118,0.02,2.1389986698167826e-13
field:cf_0b6364bb149692,field:cf_4122372d727029,Procedure,ethnic group,field,field,44.20919219158729,0.39375,4.66727162702867e-13
field:cf_af0c9a7d79fe64,field:cf_4122372d727029,Invaded regional linphonodes,ethnic group,field,field,45.7025898866314,0.23173076923076924,1.0882034508064209e-13
field:cf_e5c01940113606,field:cf_4122372d727029,irradiated area 1,ethnic group,field,field,49.4698546259728,0.1610576923076923,7.316855005187648e-15
field:cf_fc5be63ab59287,field:cf_4122372d727029,irradiated area 2,ethnic group,field,field,44.62455485743207,0.31490384615384615,2.885219458488206e-13
field:cf_821e1930333a5c,field:cf_4122372d727029,irradiated area 3,ethnic group,field,field,53.4698546259728,0.10336538461538461,3.932491446413019e-16
field:cf_c9b3a708f95249,field:cf_4122372d727029,fields/insertions 1,ethnic group,field,field,47.84893216705416,0.1923076923076923,2.386675607288743e-14
field:cf_bbec72e0a270f7,field:cf_4122372d727029,fields/insertions 2,ethnic group,field,field,46.26332846355682,0.23557692307692307,7.813996732969568e-14
family:openEHR-EHR-COMPOSITION.hospitalisation.v1,field:cf_4122372d727029,openEHR-EHR-COMPOSITION.hospitalisation.v1,ethnic group,composition_family,field,21.76163718146424,0.02,2.348845090535612e-08
group:openEHR-EHR-COMPOSITION.hospitalisation.v1::Patient_discharge,field:cf_4122372d727029,Patient discharge,ethnic group,canonical_group,field,29.88762086127177,0.02,1.523459995826027e-10
subgroup:openEHR-EHR-COMPOSITION.hospitalisation.v1::Patient_discharge::Components,field:cf_4122372d727029,Components,ethnic group,canonical_subgroup,field,30.88762086127177,0.02,8.195368306526193e-11
field:cf_79ed78f34fef6f,field:cf_4122372d727029,date of discharge,ethnic group,field,field,33.33163996435472,0.8854166666666666,8.910620881058936e-10
field:cf_be52992cb12705,field:cf_4122372d727029,hospital infection,ethnic group,field,field,39.370953259599,0.13541666666666666,3.223081748403033e-12
field:cf_1285e1e2c004f2,field:cf_4122372d727029,claim reason,ethnic group,field,field,34.150625724849554,0.39375,2.384836568617945e-10
field:cf_80f721f9446bd3,field:cf_4122372d727029,death indicator,ethnic group,field,field,35.59142570054388,0.39375,9.761242575329628e-11
group:openEHR-EHR-COMPOSITION.hospitalisation.v1::Authorization_for_hospital_admission,field:cf_4122372d727029,Authorization for hospital admission,ethnic group,canonical_group,field,26.283238585406444,0.02,1.4234962296268647e-09
subgroup:openEHR-EHR-COMPOSITION.hospitalisation.v1::Authorization_for_hospital_admission::Components,field:cf_4122372d727029,Components,ethnic group,canonical_subgroup,field,27.283238585406444,0.02,7.657618786647626e-10
field:cf_ba8421601b1980,field:cf_4122372d727029,Issue date,ethnic group,field,field,28.971115363222335,0.9270833333333334,1.3931733108925991e-08
field:cf_ba09c313b94cba,field:cf_4122372d727029,ICU - Total,ethnic group,field,field,29.736987326823684,0.39375,3.6803259112015113e-09
group:openEHR-EHR-COMPOSITION.hospitalisation.v1::Patient_admission,field:cf_4122372d727029,Patient admission,ethnic group,canonical_group,field,28.61585050280797,0.02,3.35174693574461e-10
subgroup:openEHR-EHR-COMPOSITION.hospitalisation.v1::Patient_admission::Tree,field:cf_4122372d727029,Tree,ethnic group,canonical_subgroup,field,32.312335173900344,0.02,3.3880220335927477e-11
field:cf_3db72fcc22b158,field:cf_4122372d727029,Patient class,ethnic group,field,field,40.859270608822804,0.13541666666666666,1.2809233820304935e-12
subgroup:openEHR-EHR-COMPOSITION.hospitalisation.v1::Patient_admission::Tree_/_Assigned_patient_location_/_Facility,field:cf_4122372d727029,Tree / Assigned patient location / Facility,ethnic group,canonical_subgroup,field,30.93192279780936,0.02,7.97332785527615e-11
field:cf_9449e602105d68,field:cf_4122372d727029,Universal ID,ethnic group,field,field,31.93192279780936,0.7395833333333334,1.7727146876832656e-09
subgroup:openEHR-EHR-COMPOSITION.hospitalisation.v1::Patient_admission::Tree_/_Assigned_patient_location_/_Address,field:cf_4122372d727029,Tree / Assigned patient location / Address,ethnic group,canonical_subgroup,field,31.974854990776745,0.02,4.176543513146949e-11
field:cf_1d8359b2d21168,field:cf_4122372d727029,State/province,ethnic group,field,field,32.97485499077675,0.4875,6.120737236362917e-10
field:cf_10f7d6c8e1d5c5,field:cf_4122372d727029,Admission type,ethnic group,field,field,37.079743049767686,0.39375,3.8793319029548287e-11
field:cf_2a67f6f1c22886,field:cf_4122372d727029,Hospital service,ethnic group,field,field,35.238371653173964,0.59375,1.8321136254456053e-10
field:cf_22f759c45e42f4,field:cf_4122372d727029,Admit date/time,ethnic group,field,field,34.89302807203655,0.9583333333333334,3.6631396826509155e-10
group:openEHR-EHR-COMPOSITION.hospitalisation.v1::Problem/Diagnosis,field:cf_4122372d727029,Problem/Diagnosis,ethnic group,canonical_group,field,25.00347525346328,0.02,3.1473764880298144e-09
subgroup:openEHR-EHR-COMPOSITION.hospitalisation.v1::Problem/Diagnosis::structure,field:cf_4122372d727029,structure,ethnic group,canonical_subgroup,field,26.00347525346328,0.02,1.6931136747519042e-09
field:cf_2db2fd852fb674,field:cf_4122372d727029,Problem,ethnic group,field,field,28.04266437973222,0.9583333333333334,2.5609439467122447e-08
field:cf_49398dcbba5447,field:cf_4122372d727029,Secondary Diagnosis,ethnic group,field,field,27.965763998333383,1.0815217391304348,3.031273528684034e-08
group:openEHR-EHR-COMPOSITION.hospitalisation.v1::Procedure_undertaken,field:cf_4122372d727029,Procedure undertaken,ethnic group,canonical_group,field,26.726516867285394,0.02,1.0814291401622816e-09
subgroup:openEHR-EHR-COMPOSITION.hospitalisation.v1::Procedure_undertaken::Procedure_list,field:cf_4122372d727029,Procedure list,ethnic group,canonical_subgroup,field,27.726516867285394,0.02,5.817487906030904e-10
field:cf_18704e514938d4,field:cf_4122372d727029,Procedure,ethnic group,field,field,28.726516867285394,0.6770833333333334,1.1841036445717447e-08
family:openEHR-EHR-COMPOSITION.demographic_data.v1,field:cf_4122372d727029,openEHR-EHR-COMPOSITION.demographic_data.v1,ethnic group,composition_family,field,16.7833154933369,0.02,5.144345293474349e-07
group:openEHR-EHR-COMPOSITION.demographic_data.v1::Demographic_data,field:cf_4122372d727029,Demographic data,ethnic group,canonical_group,field,15.7833154933369,0.02,9.562967722979712e-07
subgroup:openEHR-EHR-COMPOSITION.demographic_data.v1::Demographic_data::components,field:cf_4122372d727029,components,ethnic group,canonical_subgroup,field,14.7833154933369,0.02,1.7776868863518465e-06
field:cf_7f3b6795a0e812,field:cf_4122372d727029,birth date,ethnic group,field,field,13.881663208832977,1.09375,0.00019003309340130122
field:cf_e7551706658b4a,field:cf_4122372d727029,gender,ethnic group,field,field,12.537125393706926,0.39375,0.0001574582636792288
field:cf_19e1b0f55ef007,field:cf_4122372d727029,race,ethnic group,field,field,4.0,0.1846590909090909,0.014690750512267332
field:cf_4122372d727029,field:cf_4122372d727029,ethnic group,ethnic group,field,field,0.0,0.1846590909090909,0.1846590909090909
field:cf_7ab0248b87b82e,field:cf_4122372d727029,educational level,ethnic group,field,field,9.997442854024387,0.39375,0.0007603384060076326
field:cf_eee397355aecbe,field:cf_4122372d727029,nationality,ethnic group,field,field,7.457760314341847,0.39375,0.0036715411318643315
schema:root,field:cf_7ab0248b87b82e,EHR Schema,educational level,root,field,10.5683110087883,0.02,2.425483060106238e-05
family:openEHR-EHR-COMPOSITION.outpatient_high_complexity_procedures.v1,field:cf_7ab0248b87b82e,openEHR-EHR-COMPOSITION.outpatient_high_complexity_procedures.v1,educational level,composition_family,field,15.682804268083064,0.02,1.0177863021878786e-06
group:openEHR-EHR-COMPOSITION.outpatient_high_complexity_procedures.v1::HCPA,field:cf_7ab0248b87b82e,HCPA,educational level,canonical_group,field,28.481391499428256,0.02,3.6431411593038177e-10
subgroup:openEHR-EHR-COMPOSITION.outpatient_high_complexity_procedures.v1::HCPA::components_/_General_data,field:cf_7ab0248b87b82e,components / General data,educational level,canonical_subgroup,field,32.233672304556244,0.02,3.557354886137798e-11
field:cf_5cd62eaa6e16a8,field:cf_7ab0248b87b82e,issue date,educational level,field,field,37.12627193733713,0.5096153846153846,4.878096790309191e-11
field:cf_775d9002cb4e7b,field:cf_7ab0248b87b82e,reason for encounter,educational level,field,field,37.03024915564033,0.425,4.31769692978292e-11
field:cf_b87e8363f020f7,field:cf_7ab0248b87b82e,healthcare unit,educational level,field,field,37.3841186408757,0.425,3.4671157804685065e-11
field:cf_8b431261fa7dca,field:cf_7ab0248b87b82e,State,educational level,field,field,38.31987294479429,0.425,1.9409070060642908e-11
field:cf_16800b2d3f5ef6,field:cf_7ab0248b87b82e,patient age,educational level,field,field,36.606908427005706,0.49038461538461536,6.477238339756133e-11
group:openEHR-EHR-COMPOSITION.outpatient_high_complexity_procedures.v1::Patient_discharge,field:cf_7ab0248b87b82e,Patient discharge,educational level,canonical_group,field,20.822350497018526,0.02,4.2050303074366703e-08
subgroup:openEHR-EHR-COMPOSITION.outpatient_high_complexity_procedures.v1::Patient_discharge::Components,field:cf_7ab0248b87b82e,Components,educational level,canonical_subgroup,field,21.822350497018526,0.02,2.2620726638025784e-08
field:cf_469c691048a0ce,field:cf_7ab0248b87b82e,date of discharge,educational level,field,field,23.78573019236874,0.4168269230769231,1.5598122186991502e-07
field:cf_49533263f29569,field:cf_7ab0248b87b82e,reason for discharge,educational level,field,field,23.860362824688018,0.39375,1.4068291137518182e-07
group:openEHR-EHR-COMPOSITION.outpatient_high_complexity_procedures.v1::Problem/Diagnosis,field:cf_7ab0248b87b82e,Problem/Diagnosis,educational level,canonical_group,field,25.677508574149243,0.02,2.072319654794901e-09
subgroup:openEHR-EHR-COMPOSITION.outpatient_high_complexity_procedures.v1::Problem/Diagnosis::structure,field:cf_7ab0248b87b82e,structure,educational level,canonical_subgroup,field,30.32082188944798,0.02,1.164625322331367e-10
field:cf_bd9db9ae67063d,field:cf_7ab0248b87b82e,Problem,educational level,field,field,34.09449914301136,0.425,2.665261180693086e-10
field:cf_4e7e8ca2916a1e,field:cf_7ab0248b87b82e,Secondary Diagnosis,educational level,field,field,33.62183416564891,0.425,3.572816937574176e-10
field:cf_0a229c157b8d2a,field:cf_7ab0248b87b82e,Associated causes,educational level,field,field,33.88808539869367,0.425,3.02913947733275e-10
group:openEHR-EHR-COMPOSITION.outpatient_high_complexity_procedures.v1::Procedure_undertaken,field:cf_7ab0248b87b82e,Procedure undertaken,educational level,canonical_group,field,30.69017405956446,0.02,9.262612822164614e-11
subgroup:openEHR-EHR-COMPOSITION.outpatient_high_complexity_procedures.v1::Procedure_undertaken::Procedure_list,field:cf_7ab0248b87b82e,Procedure list,educational level,canonical_subgroup,field,31.69017405956446,0.02,4.9827710452765774e-11
field:cf_0b6364bb149692,field:cf_7ab0248b87b82e,Procedure,educational level,field,field,35.417549370880565,0.39375,1.087235174652603e-10
field:cf_af0c9a7d79fe64,field:cf_7ab0248b87b82e,Invaded regional linphonodes,educational level,field,field,36.91094706592467,0.23173076923076924,2.5349565301565872e-11
field:cf_e5c01940113606,field:cf_7ab0248b87b82e,irradiated area 1,educational level,field,field,40.67821180526607,0.1610576923076923,1.7044523578623287e-12
field:cf_fc5be63ab59287,field:cf_7ab0248b87b82e,irradiated area 2,educational level,field,field,35.83291203672535,0.31490384615384615,6.721083177791299e-11
field:cf_821e1930333a5c,field:cf_7ab0248b87b82e,irradiated area 3,educational level,field,field,44.67821180526607,0.10336538461538461,9.160690369509636e-14
field:cf_c9b3a708f95249,field:cf_7ab0248b87b82e,fields/insertions 1,educational level,field,field,39.05728934634743,0.1923076923076923,5.5597314193210196e-12
field:cf_bbec72e0a270f7,field:cf_7ab0248b87b82e,fields/insertions 2,educational level,field,field,37.47168564285009,0.23557692307692307,1.8202609107868943e-11
family:openEHR-EHR-COMPOSITION.hospitalisation.v1,field:cf_7ab0248b87b82e,openEHR-EHR-COMPOSITION.hospitalisation.v1,educational level,composition_family,field,12.969994360757518,0.02,5.471605696680184e-06
group:openEHR-EHR-COMPOSITION.hospitalisation.v1::Patient_discharge,field:cf_7ab0248b87b82e,Patient discharge,educational level,canonical_group,field,21.09597804056505,0.02,3.548881288686959e-08
subgroup:openEHR-EHR-COMPOSITION.hospitalisation.v1::Patient_discharge::Components,field:cf_7ab0248b87b82e,Components,educational level,canonical_subgroup,field,22.09597804056505,0.02,1.909100948932971e-08
field:cf_79ed78f34fef6f,field:cf_7ab0248b87b82e,date of discharge,educational level,field,field,24.539997143648,0.8854166666666666,2.0757181548588882e-07
field:cf_be52992cb12705,field:cf_7ab0248b87b82e,hospital infection,educational level,field,field,30.57931043889228,0.13541666666666666,7.508129219116129e-10
field:cf_1285e1e2c004f2,field:cf_7ab0248b87b82e,claim reason,educational level,field,field,25.358982904142835,0.39375,5.555447401397417e-08
field:cf_80f721f9446bd3,field:cf_7ab0248b87b82e,death indicator,educational level,field,field,26.79978287983716,0.39375,2.273869430430239e-08
group:openEHR-EHR-COMPOSITION.hospitalisation.v1::Authorization_for_hospital_admission,field:cf_7ab0248b87b82e,Authorization for hospital admission,educational level,canonical_group,field,17.491595764699717,0.02,3.3160169270477654e-07
subgroup:openEHR-EHR-COMPOSITION.hospitalisation.v1::Authorization_for_hospital_admission::Components,field:cf_7ab0248b87b82e,Components,educational level,canonical_subgroup,field,18.491595764699717,0.02,1.7838328608751322e-07
field:cf_ba8421601b1980,field:cf_7ab0248b87b82e,Issue date,educational level,field,field,20.179472542515608,0.9270833333333334,3.245380061485665e-06
field:cf_ba09c313b94cba,field:cf_7ab0248b87b82e,ICU - Total,educational level,field,field,20.945344506116957,0.39375,8.573273862338022e-07
group:openEHR-EHR-COMPOSITION.hospitalisation.v1::Patient_admission,field:cf_7ab0248b87b82e,Patient admission,educational level,canonical_group,field,19.824207682101246,0.02,7.807853187656838e-08
subgroup:openEHR-EHR-COMPOSITION.hospitalisation.v1::Patient_admission::Tree,field:cf_7ab0248b87b82e,Tree,educational level,canonical_subgroup,field,23.52069235319362,0.02,7.892355581123836e-09
field:cf_3db72fcc22b158,field:cf_7ab0248b87b82e,Patient class,educational level,field,field,32.06762778811608,0.13541666666666666,2.9838952353093276e-10
subgroup:openEHR-EHR-COMPOSITION.hospitalisation.v1::Patient_admission::Tree_/_Assigned_patient_location_/_Facility,field:cf_7ab0248b87b82e,Tree / Assigned patient location / Facility,educational level,canonical_subgroup,field,22.140279977102637,0.02,1.8573768994054627e-08
field:cf_9449e602105d68,field:cf_7ab0248b87b82e,Universal ID,educational level,field,field,23.140279977102637,0.7395833333333334,4.129517022131319e-07
subgroup:openEHR-EHR-COMPOSITION.hospitalisation.v1::Patient_admission::Tree_/_Assigned_patient_location_/_Address,field:cf_7ab0248b87b82e,Tree / Assigned patient location / Address,educational level,canonical_subgroup,field,23.18321217007002,0.02,9.72920665183436e-09
field:cf_1d8359b2d21168,field:cf_7ab0248b87b82e,State/province,educational level,field,field,24.18321217007002,0.4875,1.4258181974328957e-07
field:cf_10f7d6c8e1d5c5,field:cf_7ab0248b87b82e,Admission type,educational level,field,field,28.28810022906096,0.39375,9.036855868038809e-09
field:cf_2a67f6f1c22886,field:cf_7ab0248b87b82e,Hospital service,educational level,field,field,26.44672883246724,0.59375,4.2678861157538606e-08
field:cf_22f759c45e42f4,field:cf_7ab0248b87b82e,Admit date/time,educational level,field,field,26.10138525132983,0.9583333333333334,8.533238754692595e-08
group:openEHR-EHR-COMPOSITION.hospitalisation.v1::Problem/Diagnosis,field:cf_7ab0248b87b82e,Problem/Diagnosis,educational level,canonical_group,field,16.21183243275655,0.02,7.331774747892921e-07
subgroup:openEHR-EHR-COMPOSITION.hospitalisation.v1::Problem/Diagnosis::structure,field:cf_7ab0248b87b82e,structure,educational level,canonical_subgroup,field,17.21183243275655,0.02,3.9440874433260966e-07
field:cf_2db2fd852fb674,field:cf_7ab0248b87b82e,Problem,educational level,field,field,19.251021559025492,0.9583333333333334,5.96568736872899e-06
field:cf_49398dcbba5447,field:cf_7ab0248b87b82e,Secondary Diagnosis,educational level,field,field,19.174121177626656,1.0815217391304348,7.061314334680672e-06
group:openEHR-EHR-COMPOSITION.hospitalisation.v1::Procedure_undertaken,field:cf_7ab0248b87b82e,Procedure undertaken,educational level,canonical_group,field,17.93487404657867,0.02,2.519175856981953e-07
subgroup:openEHR-EHR-COMPOSITION.hospitalisation.v1::Procedure_undertaken::Procedure_list,field:cf_7ab0248b87b82e,Procedure list,educational level,canonical_subgroup,field,18.93487404657867,0.02,1.3551766395862377e-07
field:cf_18704e514938d4,field:cf_7ab0248b87b82e,Procedure,educational level,field,field,19.93487404657867,0.6770833333333334,2.7583548498811893e-06
family:openEHR-EHR-COMPOSITION.demographic_data.v1,field:cf_7ab0248b87b82e,openEHR-EHR-COMPOSITION.demographic_data.v1,educational level,composition_family,field,7.991672672630178,0.02,0.00011983688974161145
group:openEHR-EHR-COMPOSITION.demographic_data.v1::Demographic_data,field:cf_7ab0248b87b82e,Demographic data,educational level,canonical_group,field,6.991672672630178,0.02,0.00022276815478832976
subgroup:openEHR-EHR-COMPOSITION.demographic_data.v1::Demographic_data::components,field:cf_7ab0248b87b82e,components,educational level,canonical_subgroup,field,5.991672672630178,0.02,0.00041410996976639275
field:cf_7f3b6795a0e812,field:cf_7ab0248b87b82e,birth date,educational level,field,field,3.8842203548085896,1.09375,0.09349028464006147
field:cf_e7551706658b4a,field:cf_7ab0248b87b82e,gender,educational level,field,field,2.5396825396825395,0.39375,0.07746449645596391
field:cf_19e1b0f55ef007,field:cf_7ab0248b87b82e,race,educational level,field,field,5.997442854024387,0.1846590909090909,0.0042580167890108106
field:cf_4122372d727029,field:cf_7ab0248b87b82e,ethnic group,educational level,field,field,9.997442854024387,0.1846590909090909,0.00035658006053749
field:cf_7ab0248b87b82e,field:cf_7ab0248b87b82e,educational level,educational level,field,field,0.0,0.39375,0.39375
field:cf_eee397355aecbe,field:cf_7ab0248b87b82e,nationality,educational level,field,field,2.5396825396825395,0.39375,0.07746449645596391
schema:root,field:cf_eee397355aecbe,EHR Schema,nationality,root,field,11.902193515153176,0.02,1.0608002229800538e-05
family:openEHR-EHR-COMPOSITION.outpatient_high_complexity_procedures.v1,field:cf_eee397355aecbe,openEHR-EHR-COMPOSITION.outpatient_high_complexity_procedures.v1,nationality,composition_family,field,17.01668677444794,0.02,4.451352203052103e-07
group:openEHR-EHR-COMPOSITION.outpatient_high_complexity_procedures.v1::HCPA,field:cf_eee397355aecbe,HCPA,nationality,canonical_group,field,29.815274005793135,0.02,1.5933506268099905e-10
subgroup:openEHR-EHR-COMPOSITION.outpatient_high_complexity_procedures.v1::HCPA::components_/_General_data,field:cf_eee397355aecbe,components / General data,nationality,canonical_subgroup,field,33.56755481092112,0.02,1.5558314624010845e-11
field:cf_5cd62eaa6e16a8,field:cf_eee397355aecbe,issue date,nationality,field,field,38.46015444370201,0.5096153846153846,2.1334662146234907e-11
field:cf_775d9002cb4e7b,field:cf_eee397355aecbe,reason for encounter,nationality,field,field,38.36413166200521,0.425,1.888371822177716e-11
field:cf_b87e8363f020f7,field:cf_eee397355aecbe,healthcare unit,nationality,field,field,38.71800114724058,0.425,1.5163648237797047e-11
field:cf_8b431261fa7dca,field:cf_eee397355aecbe,State,nationality,field,field,39.65375545115917,0.425,8.488678476799417e-12
field:cf_16800b2d3f5ef6,field:cf_eee397355aecbe,patient age,nationality,field,field,37.940790933370586,0.49038461538461536,2.832860797142529e-11
group:openEHR-EHR-COMPOSITION.outpatient_high_complexity_procedures.v1::Patient_discharge,field:cf_eee397355aecbe,Patient discharge,nationality,canonical_group,field,22.156233003383402,0.02,1.8390963685276422e-08
subgroup:openEHR-EHR-COMPOSITION.outpatient_high_complexity_procedures.v1::Patient_discharge::Components,field:cf_eee397355aecbe,Components,nationality,canonical_subgroup,field,23.156233003383402,0.02,9.893316616500117e-09
field:cf_469c691048a0ce,field:cf_eee397355aecbe,date of discharge,nationality,field,field,25.119612698733615,0.4168269230769231,6.821936531400043e-08
field:cf_49533263f29569,field:cf_eee397355aecbe,reason for discharge,nationality,field,field,25.194245331052894,0.39375,6.152855330588841e-08
group:openEHR-EHR-COMPOSITION.outpatient_high_complexity_procedures.v1::Problem/Diagnosis,field:cf_eee397355aecbe,Problem/Diagnosis,nationality,canonical_group,field,27.011391080514123,0.02,9.063419934980237e-10
subgroup:openEHR-EHR-COMPOSITION.outpatient_high_complexity_procedures.v1::Problem/Diagnosis::structure,field:cf_eee397355aecbe,structure,nationality,canonical_subgroup,field,31.65470439581286,0.02,5.093561863768358e-11
field:cf_bd9db9ae67063d,field:cf_eee397355aecbe,Problem,nationality,field,field,35.42838164937624,0.425,1.1656686873152017e-10
field:cf_4e7e8ca2916a1e,field:cf_eee397355aecbe,Secondary Diagnosis,nationality,field,field,34.95571667201379,0.425,1.562593887536604e-10
field:cf_0a229c157b8d2a,field:cf_eee397355aecbe,Associated causes,nationality,field,field,35.22196790505855,0.425,1.3248131416970273e-10
group:openEHR-EHR-COMPOSITION.outpatient_high_complexity_procedures.v1::Procedure_undertaken,field:cf_eee397355aecbe,Procedure undertaken,nationality,canonical_group,field,32.024056565929335,0.02,4.0510617900170996e-11
subgroup:openEHR-EHR-COMPOSITION.outpatient_high_complexity_procedures.v1::Procedure_undertaken::Procedure_list,field:cf_eee397355aecbe,Procedure list,nationality,canonical_subgroup,field,33.024056565929335,0.02,2.1792461562920294e-11
field:cf_0b6364bb149692,field:cf_eee397355aecbe,Procedure,nationality,field,field,36.75143187724544,0.39375,4.755091200895569e-11
field:cf_af0c9a7d79fe64,field:cf_eee397355aecbe,Invaded regional linphonodes,nationality,field,field,38.24482957228955,0.23173076923076924,1.1086791314539454e-11
field:cf_e5c01940113606,field:cf_eee397355aecbe,irradiated area 1,nationality,field,field,42.01209431163095,0.1610576923076923,7.454529248289349e-13
field:cf_fc5be63ab59287,field:cf_eee397355aecbe,irradiated area 2,nationality,field,field,37.16679454309022,0.31490384615384615,2.939507865850117e-11
field:cf_821e1930333a5c,field:cf_eee397355aecbe,irradiated area 3,nationality,field,field,46.01209431163095,0.10336538461538461,4.006485366342396e-14
field:cf_c9b3a708f95249,field:cf_eee397355aecbe,fields/insertions 1,nationality,field,field,40.39117185271231,0.1923076923076923,2.431583393151631e-12
field:cf_bbec72e0a270f7,field:cf_eee397355aecbe,fields/insertions 2,nationality,field,field,38.80556814921497,0.23557692307692307,7.961025215158708e-12
family:openEHR-EHR-COMPOSITION.hospitalisation.v1,field:cf_eee397355aecbe,openEHR-EHR-COMPOSITION.hospitalisation.v1,nationality,composition_family,field,14.303876867122394,0.02,2.393041055847671e-06
group:openEHR-EHR-COMPOSITION.hospitalisation.v1::Patient_discharge,field:cf_eee397355aecbe,Patient discharge,nationality,canonical_group,field,22.429860546929923,0.02,1.5521254814304817e-08
subgroup:openEHR-EHR-COMPOSITION.hospitalisation.v1::Patient_discharge::Components,field:cf_eee397355aecbe,Components,nationality,canonical_subgroup,field,23.429860546929923,0.02,8.349572691844846e-09
field:cf_79ed78f34fef6f,field:cf_eee397355aecbe,date of discharge,nationality,field,field,25.873879650012874,0.8854166666666666,9.078283488080155e-08
field:cf_be52992cb12705,field:cf_eee397355aecbe,hospital infection,nationality,field,field,31.91319294525715,0.13541666666666666,3.283727386433537e-10
field:cf_1285e1e2c004f2,field:cf_eee397355aecbe,claim reason,nationality,field,field,26.692865410507707,0.39375,2.429709751053971e-08
field:cf_80f721f9446bd3,field:cf_eee397355aecbe,death indicator,nationality,field,field,28.133665386202033,0.39375,9.944910514948195e-09
group:openEHR-EHR-COMPOSITION.hospitalisation.v1::Authorization_for_hospital_admission,field:cf_eee397355aecbe,Authorization for hospital admission,nationality,canonical_group,field,18.825478271064597,0.02,1.4502807929171112e-07
subgroup:openEHR-EHR-COMPOSITION.hospitalisation.v1::Authorization_for_hospital_admission::Components,field:cf_eee397355aecbe,Components,nationality,canonical_subgroup,field,19.825478271064597,0.02,7.801704855001532e-08
field:cf_ba8421601b1980,field:cf_eee397355aecbe,Issue date,nationality,field,field,21.513355048880488,0.9270833333333334,1.4193873169034685e-06
field:cf_ba09c313b94cba,field:cf_eee397355aecbe,ICU - Total,nationality,field,field,22.279227012481837,0.39375,3.74957507410457e-07
group:openEHR-EHR-COMPOSITION.hospitalisation.v1::Patient_admission,field:cf_eee397355aecbe,Patient admission,nationality,canonical_group,field,21.158090188466122,0.02,3.414813543203678e-08
subgroup:openEHR-EHR-COMPOSITION.hospitalisation.v1::Patient_admission::Tree,field:cf_eee397355aecbe,Tree,nationality,canonical_subgroup,field,24.854574859558497,0.02,3.4517711947768982e-09
field:cf_3db72fcc22b158,field:cf_eee397355aecbe,Patient class,nationality,field,field,33.40151029448096,0.13541666666666666,1.3050252887878758e-10
subgroup:openEHR-EHR-COMPOSITION.hospitalisation.v1::Patient_admission::Tree_/_Assigned_patient_location_/_Facility,field:cf_eee397355aecbe,Tree / Assigned patient location / Facility,nationality,canonical_subgroup,field,23.474162483467513,0.02,8.123354318380663e-09
field:cf_9449e602105d68,field:cf_eee397355aecbe,Universal ID,nationality,field,field,24.474162483467513,0.7395833333333334,1.806070159766425e-07
subgroup:openEHR-EHR-COMPOSITION.hospitalisation.v1::Patient_admission::Tree_/_Assigned_patient_location_/_Address,field:cf_eee397355aecbe,Tree / Assigned patient location / Address,nationality,canonical_subgroup,field,24.517094676434898,0.02,4.255129526747895e-09
field:cf_1d8359b2d21168,field:cf_eee397355aecbe,State/province,nationality,field,field,25.517094676434898,0.4875,6.235905278594627e-08
field:cf_10f7d6c8e1d5c5,field:cf_eee397355aecbe,Admission type,nationality,field,field,29.62198273542584,0.39375,3.952325570739816e-09
field:cf_2a67f6f1c22886,field:cf_eee397355aecbe,Hospital service,nationality,field,field,27.780611338832117,0.59375,1.8665867503716426e-08
field:cf_22f759c45e42f4,field:cf_eee397355aecbe,Admit date/time,nationality,field,field,27.435267757694707,0.9583333333333334,3.732065468774477e-08
group:openEHR-EHR-COMPOSITION.hospitalisation.v1::Problem/Diagnosis,field:cf_eee397355aecbe,Problem/Diagnosis,nationality,canonical_group,field,17.54571493912143,0.02,3.206597652784127e-07
subgroup:openEHR-EHR-COMPOSITION.hospitalisation.v1::Problem/Diagnosis::structure,field:cf_eee397355aecbe,structure,nationality,canonical_subgroup,field,18.54571493912143,0.02,1.7249713709193588e-07
field:cf_2db2fd852fb674,field:cf_eee397355aecbe,Problem,nationality,field,field,20.584904065390372,0.9583333333333334,2.609130772778847e-06
field:cf_49398dcbba5447,field:cf_eee397355aecbe,Secondary Diagnosis,nationality,field,field,20.508003683991536,1.0815217391304348,3.0883100954056483e-06
group:openEHR-EHR-COMPOSITION.hospitalisation.v1::Procedure_undertaken,field:cf_eee397355aecbe,Procedure undertaken,nationality,canonical_group,field,19.268756552943547,0.02,1.1017773551035947e-07
subgroup:openEHR-EHR-COMPOSITION.hospitalisation.v1::Procedure_undertaken::Procedure_list,field:cf_eee397355aecbe,Procedure list,nationality,canonical_subgroup,field,20.268756552943547,0.02,5.9269499964575064e-08
field:cf_18704e514938d4,field:cf_eee397355aecbe,Procedure,nationality,field,field,21.268756552943547,0.6770833333333334,1.2063837871883197e-06
family:openEHR-EHR-COMPOSITION.demographic_data.v1,field:cf_eee397355aecbe,openEHR-EHR-COMPOSITION.demographic_data.v1,nationality,composition_family,field,9.325555178995053,0.02,5.24114150496559e-05
group:openEHR-EHR-COMPOSITION.demographic_data.v1::Demographic_data,field:cf_eee397355aecbe,Demographic data,nationality,canonical_group,field,8.325555178995053,0.02,9.742904914865276e-05
subgroup:openEHR-EHR-COMPOSITION.demographic_data.v1::Demographic_data::components,field:cf_eee397355aecbe,components,nationality,canonical_subgroup,field,7.325555178995054,0.02,0.00018111359155285612
field:cf_7f3b6795a0e812,field:cf_eee397355aecbe,birth date,nationality,field,field,6.423902894491129,1.09375,0.01936087638607746
field:cf_e7551706658b4a,field:cf_eee397355aecbe,gender,nationality,field,field,5.079365079365079,0.39375,0.0160421004810053
field:cf_19e1b0f55ef007,field:cf_eee397355aecbe,race,nationality,field,field,3.457760314341847,0.1846590909090909,0.02056121808065701
field:cf_4122372d727029,field:cf_eee397355aecbe,ethnic group,nationality,field,field,7.457760314341847,0.1846590909090909,0.0017218627241787992
field:cf_7ab0248b87b82e,field:cf_eee397355aecbe,educational level,nationality,field,field,2.5396825396825395,0.39375,0.07746449645596391
field:cf_eee397355aecbe,field:cf_eee397355aecbe,nationality,nationality,field,field,0.0,0.39375,0.39375
