query_id,workload,difficulty,strict_supported,partial_score,missing_fields,missing_operators,failure_type,match_audit,method
Q1,W1_HCPA_EXPERT,Easy,False,0.0,"[""HCPA / General data / State"", ""State""]",[],ABSENT_OR_PRUNED_OR_MATCH_FAILED,"[{""component"": ""filter"", ""query_field"": ""State"", ""matched_field"": null, ""match_type"": ""no_match"", ""score"": 0.0}, {""component"": ""output"", ""query_field"": ""State"", ""matched_field"": null, ""match_type"": ""no_match"", ""score"": 0.0}]",aqf_full
Q2,W1_HCPA_EXPERT,Easy,False,0.0,"[""HCPA / General data / State"", ""State"", ""reason for encounter""]",[],ABSENT_OR_PRUNED_OR_MATCH_FAILED,"[{""component"": ""filter"", ""query_field"": ""State"", ""matched_field"": null, ""match_type"": ""no_match"", ""score"": 0.0}, {""component"": ""output"", ""query_field"": ""State"", ""matched_field"": null, ""match_type"": ""no_match"", ""score"": 0.0}, {""component"": ""output"", ""query_field"": ""reason for encounter"", ""matched_field"": null, ""match_type"": ""no_match"", ""score"": 0.0}]",aqf_full
Q3,W1_HCPA_EXPERT,Easy,False,0.0,"[""HCPA / General data / reason for encounter"", ""reason for encounter""]",[],ABSENT_OR_PRUNED_OR_MATCH_FAILED,"[{""component"": ""filter"", ""query_field"": ""reason for encounter"", ""matched_field"": null, ""match_type"": ""no_match"", ""score"": 0.0}, {""component"": ""output"", ""query_field"": ""reason for encounter"", ""matched_field"": null, ""match_type"": ""no_match"", ""score"": 0.0}]",aqf_full
Q4,W1_HCPA_EXPERT,Easy,False,0.0,"[""HCPA / General data / reason for encounter"", ""reason for encounter"", ""State"", ""patient age""]",[],ABSENT_OR_PRUNED_OR_MATCH_FAILED,"[{""component"": ""filter"", ""query_field"": ""reason for encounter"", ""matched_field"": null, ""match_type"": ""no_match"", ""score"": 0.0}, {""component"": ""output"", ""query_field"": ""reason for encounter"", ""matched_field"": null, ""match_type"": ""no_match"", ""score"": 0.0}, {""component"": ""output"", ""query_field"": ""State"", ""matched_field"": null, ""match_type"": ""no_match"", ""score"": 0.0}, {""component"": ""output"", ""query_field"": ""patient age"", ""matched_field"": null, ""match_type"": ""no_match"", ""score"": 0.0}]",aqf_full
Q5,W1_HCPA_EXPERT,Easy,False,0.0,"[""HCPA / General data / patient age"", ""patient age"", ""patient age""]",[],ABSENT_OR_PRUNED_OR_MATCH_FAILED,"[{""component"": ""filter"", ""query_field"": ""patient age"", ""matched_field"": null, ""match_type"": ""no_match"", ""score"": 0.0}, {""component"": ""output"", ""query_field"": ""patient age"", ""matched_field"": null, ""match_type"": ""no_match"", ""score"": 0.0}, {""component"": ""sort"", ""query_field"": ""patient age"", ""matched_field"": null, ""match_type"": ""no_match"", ""score"": 0.0}]",aqf_full
Q6,W1_HCPA_EXPERT,Easy,False,0.0,"[""HCPA / chemotherapy / schema"", ""schema""]",[],ABSENT_OR_PRUNED_OR_MATCH_FAILED,"[{""component"": ""filter"", ""query_field"": ""schema"", ""matched_field"": null, ""match_type"": ""no_match"", ""score"": 0.0}, {""component"": ""output"", ""query_field"": ""schema"", ""matched_field"": null, ""match_type"": ""no_match"", ""score"": 0.0}]",aqf_full
Q7,W1_HCPA_EXPERT,Easy,False,0.0,"[""Procedure undertaken / Procedure"", ""Procedure""]",[],ABSENT_OR_PRUNED_OR_MATCH_FAILED,"[{""component"": ""filter"", ""query_field"": ""Procedure"", ""matched_field"": null, ""match_type"": ""no_match"", ""score"": 0.0}, {""component"": ""output"", ""query_field"": ""Procedure"", ""matched_field"": null, ""match_type"": ""no_match"", ""score"": 0.0}]",aqf_full
Q8,W1_HCPA_EXPERT,Easy,False,0.0,"[""Problem/Diagnosis / Problem"", ""Problem""]",[],ABSENT_OR_PRUNED_OR_MATCH_FAILED,"[{""component"": ""filter"", ""query_field"": ""Problem"", ""matched_field"": null, ""match_type"": ""no_match"", ""score"": 0.0}, {""component"": ""output"", ""query_field"": ""Problem"", ""matched_field"": null, ""match_type"": ""no_match"", ""score"": 0.0}]",aqf_full
Q9,W1_HCPA_EXPERT,Easy,False,0.0,"[""Problem/Diagnosis / Clinical staging"", ""Clinical staging""]",[],ABSENT_OR_PRUNED_OR_MATCH_FAILED,"[{""component"": ""filter"", ""query_field"": ""Clinical staging"", ""matched_field"": null, ""match_type"": ""no_match"", ""score"": 0.0}, {""component"": ""output"", ""query_field"": ""Clinical staging"", ""matched_field"": null, ""match_type"": ""no_match"", ""score"": 0.0}]",aqf_full
Q10,W1_HCPA_EXPERT,Easy,False,0.0,"[""Problem/Diagnosis / invaded regional lymph nodes"", ""invaded regional lymph nodes""]",[],ABSENT_OR_PRUNED_OR_MATCH_FAILED,"[{""component"": ""filter"", ""query_field"": ""invaded regional lymph nodes"", ""matched_field"": null, ""match_type"": ""no_match"", ""score"": 0.0}, {""component"": ""output"", ""query_field"": ""invaded regional lymph nodes"", ""matched_field"": null, ""match_type"": ""no_match"", ""score"": 0.0}]",aqf_full
Q11,W1_HCPA_EXPERT,Medium,False,0.0,"[""HCPA / General data / State"", ""HCPA / General data / reason for encounter"", ""State"", ""reason for encounter""]",[],ABSENT_OR_PRUNED_OR_MATCH_FAILED,"[{""component"": ""filter"", ""query_field"": ""State"", ""matched_field"": null, ""match_type"": ""no_match"", ""score"": 0.0}, {""component"": ""filter"", ""query_field"": ""reason for encounter"", ""matched_field"": null, ""match_type"": ""no_match"", ""score"": 0.0}, {""component"": ""output"", ""query_field"": ""State"", ""matched_field"": null, ""match_type"": ""no_match"", ""score"": 0.0}, {""component"": ""output"", ""query_field"": ""reason for encounter"", ""matched_field"": null, ""match_type"": ""no_match"", ""score"": 0.0}]",aqf_full
Q12,W1_HCPA_EXPERT,Medium,False,0.0,"[""HCPA / General data / State"", ""HCPA / General data / reason for encounter"", ""State"", ""reason for encounter"", ""patient age""]",[],ABSENT_OR_PRUNED_OR_MATCH_FAILED,"[{""component"": ""filter"", ""query_field"": ""State"", ""matched_field"": null, ""match_type"": ""no_match"", ""score"": 0.0}, {""component"": ""filter"", ""query_field"": ""reason for encounter"", ""matched_field"": null, ""match_type"": ""no_match"", ""score"": 0.0}, {""component"": ""output"", ""query_field"": ""State"", ""matched_field"": null, ""match_type"": ""no_match"", ""score"": 0.0}, {""component"": ""output"", ""query_field"": ""reason for encounter"", ""matched_field"": null, ""match_type"": ""no_match"", ""score"": 0.0}, {""component"": ""output"", ""query_field"": ""patient age"", ""matched_field"": null, ""match_type"": ""no_match"", ""score"": 0.0}]",aqf_full
Q13,W1_HCPA_EXPERT,Medium,False,0.0,"[""HCPA / General data / patient age"", ""HCPA / General data / State"", ""patient age"", ""State"", ""patient age""]",[],ABSENT_OR_PRUNED_OR_MATCH_FAILED,"[{""component"": ""filter"", ""query_field"": ""patient age"", ""matched_field"": null, ""match_type"": ""no_match"", ""score"": 0.0}, {""component"": ""filter"", ""query_field"": ""State"", ""matched_field"": null, ""match_type"": ""no_match"", ""score"": 0.0}, {""component"": ""output"", ""query_field"": ""patient age"", ""matched_field"": null, ""match_type"": ""no_match"", ""score"": 0.0}, {""component"": ""output"", ""query_field"": ""State"", ""matched_field"": null, ""match_type"": ""no_match"", ""score"": 0.0}, {""component"": ""sort"", ""query_field"": ""patient age"", ""matched_field"": null, ""match_type"": ""no_match"", ""score"": 0.0}]",aqf_full
Q14,W1_HCPA_EXPERT,Medium,False,0.0,"[""HCPA / chemotherapy / schema"", ""HCPA / chemotherapy / duration of treatment"", ""schema"", ""duration of treatment"", ""duration of treatment""]",[],ABSENT_OR_PRUNED_OR_MATCH_FAILED,"[{""component"": ""filter"", ""query_field"": ""schema"", ""matched_field"": null, ""match_type"": ""no_match"", ""score"": 0.0}, {""component"": ""filter"", ""query_field"": ""duration of treatment"", ""matched_field"": null, ""match_type"": ""no_match"", ""score"": 0.0}, {""component"": ""output"", ""query_field"": ""schema"", ""matched_field"": null, ""match_type"": ""no_match"", ""score"": 0.0}, {""component"": ""output"", ""query_field"": ""duration of treatment"", ""matched_field"": null, ""match_type"": ""no_match"", ""score"": 0.0}, {""component"": ""sort"", ""query_field"": ""duration of treatment"", ""matched_field"": null, ""match_type"": ""no_match"", ""score"": 0.0}]",aqf_full
Q15,W1_HCPA_EXPERT,Medium,False,0.0,"[""Problem/Diagnosis / Problem"", ""Problem/Diagnosis / Clinical staging"", ""Problem"", ""Clinical staging""]",[],ABSENT_OR_PRUNED_OR_MATCH_FAILED,"[{""component"": ""filter"", ""query_field"": ""Problem"", ""matched_field"": null, ""match_type"": ""no_match"", ""score"": 0.0}, {""component"": ""filter"", ""query_field"": ""Clinical staging"", ""matched_field"": null, ""match_type"": ""no_match"", ""score"": 0.0}, {""component"": ""output"", ""query_field"": ""Problem"", ""matched_field"": null, ""match_type"": ""no_match"", ""score"": 0.0}, {""component"": ""output"", ""query_field"": ""Clinical staging"", ""matched_field"": null, ""match_type"": ""no_match"", ""score"": 0.0}]",aqf_full
Q16,W1_HCPA_EXPERT,Medium,False,0.0,"[""Problem/Diagnosis / Problem"", ""Procedure undertaken / Procedure"", ""Problem"", ""Procedure""]",[],ABSENT_OR_PRUNED_OR_MATCH_FAILED,"[{""component"": ""filter"", ""query_field"": ""Problem"", ""matched_field"": null, ""match_type"": ""no_match"", ""score"": 0.0}, {""component"": ""filter"", ""query_field"": ""Procedure"", ""matched_field"": null, ""match_type"": ""no_match"", ""score"": 0.0}, {""component"": ""output"", ""query_field"": ""Problem"", ""matched_field"": null, ""match_type"": ""no_match"", ""score"": 0.0}, {""component"": ""output"", ""query_field"": ""Procedure"", ""matched_field"": null, ""match_type"": ""no_match"", ""score"": 0.0}]",aqf_full
Q17,W1_HCPA_EXPERT,Medium,False,0.0,"[""Discharge / reason for discharge"", ""HCPA / General data / State"", ""reason for discharge"", ""State""]",[],ABSENT_OR_PRUNED_OR_MATCH_FAILED,"[{""component"": ""filter"", ""query_field"": ""reason for discharge"", ""matched_field"": null, ""match_type"": ""no_match"", ""score"": 0.0}, {""component"": ""filter"", ""query_field"": ""State"", ""matched_field"": null, ""match_type"": ""no_match"", ""score"": 0.0}, {""component"": ""output"", ""query_field"": ""reason for discharge"", ""matched_field"": null, ""match_type"": ""no_match"", ""score"": 0.0}, {""component"": ""output"", ""query_field"": ""State"", ""matched_field"": null, ""match_type"": ""no_match"", ""score"": 0.0}]",aqf_full
Q18,W1_HCPA_EXPERT,Medium,False,0.0,"[""Problem/Diagnosis / histopathological grading"", ""Problem/Diagnosis / Problem"", ""histopathological grading"", ""Problem""]",[],ABSENT_OR_PRUNED_OR_MATCH_FAILED,"[{""component"": ""filter"", ""query_field"": ""histopathological grading"", ""matched_field"": null, ""match_type"": ""no_match"", ""score"": 0.0}, {""component"": ""filter"", ""query_field"": ""Problem"", ""matched_field"": null, ""match_type"": ""no_match"", ""score"": 0.0}, {""component"": ""output"", ""query_field"": ""histopathological grading"", ""matched_field"": null, ""match_type"": ""no_match"", ""score"": 0.0}, {""component"": ""output"", ""query_field"": ""Problem"", ""matched_field"": null, ""match_type"": ""no_match"", ""score"": 0.0}]",aqf_full
Q19,W1_HCPA_EXPERT,Medium,False,0.0,"[""Problem/Diagnosis / tumour topography"", ""Problem/Diagnosis / invaded regional lymph nodes"", ""tumour topography"", ""invaded regional lymph nodes""]",[],ABSENT_OR_PRUNED_OR_MATCH_FAILED,"[{""component"": ""filter"", ""query_field"": ""tumour topography"", ""matched_field"": null, ""match_type"": ""no_match"", ""score"": 0.0}, {""component"": ""filter"", ""query_field"": ""invaded regional lymph nodes"", ""matched_field"": null, ""match_type"": ""no_match"", ""score"": 0.0}, {""component"": ""output"", ""query_field"": ""tumour topography"", ""matched_field"": null, ""match_type"": ""no_match"", ""score"": 0.0}, {""component"": ""output"", ""query_field"": ""invaded regional lymph nodes"", ""matched_field"": null, ""match_type"": ""no_match"", ""score"": 0.0}]",aqf_full
Q20,W1_HCPA_EXPERT,Medium,False,0.0,"[""HCPA / General data / reason for encounter"", ""HCPA / Radiotherapy / date of beginning of radiotherapy"", ""reason for encounter"", ""date of beginning of radiotherapy"", ""date of beginning of radiotherapy""]",[],ABSENT_OR_PRUNED_OR_MATCH_FAILED,"[{""component"": ""filter"", ""query_field"": ""reason for encounter"", ""matched_field"": null, ""match_type"": ""no_match"", ""score"": 0.0}, {""component"": ""filter"", ""query_field"": ""date of beginning of radiotherapy"", ""matched_field"": null, ""match_type"": ""no_match"", ""score"": 0.0}, {""component"": ""output"", ""query_field"": ""reason for encounter"", ""matched_field"": null, ""match_type"": ""no_match"", ""score"": 0.0}, {""component"": ""output"", ""query_field"": ""date of beginning of radiotherapy"", ""matched_field"": null, ""match_type"": ""no_match"", ""score"": 0.0}, {""component"": ""sort"", ""query_field"": ""date of beginning of radiotherapy"", ""matched_field"": null, ""match_type"": ""no_match"", ""score"": 0.0}]",aqf_full
Q21,W1_HCPA_EXPERT,Hard,False,0.0,"[""Nephrology / indicator of transplantation"", ""Nephrology / number of transplantations"", ""indicator of transplantation"", ""number of transplantations""]",[],ABSENT_OR_PRUNED_OR_MATCH_FAILED,"[{""component"": ""filter"", ""query_field"": ""indicator of transplantation"", ""matched_field"": null, ""match_type"": ""no_match"", ""score"": 0.0}, {""component"": ""filter"", ""query_field"": ""number of transplantations"", ""matched_field"": null, ""match_type"": ""no_match"", ""score"": 0.0}, {""component"": ""output"", ""query_field"": ""indicator of transplantation"", ""matched_field"": null, ""match_type"": ""no_match"", ""score"": 0.0}, {""component"": ""output"", ""query_field"": ""number of transplantations"", ""matched_field"": null, ""match_type"": ""no_match"", ""score"": 0.0}]",aqf_full
Q22,W1_HCPA_EXPERT,Hard,False,0.0,"[""Dialysis / date of first dialysis"", ""Imaging / abdominal ultrasonography"", ""date of first dialysis"", ""abdominal ultrasonography"", ""date of first dialysis""]",[],ABSENT_OR_PRUNED_OR_MATCH_FAILED,"[{""component"": ""filter"", ""query_field"": ""date of first dialysis"", ""matched_field"": null, ""match_type"": ""no_match"", ""score"": 0.0}, {""component"": ""filter"", ""query_field"": ""abdominal ultrasonography"", ""matched_field"": null, ""match_type"": ""no_match"", ""score"": 0.0}, {""component"": ""output"", ""query_field"": ""date of first dialysis"", ""matched_field"": null, ""match_type"": ""no_match"", ""score"": 0.0}, {""component"": ""output"", ""query_field"": ""abdominal ultrasonography"", ""matched_field"": null, ""match_type"": ""no_match"", ""score"": 0.0}, {""component"": ""sort"", ""query_field"": ""date of first dialysis"", ""matched_field"": null, ""match_type"": ""no_match"", ""score"": 0.0}]",aqf_full
Q23,W1_HCPA_EXPERT,Hard,False,0.0,"[""Follow-up / duration of follow-up months"", ""Bariatrics / body mass index"", ""duration of follow-up months"", ""body mass index"", ""duration of follow-up months""]",[],ABSENT_OR_PRUNED_OR_MATCH_FAILED,"[{""component"": ""filter"", ""query_field"": ""duration of follow-up months"", ""matched_field"": null, ""match_type"": ""no_match"", ""score"": 0.0}, {""component"": ""filter"", ""query_field"": ""body mass index"", ""matched_field"": null, ""match_type"": ""no_match"", ""score"": 0.0}, {""component"": ""output"", ""query_field"": ""duration of follow-up months"", ""matched_field"": null, ""match_type"": ""no_match"", ""score"": 0.0}, {""component"": ""output"", ""query_field"": ""body mass index"", ""matched_field"": null, ""match_type"": ""no_match"", ""score"": 0.0}, {""component"": ""sort"", ""query_field"": ""duration of follow-up months"", ""matched_field"": null, ""match_type"": ""no_match"", ""score"": 0.0}]",aqf_full
Q24,W1_HCPA_EXPERT,Hard,False,0.0,"[""HCPA / General data / State"", ""HCPA / General data / reason for encounter"", ""HCPA / General data / patient age"", ""State"", ""reason for encounter"", ""patient age"", ""patient age""]",[],ABSENT_OR_PRUNED_OR_MATCH_FAILED,"[{""component"": ""filter"", ""query_field"": ""State"", ""matched_field"": null, ""match_type"": ""no_match"", ""score"": 0.0}, {""component"": ""filter"", ""query_field"": ""reason for encounter"", ""matched_field"": null, ""match_type"": ""no_match"", ""score"": 0.0}, {""component"": ""filter"", ""query_field"": ""patient age"", ""matched_field"": null, ""match_type"": ""no_match"", ""score"": 0.0}, {""component"": ""output"", ""query_field"": ""State"", ""matched_field"": null, ""match_type"": ""no_match"", ""score"": 0.0}, {""component"": ""output"", ""query_field"": ""reason for encounter"", ""matched_field"": null, ""match_type"": ""no_match"", ""score"": 0.0}, {""component"": ""output"", ""query_field"": ""patient age"", ""matched_field"": null, ""match_type"": ""no_match"", ""score"": 0.0}, {""component"": ""sort"", ""query_field"": ""patient age"", ""matched_field"": null, ""match_type"": ""no_match"", ""score"": 0.0}]",aqf_full
Q25,W1_HCPA_EXPERT,Hard,False,0.0,"[""HCPA / General data / State"", ""HCPA / General data / reason for encounter"", ""Problem/Diagnosis / Problem"", ""State"", ""reason for encounter"", ""Problem""]",[],ABSENT_OR_PRUNED_OR_MATCH_FAILED,"[{""component"": ""filter"", ""query_field"": ""State"", ""matched_field"": null, ""match_type"": ""no_match"", ""score"": 0.0}, {""component"": ""filter"", ""query_field"": ""reason for encounter"", ""matched_field"": null, ""match_type"": ""no_match"", ""score"": 0.0}, {""component"": ""filter"", ""query_field"": ""Problem"", ""matched_field"": null, ""match_type"": ""no_match"", ""score"": 0.0}, {""component"": ""output"", ""query_field"": ""State"", ""matched_field"": null, ""match_type"": ""no_match"", ""score"": 0.0}, {""component"": ""output"", ""query_field"": ""reason for encounter"", ""matched_field"": null, ""match_type"": ""no_match"", ""score"": 0.0}, {""component"": ""output"", ""query_field"": ""Problem"", ""matched_field"": null, ""match_type"": ""no_match"", ""score"": 0.0}]",aqf_full
Q26,W1_HCPA_EXPERT,Hard,False,0.0,"[""Problem/Diagnosis / Problem"", ""Problem/Diagnosis / Clinical staging"", ""Problem/Diagnosis / invaded regional lymph nodes"", ""Problem"", ""Clinical staging"", ""invaded regional lymph nodes""]",[],ABSENT_OR_PRUNED_OR_MATCH_FAILED,"[{""component"": ""filter"", ""query_field"": ""Problem"", ""matched_field"": null, ""match_type"": ""no_match"", ""score"": 0.0}, {""component"": ""filter"", ""query_field"": ""Clinical staging"", ""matched_field"": null, ""match_type"": ""no_match"", ""score"": 0.0}, {""component"": ""filter"", ""query_field"": ""invaded regional lymph nodes"", ""matched_field"": null, ""match_type"": ""no_match"", ""score"": 0.0}, {""component"": ""output"", ""query_field"": ""Problem"", ""matched_field"": null, ""match_type"": ""no_match"", ""score"": 0.0}, {""component"": ""output"", ""query_field"": ""Clinical staging"", ""matched_field"": null, ""match_type"": ""no_match"", ""score"": 0.0}, {""component"": ""output"", ""query_field"": ""invaded regional lymph nodes"", ""matched_field"": null, ""match_type"": ""no_match"", ""score"": 0.0}]",aqf_full
Q27,W1_HCPA_EXPERT,Hard,False,0.0,"[""HCPA / chemotherapy / schema"", ""HCPA / chemotherapy / duration of treatment"", ""HCPA / chemotherapy / date of beginning of chemotherapy"", ""schema"", ""duration of treatment"", ""date of beginning of chemotherapy"", ""date of beginning of chemotherapy""]",[],ABSENT_OR_PRUNED_OR_MATCH_FAILED,"[{""component"": ""filter"", ""query_field"": ""schema"", ""matched_field"": null, ""match_type"": ""no_match"", ""score"": 0.0}, {""component"": ""filter"", ""query_field"": ""duration of treatment"", ""matched_field"": null, ""match_type"": ""no_match"", ""score"": 0.0}, {""component"": ""filter"", ""query_field"": ""date of beginning of chemotherapy"", ""matched_field"": null, ""match_type"": ""no_match"", ""score"": 0.0}, {""component"": ""output"", ""query_field"": ""schema"", ""matched_field"": null, ""match_type"": ""no_match"", ""score"": 0.0}, {""component"": ""output"", ""query_field"": ""duration of treatment"", ""matched_field"": null, ""match_type"": ""no_match"", ""score"": 0.0}, {""component"": ""output"", ""query_field"": ""date of beginning of chemotherapy"", ""matched_field"": null, ""match_type"": ""no_match"", ""score"": 0.0}, {""component"": ""sort"", ""query_field"": ""date of beginning of chemotherapy"", ""matched_field"": null, ""match_type"": ""no_match"", ""score"": 0.0}]",aqf_full
Q28,W1_HCPA_EXPERT,Hard,False,0.0,"[""Procedure undertaken / Procedure"", ""Radiotherapy / irradiated area 1"", ""Procedure"", ""irradiated area 1""]",[],ABSENT_OR_PRUNED_OR_MATCH_FAILED,"[{""component"": ""filter"", ""query_field"": ""Procedure"", ""matched_field"": null, ""match_type"": ""no_match"", ""score"": 0.0}, {""component"": ""filter"", ""query_field"": ""irradiated area 1"", ""matched_field"": null, ""match_type"": ""no_match"", ""score"": 0.0}, {""component"": ""output"", ""query_field"": ""Procedure"", ""matched_field"": null, ""match_type"": ""no_match"", ""score"": 0.0}, {""component"": ""output"", ""query_field"": ""irradiated area 1"", ""matched_field"": null, ""match_type"": ""no_match"", ""score"": 0.0}]",aqf_full
Q29,W1_HCPA_EXPERT,Hard,False,0.0,"[""Discharge / date of discharge"", ""Discharge / reason for discharge"", ""date of discharge"", ""reason for discharge""]",[],ABSENT_OR_PRUNED_OR_MATCH_FAILED,"[{""component"": ""filter"", ""query_field"": ""date of discharge"", ""matched_field"": null, ""match_type"": ""no_match"", ""score"": 0.0}, {""component"": ""filter"", ""query_field"": ""reason for discharge"", ""matched_field"": null, ""match_type"": ""no_match"", ""score"": 0.0}, {""component"": ""output"", ""query_field"": ""date of discharge"", ""matched_field"": null, ""match_type"": ""no_match"", ""score"": 0.0}, {""component"": ""output"", ""query_field"": ""reason for discharge"", ""matched_field"": null, ""match_type"": ""no_match"", ""score"": 0.0}]",aqf_full
Q30,W1_HCPA_EXPERT,Hard,False,0.0,"[""Problem/Diagnosis / tumour topography"", ""Problem/Diagnosis / histopathological grading"", ""Problem/Diagnosis / date of pathological identification"", ""tumour topography"", ""histopathological grading"", ""date of pathological identification"", ""date of pathological identification""]",[],ABSENT_OR_PRUNED_OR_MATCH_FAILED,"[{""component"": ""filter"", ""query_field"": ""tumour topography"", ""matched_field"": null, ""match_type"": ""no_match"", ""score"": 0.0}, {""component"": ""filter"", ""query_field"": ""histopathological grading"", ""matched_field"": null, ""match_type"": ""no_match"", ""score"": 0.0}, {""component"": ""filter"", ""query_field"": ""date of pathological identification"", ""matched_field"": null, ""match_type"": ""no_match"", ""score"": 0.0}, {""component"": ""output"", ""query_field"": ""tumour topography"", ""matched_field"": null, ""match_type"": ""no_match"", ""score"": 0.0}, {""component"": ""output"", ""query_field"": ""histopathological grading"", ""matched_field"": null, ""match_type"": ""no_match"", ""score"": 0.0}, {""component"": ""output"", ""query_field"": ""date of pathological identification"", ""matched_field"": null, ""match_type"": ""no_match"", ""score"": 0.0}, {""component"": ""sort"", ""query_field"": ""date of pathological identification"", ""matched_field"": null, ""match_type"": ""no_match"", ""score"": 0.0}]",aqf_full
D1,W2_DEMOGRAPHIC_EXPERT,Easy,False,0.0,"[""Demographic data / components / gender"", ""gender""]",[],ABSENT_OR_PRUNED_OR_MATCH_FAILED,"[{""component"": ""filter"", ""query_field"": ""gender"", ""matched_field"": null, ""match_type"": ""no_match"", ""score"": 0.0}, {""component"": ""output"", ""query_field"": ""gender"", ""matched_field"": null, ""match_type"": ""no_match"", ""score"": 0.0}]",aqf_full
D2,W2_DEMOGRAPHIC_EXPERT,Easy,False,0.0,"[""Demographic data / components / gender"", ""gender"", ""birth date""]",[],ABSENT_OR_PRUNED_OR_MATCH_FAILED,"[{""component"": ""filter"", ""query_field"": ""gender"", ""matched_field"": null, ""match_type"": ""no_match"", ""score"": 0.0}, {""component"": ""output"", ""query_field"": ""gender"", ""matched_field"": null, ""match_type"": ""no_match"", ""score"": 0.0}, {""component"": ""output"", ""query_field"": ""birth date"", ""matched_field"": null, ""match_type"": ""no_match"", ""score"": 0.0}]",aqf_full
D3,W2_DEMOGRAPHIC_EXPERT,Easy,False,0.0,"[""Demographic data / components / nationality"", ""nationality""]",[],ABSENT_OR_PRUNED_OR_MATCH_FAILED,"[{""component"": ""filter"", ""query_field"": ""nationality"", ""matched_field"": null, ""match_type"": ""no_match"", ""score"": 0.0}, {""component"": ""output"", ""query_field"": ""nationality"", ""matched_field"": null, ""match_type"": ""no_match"", ""score"": 0.0}]",aqf_full
D4,W2_DEMOGRAPHIC_EXPERT,Easy,False,0.0,"[""Demographic data / components / race"", ""race""]",[],ABSENT_OR_PRUNED_OR_MATCH_FAILED,"[{""component"": ""filter"", ""query_field"": ""race"", ""matched_field"": null, ""match_type"": ""no_match"", ""score"": 0.0}, {""component"": ""output"", ""query_field"": ""race"", ""matched_field"": null, ""match_type"": ""no_match"", ""score"": 0.0}]",aqf_full
D5,W2_DEMOGRAPHIC_EXPERT,Easy,False,0.0,"[""Demographic data / components / ethnic group"", ""ethnic group""]",[],ABSENT_OR_PRUNED_OR_MATCH_FAILED,"[{""component"": ""filter"", ""query_field"": ""ethnic group"", ""matched_field"": null, ""match_type"": ""no_match"", ""score"": 0.0}, {""component"": ""output"", ""query_field"": ""ethnic group"", ""matched_field"": null, ""match_type"": ""no_match"", ""score"": 0.0}]",aqf_full
D6,W2_DEMOGRAPHIC_EXPERT,Easy,False,0.0,"[""Demographic data / components / birth date"", ""birth date""]",[],ABSENT_OR_PRUNED_OR_MATCH_FAILED,"[{""component"": ""filter"", ""query_field"": ""birth date"", ""matched_field"": null, ""match_type"": ""no_match"", ""score"": 0.0}, {""component"": ""output"", ""query_field"": ""birth date"", ""matched_field"": null, ""match_type"": ""no_match"", ""score"": 0.0}]",aqf_full
D7,W2_DEMOGRAPHIC_EXPERT,Medium,False,0.0,"[""Demographic data / components / gender"", ""Demographic data / components / nationality"", ""gender"", ""nationality""]",[],ABSENT_OR_PRUNED_OR_MATCH_FAILED,"[{""component"": ""filter"", ""query_field"": ""gender"", ""matched_field"": null, ""match_type"": ""no_match"", ""score"": 0.0}, {""component"": ""filter"", ""query_field"": ""nationality"", ""matched_field"": null, ""match_type"": ""no_match"", ""score"": 0.0}, {""component"": ""output"", ""query_field"": ""gender"", ""matched_field"": null, ""match_type"": ""no_match"", ""score"": 0.0}, {""component"": ""output"", ""query_field"": ""nationality"", ""matched_field"": null, ""match_type"": ""no_match"", ""score"": 0.0}]",aqf_full
D8,W2_DEMOGRAPHIC_EXPERT,Medium,False,0.0,"[""Demographic data / components / birth date"", ""Demographic data / components / gender"", ""birth date"", ""gender"", ""birth date""]",[],ABSENT_OR_PRUNED_OR_MATCH_FAILED,"[{""component"": ""filter"", ""query_field"": ""birth date"", ""matched_field"": null, ""match_type"": ""no_match"", ""score"": 0.0}, {""component"": ""filter"", ""query_field"": ""gender"", ""matched_field"": null, ""match_type"": ""no_match"", ""score"": 0.0}, {""component"": ""output"", ""query_field"": ""birth date"", ""matched_field"": null, ""match_type"": ""no_match"", ""score"": 0.0}, {""component"": ""output"", ""query_field"": ""gender"", ""matched_field"": null, ""match_type"": ""no_match"", ""score"": 0.0}, {""component"": ""sort"", ""query_field"": ""birth date"", ""matched_field"": null, ""match_type"": ""no_match"", ""score"": 0.0}]",aqf_full
D9,W2_DEMOGRAPHIC_EXPERT,Medium,False,0.0,"[""Demographic data / components / educational level"", ""Demographic data / components / nationality"", ""educational level"", ""nationality""]",[],ABSENT_OR_PRUNED_OR_MATCH_FAILED,"[{""component"": ""filter"", ""query_field"": ""educational level"", ""matched_field"": null, ""match_type"": ""no_match"", ""score"": 0.0}, {""component"": ""filter"", ""query_field"": ""nationality"", ""matched_field"": null, ""match_type"": ""no_match"", ""score"": 0.0}, {""component"": ""output"", ""query_field"": ""educational level"", ""matched_field"": null, ""match_type"": ""no_match"", ""score"": 0.0}, {""component"": ""output"", ""query_field"": ""nationality"", ""matched_field"": null, ""match_type"": ""no_match"", ""score"": 0.0}]",aqf_full
D10,W2_DEMOGRAPHIC_EXPERT,Medium,False,0.0,"[""Demographic data / components / race"", ""Demographic data / components / nationality"", ""race"", ""nationality""]",[],ABSENT_OR_PRUNED_OR_MATCH_FAILED,"[{""component"": ""filter"", ""query_field"": ""race"", ""matched_field"": null, ""match_type"": ""no_match"", ""score"": 0.0}, {""component"": ""filter"", ""query_field"": ""nationality"", ""matched_field"": null, ""match_type"": ""no_match"", ""score"": 0.0}, {""component"": ""output"", ""query_field"": ""race"", ""matched_field"": null, ""match_type"": ""no_match"", ""score"": 0.0}, {""component"": ""output"", ""query_field"": ""nationality"", ""matched_field"": null, ""match_type"": ""no_match"", ""score"": 0.0}]",aqf_full
D11,W2_DEMOGRAPHIC_EXPERT,Hard,False,0.0,"[""Demographic data / components / race"", ""Demographic data / components / ethnic group"", ""Demographic data / components / nationality"", ""race"", ""ethnic group"", ""nationality""]",[],ABSENT_OR_PRUNED_OR_MATCH_FAILED,"[{""component"": ""filter"", ""query_field"": ""race"", ""matched_field"": null, ""match_type"": ""no_match"", ""score"": 0.0}, {""component"": ""filter"", ""query_field"": ""ethnic group"", ""matched_field"": null, ""match_type"": ""no_match"", ""score"": 0.0}, {""component"": ""filter"", ""query_field"": ""nationality"", ""matched_field"": null, ""match_type"": ""no_match"", ""score"": 0.0}, {""component"": ""output"", ""query_field"": ""race"", ""matched_field"": null, ""match_type"": ""no_match"", ""score"": 0.0}, {""component"": ""output"", ""query_field"": ""ethnic group"", ""matched_field"": null, ""match_type"": ""no_match"", ""score"": 0.0}, {""component"": ""output"", ""query_field"": ""nationality"", ""matched_field"": null, ""match_type"": ""no_match"", ""score"": 0.0}]",aqf_full
D12,W2_DEMOGRAPHIC_EXPERT,Hard,False,0.0,"[""Demographic data / components / birth date"", ""Demographic data / components / gender"", ""Demographic data / components / nationality"", ""birth date"", ""gender"", ""nationality"", ""birth date""]",[],ABSENT_OR_PRUNED_OR_MATCH_FAILED,"[{""component"": ""filter"", ""query_field"": ""birth date"", ""matched_field"": null, ""match_type"": ""no_match"", ""score"": 0.0}, {""component"": ""filter"", ""query_field"": ""gender"", ""matched_field"": null, ""match_type"": ""no_match"", ""score"": 0.0}, {""component"": ""filter"", ""query_field"": ""nationality"", ""matched_field"": null, ""match_type"": ""no_match"", ""score"": 0.0}, {""component"": ""output"", ""query_field"": ""birth date"", ""matched_field"": null, ""match_type"": ""no_match"", ""score"": 0.0}, {""component"": ""output"", ""query_field"": ""gender"", ""matched_field"": null, ""match_type"": ""no_match"", ""score"": 0.0}, {""component"": ""output"", ""query_field"": ""nationality"", ""matched_field"": null, ""match_type"": ""no_match"", ""score"": 0.0}, {""component"": ""sort"", ""query_field"": ""birth date"", ""matched_field"": null, ""match_type"": ""no_match"", ""score"": 0.0}]",aqf_full
Q1,W1_HCPA_EXPERT,Easy,False,0.0,"[""HCPA / General data / State"", ""State""]",[],ABSENT_OR_PRUNED_OR_MATCH_FAILED,"[{""component"": ""filter"", ""query_field"": ""State"", ""matched_field"": null, ""match_type"": ""no_match"", ""score"": 0.0}, {""component"": ""output"", ""query_field"": ""State"", ""matched_field"": null, ""match_type"": ""no_match"", ""score"": 0.0}]",aqf_topk_no_threshold
Q2,W1_HCPA_EXPERT,Easy,False,0.0,"[""HCPA / General data / State"", ""State"", ""reason for encounter""]",[],ABSENT_OR_PRUNED_OR_MATCH_FAILED,"[{""component"": ""filter"", ""query_field"": ""State"", ""matched_field"": null, ""match_type"": ""no_match"", ""score"": 0.0}, {""component"": ""output"", ""query_field"": ""State"", ""matched_field"": null, ""match_type"": ""no_match"", ""score"": 0.0}, {""component"": ""output"", ""query_field"": ""reason for encounter"", ""matched_field"": null, ""match_type"": ""no_match"", ""score"": 0.0}]",aqf_topk_no_threshold
Q3,W1_HCPA_EXPERT,Easy,False,0.0,"[""HCPA / General data / reason for encounter"", ""reason for encounter""]",[],ABSENT_OR_PRUNED_OR_MATCH_FAILED,"[{""component"": ""filter"", ""query_field"": ""reason for encounter"", ""matched_field"": null, ""match_type"": ""no_match"", ""score"": 0.0}, {""component"": ""output"", ""query_field"": ""reason for encounter"", ""matched_field"": null, ""match_type"": ""no_match"", ""score"": 0.0}]",aqf_topk_no_threshold
Q4,W1_HCPA_EXPERT,Easy,False,0.0,"[""HCPA / General data / reason for encounter"", ""reason for encounter"", ""State"", ""patient age""]",[],ABSENT_OR_PRUNED_OR_MATCH_FAILED,"[{""component"": ""filter"", ""query_field"": ""reason for encounter"", ""matched_field"": null, ""match_type"": ""no_match"", ""score"": 0.0}, {""component"": ""output"", ""query_field"": ""reason for encounter"", ""matched_field"": null, ""match_type"": ""no_match"", ""score"": 0.0}, {""component"": ""output"", ""query_field"": ""State"", ""matched_field"": null, ""match_type"": ""no_match"", ""score"": 0.0}, {""component"": ""output"", ""query_field"": ""patient age"", ""matched_field"": null, ""match_type"": ""no_match"", ""score"": 0.0}]",aqf_topk_no_threshold
Q5,W1_HCPA_EXPERT,Easy,False,0.0,"[""HCPA / General data / patient age"", ""patient age"", ""patient age""]",[],ABSENT_OR_PRUNED_OR_MATCH_FAILED,"[{""component"": ""filter"", ""query_field"": ""patient age"", ""matched_field"": null, ""match_type"": ""no_match"", ""score"": 0.0}, {""component"": ""output"", ""query_field"": ""patient age"", ""matched_field"": null, ""match_type"": ""no_match"", ""score"": 0.0}, {""component"": ""sort"", ""query_field"": ""patient age"", ""matched_field"": null, ""match_type"": ""no_match"", ""score"": 0.0}]",aqf_topk_no_threshold
Q6,W1_HCPA_EXPERT,Easy,False,0.0,"[""HCPA / chemotherapy / schema"", ""schema""]",[],ABSENT_OR_PRUNED_OR_MATCH_FAILED,"[{""component"": ""filter"", ""query_field"": ""schema"", ""matched_field"": null, ""match_type"": ""no_match"", ""score"": 0.0}, {""component"": ""output"", ""query_field"": ""schema"", ""matched_field"": null, ""match_type"": ""no_match"", ""score"": 0.0}]",aqf_topk_no_threshold
Q7,W1_HCPA_EXPERT,Easy,False,0.0,"[""Procedure undertaken / Procedure"", ""Procedure""]",[],ABSENT_OR_PRUNED_OR_MATCH_FAILED,"[{""component"": ""filter"", ""query_field"": ""Procedure"", ""matched_field"": null, ""match_type"": ""no_match"", ""score"": 0.0}, {""component"": ""output"", ""query_field"": ""Procedure"", ""matched_field"": null, ""match_type"": ""no_match"", ""score"": 0.0}]",aqf_topk_no_threshold
Q8,W1_HCPA_EXPERT,Easy,False,0.0,"[""Problem/Diagnosis / Problem"", ""Problem""]",[],ABSENT_OR_PRUNED_OR_MATCH_FAILED,"[{""component"": ""filter"", ""query_field"": ""Problem"", ""matched_field"": null, ""match_type"": ""no_match"", ""score"": 0.0}, {""component"": ""output"", ""query_field"": ""Problem"", ""matched_field"": null, ""match_type"": ""no_match"", ""score"": 0.0}]",aqf_topk_no_threshold
Q9,W1_HCPA_EXPERT,Easy,False,0.0,"[""Problem/Diagnosis / Clinical staging"", ""Clinical staging""]",[],ABSENT_OR_PRUNED_OR_MATCH_FAILED,"[{""component"": ""filter"", ""query_field"": ""Clinical staging"", ""matched_field"": null, ""match_type"": ""no_match"", ""score"": 0.0}, {""component"": ""output"", ""query_field"": ""Clinical staging"", ""matched_field"": null, ""match_type"": ""no_match"", ""score"": 0.0}]",aqf_topk_no_threshold
Q10,W1_HCPA_EXPERT,Easy,False,0.0,"[""Problem/Diagnosis / invaded regional lymph nodes"", ""invaded regional lymph nodes""]",[],ABSENT_OR_PRUNED_OR_MATCH_FAILED,"[{""component"": ""filter"", ""query_field"": ""invaded regional lymph nodes"", ""matched_field"": null, ""match_type"": ""no_match"", ""score"": 0.0}, {""component"": ""output"", ""query_field"": ""invaded regional lymph nodes"", ""matched_field"": null, ""match_type"": ""no_match"", ""score"": 0.0}]",aqf_topk_no_threshold
Q11,W1_HCPA_EXPERT,Medium,False,0.0,"[""HCPA / General data / State"", ""HCPA / General data / reason for encounter"", ""State"", ""reason for encounter""]",[],ABSENT_OR_PRUNED_OR_MATCH_FAILED,"[{""component"": ""filter"", ""query_field"": ""State"", ""matched_field"": null, ""match_type"": ""no_match"", ""score"": 0.0}, {""component"": ""filter"", ""query_field"": ""reason for encounter"", ""matched_field"": null, ""match_type"": ""no_match"", ""score"": 0.0}, {""component"": ""output"", ""query_field"": ""State"", ""matched_field"": null, ""match_type"": ""no_match"", ""score"": 0.0}, {""component"": ""output"", ""query_field"": ""reason for encounter"", ""matched_field"": null, ""match_type"": ""no_match"", ""score"": 0.0}]",aqf_topk_no_threshold
Q12,W1_HCPA_EXPERT,Medium,False,0.0,"[""HCPA / General data / State"", ""HCPA / General data / reason for encounter"", ""State"", ""reason for encounter"", ""patient age""]",[],ABSENT_OR_PRUNED_OR_MATCH_FAILED,"[{""component"": ""filter"", ""query_field"": ""State"", ""matched_field"": null, ""match_type"": ""no_match"", ""score"": 0.0}, {""component"": ""filter"", ""query_field"": ""reason for encounter"", ""matched_field"": null, ""match_type"": ""no_match"", ""score"": 0.0}, {""component"": ""output"", ""query_field"": ""State"", ""matched_field"": null, ""match_type"": ""no_match"", ""score"": 0.0}, {""component"": ""output"", ""query_field"": ""reason for encounter"", ""matched_field"": null, ""match_type"": ""no_match"", ""score"": 0.0}, {""component"": ""output"", ""query_field"": ""patient age"", ""matched_field"": null, ""match_type"": ""no_match"", ""score"": 0.0}]",aqf_topk_no_threshold
Q13,W1_HCPA_EXPERT,Medium,False,0.0,"[""HCPA / General data / patient age"", ""HCPA / General data / State"", ""patient age"", ""State"", ""patient age""]",[],ABSENT_OR_PRUNED_OR_MATCH_FAILED,"[{""component"": ""filter"", ""query_field"": ""patient age"", ""matched_field"": null, ""match_type"": ""no_match"", ""score"": 0.0}, {""component"": ""filter"", ""query_field"": ""State"", ""matched_field"": null, ""match_type"": ""no_match"", ""score"": 0.0}, {""component"": ""output"", ""query_field"": ""patient age"", ""matched_field"": null, ""match_type"": ""no_match"", ""score"": 0.0}, {""component"": ""output"", ""query_field"": ""State"", ""matched_field"": null, ""match_type"": ""no_match"", ""score"": 0.0}, {""component"": ""sort"", ""query_field"": ""patient age"", ""matched_field"": null, ""match_type"": ""no_match"", ""score"": 0.0}]",aqf_topk_no_threshold
Q14,W1_HCPA_EXPERT,Medium,False,0.0,"[""HCPA / chemotherapy / schema"", ""HCPA / chemotherapy / duration of treatment"", ""schema"", ""duration of treatment"", ""duration of treatment""]",[],ABSENT_OR_PRUNED_OR_MATCH_FAILED,"[{""component"": ""filter"", ""query_field"": ""schema"", ""matched_field"": null, ""match_type"": ""no_match"", ""score"": 0.0}, {""component"": ""filter"", ""query_field"": ""duration of treatment"", ""matched_field"": null, ""match_type"": ""no_match"", ""score"": 0.0}, {""component"": ""output"", ""query_field"": ""schema"", ""matched_field"": null, ""match_type"": ""no_match"", ""score"": 0.0}, {""component"": ""output"", ""query_field"": ""duration of treatment"", ""matched_field"": null, ""match_type"": ""no_match"", ""score"": 0.0}, {""component"": ""sort"", ""query_field"": ""duration of treatment"", ""matched_field"": null, ""match_type"": ""no_match"", ""score"": 0.0}]",aqf_topk_no_threshold
Q15,W1_HCPA_EXPERT,Medium,False,0.0,"[""Problem/Diagnosis / Problem"", ""Problem/Diagnosis / Clinical staging"", ""Problem"", ""Clinical staging""]",[],ABSENT_OR_PRUNED_OR_MATCH_FAILED,"[{""component"": ""filter"", ""query_field"": ""Problem"", ""matched_field"": null, ""match_type"": ""no_match"", ""score"": 0.0}, {""component"": ""filter"", ""query_field"": ""Clinical staging"", ""matched_field"": null, ""match_type"": ""no_match"", ""score"": 0.0}, {""component"": ""output"", ""query_field"": ""Problem"", ""matched_field"": null, ""match_type"": ""no_match"", ""score"": 0.0}, {""component"": ""output"", ""query_field"": ""Clinical staging"", ""matched_field"": null, ""match_type"": ""no_match"", ""score"": 0.0}]",aqf_topk_no_threshold
Q16,W1_HCPA_EXPERT,Medium,False,0.0,"[""Problem/Diagnosis / Problem"", ""Procedure undertaken / Procedure"", ""Problem"", ""Procedure""]",[],ABSENT_OR_PRUNED_OR_MATCH_FAILED,"[{""component"": ""filter"", ""query_field"": ""Problem"", ""matched_field"": null, ""match_type"": ""no_match"", ""score"": 0.0}, {""component"": ""filter"", ""query_field"": ""Procedure"", ""matched_field"": null, ""match_type"": ""no_match"", ""score"": 0.0}, {""component"": ""output"", ""query_field"": ""Problem"", ""matched_field"": null, ""match_type"": ""no_match"", ""score"": 0.0}, {""component"": ""output"", ""query_field"": ""Procedure"", ""matched_field"": null, ""match_type"": ""no_match"", ""score"": 0.0}]",aqf_topk_no_threshold
Q17,W1_HCPA_EXPERT,Medium,False,0.0,"[""Discharge / reason for discharge"", ""HCPA / General data / State"", ""reason for discharge"", ""State""]",[],ABSENT_OR_PRUNED_OR_MATCH_FAILED,"[{""component"": ""filter"", ""query_field"": ""reason for discharge"", ""matched_field"": null, ""match_type"": ""no_match"", ""score"": 0.0}, {""component"": ""filter"", ""query_field"": ""State"", ""matched_field"": null, ""match_type"": ""no_match"", ""score"": 0.0}, {""component"": ""output"", ""query_field"": ""reason for discharge"", ""matched_field"": null, ""match_type"": ""no_match"", ""score"": 0.0}, {""component"": ""output"", ""query_field"": ""State"", ""matched_field"": null, ""match_type"": ""no_match"", ""score"": 0.0}]",aqf_topk_no_threshold
Q18,W1_HCPA_EXPERT,Medium,False,0.0,"[""Problem/Diagnosis / histopathological grading"", ""Problem/Diagnosis / Problem"", ""histopathological grading"", ""Problem""]",[],ABSENT_OR_PRUNED_OR_MATCH_FAILED,"[{""component"": ""filter"", ""query_field"": ""histopathological grading"", ""matched_field"": null, ""match_type"": ""no_match"", ""score"": 0.0}, {""component"": ""filter"", ""query_field"": ""Problem"", ""matched_field"": null, ""match_type"": ""no_match"", ""score"": 0.0}, {""component"": ""output"", ""query_field"": ""histopathological grading"", ""matched_field"": null, ""match_type"": ""no_match"", ""score"": 0.0}, {""component"": ""output"", ""query_field"": ""Problem"", ""matched_field"": null, ""match_type"": ""no_match"", ""score"": 0.0}]",aqf_topk_no_threshold
Q19,W1_HCPA_EXPERT,Medium,False,0.0,"[""Problem/Diagnosis / tumour topography"", ""Problem/Diagnosis / invaded regional lymph nodes"", ""tumour topography"", ""invaded regional lymph nodes""]",[],ABSENT_OR_PRUNED_OR_MATCH_FAILED,"[{""component"": ""filter"", ""query_field"": ""tumour topography"", ""matched_field"": null, ""match_type"": ""no_match"", ""score"": 0.0}, {""component"": ""filter"", ""query_field"": ""invaded regional lymph nodes"", ""matched_field"": null, ""match_type"": ""no_match"", ""score"": 0.0}, {""component"": ""output"", ""query_field"": ""tumour topography"", ""matched_field"": null, ""match_type"": ""no_match"", ""score"": 0.0}, {""component"": ""output"", ""query_field"": ""invaded regional lymph nodes"", ""matched_field"": null, ""match_type"": ""no_match"", ""score"": 0.0}]",aqf_topk_no_threshold
Q20,W1_HCPA_EXPERT,Medium,False,0.0,"[""HCPA / General data / reason for encounter"", ""HCPA / Radiotherapy / date of beginning of radiotherapy"", ""reason for encounter"", ""date of beginning of radiotherapy"", ""date of beginning of radiotherapy""]",[],ABSENT_OR_PRUNED_OR_MATCH_FAILED,"[{""component"": ""filter"", ""query_field"": ""reason for encounter"", ""matched_field"": null, ""match_type"": ""no_match"", ""score"": 0.0}, {""component"": ""filter"", ""query_field"": ""date of beginning of radiotherapy"", ""matched_field"": null, ""match_type"": ""no_match"", ""score"": 0.0}, {""component"": ""output"", ""query_field"": ""reason for encounter"", ""matched_field"": null, ""match_type"": ""no_match"", ""score"": 0.0}, {""component"": ""output"", ""query_field"": ""date of beginning of radiotherapy"", ""matched_field"": null, ""match_type"": ""no_match"", ""score"": 0.0}, {""component"": ""sort"", ""query_field"": ""date of beginning of radiotherapy"", ""matched_field"": null, ""match_type"": ""no_match"", ""score"": 0.0}]",aqf_topk_no_threshold
Q21,W1_HCPA_EXPERT,Hard,False,0.0,"[""Nephrology / indicator of transplantation"", ""Nephrology / number of transplantations"", ""indicator of transplantation"", ""number of transplantations""]",[],ABSENT_OR_PRUNED_OR_MATCH_FAILED,"[{""component"": ""filter"", ""query_field"": ""indicator of transplantation"", ""matched_field"": null, ""match_type"": ""no_match"", ""score"": 0.0}, {""component"": ""filter"", ""query_field"": ""number of transplantations"", ""matched_field"": null, ""match_type"": ""no_match"", ""score"": 0.0}, {""component"": ""output"", ""query_field"": ""indicator of transplantation"", ""matched_field"": null, ""match_type"": ""no_match"", ""score"": 0.0}, {""component"": ""output"", ""query_field"": ""number of transplantations"", ""matched_field"": null, ""match_type"": ""no_match"", ""score"": 0.0}]",aqf_topk_no_threshold
Q22,W1_HCPA_EXPERT,Hard,False,0.0,"[""Dialysis / date of first dialysis"", ""Imaging / abdominal ultrasonography"", ""date of first dialysis"", ""abdominal ultrasonography"", ""date of first dialysis""]",[],ABSENT_OR_PRUNED_OR_MATCH_FAILED,"[{""component"": ""filter"", ""query_field"": ""date of first dialysis"", ""matched_field"": null, ""match_type"": ""no_match"", ""score"": 0.0}, {""component"": ""filter"", ""query_field"": ""abdominal ultrasonography"", ""matched_field"": null, ""match_type"": ""no_match"", ""score"": 0.0}, {""component"": ""output"", ""query_field"": ""date of first dialysis"", ""matched_field"": null, ""match_type"": ""no_match"", ""score"": 0.0}, {""component"": ""output"", ""query_field"": ""abdominal ultrasonography"", ""matched_field"": null, ""match_type"": ""no_match"", ""score"": 0.0}, {""component"": ""sort"", ""query_field"": ""date of first dialysis"", ""matched_field"": null, ""match_type"": ""no_match"", ""score"": 0.0}]",aqf_topk_no_threshold
Q23,W1_HCPA_EXPERT,Hard,False,0.0,"[""Follow-up / duration of follow-up months"", ""Bariatrics / body mass index"", ""duration of follow-up months"", ""body mass index"", ""duration of follow-up months""]",[],ABSENT_OR_PRUNED_OR_MATCH_FAILED,"[{""component"": ""filter"", ""query_field"": ""duration of follow-up months"", ""matched_field"": null, ""match_type"": ""no_match"", ""score"": 0.0}, {""component"": ""filter"", ""query_field"": ""body mass index"", ""matched_field"": null, ""match_type"": ""no_match"", ""score"": 0.0}, {""component"": ""output"", ""query_field"": ""duration of follow-up months"", ""matched_field"": null, ""match_type"": ""no_match"", ""score"": 0.0}, {""component"": ""output"", ""query_field"": ""body mass index"", ""matched_field"": null, ""match_type"": ""no_match"", ""score"": 0.0}, {""component"": ""sort"", ""query_field"": ""duration of follow-up months"", ""matched_field"": null, ""match_type"": ""no_match"", ""score"": 0.0}]",aqf_topk_no_threshold
Q24,W1_HCPA_EXPERT,Hard,False,0.0,"[""HCPA / General data / State"", ""HCPA / General data / reason for encounter"", ""HCPA / General data / patient age"", ""State"", ""reason for encounter"", ""patient age"", ""patient age""]",[],ABSENT_OR_PRUNED_OR_MATCH_FAILED,"[{""component"": ""filter"", ""query_field"": ""State"", ""matched_field"": null, ""match_type"": ""no_match"", ""score"": 0.0}, {""component"": ""filter"", ""query_field"": ""reason for encounter"", ""matched_field"": null, ""match_type"": ""no_match"", ""score"": 0.0}, {""component"": ""filter"", ""query_field"": ""patient age"", ""matched_field"": null, ""match_type"": ""no_match"", ""score"": 0.0}, {""component"": ""output"", ""query_field"": ""State"", ""matched_field"": null, ""match_type"": ""no_match"", ""score"": 0.0}, {""component"": ""output"", ""query_field"": ""reason for encounter"", ""matched_field"": null, ""match_type"": ""no_match"", ""score"": 0.0}, {""component"": ""output"", ""query_field"": ""patient age"", ""matched_field"": null, ""match_type"": ""no_match"", ""score"": 0.0}, {""component"": ""sort"", ""query_field"": ""patient age"", ""matched_field"": null, ""match_type"": ""no_match"", ""score"": 0.0}]",aqf_topk_no_threshold
Q25,W1_HCPA_EXPERT,Hard,False,0.0,"[""HCPA / General data / State"", ""HCPA / General data / reason for encounter"", ""Problem/Diagnosis / Problem"", ""State"", ""reason for encounter"", ""Problem""]",[],ABSENT_OR_PRUNED_OR_MATCH_FAILED,"[{""component"": ""filter"", ""query_field"": ""State"", ""matched_field"": null, ""match_type"": ""no_match"", ""score"": 0.0}, {""component"": ""filter"", ""query_field"": ""reason for encounter"", ""matched_field"": null, ""match_type"": ""no_match"", ""score"": 0.0}, {""component"": ""filter"", ""query_field"": ""Problem"", ""matched_field"": null, ""match_type"": ""no_match"", ""score"": 0.0}, {""component"": ""output"", ""query_field"": ""State"", ""matched_field"": null, ""match_type"": ""no_match"", ""score"": 0.0}, {""component"": ""output"", ""query_field"": ""reason for encounter"", ""matched_field"": null, ""match_type"": ""no_match"", ""score"": 0.0}, {""component"": ""output"", ""query_field"": ""Problem"", ""matched_field"": null, ""match_type"": ""no_match"", ""score"": 0.0}]",aqf_topk_no_threshold
Q26,W1_HCPA_EXPERT,Hard,False,0.0,"[""Problem/Diagnosis / Problem"", ""Problem/Diagnosis / Clinical staging"", ""Problem/Diagnosis / invaded regional lymph nodes"", ""Problem"", ""Clinical staging"", ""invaded regional lymph nodes""]",[],ABSENT_OR_PRUNED_OR_MATCH_FAILED,"[{""component"": ""filter"", ""query_field"": ""Problem"", ""matched_field"": null, ""match_type"": ""no_match"", ""score"": 0.0}, {""component"": ""filter"", ""query_field"": ""Clinical staging"", ""matched_field"": null, ""match_type"": ""no_match"", ""score"": 0.0}, {""component"": ""filter"", ""query_field"": ""invaded regional lymph nodes"", ""matched_field"": null, ""match_type"": ""no_match"", ""score"": 0.0}, {""component"": ""output"", ""query_field"": ""Problem"", ""matched_field"": null, ""match_type"": ""no_match"", ""score"": 0.0}, {""component"": ""output"", ""query_field"": ""Clinical staging"", ""matched_field"": null, ""match_type"": ""no_match"", ""score"": 0.0}, {""component"": ""output"", ""query_field"": ""invaded regional lymph nodes"", ""matched_field"": null, ""match_type"": ""no_match"", ""score"": 0.0}]",aqf_topk_no_threshold
Q27,W1_HCPA_EXPERT,Hard,False,0.0,"[""HCPA / chemotherapy / schema"", ""HCPA / chemotherapy / duration of treatment"", ""HCPA / chemotherapy / date of beginning of chemotherapy"", ""schema"", ""duration of treatment"", ""date of beginning of chemotherapy"", ""date of beginning of chemotherapy""]",[],ABSENT_OR_PRUNED_OR_MATCH_FAILED,"[{""component"": ""filter"", ""query_field"": ""schema"", ""matched_field"": null, ""match_type"": ""no_match"", ""score"": 0.0}, {""component"": ""filter"", ""query_field"": ""duration of treatment"", ""matched_field"": null, ""match_type"": ""no_match"", ""score"": 0.0}, {""component"": ""filter"", ""query_field"": ""date of beginning of chemotherapy"", ""matched_field"": null, ""match_type"": ""no_match"", ""score"": 0.0}, {""component"": ""output"", ""query_field"": ""schema"", ""matched_field"": null, ""match_type"": ""no_match"", ""score"": 0.0}, {""component"": ""output"", ""query_field"": ""duration of treatment"", ""matched_field"": null, ""match_type"": ""no_match"", ""score"": 0.0}, {""component"": ""output"", ""query_field"": ""date of beginning of chemotherapy"", ""matched_field"": null, ""match_type"": ""no_match"", ""score"": 0.0}, {""component"": ""sort"", ""query_field"": ""date of beginning of chemotherapy"", ""matched_field"": null, ""match_type"": ""no_match"", ""score"": 0.0}]",aqf_topk_no_threshold
Q28,W1_HCPA_EXPERT,Hard,False,0.0,"[""Procedure undertaken / Procedure"", ""Radiotherapy / irradiated area 1"", ""Procedure"", ""irradiated area 1""]",[],ABSENT_OR_PRUNED_OR_MATCH_FAILED,"[{""component"": ""filter"", ""query_field"": ""Procedure"", ""matched_field"": null, ""match_type"": ""no_match"", ""score"": 0.0}, {""component"": ""filter"", ""query_field"": ""irradiated area 1"", ""matched_field"": null, ""match_type"": ""no_match"", ""score"": 0.0}, {""component"": ""output"", ""query_field"": ""Procedure"", ""matched_field"": null, ""match_type"": ""no_match"", ""score"": 0.0}, {""component"": ""output"", ""query_field"": ""irradiated area 1"", ""matched_field"": null, ""match_type"": ""no_match"", ""score"": 0.0}]",aqf_topk_no_threshold
Q29,W1_HCPA_EXPERT,Hard,False,0.0,"[""Discharge / date of discharge"", ""Discharge / reason for discharge"", ""date of discharge"", ""reason for discharge""]",[],ABSENT_OR_PRUNED_OR_MATCH_FAILED,"[{""component"": ""filter"", ""query_field"": ""date of discharge"", ""matched_field"": null, ""match_type"": ""no_match"", ""score"": 0.0}, {""component"": ""filter"", ""query_field"": ""reason for discharge"", ""matched_field"": null, ""match_type"": ""no_match"", ""score"": 0.0}, {""component"": ""output"", ""query_field"": ""date of discharge"", ""matched_field"": null, ""match_type"": ""no_match"", ""score"": 0.0}, {""component"": ""output"", ""query_field"": ""reason for discharge"", ""matched_field"": null, ""match_type"": ""no_match"", ""score"": 0.0}]",aqf_topk_no_threshold
Q30,W1_HCPA_EXPERT,Hard,False,0.0,"[""Problem/Diagnosis / tumour topography"", ""Problem/Diagnosis / histopathological grading"", ""Problem/Diagnosis / date of pathological identification"", ""tumour topography"", ""histopathological grading"", ""date of pathological identification"", ""date of pathological identification""]",[],ABSENT_OR_PRUNED_OR_MATCH_FAILED,"[{""component"": ""filter"", ""query_field"": ""tumour topography"", ""matched_field"": null, ""match_type"": ""no_match"", ""score"": 0.0}, {""component"": ""filter"", ""query_field"": ""histopathological grading"", ""matched_field"": null, ""match_type"": ""no_match"", ""score"": 0.0}, {""component"": ""filter"", ""query_field"": ""date of pathological identification"", ""matched_field"": null, ""match_type"": ""no_match"", ""score"": 0.0}, {""component"": ""output"", ""query_field"": ""tumour topography"", ""matched_field"": null, ""match_type"": ""no_match"", ""score"": 0.0}, {""component"": ""output"", ""query_field"": ""histopathological grading"", ""matched_field"": null, ""match_type"": ""no_match"", ""score"": 0.0}, {""component"": ""output"", ""query_field"": ""date of pathological identification"", ""matched_field"": null, ""match_type"": ""no_match"", ""score"": 0.0}, {""component"": ""sort"", ""query_field"": ""date of pathological identification"", ""matched_field"": null, ""match_type"": ""no_match"", ""score"": 0.0}]",aqf_topk_no_threshold
D1,W2_DEMOGRAPHIC_EXPERT,Easy,False,0.0,"[""Demographic data / components / gender"", ""gender""]",[],ABSENT_OR_PRUNED_OR_MATCH_FAILED,"[{""component"": ""filter"", ""query_field"": ""gender"", ""matched_field"": null, ""match_type"": ""no_match"", ""score"": 0.0}, {""component"": ""output"", ""query_field"": ""gender"", ""matched_field"": null, ""match_type"": ""no_match"", ""score"": 0.0}]",aqf_topk_no_threshold
D2,W2_DEMOGRAPHIC_EXPERT,Easy,False,0.0,"[""Demographic data / components / gender"", ""gender"", ""birth date""]",[],ABSENT_OR_PRUNED_OR_MATCH_FAILED,"[{""component"": ""filter"", ""query_field"": ""gender"", ""matched_field"": null, ""match_type"": ""no_match"", ""score"": 0.0}, {""component"": ""output"", ""query_field"": ""gender"", ""matched_field"": null, ""match_type"": ""no_match"", ""score"": 0.0}, {""component"": ""output"", ""query_field"": ""birth date"", ""matched_field"": null, ""match_type"": ""no_match"", ""score"": 0.0}]",aqf_topk_no_threshold
D3,W2_DEMOGRAPHIC_EXPERT,Easy,False,0.0,"[""Demographic data / components / nationality"", ""nationality""]",[],ABSENT_OR_PRUNED_OR_MATCH_FAILED,"[{""component"": ""filter"", ""query_field"": ""nationality"", ""matched_field"": null, ""match_type"": ""no_match"", ""score"": 0.0}, {""component"": ""output"", ""query_field"": ""nationality"", ""matched_field"": null, ""match_type"": ""no_match"", ""score"": 0.0}]",aqf_topk_no_threshold
D4,W2_DEMOGRAPHIC_EXPERT,Easy,False,0.0,"[""Demographic data / components / race"", ""race""]",[],ABSENT_OR_PRUNED_OR_MATCH_FAILED,"[{""component"": ""filter"", ""query_field"": ""race"", ""matched_field"": null, ""match_type"": ""no_match"", ""score"": 0.0}, {""component"": ""output"", ""query_field"": ""race"", ""matched_field"": null, ""match_type"": ""no_match"", ""score"": 0.0}]",aqf_topk_no_threshold
D5,W2_DEMOGRAPHIC_EXPERT,Easy,False,0.0,"[""Demographic data / components / ethnic group"", ""ethnic group""]",[],ABSENT_OR_PRUNED_OR_MATCH_FAILED,"[{""component"": ""filter"", ""query_field"": ""ethnic group"", ""matched_field"": null, ""match_type"": ""no_match"", ""score"": 0.0}, {""component"": ""output"", ""query_field"": ""ethnic group"", ""matched_field"": null, ""match_type"": ""no_match"", ""score"": 0.0}]",aqf_topk_no_threshold
D6,W2_DEMOGRAPHIC_EXPERT,Easy,False,0.0,"[""Demographic data / components / birth date"", ""birth date""]",[],ABSENT_OR_PRUNED_OR_MATCH_FAILED,"[{""component"": ""filter"", ""query_field"": ""birth date"", ""matched_field"": null, ""match_type"": ""no_match"", ""score"": 0.0}, {""component"": ""output"", ""query_field"": ""birth date"", ""matched_field"": null, ""match_type"": ""no_match"", ""score"": 0.0}]",aqf_topk_no_threshold
D7,W2_DEMOGRAPHIC_EXPERT,Medium,False,0.0,"[""Demographic data / components / gender"", ""Demographic data / components / nationality"", ""gender"", ""nationality""]",[],ABSENT_OR_PRUNED_OR_MATCH_FAILED,"[{""component"": ""filter"", ""query_field"": ""gender"", ""matched_field"": null, ""match_type"": ""no_match"", ""score"": 0.0}, {""component"": ""filter"", ""query_field"": ""nationality"", ""matched_field"": null, ""match_type"": ""no_match"", ""score"": 0.0}, {""component"": ""output"", ""query_field"": ""gender"", ""matched_field"": null, ""match_type"": ""no_match"", ""score"": 0.0}, {""component"": ""output"", ""query_field"": ""nationality"", ""matched_field"": null, ""match_type"": ""no_match"", ""score"": 0.0}]",aqf_topk_no_threshold
D8,W2_DEMOGRAPHIC_EXPERT,Medium,False,0.0,"[""Demographic data / components / birth date"", ""Demographic data / components / gender"", ""birth date"", ""gender"", ""birth date""]",[],ABSENT_OR_PRUNED_OR_MATCH_FAILED,"[{""component"": ""filter"", ""query_field"": ""birth date"", ""matched_field"": null, ""match_type"": ""no_match"", ""score"": 0.0}, {""component"": ""filter"", ""query_field"": ""gender"", ""matched_field"": null, ""match_type"": ""no_match"", ""score"": 0.0}, {""component"": ""output"", ""query_field"": ""birth date"", ""matched_field"": null, ""match_type"": ""no_match"", ""score"": 0.0}, {""component"": ""output"", ""query_field"": ""gender"", ""matched_field"": null, ""match_type"": ""no_match"", ""score"": 0.0}, {""component"": ""sort"", ""query_field"": ""birth date"", ""matched_field"": null, ""match_type"": ""no_match"", ""score"": 0.0}]",aqf_topk_no_threshold
D9,W2_DEMOGRAPHIC_EXPERT,Medium,False,0.0,"[""Demographic data / components / educational level"", ""Demographic data / components / nationality"", ""educational level"", ""nationality""]",[],ABSENT_OR_PRUNED_OR_MATCH_FAILED,"[{""component"": ""filter"", ""query_field"": ""educational level"", ""matched_field"": null, ""match_type"": ""no_match"", ""score"": 0.0}, {""component"": ""filter"", ""query_field"": ""nationality"", ""matched_field"": null, ""match_type"": ""no_match"", ""score"": 0.0}, {""component"": ""output"", ""query_field"": ""educational level"", ""matched_field"": null, ""match_type"": ""no_match"", ""score"": 0.0}, {""component"": ""output"", ""query_field"": ""nationality"", ""matched_field"": null, ""match_type"": ""no_match"", ""score"": 0.0}]",aqf_topk_no_threshold
D10,W2_DEMOGRAPHIC_EXPERT,Medium,False,0.0,"[""Demographic data / components / race"", ""Demographic data / components / nationality"", ""race"", ""nationality""]",[],ABSENT_OR_PRUNED_OR_MATCH_FAILED,"[{""component"": ""filter"", ""query_field"": ""race"", ""matched_field"": null, ""match_type"": ""no_match"", ""score"": 0.0}, {""component"": ""filter"", ""query_field"": ""nationality"", ""matched_field"": null, ""match_type"": ""no_match"", ""score"": 0.0}, {""component"": ""output"", ""query_field"": ""race"", ""matched_field"": null, ""match_type"": ""no_match"", ""score"": 0.0}, {""component"": ""output"", ""query_field"": ""nationality"", ""matched_field"": null, ""match_type"": ""no_match"", ""score"": 0.0}]",aqf_topk_no_threshold
D11,W2_DEMOGRAPHIC_EXPERT,Hard,False,0.0,"[""Demographic data / components / race"", ""Demographic data / components / ethnic group"", ""Demographic data / components / nationality"", ""race"", ""ethnic group"", ""nationality""]",[],ABSENT_OR_PRUNED_OR_MATCH_FAILED,"[{""component"": ""filter"", ""query_field"": ""race"", ""matched_field"": null, ""match_type"": ""no_match"", ""score"": 0.0}, {""component"": ""filter"", ""query_field"": ""ethnic group"", ""matched_field"": null, ""match_type"": ""no_match"", ""score"": 0.0}, {""component"": ""filter"", ""query_field"": ""nationality"", ""matched_field"": null, ""match_type"": ""no_match"", ""score"": 0.0}, {""component"": ""output"", ""query_field"": ""race"", ""matched_field"": null, ""match_type"": ""no_match"", ""score"": 0.0}, {""component"": ""output"", ""query_field"": ""ethnic group"", ""matched_field"": null, ""match_type"": ""no_match"", ""score"": 0.0}, {""component"": ""output"", ""query_field"": ""nationality"", ""matched_field"": null, ""match_type"": ""no_match"", ""score"": 0.0}]",aqf_topk_no_threshold
D12,W2_DEMOGRAPHIC_EXPERT,Hard,False,0.0,"[""Demographic data / components / birth date"", ""Demographic data / components / gender"", ""Demographic data / components / nationality"", ""birth date"", ""gender"", ""nationality"", ""birth date""]",[],ABSENT_OR_PRUNED_OR_MATCH_FAILED,"[{""component"": ""filter"", ""query_field"": ""birth date"", ""matched_field"": null, ""match_type"": ""no_match"", ""score"": 0.0}, {""component"": ""filter"", ""query_field"": ""gender"", ""matched_field"": null, ""match_type"": ""no_match"", ""score"": 0.0}, {""component"": ""filter"", ""query_field"": ""nationality"", ""matched_field"": null, ""match_type"": ""no_match"", ""score"": 0.0}, {""component"": ""output"", ""query_field"": ""birth date"", ""matched_field"": null, ""match_type"": ""no_match"", ""score"": 0.0}, {""component"": ""output"", ""query_field"": ""gender"", ""matched_field"": null, ""match_type"": ""no_match"", ""score"": 0.0}, {""component"": ""output"", ""query_field"": ""nationality"", ""matched_field"": null, ""match_type"": ""no_match"", ""score"": 0.0}, {""component"": ""sort"", ""query_field"": ""birth date"", ""matched_field"": null, ""match_type"": ""no_match"", ""score"": 0.0}]",aqf_topk_no_threshold
Q1,W1_HCPA_EXPERT,Easy,False,0.0,"[""HCPA / General data / State"", ""State""]",[],ABSENT_OR_PRUNED_OR_MATCH_FAILED,"[{""component"": ""filter"", ""query_field"": ""State"", ""matched_field"": null, ""match_type"": ""no_match"", ""score"": 0.0}, {""component"": ""output"", ""query_field"": ""State"", ""matched_field"": null, ""match_type"": ""no_match"", ""score"": 0.0}]",frequency_only
Q2,W1_HCPA_EXPERT,Easy,False,0.0,"[""HCPA / General data / State"", ""State"", ""reason for encounter""]",[],ABSENT_OR_PRUNED_OR_MATCH_FAILED,"[{""component"": ""filter"", ""query_field"": ""State"", ""matched_field"": null, ""match_type"": ""no_match"", ""score"": 0.0}, {""component"": ""output"", ""query_field"": ""State"", ""matched_field"": null, ""match_type"": ""no_match"", ""score"": 0.0}, {""component"": ""output"", ""query_field"": ""reason for encounter"", ""matched_field"": null, ""match_type"": ""no_match"", ""score"": 0.0}]",frequency_only
Q3,W1_HCPA_EXPERT,Easy,False,0.0,"[""HCPA / General data / reason for encounter"", ""reason for encounter""]",[],ABSENT_OR_PRUNED_OR_MATCH_FAILED,"[{""component"": ""filter"", ""query_field"": ""reason for encounter"", ""matched_field"": null, ""match_type"": ""no_match"", ""score"": 0.0}, {""component"": ""output"", ""query_field"": ""reason for encounter"", ""matched_field"": null, ""match_type"": ""no_match"", ""score"": 0.0}]",frequency_only
Q4,W1_HCPA_EXPERT,Easy,False,0.0,"[""HCPA / General data / reason for encounter"", ""reason for encounter"", ""State"", ""patient age""]",[],ABSENT_OR_PRUNED_OR_MATCH_FAILED,"[{""component"": ""filter"", ""query_field"": ""reason for encounter"", ""matched_field"": null, ""match_type"": ""no_match"", ""score"": 0.0}, {""component"": ""output"", ""query_field"": ""reason for encounter"", ""matched_field"": null, ""match_type"": ""no_match"", ""score"": 0.0}, {""component"": ""output"", ""query_field"": ""State"", ""matched_field"": null, ""match_type"": ""no_match"", ""score"": 0.0}, {""component"": ""output"", ""query_field"": ""patient age"", ""matched_field"": null, ""match_type"": ""no_match"", ""score"": 0.0}]",frequency_only
Q5,W1_HCPA_EXPERT,Easy,False,0.0,"[""HCPA / General data / patient age"", ""patient age"", ""patient age""]",[],ABSENT_OR_PRUNED_OR_MATCH_FAILED,"[{""component"": ""filter"", ""query_field"": ""patient age"", ""matched_field"": null, ""match_type"": ""no_match"", ""score"": 0.0}, {""component"": ""output"", ""query_field"": ""patient age"", ""matched_field"": null, ""match_type"": ""no_match"", ""score"": 0.0}, {""component"": ""sort"", ""query_field"": ""patient age"", ""matched_field"": null, ""match_type"": ""no_match"", ""score"": 0.0}]",frequency_only
Q6,W1_HCPA_EXPERT,Easy,False,0.0,"[""HCPA / chemotherapy / schema"", ""schema""]",[],ABSENT_OR_PRUNED_OR_MATCH_FAILED,"[{""component"": ""filter"", ""query_field"": ""schema"", ""matched_field"": null, ""match_type"": ""no_match"", ""score"": 0.0}, {""component"": ""output"", ""query_field"": ""schema"", ""matched_field"": null, ""match_type"": ""no_match"", ""score"": 0.0}]",frequency_only
Q7,W1_HCPA_EXPERT,Easy,False,0.0,"[""Procedure undertaken / Procedure"", ""Procedure""]",[],ABSENT_OR_PRUNED_OR_MATCH_FAILED,"[{""component"": ""filter"", ""query_field"": ""Procedure"", ""matched_field"": null, ""match_type"": ""no_match"", ""score"": 0.0}, {""component"": ""output"", ""query_field"": ""Procedure"", ""matched_field"": null, ""match_type"": ""no_match"", ""score"": 0.0}]",frequency_only
Q8,W1_HCPA_EXPERT,Easy,False,0.0,"[""Problem/Diagnosis / Problem"", ""Problem""]",[],ABSENT_OR_PRUNED_OR_MATCH_FAILED,"[{""component"": ""filter"", ""query_field"": ""Problem"", ""matched_field"": null, ""match_type"": ""no_match"", ""score"": 0.0}, {""component"": ""output"", ""query_field"": ""Problem"", ""matched_field"": null, ""match_type"": ""no_match"", ""score"": 0.0}]",frequency_only
Q9,W1_HCPA_EXPERT,Easy,False,0.0,"[""Problem/Diagnosis / Clinical staging"", ""Clinical staging""]",[],ABSENT_OR_PRUNED_OR_MATCH_FAILED,"[{""component"": ""filter"", ""query_field"": ""Clinical staging"", ""matched_field"": null, ""match_type"": ""no_match"", ""score"": 0.0}, {""component"": ""output"", ""query_field"": ""Clinical staging"", ""matched_field"": null, ""match_type"": ""no_match"", ""score"": 0.0}]",frequency_only
Q10,W1_HCPA_EXPERT,Easy,False,0.0,"[""Problem/Diagnosis / invaded regional lymph nodes"", ""invaded regional lymph nodes""]",[],ABSENT_OR_PRUNED_OR_MATCH_FAILED,"[{""component"": ""filter"", ""query_field"": ""invaded regional lymph nodes"", ""matched_field"": null, ""match_type"": ""no_match"", ""score"": 0.0}, {""component"": ""output"", ""query_field"": ""invaded regional lymph nodes"", ""matched_field"": null, ""match_type"": ""no_match"", ""score"": 0.0}]",frequency_only
Q11,W1_HCPA_EXPERT,Medium,False,0.0,"[""HCPA / General data / State"", ""HCPA / General data / reason for encounter"", ""State"", ""reason for encounter""]",[],ABSENT_OR_PRUNED_OR_MATCH_FAILED,"[{""component"": ""filter"", ""query_field"": ""State"", ""matched_field"": null, ""match_type"": ""no_match"", ""score"": 0.0}, {""component"": ""filter"", ""query_field"": ""reason for encounter"", ""matched_field"": null, ""match_type"": ""no_match"", ""score"": 0.0}, {""component"": ""output"", ""query_field"": ""State"", ""matched_field"": null, ""match_type"": ""no_match"", ""score"": 0.0}, {""component"": ""output"", ""query_field"": ""reason for encounter"", ""matched_field"": null, ""match_type"": ""no_match"", ""score"": 0.0}]",frequency_only
Q12,W1_HCPA_EXPERT,Medium,False,0.0,"[""HCPA / General data / State"", ""HCPA / General data / reason for encounter"", ""State"", ""reason for encounter"", ""patient age""]",[],ABSENT_OR_PRUNED_OR_MATCH_FAILED,"[{""component"": ""filter"", ""query_field"": ""State"", ""matched_field"": null, ""match_type"": ""no_match"", ""score"": 0.0}, {""component"": ""filter"", ""query_field"": ""reason for encounter"", ""matched_field"": null, ""match_type"": ""no_match"", ""score"": 0.0}, {""component"": ""output"", ""query_field"": ""State"", ""matched_field"": null, ""match_type"": ""no_match"", ""score"": 0.0}, {""component"": ""output"", ""query_field"": ""reason for encounter"", ""matched_field"": null, ""match_type"": ""no_match"", ""score"": 0.0}, {""component"": ""output"", ""query_field"": ""patient age"", ""matched_field"": null, ""match_type"": ""no_match"", ""score"": 0.0}]",frequency_only
Q13,W1_HCPA_EXPERT,Medium,False,0.0,"[""HCPA / General data / patient age"", ""HCPA / General data / State"", ""patient age"", ""State"", ""patient age""]",[],ABSENT_OR_PRUNED_OR_MATCH_FAILED,"[{""component"": ""filter"", ""query_field"": ""patient age"", ""matched_field"": null, ""match_type"": ""no_match"", ""score"": 0.0}, {""component"": ""filter"", ""query_field"": ""State"", ""matched_field"": null, ""match_type"": ""no_match"", ""score"": 0.0}, {""component"": ""output"", ""query_field"": ""patient age"", ""matched_field"": null, ""match_type"": ""no_match"", ""score"": 0.0}, {""component"": ""output"", ""query_field"": ""State"", ""matched_field"": null, ""match_type"": ""no_match"", ""score"": 0.0}, {""component"": ""sort"", ""query_field"": ""patient age"", ""matched_field"": null, ""match_type"": ""no_match"", ""score"": 0.0}]",frequency_only
Q14,W1_HCPA_EXPERT,Medium,False,0.0,"[""HCPA / chemotherapy / schema"", ""HCPA / chemotherapy / duration of treatment"", ""schema"", ""duration of treatment"", ""duration of treatment""]",[],ABSENT_OR_PRUNED_OR_MATCH_FAILED,"[{""component"": ""filter"", ""query_field"": ""schema"", ""matched_field"": null, ""match_type"": ""no_match"", ""score"": 0.0}, {""component"": ""filter"", ""query_field"": ""duration of treatment"", ""matched_field"": null, ""match_type"": ""no_match"", ""score"": 0.0}, {""component"": ""output"", ""query_field"": ""schema"", ""matched_field"": null, ""match_type"": ""no_match"", ""score"": 0.0}, {""component"": ""output"", ""query_field"": ""duration of treatment"", ""matched_field"": null, ""match_type"": ""no_match"", ""score"": 0.0}, {""component"": ""sort"", ""query_field"": ""duration of treatment"", ""matched_field"": null, ""match_type"": ""no_match"", ""score"": 0.0}]",frequency_only
Q15,W1_HCPA_EXPERT,Medium,False,0.0,"[""Problem/Diagnosis / Problem"", ""Problem/Diagnosis / Clinical staging"", ""Problem"", ""Clinical staging""]",[],ABSENT_OR_PRUNED_OR_MATCH_FAILED,"[{""component"": ""filter"", ""query_field"": ""Problem"", ""matched_field"": null, ""match_type"": ""no_match"", ""score"": 0.0}, {""component"": ""filter"", ""query_field"": ""Clinical staging"", ""matched_field"": null, ""match_type"": ""no_match"", ""score"": 0.0}, {""component"": ""output"", ""query_field"": ""Problem"", ""matched_field"": null, ""match_type"": ""no_match"", ""score"": 0.0}, {""component"": ""output"", ""query_field"": ""Clinical staging"", ""matched_field"": null, ""match_type"": ""no_match"", ""score"": 0.0}]",frequency_only
Q16,W1_HCPA_EXPERT,Medium,False,0.0,"[""Problem/Diagnosis / Problem"", ""Procedure undertaken / Procedure"", ""Problem"", ""Procedure""]",[],ABSENT_OR_PRUNED_OR_MATCH_FAILED,"[{""component"": ""filter"", ""query_field"": ""Problem"", ""matched_field"": null, ""match_type"": ""no_match"", ""score"": 0.0}, {""component"": ""filter"", ""query_field"": ""Procedure"", ""matched_field"": null, ""match_type"": ""no_match"", ""score"": 0.0}, {""component"": ""output"", ""query_field"": ""Problem"", ""matched_field"": null, ""match_type"": ""no_match"", ""score"": 0.0}, {""component"": ""output"", ""query_field"": ""Procedure"", ""matched_field"": null, ""match_type"": ""no_match"", ""score"": 0.0}]",frequency_only
Q17,W1_HCPA_EXPERT,Medium,False,0.0,"[""Discharge / reason for discharge"", ""HCPA / General data / State"", ""reason for discharge"", ""State""]",[],ABSENT_OR_PRUNED_OR_MATCH_FAILED,"[{""component"": ""filter"", ""query_field"": ""reason for discharge"", ""matched_field"": null, ""match_type"": ""no_match"", ""score"": 0.0}, {""component"": ""filter"", ""query_field"": ""State"", ""matched_field"": null, ""match_type"": ""no_match"", ""score"": 0.0}, {""component"": ""output"", ""query_field"": ""reason for discharge"", ""matched_field"": null, ""match_type"": ""no_match"", ""score"": 0.0}, {""component"": ""output"", ""query_field"": ""State"", ""matched_field"": null, ""match_type"": ""no_match"", ""score"": 0.0}]",frequency_only
Q18,W1_HCPA_EXPERT,Medium,False,0.0,"[""Problem/Diagnosis / histopathological grading"", ""Problem/Diagnosis / Problem"", ""histopathological grading"", ""Problem""]",[],ABSENT_OR_PRUNED_OR_MATCH_FAILED,"[{""component"": ""filter"", ""query_field"": ""histopathological grading"", ""matched_field"": null, ""match_type"": ""no_match"", ""score"": 0.0}, {""component"": ""filter"", ""query_field"": ""Problem"", ""matched_field"": null, ""match_type"": ""no_match"", ""score"": 0.0}, {""component"": ""output"", ""query_field"": ""histopathological grading"", ""matched_field"": null, ""match_type"": ""no_match"", ""score"": 0.0}, {""component"": ""output"", ""query_field"": ""Problem"", ""matched_field"": null, ""match_type"": ""no_match"", ""score"": 0.0}]",frequency_only
Q19,W1_HCPA_EXPERT,Medium,False,0.0,"[""Problem/Diagnosis / tumour topography"", ""Problem/Diagnosis / invaded regional lymph nodes"", ""tumour topography"", ""invaded regional lymph nodes""]",[],ABSENT_OR_PRUNED_OR_MATCH_FAILED,"[{""component"": ""filter"", ""query_field"": ""tumour topography"", ""matched_field"": null, ""match_type"": ""no_match"", ""score"": 0.0}, {""component"": ""filter"", ""query_field"": ""invaded regional lymph nodes"", ""matched_field"": null, ""match_type"": ""no_match"", ""score"": 0.0}, {""component"": ""output"", ""query_field"": ""tumour topography"", ""matched_field"": null, ""match_type"": ""no_match"", ""score"": 0.0}, {""component"": ""output"", ""query_field"": ""invaded regional lymph nodes"", ""matched_field"": null, ""match_type"": ""no_match"", ""score"": 0.0}]",frequency_only
Q20,W1_HCPA_EXPERT,Medium,False,0.0,"[""HCPA / General data / reason for encounter"", ""HCPA / Radiotherapy / date of beginning of radiotherapy"", ""reason for encounter"", ""date of beginning of radiotherapy"", ""date of beginning of radiotherapy""]",[],ABSENT_OR_PRUNED_OR_MATCH_FAILED,"[{""component"": ""filter"", ""query_field"": ""reason for encounter"", ""matched_field"": null, ""match_type"": ""no_match"", ""score"": 0.0}, {""component"": ""filter"", ""query_field"": ""date of beginning of radiotherapy"", ""matched_field"": null, ""match_type"": ""no_match"", ""score"": 0.0}, {""component"": ""output"", ""query_field"": ""reason for encounter"", ""matched_field"": null, ""match_type"": ""no_match"", ""score"": 0.0}, {""component"": ""output"", ""query_field"": ""date of beginning of radiotherapy"", ""matched_field"": null, ""match_type"": ""no_match"", ""score"": 0.0}, {""component"": ""sort"", ""query_field"": ""date of beginning of radiotherapy"", ""matched_field"": null, ""match_type"": ""no_match"", ""score"": 0.0}]",frequency_only
Q21,W1_HCPA_EXPERT,Hard,False,0.0,"[""Nephrology / indicator of transplantation"", ""Nephrology / number of transplantations"", ""indicator of transplantation"", ""number of transplantations""]",[],ABSENT_OR_PRUNED_OR_MATCH_FAILED,"[{""component"": ""filter"", ""query_field"": ""indicator of transplantation"", ""matched_field"": null, ""match_type"": ""no_match"", ""score"": 0.0}, {""component"": ""filter"", ""query_field"": ""number of transplantations"", ""matched_field"": null, ""match_type"": ""no_match"", ""score"": 0.0}, {""component"": ""output"", ""query_field"": ""indicator of transplantation"", ""matched_field"": null, ""match_type"": ""no_match"", ""score"": 0.0}, {""component"": ""output"", ""query_field"": ""number of transplantations"", ""matched_field"": null, ""match_type"": ""no_match"", ""score"": 0.0}]",frequency_only
Q22,W1_HCPA_EXPERT,Hard,False,0.0,"[""Dialysis / date of first dialysis"", ""Imaging / abdominal ultrasonography"", ""date of first dialysis"", ""abdominal ultrasonography"", ""date of first dialysis""]",[],ABSENT_OR_PRUNED_OR_MATCH_FAILED,"[{""component"": ""filter"", ""query_field"": ""date of first dialysis"", ""matched_field"": null, ""match_type"": ""no_match"", ""score"": 0.0}, {""component"": ""filter"", ""query_field"": ""abdominal ultrasonography"", ""matched_field"": null, ""match_type"": ""no_match"", ""score"": 0.0}, {""component"": ""output"", ""query_field"": ""date of first dialysis"", ""matched_field"": null, ""match_type"": ""no_match"", ""score"": 0.0}, {""component"": ""output"", ""query_field"": ""abdominal ultrasonography"", ""matched_field"": null, ""match_type"": ""no_match"", ""score"": 0.0}, {""component"": ""sort"", ""query_field"": ""date of first dialysis"", ""matched_field"": null, ""match_type"": ""no_match"", ""score"": 0.0}]",frequency_only
Q23,W1_HCPA_EXPERT,Hard,False,0.0,"[""Follow-up / duration of follow-up months"", ""Bariatrics / body mass index"", ""duration of follow-up months"", ""body mass index"", ""duration of follow-up months""]",[],ABSENT_OR_PRUNED_OR_MATCH_FAILED,"[{""component"": ""filter"", ""query_field"": ""duration of follow-up months"", ""matched_field"": null, ""match_type"": ""no_match"", ""score"": 0.0}, {""component"": ""filter"", ""query_field"": ""body mass index"", ""matched_field"": null, ""match_type"": ""no_match"", ""score"": 0.0}, {""component"": ""output"", ""query_field"": ""duration of follow-up months"", ""matched_field"": null, ""match_type"": ""no_match"", ""score"": 0.0}, {""component"": ""output"", ""query_field"": ""body mass index"", ""matched_field"": null, ""match_type"": ""no_match"", ""score"": 0.0}, {""component"": ""sort"", ""query_field"": ""duration of follow-up months"", ""matched_field"": null, ""match_type"": ""no_match"", ""score"": 0.0}]",frequency_only
Q24,W1_HCPA_EXPERT,Hard,False,0.0,"[""HCPA / General data / State"", ""HCPA / General data / reason for encounter"", ""HCPA / General data / patient age"", ""State"", ""reason for encounter"", ""patient age"", ""patient age""]",[],ABSENT_OR_PRUNED_OR_MATCH_FAILED,"[{""component"": ""filter"", ""query_field"": ""State"", ""matched_field"": null, ""match_type"": ""no_match"", ""score"": 0.0}, {""component"": ""filter"", ""query_field"": ""reason for encounter"", ""matched_field"": null, ""match_type"": ""no_match"", ""score"": 0.0}, {""component"": ""filter"", ""query_field"": ""patient age"", ""matched_field"": null, ""match_type"": ""no_match"", ""score"": 0.0}, {""component"": ""output"", ""query_field"": ""State"", ""matched_field"": null, ""match_type"": ""no_match"", ""score"": 0.0}, {""component"": ""output"", ""query_field"": ""reason for encounter"", ""matched_field"": null, ""match_type"": ""no_match"", ""score"": 0.0}, {""component"": ""output"", ""query_field"": ""patient age"", ""matched_field"": null, ""match_type"": ""no_match"", ""score"": 0.0}, {""component"": ""sort"", ""query_field"": ""patient age"", ""matched_field"": null, ""match_type"": ""no_match"", ""score"": 0.0}]",frequency_only
Q25,W1_HCPA_EXPERT,Hard,False,0.0,"[""HCPA / General data / State"", ""HCPA / General data / reason for encounter"", ""Problem/Diagnosis / Problem"", ""State"", ""reason for encounter"", ""Problem""]",[],ABSENT_OR_PRUNED_OR_MATCH_FAILED,"[{""component"": ""filter"", ""query_field"": ""State"", ""matched_field"": null, ""match_type"": ""no_match"", ""score"": 0.0}, {""component"": ""filter"", ""query_field"": ""reason for encounter"", ""matched_field"": null, ""match_type"": ""no_match"", ""score"": 0.0}, {""component"": ""filter"", ""query_field"": ""Problem"", ""matched_field"": null, ""match_type"": ""no_match"", ""score"": 0.0}, {""component"": ""output"", ""query_field"": ""State"", ""matched_field"": null, ""match_type"": ""no_match"", ""score"": 0.0}, {""component"": ""output"", ""query_field"": ""reason for encounter"", ""matched_field"": null, ""match_type"": ""no_match"", ""score"": 0.0}, {""component"": ""output"", ""query_field"": ""Problem"", ""matched_field"": null, ""match_type"": ""no_match"", ""score"": 0.0}]",frequency_only
Q26,W1_HCPA_EXPERT,Hard,False,0.0,"[""Problem/Diagnosis / Problem"", ""Problem/Diagnosis / Clinical staging"", ""Problem/Diagnosis / invaded regional lymph nodes"", ""Problem"", ""Clinical staging"", ""invaded regional lymph nodes""]",[],ABSENT_OR_PRUNED_OR_MATCH_FAILED,"[{""component"": ""filter"", ""query_field"": ""Problem"", ""matched_field"": null, ""match_type"": ""no_match"", ""score"": 0.0}, {""component"": ""filter"", ""query_field"": ""Clinical staging"", ""matched_field"": null, ""match_type"": ""no_match"", ""score"": 0.0}, {""component"": ""filter"", ""query_field"": ""invaded regional lymph nodes"", ""matched_field"": null, ""match_type"": ""no_match"", ""score"": 0.0}, {""component"": ""output"", ""query_field"": ""Problem"", ""matched_field"": null, ""match_type"": ""no_match"", ""score"": 0.0}, {""component"": ""output"", ""query_field"": ""Clinical staging"", ""matched_field"": null, ""match_type"": ""no_match"", ""score"": 0.0}, {""component"": ""output"", ""query_field"": ""invaded regional lymph nodes"", ""matched_field"": null, ""match_type"": ""no_match"", ""score"": 0.0}]",frequency_only
Q27,W1_HCPA_EXPERT,Hard,False,0.0,"[""HCPA / chemotherapy / schema"", ""HCPA / chemotherapy / duration of treatment"", ""HCPA / chemotherapy / date of beginning of chemotherapy"", ""schema"", ""duration of treatment"", ""date of beginning of chemotherapy"", ""date of beginning of chemotherapy""]",[],ABSENT_OR_PRUNED_OR_MATCH_FAILED,"[{""component"": ""filter"", ""query_field"": ""schema"", ""matched_field"": null, ""match_type"": ""no_match"", ""score"": 0.0}, {""component"": ""filter"", ""query_field"": ""duration of treatment"", ""matched_field"": null, ""match_type"": ""no_match"", ""score"": 0.0}, {""component"": ""filter"", ""query_field"": ""date of beginning of chemotherapy"", ""matched_field"": null, ""match_type"": ""no_match"", ""score"": 0.0}, {""component"": ""output"", ""query_field"": ""schema"", ""matched_field"": null, ""match_type"": ""no_match"", ""score"": 0.0}, {""component"": ""output"", ""query_field"": ""duration of treatment"", ""matched_field"": null, ""match_type"": ""no_match"", ""score"": 0.0}, {""component"": ""output"", ""query_field"": ""date of beginning of chemotherapy"", ""matched_field"": null, ""match_type"": ""no_match"", ""score"": 0.0}, {""component"": ""sort"", ""query_field"": ""date of beginning of chemotherapy"", ""matched_field"": null, ""match_type"": ""no_match"", ""score"": 0.0}]",frequency_only
Q28,W1_HCPA_EXPERT,Hard,False,0.0,"[""Procedure undertaken / Procedure"", ""Radiotherapy / irradiated area 1"", ""Procedure"", ""irradiated area 1""]",[],ABSENT_OR_PRUNED_OR_MATCH_FAILED,"[{""component"": ""filter"", ""query_field"": ""Procedure"", ""matched_field"": null, ""match_type"": ""no_match"", ""score"": 0.0}, {""component"": ""filter"", ""query_field"": ""irradiated area 1"", ""matched_field"": null, ""match_type"": ""no_match"", ""score"": 0.0}, {""component"": ""output"", ""query_field"": ""Procedure"", ""matched_field"": null, ""match_type"": ""no_match"", ""score"": 0.0}, {""component"": ""output"", ""query_field"": ""irradiated area 1"", ""matched_field"": null, ""match_type"": ""no_match"", ""score"": 0.0}]",frequency_only
Q29,W1_HCPA_EXPERT,Hard,False,0.0,"[""Discharge / date of discharge"", ""Discharge / reason for discharge"", ""date of discharge"", ""reason for discharge""]",[],ABSENT_OR_PRUNED_OR_MATCH_FAILED,"[{""component"": ""filter"", ""query_field"": ""date of discharge"", ""matched_field"": null, ""match_type"": ""no_match"", ""score"": 0.0}, {""component"": ""filter"", ""query_field"": ""reason for discharge"", ""matched_field"": null, ""match_type"": ""no_match"", ""score"": 0.0}, {""component"": ""output"", ""query_field"": ""date of discharge"", ""matched_field"": null, ""match_type"": ""no_match"", ""score"": 0.0}, {""component"": ""output"", ""query_field"": ""reason for discharge"", ""matched_field"": null, ""match_type"": ""no_match"", ""score"": 0.0}]",frequency_only
Q30,W1_HCPA_EXPERT,Hard,False,0.0,"[""Problem/Diagnosis / tumour topography"", ""Problem/Diagnosis / histopathological grading"", ""Problem/Diagnosis / date of pathological identification"", ""tumour topography"", ""histopathological grading"", ""date of pathological identification"", ""date of pathological identification""]",[],ABSENT_OR_PRUNED_OR_MATCH_FAILED,"[{""component"": ""filter"", ""query_field"": ""tumour topography"", ""matched_field"": null, ""match_type"": ""no_match"", ""score"": 0.0}, {""component"": ""filter"", ""query_field"": ""histopathological grading"", ""matched_field"": null, ""match_type"": ""no_match"", ""score"": 0.0}, {""component"": ""filter"", ""query_field"": ""date of pathological identification"", ""matched_field"": null, ""match_type"": ""no_match"", ""score"": 0.0}, {""component"": ""output"", ""query_field"": ""tumour topography"", ""matched_field"": null, ""match_type"": ""no_match"", ""score"": 0.0}, {""component"": ""output"", ""query_field"": ""histopathological grading"", ""matched_field"": null, ""match_type"": ""no_match"", ""score"": 0.0}, {""component"": ""output"", ""query_field"": ""date of pathological identification"", ""matched_field"": null, ""match_type"": ""no_match"", ""score"": 0.0}, {""component"": ""sort"", ""query_field"": ""date of pathological identification"", ""matched_field"": null, ""match_type"": ""no_match"", ""score"": 0.0}]",frequency_only
D1,W2_DEMOGRAPHIC_EXPERT,Easy,False,0.0,"[""Demographic data / components / gender"", ""gender""]",[],ABSENT_OR_PRUNED_OR_MATCH_FAILED,"[{""component"": ""filter"", ""query_field"": ""gender"", ""matched_field"": null, ""match_type"": ""no_match"", ""score"": 0.0}, {""component"": ""output"", ""query_field"": ""gender"", ""matched_field"": null, ""match_type"": ""no_match"", ""score"": 0.0}]",frequency_only
D2,W2_DEMOGRAPHIC_EXPERT,Easy,False,0.0,"[""Demographic data / components / gender"", ""gender"", ""birth date""]",[],ABSENT_OR_PRUNED_OR_MATCH_FAILED,"[{""component"": ""filter"", ""query_field"": ""gender"", ""matched_field"": null, ""match_type"": ""no_match"", ""score"": 0.0}, {""component"": ""output"", ""query_field"": ""gender"", ""matched_field"": null, ""match_type"": ""no_match"", ""score"": 0.0}, {""component"": ""output"", ""query_field"": ""birth date"", ""matched_field"": null, ""match_type"": ""no_match"", ""score"": 0.0}]",frequency_only
D3,W2_DEMOGRAPHIC_EXPERT,Easy,False,0.0,"[""Demographic data / components / nationality"", ""nationality""]",[],ABSENT_OR_PRUNED_OR_MATCH_FAILED,"[{""component"": ""filter"", ""query_field"": ""nationality"", ""matched_field"": null, ""match_type"": ""no_match"", ""score"": 0.0}, {""component"": ""output"", ""query_field"": ""nationality"", ""matched_field"": null, ""match_type"": ""no_match"", ""score"": 0.0}]",frequency_only
D4,W2_DEMOGRAPHIC_EXPERT,Easy,False,0.0,"[""Demographic data / components / race"", ""race""]",[],ABSENT_OR_PRUNED_OR_MATCH_FAILED,"[{""component"": ""filter"", ""query_field"": ""race"", ""matched_field"": null, ""match_type"": ""no_match"", ""score"": 0.0}, {""component"": ""output"", ""query_field"": ""race"", ""matched_field"": null, ""match_type"": ""no_match"", ""score"": 0.0}]",frequency_only
D5,W2_DEMOGRAPHIC_EXPERT,Easy,False,0.0,"[""Demographic data / components / ethnic group"", ""ethnic group""]",[],ABSENT_OR_PRUNED_OR_MATCH_FAILED,"[{""component"": ""filter"", ""query_field"": ""ethnic group"", ""matched_field"": null, ""match_type"": ""no_match"", ""score"": 0.0}, {""component"": ""output"", ""query_field"": ""ethnic group"", ""matched_field"": null, ""match_type"": ""no_match"", ""score"": 0.0}]",frequency_only
D6,W2_DEMOGRAPHIC_EXPERT,Easy,False,0.0,"[""Demographic data / components / birth date"", ""birth date""]",[],ABSENT_OR_PRUNED_OR_MATCH_FAILED,"[{""component"": ""filter"", ""query_field"": ""birth date"", ""matched_field"": null, ""match_type"": ""no_match"", ""score"": 0.0}, {""component"": ""output"", ""query_field"": ""birth date"", ""matched_field"": null, ""match_type"": ""no_match"", ""score"": 0.0}]",frequency_only
D7,W2_DEMOGRAPHIC_EXPERT,Medium,False,0.0,"[""Demographic data / components / gender"", ""Demographic data / components / nationality"", ""gender"", ""nationality""]",[],ABSENT_OR_PRUNED_OR_MATCH_FAILED,"[{""component"": ""filter"", ""query_field"": ""gender"", ""matched_field"": null, ""match_type"": ""no_match"", ""score"": 0.0}, {""component"": ""filter"", ""query_field"": ""nationality"", ""matched_field"": null, ""match_type"": ""no_match"", ""score"": 0.0}, {""component"": ""output"", ""query_field"": ""gender"", ""matched_field"": null, ""match_type"": ""no_match"", ""score"": 0.0}, {""component"": ""output"", ""query_field"": ""nationality"", ""matched_field"": null, ""match_type"": ""no_match"", ""score"": 0.0}]",frequency_only
D8,W2_DEMOGRAPHIC_EXPERT,Medium,False,0.0,"[""Demographic data / components / birth date"", ""Demographic data / components / gender"", ""birth date"", ""gender"", ""birth date""]",[],ABSENT_OR_PRUNED_OR_MATCH_FAILED,"[{""component"": ""filter"", ""query_field"": ""birth date"", ""matched_field"": null, ""match_type"": ""no_match"", ""score"": 0.0}, {""component"": ""filter"", ""query_field"": ""gender"", ""matched_field"": null, ""match_type"": ""no_match"", ""score"": 0.0}, {""component"": ""output"", ""query_field"": ""birth date"", ""matched_field"": null, ""match_type"": ""no_match"", ""score"": 0.0}, {""component"": ""output"", ""query_field"": ""gender"", ""matched_field"": null, ""match_type"": ""no_match"", ""score"": 0.0}, {""component"": ""sort"", ""query_field"": ""birth date"", ""matched_field"": null, ""match_type"": ""no_match"", ""score"": 0.0}]",frequency_only
D9,W2_DEMOGRAPHIC_EXPERT,Medium,False,0.0,"[""Demographic data / components / educational level"", ""Demographic data / components / nationality"", ""educational level"", ""nationality""]",[],ABSENT_OR_PRUNED_OR_MATCH_FAILED,"[{""component"": ""filter"", ""query_field"": ""educational level"", ""matched_field"": null, ""match_type"": ""no_match"", ""score"": 0.0}, {""component"": ""filter"", ""query_field"": ""nationality"", ""matched_field"": null, ""match_type"": ""no_match"", ""score"": 0.0}, {""component"": ""output"", ""query_field"": ""educational level"", ""matched_field"": null, ""match_type"": ""no_match"", ""score"": 0.0}, {""component"": ""output"", ""query_field"": ""nationality"", ""matched_field"": null, ""match_type"": ""no_match"", ""score"": 0.0}]",frequency_only
D10,W2_DEMOGRAPHIC_EXPERT,Medium,False,0.0,"[""Demographic data / components / race"", ""Demographic data / components / nationality"", ""race"", ""nationality""]",[],ABSENT_OR_PRUNED_OR_MATCH_FAILED,"[{""component"": ""filter"", ""query_field"": ""race"", ""matched_field"": null, ""match_type"": ""no_match"", ""score"": 0.0}, {""component"": ""filter"", ""query_field"": ""nationality"", ""matched_field"": null, ""match_type"": ""no_match"", ""score"": 0.0}, {""component"": ""output"", ""query_field"": ""race"", ""matched_field"": null, ""match_type"": ""no_match"", ""score"": 0.0}, {""component"": ""output"", ""query_field"": ""nationality"", ""matched_field"": null, ""match_type"": ""no_match"", ""score"": 0.0}]",frequency_only
D11,W2_DEMOGRAPHIC_EXPERT,Hard,False,0.0,"[""Demographic data / components / race"", ""Demographic data / components / ethnic group"", ""Demographic data / components / nationality"", ""race"", ""ethnic group"", ""nationality""]",[],ABSENT_OR_PRUNED_OR_MATCH_FAILED,"[{""component"": ""filter"", ""query_field"": ""race"", ""matched_field"": null, ""match_type"": ""no_match"", ""score"": 0.0}, {""component"": ""filter"", ""query_field"": ""ethnic group"", ""matched_field"": null, ""match_type"": ""no_match"", ""score"": 0.0}, {""component"": ""filter"", ""query_field"": ""nationality"", ""matched_field"": null, ""match_type"": ""no_match"", ""score"": 0.0}, {""component"": ""output"", ""query_field"": ""race"", ""matched_field"": null, ""match_type"": ""no_match"", ""score"": 0.0}, {""component"": ""output"", ""query_field"": ""ethnic group"", ""matched_field"": null, ""match_type"": ""no_match"", ""score"": 0.0}, {""component"": ""output"", ""query_field"": ""nationality"", ""matched_field"": null, ""match_type"": ""no_match"", ""score"": 0.0}]",frequency_only
D12,W2_DEMOGRAPHIC_EXPERT,Hard,False,0.0,"[""Demographic data / components / birth date"", ""Demographic data / components / gender"", ""Demographic data / components / nationality"", ""birth date"", ""gender"", ""nationality"", ""birth date""]",[],ABSENT_OR_PRUNED_OR_MATCH_FAILED,"[{""component"": ""filter"", ""query_field"": ""birth date"", ""matched_field"": null, ""match_type"": ""no_match"", ""score"": 0.0}, {""component"": ""filter"", ""query_field"": ""gender"", ""matched_field"": null, ""match_type"": ""no_match"", ""score"": 0.0}, {""component"": ""filter"", ""query_field"": ""nationality"", ""matched_field"": null, ""match_type"": ""no_match"", ""score"": 0.0}, {""component"": ""output"", ""query_field"": ""birth date"", ""matched_field"": null, ""match_type"": ""no_match"", ""score"": 0.0}, {""component"": ""output"", ""query_field"": ""gender"", ""matched_field"": null, ""match_type"": ""no_match"", ""score"": 0.0}, {""component"": ""output"", ""query_field"": ""nationality"", ""matched_field"": null, ""match_type"": ""no_match"", ""score"": 0.0}, {""component"": ""sort"", ""query_field"": ""birth date"", ""matched_field"": null, ""match_type"": ""no_match"", ""score"": 0.0}]",frequency_only
Q1,W1_HCPA_EXPERT,Easy,False,0.0,"[""HCPA / General data / State"", ""State""]",[],ABSENT_OR_PRUNED_OR_MATCH_FAILED,"[{""component"": ""filter"", ""query_field"": ""State"", ""matched_field"": null, ""match_type"": ""no_match"", ""score"": 0.0}, {""component"": ""output"", ""query_field"": ""State"", ""matched_field"": null, ""match_type"": ""no_match"", ""score"": 0.0}]",flattened_topk
Q2,W1_HCPA_EXPERT,Easy,False,0.0,"[""HCPA / General data / State"", ""State"", ""reason for encounter""]",[],ABSENT_OR_PRUNED_OR_MATCH_FAILED,"[{""component"": ""filter"", ""query_field"": ""State"", ""matched_field"": null, ""match_type"": ""no_match"", ""score"": 0.0}, {""component"": ""output"", ""query_field"": ""State"", ""matched_field"": null, ""match_type"": ""no_match"", ""score"": 0.0}, {""component"": ""output"", ""query_field"": ""reason for encounter"", ""matched_field"": null, ""match_type"": ""no_match"", ""score"": 0.0}]",flattened_topk
Q3,W1_HCPA_EXPERT,Easy,False,0.0,"[""HCPA / General data / reason for encounter"", ""reason for encounter""]",[],ABSENT_OR_PRUNED_OR_MATCH_FAILED,"[{""component"": ""filter"", ""query_field"": ""reason for encounter"", ""matched_field"": null, ""match_type"": ""no_match"", ""score"": 0.0}, {""component"": ""output"", ""query_field"": ""reason for encounter"", ""matched_field"": null, ""match_type"": ""no_match"", ""score"": 0.0}]",flattened_topk
Q4,W1_HCPA_EXPERT,Easy,False,0.0,"[""HCPA / General data / reason for encounter"", ""reason for encounter"", ""State"", ""patient age""]",[],ABSENT_OR_PRUNED_OR_MATCH_FAILED,"[{""component"": ""filter"", ""query_field"": ""reason for encounter"", ""matched_field"": null, ""match_type"": ""no_match"", ""score"": 0.0}, {""component"": ""output"", ""query_field"": ""reason for encounter"", ""matched_field"": null, ""match_type"": ""no_match"", ""score"": 0.0}, {""component"": ""output"", ""query_field"": ""State"", ""matched_field"": null, ""match_type"": ""no_match"", ""score"": 0.0}, {""component"": ""output"", ""query_field"": ""patient age"", ""matched_field"": null, ""match_type"": ""no_match"", ""score"": 0.0}]",flattened_topk
Q5,W1_HCPA_EXPERT,Easy,False,0.0,"[""HCPA / General data / patient age"", ""patient age"", ""patient age""]",[],ABSENT_OR_PRUNED_OR_MATCH_FAILED,"[{""component"": ""filter"", ""query_field"": ""patient age"", ""matched_field"": null, ""match_type"": ""no_match"", ""score"": 0.0}, {""component"": ""output"", ""query_field"": ""patient age"", ""matched_field"": null, ""match_type"": ""no_match"", ""score"": 0.0}, {""component"": ""sort"", ""query_field"": ""patient age"", ""matched_field"": null, ""match_type"": ""no_match"", ""score"": 0.0}]",flattened_topk
Q6,W1_HCPA_EXPERT,Easy,False,0.0,"[""HCPA / chemotherapy / schema"", ""schema""]",[],ABSENT_OR_PRUNED_OR_MATCH_FAILED,"[{""component"": ""filter"", ""query_field"": ""schema"", ""matched_field"": null, ""match_type"": ""no_match"", ""score"": 0.0}, {""component"": ""output"", ""query_field"": ""schema"", ""matched_field"": null, ""match_type"": ""no_match"", ""score"": 0.0}]",flattened_topk
Q7,W1_HCPA_EXPERT,Easy,False,0.0,"[""Procedure undertaken / Procedure"", ""Procedure""]",[],ABSENT_OR_PRUNED_OR_MATCH_FAILED,"[{""component"": ""filter"", ""query_field"": ""Procedure"", ""matched_field"": null, ""match_type"": ""no_match"", ""score"": 0.0}, {""component"": ""output"", ""query_field"": ""Procedure"", ""matched_field"": null, ""match_type"": ""no_match"", ""score"": 0.0}]",flattened_topk
Q8,W1_HCPA_EXPERT,Easy,False,0.0,"[""Problem/Diagnosis / Problem"", ""Problem""]",[],ABSENT_OR_PRUNED_OR_MATCH_FAILED,"[{""component"": ""filter"", ""query_field"": ""Problem"", ""matched_field"": null, ""match_type"": ""no_match"", ""score"": 0.0}, {""component"": ""output"", ""query_field"": ""Problem"", ""matched_field"": null, ""match_type"": ""no_match"", ""score"": 0.0}]",flattened_topk
Q9,W1_HCPA_EXPERT,Easy,False,0.0,"[""Problem/Diagnosis / Clinical staging"", ""Clinical staging""]",[],ABSENT_OR_PRUNED_OR_MATCH_FAILED,"[{""component"": ""filter"", ""query_field"": ""Clinical staging"", ""matched_field"": null, ""match_type"": ""no_match"", ""score"": 0.0}, {""component"": ""output"", ""query_field"": ""Clinical staging"", ""matched_field"": null, ""match_type"": ""no_match"", ""score"": 0.0}]",flattened_topk
Q10,W1_HCPA_EXPERT,Easy,False,0.0,"[""Problem/Diagnosis / invaded regional lymph nodes"", ""invaded regional lymph nodes""]",[],ABSENT_OR_PRUNED_OR_MATCH_FAILED,"[{""component"": ""filter"", ""query_field"": ""invaded regional lymph nodes"", ""matched_field"": null, ""match_type"": ""no_match"", ""score"": 0.0}, {""component"": ""output"", ""query_field"": ""invaded regional lymph nodes"", ""matched_field"": null, ""match_type"": ""no_match"", ""score"": 0.0}]",flattened_topk
Q11,W1_HCPA_EXPERT,Medium,False,0.0,"[""HCPA / General data / State"", ""HCPA / General data / reason for encounter"", ""State"", ""reason for encounter""]",[],ABSENT_OR_PRUNED_OR_MATCH_FAILED,"[{""component"": ""filter"", ""query_field"": ""State"", ""matched_field"": null, ""match_type"": ""no_match"", ""score"": 0.0}, {""component"": ""filter"", ""query_field"": ""reason for encounter"", ""matched_field"": null, ""match_type"": ""no_match"", ""score"": 0.0}, {""component"": ""output"", ""query_field"": ""State"", ""matched_field"": null, ""match_type"": ""no_match"", ""score"": 0.0}, {""component"": ""output"", ""query_field"": ""reason for encounter"", ""matched_field"": null, ""match_type"": ""no_match"", ""score"": 0.0}]",flattened_topk
Q12,W1_HCPA_EXPERT,Medium,False,0.0,"[""HCPA / General data / State"", ""HCPA / General data / reason for encounter"", ""State"", ""reason for encounter"", ""patient age""]",[],ABSENT_OR_PRUNED_OR_MATCH_FAILED,"[{""component"": ""filter"", ""query_field"": ""State"", ""matched_field"": null, ""match_type"": ""no_match"", ""score"": 0.0}, {""component"": ""filter"", ""query_field"": ""reason for encounter"", ""matched_field"": null, ""match_type"": ""no_match"", ""score"": 0.0}, {""component"": ""output"", ""query_field"": ""State"", ""matched_field"": null, ""match_type"": ""no_match"", ""score"": 0.0}, {""component"": ""output"", ""query_field"": ""reason for encounter"", ""matched_field"": null, ""match_type"": ""no_match"", ""score"": 0.0}, {""component"": ""output"", ""query_field"": ""patient age"", ""matched_field"": null, ""match_type"": ""no_match"", ""score"": 0.0}]",flattened_topk
Q13,W1_HCPA_EXPERT,Medium,False,0.0,"[""HCPA / General data / patient age"", ""HCPA / General data / State"", ""patient age"", ""State"", ""patient age""]",[],ABSENT_OR_PRUNED_OR_MATCH_FAILED,"[{""component"": ""filter"", ""query_field"": ""patient age"", ""matched_field"": null, ""match_type"": ""no_match"", ""score"": 0.0}, {""component"": ""filter"", ""query_field"": ""State"", ""matched_field"": null, ""match_type"": ""no_match"", ""score"": 0.0}, {""component"": ""output"", ""query_field"": ""patient age"", ""matched_field"": null, ""match_type"": ""no_match"", ""score"": 0.0}, {""component"": ""output"", ""query_field"": ""State"", ""matched_field"": null, ""match_type"": ""no_match"", ""score"": 0.0}, {""component"": ""sort"", ""query_field"": ""patient age"", ""matched_field"": null, ""match_type"": ""no_match"", ""score"": 0.0}]",flattened_topk
Q14,W1_HCPA_EXPERT,Medium,False,0.0,"[""HCPA / chemotherapy / schema"", ""HCPA / chemotherapy / duration of treatment"", ""schema"", ""duration of treatment"", ""duration of treatment""]",[],ABSENT_OR_PRUNED_OR_MATCH_FAILED,"[{""component"": ""filter"", ""query_field"": ""schema"", ""matched_field"": null, ""match_type"": ""no_match"", ""score"": 0.0}, {""component"": ""filter"", ""query_field"": ""duration of treatment"", ""matched_field"": null, ""match_type"": ""no_match"", ""score"": 0.0}, {""component"": ""output"", ""query_field"": ""schema"", ""matched_field"": null, ""match_type"": ""no_match"", ""score"": 0.0}, {""component"": ""output"", ""query_field"": ""duration of treatment"", ""matched_field"": null, ""match_type"": ""no_match"", ""score"": 0.0}, {""component"": ""sort"", ""query_field"": ""duration of treatment"", ""matched_field"": null, ""match_type"": ""no_match"", ""score"": 0.0}]",flattened_topk
Q15,W1_HCPA_EXPERT,Medium,False,0.0,"[""Problem/Diagnosis / Problem"", ""Problem/Diagnosis / Clinical staging"", ""Problem"", ""Clinical staging""]",[],ABSENT_OR_PRUNED_OR_MATCH_FAILED,"[{""component"": ""filter"", ""query_field"": ""Problem"", ""matched_field"": null, ""match_type"": ""no_match"", ""score"": 0.0}, {""component"": ""filter"", ""query_field"": ""Clinical staging"", ""matched_field"": null, ""match_type"": ""no_match"", ""score"": 0.0}, {""component"": ""output"", ""query_field"": ""Problem"", ""matched_field"": null, ""match_type"": ""no_match"", ""score"": 0.0}, {""component"": ""output"", ""query_field"": ""Clinical staging"", ""matched_field"": null, ""match_type"": ""no_match"", ""score"": 0.0}]",flattened_topk
Q16,W1_HCPA_EXPERT,Medium,False,0.0,"[""Problem/Diagnosis / Problem"", ""Procedure undertaken / Procedure"", ""Problem"", ""Procedure""]",[],ABSENT_OR_PRUNED_OR_MATCH_FAILED,"[{""component"": ""filter"", ""query_field"": ""Problem"", ""matched_field"": null, ""match_type"": ""no_match"", ""score"": 0.0}, {""component"": ""filter"", ""query_field"": ""Procedure"", ""matched_field"": null, ""match_type"": ""no_match"", ""score"": 0.0}, {""component"": ""output"", ""query_field"": ""Problem"", ""matched_field"": null, ""match_type"": ""no_match"", ""score"": 0.0}, {""component"": ""output"", ""query_field"": ""Procedure"", ""matched_field"": null, ""match_type"": ""no_match"", ""score"": 0.0}]",flattened_topk
Q17,W1_HCPA_EXPERT,Medium,False,0.0,"[""Discharge / reason for discharge"", ""HCPA / General data / State"", ""reason for discharge"", ""State""]",[],ABSENT_OR_PRUNED_OR_MATCH_FAILED,"[{""component"": ""filter"", ""query_field"": ""reason for discharge"", ""matched_field"": null, ""match_type"": ""no_match"", ""score"": 0.0}, {""component"": ""filter"", ""query_field"": ""State"", ""matched_field"": null, ""match_type"": ""no_match"", ""score"": 0.0}, {""component"": ""output"", ""query_field"": ""reason for discharge"", ""matched_field"": null, ""match_type"": ""no_match"", ""score"": 0.0}, {""component"": ""output"", ""query_field"": ""State"", ""matched_field"": null, ""match_type"": ""no_match"", ""score"": 0.0}]",flattened_topk
Q18,W1_HCPA_EXPERT,Medium,False,0.0,"[""Problem/Diagnosis / histopathological grading"", ""Problem/Diagnosis / Problem"", ""histopathological grading"", ""Problem""]",[],ABSENT_OR_PRUNED_OR_MATCH_FAILED,"[{""component"": ""filter"", ""query_field"": ""histopathological grading"", ""matched_field"": null, ""match_type"": ""no_match"", ""score"": 0.0}, {""component"": ""filter"", ""query_field"": ""Problem"", ""matched_field"": null, ""match_type"": ""no_match"", ""score"": 0.0}, {""component"": ""output"", ""query_field"": ""histopathological grading"", ""matched_field"": null, ""match_type"": ""no_match"", ""score"": 0.0}, {""component"": ""output"", ""query_field"": ""Problem"", ""matched_field"": null, ""match_type"": ""no_match"", ""score"": 0.0}]",flattened_topk
Q19,W1_HCPA_EXPERT,Medium,False,0.0,"[""Problem/Diagnosis / tumour topography"", ""Problem/Diagnosis / invaded regional lymph nodes"", ""tumour topography"", ""invaded regional lymph nodes""]",[],ABSENT_OR_PRUNED_OR_MATCH_FAILED,"[{""component"": ""filter"", ""query_field"": ""tumour topography"", ""matched_field"": null, ""match_type"": ""no_match"", ""score"": 0.0}, {""component"": ""filter"", ""query_field"": ""invaded regional lymph nodes"", ""matched_field"": null, ""match_type"": ""no_match"", ""score"": 0.0}, {""component"": ""output"", ""query_field"": ""tumour topography"", ""matched_field"": null, ""match_type"": ""no_match"", ""score"": 0.0}, {""component"": ""output"", ""query_field"": ""invaded regional lymph nodes"", ""matched_field"": null, ""match_type"": ""no_match"", ""score"": 0.0}]",flattened_topk
Q20,W1_HCPA_EXPERT,Medium,False,0.0,"[""HCPA / General data / reason for encounter"", ""HCPA / Radiotherapy / date of beginning of radiotherapy"", ""reason for encounter"", ""date of beginning of radiotherapy"", ""date of beginning of radiotherapy""]",[],ABSENT_OR_PRUNED_OR_MATCH_FAILED,"[{""component"": ""filter"", ""query_field"": ""reason for encounter"", ""matched_field"": null, ""match_type"": ""no_match"", ""score"": 0.0}, {""component"": ""filter"", ""query_field"": ""date of beginning of radiotherapy"", ""matched_field"": null, ""match_type"": ""no_match"", ""score"": 0.0}, {""component"": ""output"", ""query_field"": ""reason for encounter"", ""matched_field"": null, ""match_type"": ""no_match"", ""score"": 0.0}, {""component"": ""output"", ""query_field"": ""date of beginning of radiotherapy"", ""matched_field"": null, ""match_type"": ""no_match"", ""score"": 0.0}, {""component"": ""sort"", ""query_field"": ""date of beginning of radiotherapy"", ""matched_field"": null, ""match_type"": ""no_match"", ""score"": 0.0}]",flattened_topk
Q21,W1_HCPA_EXPERT,Hard,False,0.0,"[""Nephrology / indicator of transplantation"", ""Nephrology / number of transplantations"", ""indicator of transplantation"", ""number of transplantations""]",[],ABSENT_OR_PRUNED_OR_MATCH_FAILED,"[{""component"": ""filter"", ""query_field"": ""indicator of transplantation"", ""matched_field"": null, ""match_type"": ""no_match"", ""score"": 0.0}, {""component"": ""filter"", ""query_field"": ""number of transplantations"", ""matched_field"": null, ""match_type"": ""no_match"", ""score"": 0.0}, {""component"": ""output"", ""query_field"": ""indicator of transplantation"", ""matched_field"": null, ""match_type"": ""no_match"", ""score"": 0.0}, {""component"": ""output"", ""query_field"": ""number of transplantations"", ""matched_field"": null, ""match_type"": ""no_match"", ""score"": 0.0}]",flattened_topk
Q22,W1_HCPA_EXPERT,Hard,False,0.0,"[""Dialysis / date of first dialysis"", ""Imaging / abdominal ultrasonography"", ""date of first dialysis"", ""abdominal ultrasonography"", ""date of first dialysis""]",[],ABSENT_OR_PRUNED_OR_MATCH_FAILED,"[{""component"": ""filter"", ""query_field"": ""date of first dialysis"", ""matched_field"": null, ""match_type"": ""no_match"", ""score"": 0.0}, {""component"": ""filter"", ""query_field"": ""abdominal ultrasonography"", ""matched_field"": null, ""match_type"": ""no_match"", ""score"": 0.0}, {""component"": ""output"", ""query_field"": ""date of first dialysis"", ""matched_field"": null, ""match_type"": ""no_match"", ""score"": 0.0}, {""component"": ""output"", ""query_field"": ""abdominal ultrasonography"", ""matched_field"": null, ""match_type"": ""no_match"", ""score"": 0.0}, {""component"": ""sort"", ""query_field"": ""date of first dialysis"", ""matched_field"": null, ""match_type"": ""no_match"", ""score"": 0.0}]",flattened_topk
Q23,W1_HCPA_EXPERT,Hard,False,0.0,"[""Follow-up / duration of follow-up months"", ""Bariatrics / body mass index"", ""duration of follow-up months"", ""body mass index"", ""duration of follow-up months""]",[],ABSENT_OR_PRUNED_OR_MATCH_FAILED,"[{""component"": ""filter"", ""query_field"": ""duration of follow-up months"", ""matched_field"": null, ""match_type"": ""no_match"", ""score"": 0.0}, {""component"": ""filter"", ""query_field"": ""body mass index"", ""matched_field"": null, ""match_type"": ""no_match"", ""score"": 0.0}, {""component"": ""output"", ""query_field"": ""duration of follow-up months"", ""matched_field"": null, ""match_type"": ""no_match"", ""score"": 0.0}, {""component"": ""output"", ""query_field"": ""body mass index"", ""matched_field"": null, ""match_type"": ""no_match"", ""score"": 0.0}, {""component"": ""sort"", ""query_field"": ""duration of follow-up months"", ""matched_field"": null, ""match_type"": ""no_match"", ""score"": 0.0}]",flattened_topk
Q24,W1_HCPA_EXPERT,Hard,False,0.0,"[""HCPA / General data / State"", ""HCPA / General data / reason for encounter"", ""HCPA / General data / patient age"", ""State"", ""reason for encounter"", ""patient age"", ""patient age""]",[],ABSENT_OR_PRUNED_OR_MATCH_FAILED,"[{""component"": ""filter"", ""query_field"": ""State"", ""matched_field"": null, ""match_type"": ""no_match"", ""score"": 0.0}, {""component"": ""filter"", ""query_field"": ""reason for encounter"", ""matched_field"": null, ""match_type"": ""no_match"", ""score"": 0.0}, {""component"": ""filter"", ""query_field"": ""patient age"", ""matched_field"": null, ""match_type"": ""no_match"", ""score"": 0.0}, {""component"": ""output"", ""query_field"": ""State"", ""matched_field"": null, ""match_type"": ""no_match"", ""score"": 0.0}, {""component"": ""output"", ""query_field"": ""reason for encounter"", ""matched_field"": null, ""match_type"": ""no_match"", ""score"": 0.0}, {""component"": ""output"", ""query_field"": ""patient age"", ""matched_field"": null, ""match_type"": ""no_match"", ""score"": 0.0}, {""component"": ""sort"", ""query_field"": ""patient age"", ""matched_field"": null, ""match_type"": ""no_match"", ""score"": 0.0}]",flattened_topk
Q25,W1_HCPA_EXPERT,Hard,False,0.0,"[""HCPA / General data / State"", ""HCPA / General data / reason for encounter"", ""Problem/Diagnosis / Problem"", ""State"", ""reason for encounter"", ""Problem""]",[],ABSENT_OR_PRUNED_OR_MATCH_FAILED,"[{""component"": ""filter"", ""query_field"": ""State"", ""matched_field"": null, ""match_type"": ""no_match"", ""score"": 0.0}, {""component"": ""filter"", ""query_field"": ""reason for encounter"", ""matched_field"": null, ""match_type"": ""no_match"", ""score"": 0.0}, {""component"": ""filter"", ""query_field"": ""Problem"", ""matched_field"": null, ""match_type"": ""no_match"", ""score"": 0.0}, {""component"": ""output"", ""query_field"": ""State"", ""matched_field"": null, ""match_type"": ""no_match"", ""score"": 0.0}, {""component"": ""output"", ""query_field"": ""reason for encounter"", ""matched_field"": null, ""match_type"": ""no_match"", ""score"": 0.0}, {""component"": ""output"", ""query_field"": ""Problem"", ""matched_field"": null, ""match_type"": ""no_match"", ""score"": 0.0}]",flattened_topk
Q26,W1_HCPA_EXPERT,Hard,False,0.0,"[""Problem/Diagnosis / Problem"", ""Problem/Diagnosis / Clinical staging"", ""Problem/Diagnosis / invaded regional lymph nodes"", ""Problem"", ""Clinical staging"", ""invaded regional lymph nodes""]",[],ABSENT_OR_PRUNED_OR_MATCH_FAILED,"[{""component"": ""filter"", ""query_field"": ""Problem"", ""matched_field"": null, ""match_type"": ""no_match"", ""score"": 0.0}, {""component"": ""filter"", ""query_field"": ""Clinical staging"", ""matched_field"": null, ""match_type"": ""no_match"", ""score"": 0.0}, {""component"": ""filter"", ""query_field"": ""invaded regional lymph nodes"", ""matched_field"": null, ""match_type"": ""no_match"", ""score"": 0.0}, {""component"": ""output"", ""query_field"": ""Problem"", ""matched_field"": null, ""match_type"": ""no_match"", ""score"": 0.0}, {""component"": ""output"", ""query_field"": ""Clinical staging"", ""matched_field"": null, ""match_type"": ""no_match"", ""score"": 0.0}, {""component"": ""output"", ""query_field"": ""invaded regional lymph nodes"", ""matched_field"": null, ""match_type"": ""no_match"", ""score"": 0.0}]",flattened_topk
Q27,W1_HCPA_EXPERT,Hard,False,0.0,"[""HCPA / chemotherapy / schema"", ""HCPA / chemotherapy / duration of treatment"", ""HCPA / chemotherapy / date of beginning of chemotherapy"", ""schema"", ""duration of treatment"", ""date of beginning of chemotherapy"", ""date of beginning of chemotherapy""]",[],ABSENT_OR_PRUNED_OR_MATCH_FAILED,"[{""component"": ""filter"", ""query_field"": ""schema"", ""matched_field"": null, ""match_type"": ""no_match"", ""score"": 0.0}, {""component"": ""filter"", ""query_field"": ""duration of treatment"", ""matched_field"": null, ""match_type"": ""no_match"", ""score"": 0.0}, {""component"": ""filter"", ""query_field"": ""date of beginning of chemotherapy"", ""matched_field"": null, ""match_type"": ""no_match"", ""score"": 0.0}, {""component"": ""output"", ""query_field"": ""schema"", ""matched_field"": null, ""match_type"": ""no_match"", ""score"": 0.0}, {""component"": ""output"", ""query_field"": ""duration of treatment"", ""matched_field"": null, ""match_type"": ""no_match"", ""score"": 0.0}, {""component"": ""output"", ""query_field"": ""date of beginning of chemotherapy"", ""matched_field"": null, ""match_type"": ""no_match"", ""score"": 0.0}, {""component"": ""sort"", ""query_field"": ""date of beginning of chemotherapy"", ""matched_field"": null, ""match_type"": ""no_match"", ""score"": 0.0}]",flattened_topk
Q28,W1_HCPA_EXPERT,Hard,False,0.0,"[""Procedure undertaken / Procedure"", ""Radiotherapy / irradiated area 1"", ""Procedure"", ""irradiated area 1""]",[],ABSENT_OR_PRUNED_OR_MATCH_FAILED,"[{""component"": ""filter"", ""query_field"": ""Procedure"", ""matched_field"": null, ""match_type"": ""no_match"", ""score"": 0.0}, {""component"": ""filter"", ""query_field"": ""irradiated area 1"", ""matched_field"": null, ""match_type"": ""no_match"", ""score"": 0.0}, {""component"": ""output"", ""query_field"": ""Procedure"", ""matched_field"": null, ""match_type"": ""no_match"", ""score"": 0.0}, {""component"": ""output"", ""query_field"": ""irradiated area 1"", ""matched_field"": null, ""match_type"": ""no_match"", ""score"": 0.0}]",flattened_topk
Q29,W1_HCPA_EXPERT,Hard,False,0.0,"[""Discharge / date of discharge"", ""Discharge / reason for discharge"", ""date of discharge"", ""reason for discharge""]",[],ABSENT_OR_PRUNED_OR_MATCH_FAILED,"[{""component"": ""filter"", ""query_field"": ""date of discharge"", ""matched_field"": null, ""match_type"": ""no_match"", ""score"": 0.0}, {""component"": ""filter"", ""query_field"": ""reason for discharge"", ""matched_field"": null, ""match_type"": ""no_match"", ""score"": 0.0}, {""component"": ""output"", ""query_field"": ""date of discharge"", ""matched_field"": null, ""match_type"": ""no_match"", ""score"": 0.0}, {""component"": ""output"", ""query_field"": ""reason for discharge"", ""matched_field"": null, ""match_type"": ""no_match"", ""score"": 0.0}]",flattened_topk
Q30,W1_HCPA_EXPERT,Hard,False,0.0,"[""Problem/Diagnosis / tumour topography"", ""Problem/Diagnosis / histopathological grading"", ""Problem/Diagnosis / date of pathological identification"", ""tumour topography"", ""histopathological grading"", ""date of pathological identification"", ""date of pathological identification""]",[],ABSENT_OR_PRUNED_OR_MATCH_FAILED,"[{""component"": ""filter"", ""query_field"": ""tumour topography"", ""matched_field"": null, ""match_type"": ""no_match"", ""score"": 0.0}, {""component"": ""filter"", ""query_field"": ""histopathological grading"", ""matched_field"": null, ""match_type"": ""no_match"", ""score"": 0.0}, {""component"": ""filter"", ""query_field"": ""date of pathological identification"", ""matched_field"": null, ""match_type"": ""no_match"", ""score"": 0.0}, {""component"": ""output"", ""query_field"": ""tumour topography"", ""matched_field"": null, ""match_type"": ""no_match"", ""score"": 0.0}, {""component"": ""output"", ""query_field"": ""histopathological grading"", ""matched_field"": null, ""match_type"": ""no_match"", ""score"": 0.0}, {""component"": ""output"", ""query_field"": ""date of pathological identification"", ""matched_field"": null, ""match_type"": ""no_match"", ""score"": 0.0}, {""component"": ""sort"", ""query_field"": ""date of pathological identification"", ""matched_field"": null, ""match_type"": ""no_match"", ""score"": 0.0}]",flattened_topk
D1,W2_DEMOGRAPHIC_EXPERT,Easy,False,0.0,"[""Demographic data / components / gender"", ""gender""]",[],ABSENT_OR_PRUNED_OR_MATCH_FAILED,"[{""component"": ""filter"", ""query_field"": ""gender"", ""matched_field"": null, ""match_type"": ""no_match"", ""score"": 0.0}, {""component"": ""output"", ""query_field"": ""gender"", ""matched_field"": null, ""match_type"": ""no_match"", ""score"": 0.0}]",flattened_topk
D2,W2_DEMOGRAPHIC_EXPERT,Easy,False,0.0,"[""Demographic data / components / gender"", ""gender"", ""birth date""]",[],ABSENT_OR_PRUNED_OR_MATCH_FAILED,"[{""component"": ""filter"", ""query_field"": ""gender"", ""matched_field"": null, ""match_type"": ""no_match"", ""score"": 0.0}, {""component"": ""output"", ""query_field"": ""gender"", ""matched_field"": null, ""match_type"": ""no_match"", ""score"": 0.0}, {""component"": ""output"", ""query_field"": ""birth date"", ""matched_field"": null, ""match_type"": ""no_match"", ""score"": 0.0}]",flattened_topk
D3,W2_DEMOGRAPHIC_EXPERT,Easy,False,0.0,"[""Demographic data / components / nationality"", ""nationality""]",[],ABSENT_OR_PRUNED_OR_MATCH_FAILED,"[{""component"": ""filter"", ""query_field"": ""nationality"", ""matched_field"": null, ""match_type"": ""no_match"", ""score"": 0.0}, {""component"": ""output"", ""query_field"": ""nationality"", ""matched_field"": null, ""match_type"": ""no_match"", ""score"": 0.0}]",flattened_topk
D4,W2_DEMOGRAPHIC_EXPERT,Easy,False,0.0,"[""Demographic data / components / race"", ""race""]",[],ABSENT_OR_PRUNED_OR_MATCH_FAILED,"[{""component"": ""filter"", ""query_field"": ""race"", ""matched_field"": null, ""match_type"": ""no_match"", ""score"": 0.0}, {""component"": ""output"", ""query_field"": ""race"", ""matched_field"": null, ""match_type"": ""no_match"", ""score"": 0.0}]",flattened_topk
D5,W2_DEMOGRAPHIC_EXPERT,Easy,False,0.0,"[""Demographic data / components / ethnic group"", ""ethnic group""]",[],ABSENT_OR_PRUNED_OR_MATCH_FAILED,"[{""component"": ""filter"", ""query_field"": ""ethnic group"", ""matched_field"": null, ""match_type"": ""no_match"", ""score"": 0.0}, {""component"": ""output"", ""query_field"": ""ethnic group"", ""matched_field"": null, ""match_type"": ""no_match"", ""score"": 0.0}]",flattened_topk
D6,W2_DEMOGRAPHIC_EXPERT,Easy,False,0.0,"[""Demographic data / components / birth date"", ""birth date""]",[],ABSENT_OR_PRUNED_OR_MATCH_FAILED,"[{""component"": ""filter"", ""query_field"": ""birth date"", ""matched_field"": null, ""match_type"": ""no_match"", ""score"": 0.0}, {""component"": ""output"", ""query_field"": ""birth date"", ""matched_field"": null, ""match_type"": ""no_match"", ""score"": 0.0}]",flattened_topk
D7,W2_DEMOGRAPHIC_EXPERT,Medium,False,0.0,"[""Demographic data / components / gender"", ""Demographic data / components / nationality"", ""gender"", ""nationality""]",[],ABSENT_OR_PRUNED_OR_MATCH_FAILED,"[{""component"": ""filter"", ""query_field"": ""gender"", ""matched_field"": null, ""match_type"": ""no_match"", ""score"": 0.0}, {""component"": ""filter"", ""query_field"": ""nationality"", ""matched_field"": null, ""match_type"": ""no_match"", ""score"": 0.0}, {""component"": ""output"", ""query_field"": ""gender"", ""matched_field"": null, ""match_type"": ""no_match"", ""score"": 0.0}, {""component"": ""output"", ""query_field"": ""nationality"", ""matched_field"": null, ""match_type"": ""no_match"", ""score"": 0.0}]",flattened_topk
D8,W2_DEMOGRAPHIC_EXPERT,Medium,False,0.0,"[""Demographic data / components / birth date"", ""Demographic data / components / gender"", ""birth date"", ""gender"", ""birth date""]",[],ABSENT_OR_PRUNED_OR_MATCH_FAILED,"[{""component"": ""filter"", ""query_field"": ""birth date"", ""matched_field"": null, ""match_type"": ""no_match"", ""score"": 0.0}, {""component"": ""filter"", ""query_field"": ""gender"", ""matched_field"": null, ""match_type"": ""no_match"", ""score"": 0.0}, {""component"": ""output"", ""query_field"": ""birth date"", ""matched_field"": null, ""match_type"": ""no_match"", ""score"": 0.0}, {""component"": ""output"", ""query_field"": ""gender"", ""matched_field"": null, ""match_type"": ""no_match"", ""score"": 0.0}, {""component"": ""sort"", ""query_field"": ""birth date"", ""matched_field"": null, ""match_type"": ""no_match"", ""score"": 0.0}]",flattened_topk
D9,W2_DEMOGRAPHIC_EXPERT,Medium,False,0.0,"[""Demographic data / components / educational level"", ""Demographic data / components / nationality"", ""educational level"", ""nationality""]",[],ABSENT_OR_PRUNED_OR_MATCH_FAILED,"[{""component"": ""filter"", ""query_field"": ""educational level"", ""matched_field"": null, ""match_type"": ""no_match"", ""score"": 0.0}, {""component"": ""filter"", ""query_field"": ""nationality"", ""matched_field"": null, ""match_type"": ""no_match"", ""score"": 0.0}, {""component"": ""output"", ""query_field"": ""educational level"", ""matched_field"": null, ""match_type"": ""no_match"", ""score"": 0.0}, {""component"": ""output"", ""query_field"": ""nationality"", ""matched_field"": null, ""match_type"": ""no_match"", ""score"": 0.0}]",flattened_topk
D10,W2_DEMOGRAPHIC_EXPERT,Medium,False,0.0,"[""Demographic data / components / race"", ""Demographic data / components / nationality"", ""race"", ""nationality""]",[],ABSENT_OR_PRUNED_OR_MATCH_FAILED,"[{""component"": ""filter"", ""query_field"": ""race"", ""matched_field"": null, ""match_type"": ""no_match"", ""score"": 0.0}, {""component"": ""filter"", ""query_field"": ""nationality"", ""matched_field"": null, ""match_type"": ""no_match"", ""score"": 0.0}, {""component"": ""output"", ""query_field"": ""race"", ""matched_field"": null, ""match_type"": ""no_match"", ""score"": 0.0}, {""component"": ""output"", ""query_field"": ""nationality"", ""matched_field"": null, ""match_type"": ""no_match"", ""score"": 0.0}]",flattened_topk
D11,W2_DEMOGRAPHIC_EXPERT,Hard,False,0.0,"[""Demographic data / components / race"", ""Demographic data / components / ethnic group"", ""Demographic data / components / nationality"", ""race"", ""ethnic group"", ""nationality""]",[],ABSENT_OR_PRUNED_OR_MATCH_FAILED,"[{""component"": ""filter"", ""query_field"": ""race"", ""matched_field"": null, ""match_type"": ""no_match"", ""score"": 0.0}, {""component"": ""filter"", ""query_field"": ""ethnic group"", ""matched_field"": null, ""match_type"": ""no_match"", ""score"": 0.0}, {""component"": ""filter"", ""query_field"": ""nationality"", ""matched_field"": null, ""match_type"": ""no_match"", ""score"": 0.0}, {""component"": ""output"", ""query_field"": ""race"", ""matched_field"": null, ""match_type"": ""no_match"", ""score"": 0.0}, {""component"": ""output"", ""query_field"": ""ethnic group"", ""matched_field"": null, ""match_type"": ""no_match"", ""score"": 0.0}, {""component"": ""output"", ""query_field"": ""nationality"", ""matched_field"": null, ""match_type"": ""no_match"", ""score"": 0.0}]",flattened_topk
D12,W2_DEMOGRAPHIC_EXPERT,Hard,False,0.0,"[""Demographic data / components / birth date"", ""Demographic data / components / gender"", ""Demographic data / components / nationality"", ""birth date"", ""gender"", ""nationality"", ""birth date""]",[],ABSENT_OR_PRUNED_OR_MATCH_FAILED,"[{""component"": ""filter"", ""query_field"": ""birth date"", ""matched_field"": null, ""match_type"": ""no_match"", ""score"": 0.0}, {""component"": ""filter"", ""query_field"": ""gender"", ""matched_field"": null, ""match_type"": ""no_match"", ""score"": 0.0}, {""component"": ""filter"", ""query_field"": ""nationality"", ""matched_field"": null, ""match_type"": ""no_match"", ""score"": 0.0}, {""component"": ""output"", ""query_field"": ""birth date"", ""matched_field"": null, ""match_type"": ""no_match"", ""score"": 0.0}, {""component"": ""output"", ""query_field"": ""gender"", ""matched_field"": null, ""match_type"": ""no_match"", ""score"": 0.0}, {""component"": ""output"", ""query_field"": ""nationality"", ""matched_field"": null, ""match_type"": ""no_match"", ""score"": 0.0}, {""component"": ""sort"", ""query_field"": ""birth date"", ""matched_field"": null, ""match_type"": ""no_match"", ""score"": 0.0}]",flattened_topk
Q1,W1_HCPA_EXPERT,Easy,False,0.0,"[""HCPA / General data / State"", ""State""]",[],ABSENT_OR_PRUNED_OR_MATCH_FAILED,"[{""component"": ""filter"", ""query_field"": ""State"", ""matched_field"": null, ""match_type"": ""no_match"", ""score"": 0.0}, {""component"": ""output"", ""query_field"": ""State"", ""matched_field"": null, ""match_type"": ""no_match"", ""score"": 0.0}]",no_operator_awareness
Q2,W1_HCPA_EXPERT,Easy,False,0.0,"[""HCPA / General data / State"", ""State"", ""reason for encounter""]",[],ABSENT_OR_PRUNED_OR_MATCH_FAILED,"[{""component"": ""filter"", ""query_field"": ""State"", ""matched_field"": null, ""match_type"": ""no_match"", ""score"": 0.0}, {""component"": ""output"", ""query_field"": ""State"", ""matched_field"": null, ""match_type"": ""no_match"", ""score"": 0.0}, {""component"": ""output"", ""query_field"": ""reason for encounter"", ""matched_field"": null, ""match_type"": ""no_match"", ""score"": 0.0}]",no_operator_awareness
Q3,W1_HCPA_EXPERT,Easy,False,0.0,"[""HCPA / General data / reason for encounter"", ""reason for encounter""]",[],ABSENT_OR_PRUNED_OR_MATCH_FAILED,"[{""component"": ""filter"", ""query_field"": ""reason for encounter"", ""matched_field"": null, ""match_type"": ""no_match"", ""score"": 0.0}, {""component"": ""output"", ""query_field"": ""reason for encounter"", ""matched_field"": null, ""match_type"": ""no_match"", ""score"": 0.0}]",no_operator_awareness
Q4,W1_HCPA_EXPERT,Easy,False,0.0,"[""HCPA / General data / reason for encounter"", ""reason for encounter"", ""State"", ""patient age""]",[],ABSENT_OR_PRUNED_OR_MATCH_FAILED,"[{""component"": ""filter"", ""query_field"": ""reason for encounter"", ""matched_field"": null, ""match_type"": ""no_match"", ""score"": 0.0}, {""component"": ""output"", ""query_field"": ""reason for encounter"", ""matched_field"": null, ""match_type"": ""no_match"", ""score"": 0.0}, {""component"": ""output"", ""query_field"": ""State"", ""matched_field"": null, ""match_type"": ""no_match"", ""score"": 0.0}, {""component"": ""output"", ""query_field"": ""patient age"", ""matched_field"": null, ""match_type"": ""no_match"", ""score"": 0.0}]",no_operator_awareness
Q5,W1_HCPA_EXPERT,Easy,False,0.0,"[""HCPA / General data / patient age"", ""patient age"", ""patient age""]",[],ABSENT_OR_PRUNED_OR_MATCH_FAILED,"[{""component"": ""filter"", ""query_field"": ""patient age"", ""matched_field"": null, ""match_type"": ""no_match"", ""score"": 0.0}, {""component"": ""output"", ""query_field"": ""patient age"", ""matched_field"": null, ""match_type"": ""no_match"", ""score"": 0.0}, {""component"": ""sort"", ""query_field"": ""patient age"", ""matched_field"": null, ""match_type"": ""no_match"", ""score"": 0.0}]",no_operator_awareness
Q6,W1_HCPA_EXPERT,Easy,False,0.0,"[""HCPA / chemotherapy / schema"", ""schema""]",[],ABSENT_OR_PRUNED_OR_MATCH_FAILED,"[{""component"": ""filter"", ""query_field"": ""schema"", ""matched_field"": null, ""match_type"": ""no_match"", ""score"": 0.0}, {""component"": ""output"", ""query_field"": ""schema"", ""matched_field"": null, ""match_type"": ""no_match"", ""score"": 0.0}]",no_operator_awareness
Q7,W1_HCPA_EXPERT,Easy,False,0.0,"[""Procedure undertaken / Procedure"", ""Procedure""]",[],ABSENT_OR_PRUNED_OR_MATCH_FAILED,"[{""component"": ""filter"", ""query_field"": ""Procedure"", ""matched_field"": null, ""match_type"": ""no_match"", ""score"": 0.0}, {""component"": ""output"", ""query_field"": ""Procedure"", ""matched_field"": null, ""match_type"": ""no_match"", ""score"": 0.0}]",no_operator_awareness
Q8,W1_HCPA_EXPERT,Easy,False,0.0,"[""Problem/Diagnosis / Problem"", ""Problem""]",[],ABSENT_OR_PRUNED_OR_MATCH_FAILED,"[{""component"": ""filter"", ""query_field"": ""Problem"", ""matched_field"": null, ""match_type"": ""no_match"", ""score"": 0.0}, {""component"": ""output"", ""query_field"": ""Problem"", ""matched_field"": null, ""match_type"": ""no_match"", ""score"": 0.0}]",no_operator_awareness
Q9,W1_HCPA_EXPERT,Easy,False,0.0,"[""Problem/Diagnosis / Clinical staging"", ""Clinical staging""]",[],ABSENT_OR_PRUNED_OR_MATCH_FAILED,"[{""component"": ""filter"", ""query_field"": ""Clinical staging"", ""matched_field"": null, ""match_type"": ""no_match"", ""score"": 0.0}, {""component"": ""output"", ""query_field"": ""Clinical staging"", ""matched_field"": null, ""match_type"": ""no_match"", ""score"": 0.0}]",no_operator_awareness
Q10,W1_HCPA_EXPERT,Easy,False,0.0,"[""Problem/Diagnosis / invaded regional lymph nodes"", ""invaded regional lymph nodes""]",[],ABSENT_OR_PRUNED_OR_MATCH_FAILED,"[{""component"": ""filter"", ""query_field"": ""invaded regional lymph nodes"", ""matched_field"": null, ""match_type"": ""no_match"", ""score"": 0.0}, {""component"": ""output"", ""query_field"": ""invaded regional lymph nodes"", ""matched_field"": null, ""match_type"": ""no_match"", ""score"": 0.0}]",no_operator_awareness
Q11,W1_HCPA_EXPERT,Medium,False,0.0,"[""HCPA / General data / State"", ""HCPA / General data / reason for encounter"", ""State"", ""reason for encounter""]",[],ABSENT_OR_PRUNED_OR_MATCH_FAILED,"[{""component"": ""filter"", ""query_field"": ""State"", ""matched_field"": null, ""match_type"": ""no_match"", ""score"": 0.0}, {""component"": ""filter"", ""query_field"": ""reason for encounter"", ""matched_field"": null, ""match_type"": ""no_match"", ""score"": 0.0}, {""component"": ""output"", ""query_field"": ""State"", ""matched_field"": null, ""match_type"": ""no_match"", ""score"": 0.0}, {""component"": ""output"", ""query_field"": ""reason for encounter"", ""matched_field"": null, ""match_type"": ""no_match"", ""score"": 0.0}]",no_operator_awareness
Q12,W1_HCPA_EXPERT,Medium,False,0.0,"[""HCPA / General data / State"", ""HCPA / General data / reason for encounter"", ""State"", ""reason for encounter"", ""patient age""]",[],ABSENT_OR_PRUNED_OR_MATCH_FAILED,"[{""component"": ""filter"", ""query_field"": ""State"", ""matched_field"": null, ""match_type"": ""no_match"", ""score"": 0.0}, {""component"": ""filter"", ""query_field"": ""reason for encounter"", ""matched_field"": null, ""match_type"": ""no_match"", ""score"": 0.0}, {""component"": ""output"", ""query_field"": ""State"", ""matched_field"": null, ""match_type"": ""no_match"", ""score"": 0.0}, {""component"": ""output"", ""query_field"": ""reason for encounter"", ""matched_field"": null, ""match_type"": ""no_match"", ""score"": 0.0}, {""component"": ""output"", ""query_field"": ""patient age"", ""matched_field"": null, ""match_type"": ""no_match"", ""score"": 0.0}]",no_operator_awareness
Q13,W1_HCPA_EXPERT,Medium,False,0.0,"[""HCPA / General data / patient age"", ""HCPA / General data / State"", ""patient age"", ""State"", ""patient age""]",[],ABSENT_OR_PRUNED_OR_MATCH_FAILED,"[{""component"": ""filter"", ""query_field"": ""patient age"", ""matched_field"": null, ""match_type"": ""no_match"", ""score"": 0.0}, {""component"": ""filter"", ""query_field"": ""State"", ""matched_field"": null, ""match_type"": ""no_match"", ""score"": 0.0}, {""component"": ""output"", ""query_field"": ""patient age"", ""matched_field"": null, ""match_type"": ""no_match"", ""score"": 0.0}, {""component"": ""output"", ""query_field"": ""State"", ""matched_field"": null, ""match_type"": ""no_match"", ""score"": 0.0}, {""component"": ""sort"", ""query_field"": ""patient age"", ""matched_field"": null, ""match_type"": ""no_match"", ""score"": 0.0}]",no_operator_awareness
Q14,W1_HCPA_EXPERT,Medium,False,0.0,"[""HCPA / chemotherapy / schema"", ""HCPA / chemotherapy / duration of treatment"", ""schema"", ""duration of treatment"", ""duration of treatment""]",[],ABSENT_OR_PRUNED_OR_MATCH_FAILED,"[{""component"": ""filter"", ""query_field"": ""schema"", ""matched_field"": null, ""match_type"": ""no_match"", ""score"": 0.0}, {""component"": ""filter"", ""query_field"": ""duration of treatment"", ""matched_field"": null, ""match_type"": ""no_match"", ""score"": 0.0}, {""component"": ""output"", ""query_field"": ""schema"", ""matched_field"": null, ""match_type"": ""no_match"", ""score"": 0.0}, {""component"": ""output"", ""query_field"": ""duration of treatment"", ""matched_field"": null, ""match_type"": ""no_match"", ""score"": 0.0}, {""component"": ""sort"", ""query_field"": ""duration of treatment"", ""matched_field"": null, ""match_type"": ""no_match"", ""score"": 0.0}]",no_operator_awareness
Q15,W1_HCPA_EXPERT,Medium,False,0.0,"[""Problem/Diagnosis / Problem"", ""Problem/Diagnosis / Clinical staging"", ""Problem"", ""Clinical staging""]",[],ABSENT_OR_PRUNED_OR_MATCH_FAILED,"[{""component"": ""filter"", ""query_field"": ""Problem"", ""matched_field"": null, ""match_type"": ""no_match"", ""score"": 0.0}, {""component"": ""filter"", ""query_field"": ""Clinical staging"", ""matched_field"": null, ""match_type"": ""no_match"", ""score"": 0.0}, {""component"": ""output"", ""query_field"": ""Problem"", ""matched_field"": null, ""match_type"": ""no_match"", ""score"": 0.0}, {""component"": ""output"", ""query_field"": ""Clinical staging"", ""matched_field"": null, ""match_type"": ""no_match"", ""score"": 0.0}]",no_operator_awareness
Q16,W1_HCPA_EXPERT,Medium,False,0.0,"[""Problem/Diagnosis / Problem"", ""Procedure undertaken / Procedure"", ""Problem"", ""Procedure""]",[],ABSENT_OR_PRUNED_OR_MATCH_FAILED,"[{""component"": ""filter"", ""query_field"": ""Problem"", ""matched_field"": null, ""match_type"": ""no_match"", ""score"": 0.0}, {""component"": ""filter"", ""query_field"": ""Procedure"", ""matched_field"": null, ""match_type"": ""no_match"", ""score"": 0.0}, {""component"": ""output"", ""query_field"": ""Problem"", ""matched_field"": null, ""match_type"": ""no_match"", ""score"": 0.0}, {""component"": ""output"", ""query_field"": ""Procedure"", ""matched_field"": null, ""match_type"": ""no_match"", ""score"": 0.0}]",no_operator_awareness
Q17,W1_HCPA_EXPERT,Medium,False,0.0,"[""Discharge / reason for discharge"", ""HCPA / General data / State"", ""reason for discharge"", ""State""]",[],ABSENT_OR_PRUNED_OR_MATCH_FAILED,"[{""component"": ""filter"", ""query_field"": ""reason for discharge"", ""matched_field"": null, ""match_type"": ""no_match"", ""score"": 0.0}, {""component"": ""filter"", ""query_field"": ""State"", ""matched_field"": null, ""match_type"": ""no_match"", ""score"": 0.0}, {""component"": ""output"", ""query_field"": ""reason for discharge"", ""matched_field"": null, ""match_type"": ""no_match"", ""score"": 0.0}, {""component"": ""output"", ""query_field"": ""State"", ""matched_field"": null, ""match_type"": ""no_match"", ""score"": 0.0}]",no_operator_awareness
Q18,W1_HCPA_EXPERT,Medium,False,0.0,"[""Problem/Diagnosis / histopathological grading"", ""Problem/Diagnosis / Problem"", ""histopathological grading"", ""Problem""]",[],ABSENT_OR_PRUNED_OR_MATCH_FAILED,"[{""component"": ""filter"", ""query_field"": ""histopathological grading"", ""matched_field"": null, ""match_type"": ""no_match"", ""score"": 0.0}, {""component"": ""filter"", ""query_field"": ""Problem"", ""matched_field"": null, ""match_type"": ""no_match"", ""score"": 0.0}, {""component"": ""output"", ""query_field"": ""histopathological grading"", ""matched_field"": null, ""match_type"": ""no_match"", ""score"": 0.0}, {""component"": ""output"", ""query_field"": ""Problem"", ""matched_field"": null, ""match_type"": ""no_match"", ""score"": 0.0}]",no_operator_awareness
Q19,W1_HCPA_EXPERT,Medium,False,0.0,"[""Problem/Diagnosis / tumour topography"", ""Problem/Diagnosis / invaded regional lymph nodes"", ""tumour topography"", ""invaded regional lymph nodes""]",[],ABSENT_OR_PRUNED_OR_MATCH_FAILED,"[{""component"": ""filter"", ""query_field"": ""tumour topography"", ""matched_field"": null, ""match_type"": ""no_match"", ""score"": 0.0}, {""component"": ""filter"", ""query_field"": ""invaded regional lymph nodes"", ""matched_field"": null, ""match_type"": ""no_match"", ""score"": 0.0}, {""component"": ""output"", ""query_field"": ""tumour topography"", ""matched_field"": null, ""match_type"": ""no_match"", ""score"": 0.0}, {""component"": ""output"", ""query_field"": ""invaded regional lymph nodes"", ""matched_field"": null, ""match_type"": ""no_match"", ""score"": 0.0}]",no_operator_awareness
Q20,W1_HCPA_EXPERT,Medium,False,0.0,"[""HCPA / General data / reason for encounter"", ""HCPA / Radiotherapy / date of beginning of radiotherapy"", ""reason for encounter"", ""date of beginning of radiotherapy"", ""date of beginning of radiotherapy""]",[],ABSENT_OR_PRUNED_OR_MATCH_FAILED,"[{""component"": ""filter"", ""query_field"": ""reason for encounter"", ""matched_field"": null, ""match_type"": ""no_match"", ""score"": 0.0}, {""component"": ""filter"", ""query_field"": ""date of beginning of radiotherapy"", ""matched_field"": null, ""match_type"": ""no_match"", ""score"": 0.0}, {""component"": ""output"", ""query_field"": ""reason for encounter"", ""matched_field"": null, ""match_type"": ""no_match"", ""score"": 0.0}, {""component"": ""output"", ""query_field"": ""date of beginning of radiotherapy"", ""matched_field"": null, ""match_type"": ""no_match"", ""score"": 0.0}, {""component"": ""sort"", ""query_field"": ""date of beginning of radiotherapy"", ""matched_field"": null, ""match_type"": ""no_match"", ""score"": 0.0}]",no_operator_awareness
Q21,W1_HCPA_EXPERT,Hard,False,0.0,"[""Nephrology / indicator of transplantation"", ""Nephrology / number of transplantations"", ""indicator of transplantation"", ""number of transplantations""]",[],ABSENT_OR_PRUNED_OR_MATCH_FAILED,"[{""component"": ""filter"", ""query_field"": ""indicator of transplantation"", ""matched_field"": null, ""match_type"": ""no_match"", ""score"": 0.0}, {""component"": ""filter"", ""query_field"": ""number of transplantations"", ""matched_field"": null, ""match_type"": ""no_match"", ""score"": 0.0}, {""component"": ""output"", ""query_field"": ""indicator of transplantation"", ""matched_field"": null, ""match_type"": ""no_match"", ""score"": 0.0}, {""component"": ""output"", ""query_field"": ""number of transplantations"", ""matched_field"": null, ""match_type"": ""no_match"", ""score"": 0.0}]",no_operator_awareness
Q22,W1_HCPA_EXPERT,Hard,False,0.0,"[""Dialysis / date of first dialysis"", ""Imaging / abdominal ultrasonography"", ""date of first dialysis"", ""abdominal ultrasonography"", ""date of first dialysis""]",[],ABSENT_OR_PRUNED_OR_MATCH_FAILED,"[{""component"": ""filter"", ""query_field"": ""date of first dialysis"", ""matched_field"": null, ""match_type"": ""no_match"", ""score"": 0.0}, {""component"": ""filter"", ""query_field"": ""abdominal ultrasonography"", ""matched_field"": null, ""match_type"": ""no_match"", ""score"": 0.0}, {""component"": ""output"", ""query_field"": ""date of first dialysis"", ""matched_field"": null, ""match_type"": ""no_match"", ""score"": 0.0}, {""component"": ""output"", ""query_field"": ""abdominal ultrasonography"", ""matched_field"": null, ""match_type"": ""no_match"", ""score"": 0.0}, {""component"": ""sort"", ""query_field"": ""date of first dialysis"", ""matched_field"": null, ""match_type"": ""no_match"", ""score"": 0.0}]",no_operator_awareness
Q23,W1_HCPA_EXPERT,Hard,False,0.0,"[""Follow-up / duration of follow-up months"", ""Bariatrics / body mass index"", ""duration of follow-up months"", ""body mass index"", ""duration of follow-up months""]",[],ABSENT_OR_PRUNED_OR_MATCH_FAILED,"[{""component"": ""filter"", ""query_field"": ""duration of follow-up months"", ""matched_field"": null, ""match_type"": ""no_match"", ""score"": 0.0}, {""component"": ""filter"", ""query_field"": ""body mass index"", ""matched_field"": null, ""match_type"": ""no_match"", ""score"": 0.0}, {""component"": ""output"", ""query_field"": ""duration of follow-up months"", ""matched_field"": null, ""match_type"": ""no_match"", ""score"": 0.0}, {""component"": ""output"", ""query_field"": ""body mass index"", ""matched_field"": null, ""match_type"": ""no_match"", ""score"": 0.0}, {""component"": ""sort"", ""query_field"": ""duration of follow-up months"", ""matched_field"": null, ""match_type"": ""no_match"", ""score"": 0.0}]",no_operator_awareness
Q24,W1_HCPA_EXPERT,Hard,False,0.0,"[""HCPA / General data / State"", ""HCPA / General data / reason for encounter"", ""HCPA / General data / patient age"", ""State"", ""reason for encounter"", ""patient age"", ""patient age""]",[],ABSENT_OR_PRUNED_OR_MATCH_FAILED,"[{""component"": ""filter"", ""query_field"": ""State"", ""matched_field"": null, ""match_type"": ""no_match"", ""score"": 0.0}, {""component"": ""filter"", ""query_field"": ""reason for encounter"", ""matched_field"": null, ""match_type"": ""no_match"", ""score"": 0.0}, {""component"": ""filter"", ""query_field"": ""patient age"", ""matched_field"": null, ""match_type"": ""no_match"", ""score"": 0.0}, {""component"": ""output"", ""query_field"": ""State"", ""matched_field"": null, ""match_type"": ""no_match"", ""score"": 0.0}, {""component"": ""output"", ""query_field"": ""reason for encounter"", ""matched_field"": null, ""match_type"": ""no_match"", ""score"": 0.0}, {""component"": ""output"", ""query_field"": ""patient age"", ""matched_field"": null, ""match_type"": ""no_match"", ""score"": 0.0}, {""component"": ""sort"", ""query_field"": ""patient age"", ""matched_field"": null, ""match_type"": ""no_match"", ""score"": 0.0}]",no_operator_awareness
Q25,W1_HCPA_EXPERT,Hard,False,0.0,"[""HCPA / General data / State"", ""HCPA / General data / reason for encounter"", ""Problem/Diagnosis / Problem"", ""State"", ""reason for encounter"", ""Problem""]",[],ABSENT_OR_PRUNED_OR_MATCH_FAILED,"[{""component"": ""filter"", ""query_field"": ""State"", ""matched_field"": null, ""match_type"": ""no_match"", ""score"": 0.0}, {""component"": ""filter"", ""query_field"": ""reason for encounter"", ""matched_field"": null, ""match_type"": ""no_match"", ""score"": 0.0}, {""component"": ""filter"", ""query_field"": ""Problem"", ""matched_field"": null, ""match_type"": ""no_match"", ""score"": 0.0}, {""component"": ""output"", ""query_field"": ""State"", ""matched_field"": null, ""match_type"": ""no_match"", ""score"": 0.0}, {""component"": ""output"", ""query_field"": ""reason for encounter"", ""matched_field"": null, ""match_type"": ""no_match"", ""score"": 0.0}, {""component"": ""output"", ""query_field"": ""Problem"", ""matched_field"": null, ""match_type"": ""no_match"", ""score"": 0.0}]",no_operator_awareness
Q26,W1_HCPA_EXPERT,Hard,False,0.0,"[""Problem/Diagnosis / Problem"", ""Problem/Diagnosis / Clinical staging"", ""Problem/Diagnosis / invaded regional lymph nodes"", ""Problem"", ""Clinical staging"", ""invaded regional lymph nodes""]",[],ABSENT_OR_PRUNED_OR_MATCH_FAILED,"[{""component"": ""filter"", ""query_field"": ""Problem"", ""matched_field"": null, ""match_type"": ""no_match"", ""score"": 0.0}, {""component"": ""filter"", ""query_field"": ""Clinical staging"", ""matched_field"": null, ""match_type"": ""no_match"", ""score"": 0.0}, {""component"": ""filter"", ""query_field"": ""invaded regional lymph nodes"", ""matched_field"": null, ""match_type"": ""no_match"", ""score"": 0.0}, {""component"": ""output"", ""query_field"": ""Problem"", ""matched_field"": null, ""match_type"": ""no_match"", ""score"": 0.0}, {""component"": ""output"", ""query_field"": ""Clinical staging"", ""matched_field"": null, ""match_type"": ""no_match"", ""score"": 0.0}, {""component"": ""output"", ""query_field"": ""invaded regional lymph nodes"", ""matched_field"": null, ""match_type"": ""no_match"", ""score"": 0.0}]",no_operator_awareness
Q27,W1_HCPA_EXPERT,Hard,False,0.0,"[""HCPA / chemotherapy / schema"", ""HCPA / chemotherapy / duration of treatment"", ""HCPA / chemotherapy / date of beginning of chemotherapy"", ""schema"", ""duration of treatment"", ""date of beginning of chemotherapy"", ""date of beginning of chemotherapy""]",[],ABSENT_OR_PRUNED_OR_MATCH_FAILED,"[{""component"": ""filter"", ""query_field"": ""schema"", ""matched_field"": null, ""match_type"": ""no_match"", ""score"": 0.0}, {""component"": ""filter"", ""query_field"": ""duration of treatment"", ""matched_field"": null, ""match_type"": ""no_match"", ""score"": 0.0}, {""component"": ""filter"", ""query_field"": ""date of beginning of chemotherapy"", ""matched_field"": null, ""match_type"": ""no_match"", ""score"": 0.0}, {""component"": ""output"", ""query_field"": ""schema"", ""matched_field"": null, ""match_type"": ""no_match"", ""score"": 0.0}, {""component"": ""output"", ""query_field"": ""duration of treatment"", ""matched_field"": null, ""match_type"": ""no_match"", ""score"": 0.0}, {""component"": ""output"", ""query_field"": ""date of beginning of chemotherapy"", ""matched_field"": null, ""match_type"": ""no_match"", ""score"": 0.0}, {""component"": ""sort"", ""query_field"": ""date of beginning of chemotherapy"", ""matched_field"": null, ""match_type"": ""no_match"", ""score"": 0.0}]",no_operator_awareness
Q28,W1_HCPA_EXPERT,Hard,False,0.0,"[""Procedure undertaken / Procedure"", ""Radiotherapy / irradiated area 1"", ""Procedure"", ""irradiated area 1""]",[],ABSENT_OR_PRUNED_OR_MATCH_FAILED,"[{""component"": ""filter"", ""query_field"": ""Procedure"", ""matched_field"": null, ""match_type"": ""no_match"", ""score"": 0.0}, {""component"": ""filter"", ""query_field"": ""irradiated area 1"", ""matched_field"": null, ""match_type"": ""no_match"", ""score"": 0.0}, {""component"": ""output"", ""query_field"": ""Procedure"", ""matched_field"": null, ""match_type"": ""no_match"", ""score"": 0.0}, {""component"": ""output"", ""query_field"": ""irradiated area 1"", ""matched_field"": null, ""match_type"": ""no_match"", ""score"": 0.0}]",no_operator_awareness
Q29,W1_HCPA_EXPERT,Hard,False,0.0,"[""Discharge / date of discharge"", ""Discharge / reason for discharge"", ""date of discharge"", ""reason for discharge""]",[],ABSENT_OR_PRUNED_OR_MATCH_FAILED,"[{""component"": ""filter"", ""query_field"": ""date of discharge"", ""matched_field"": null, ""match_type"": ""no_match"", ""score"": 0.0}, {""component"": ""filter"", ""query_field"": ""reason for discharge"", ""matched_field"": null, ""match_type"": ""no_match"", ""score"": 0.0}, {""component"": ""output"", ""query_field"": ""date of discharge"", ""matched_field"": null, ""match_type"": ""no_match"", ""score"": 0.0}, {""component"": ""output"", ""query_field"": ""reason for discharge"", ""matched_field"": null, ""match_type"": ""no_match"", ""score"": 0.0}]",no_operator_awareness
Q30,W1_HCPA_EXPERT,Hard,False,0.0,"[""Problem/Diagnosis / tumour topography"", ""Problem/Diagnosis / histopathological grading"", ""Problem/Diagnosis / date of pathological identification"", ""tumour topography"", ""histopathological grading"", ""date of pathological identification"", ""date of pathological identification""]",[],ABSENT_OR_PRUNED_OR_MATCH_FAILED,"[{""component"": ""filter"", ""query_field"": ""tumour topography"", ""matched_field"": null, ""match_type"": ""no_match"", ""score"": 0.0}, {""component"": ""filter"", ""query_field"": ""histopathological grading"", ""matched_field"": null, ""match_type"": ""no_match"", ""score"": 0.0}, {""component"": ""filter"", ""query_field"": ""date of pathological identification"", ""matched_field"": null, ""match_type"": ""no_match"", ""score"": 0.0}, {""component"": ""output"", ""query_field"": ""tumour topography"", ""matched_field"": null, ""match_type"": ""no_match"", ""score"": 0.0}, {""component"": ""output"", ""query_field"": ""histopathological grading"", ""matched_field"": null, ""match_type"": ""no_match"", ""score"": 0.0}, {""component"": ""output"", ""query_field"": ""date of pathological identification"", ""matched_field"": null, ""match_type"": ""no_match"", ""score"": 0.0}, {""component"": ""sort"", ""query_field"": ""date of pathological identification"", ""matched_field"": null, ""match_type"": ""no_match"", ""score"": 0.0}]",no_operator_awareness
D1,W2_DEMOGRAPHIC_EXPERT,Easy,False,0.0,"[""Demographic data / components / gender"", ""gender""]",[],ABSENT_OR_PRUNED_OR_MATCH_FAILED,"[{""component"": ""filter"", ""query_field"": ""gender"", ""matched_field"": null, ""match_type"": ""no_match"", ""score"": 0.0}, {""component"": ""output"", ""query_field"": ""gender"", ""matched_field"": null, ""match_type"": ""no_match"", ""score"": 0.0}]",no_operator_awareness
D2,W2_DEMOGRAPHIC_EXPERT,Easy,False,0.0,"[""Demographic data / components / gender"", ""gender"", ""birth date""]",[],ABSENT_OR_PRUNED_OR_MATCH_FAILED,"[{""component"": ""filter"", ""query_field"": ""gender"", ""matched_field"": null, ""match_type"": ""no_match"", ""score"": 0.0}, {""component"": ""output"", ""query_field"": ""gender"", ""matched_field"": null, ""match_type"": ""no_match"", ""score"": 0.0}, {""component"": ""output"", ""query_field"": ""birth date"", ""matched_field"": null, ""match_type"": ""no_match"", ""score"": 0.0}]",no_operator_awareness
D3,W2_DEMOGRAPHIC_EXPERT,Easy,False,0.0,"[""Demographic data / components / nationality"", ""nationality""]",[],ABSENT_OR_PRUNED_OR_MATCH_FAILED,"[{""component"": ""filter"", ""query_field"": ""nationality"", ""matched_field"": null, ""match_type"": ""no_match"", ""score"": 0.0}, {""component"": ""output"", ""query_field"": ""nationality"", ""matched_field"": null, ""match_type"": ""no_match"", ""score"": 0.0}]",no_operator_awareness
D4,W2_DEMOGRAPHIC_EXPERT,Easy,False,0.0,"[""Demographic data / components / race"", ""race""]",[],ABSENT_OR_PRUNED_OR_MATCH_FAILED,"[{""component"": ""filter"", ""query_field"": ""race"", ""matched_field"": null, ""match_type"": ""no_match"", ""score"": 0.0}, {""component"": ""output"", ""query_field"": ""race"", ""matched_field"": null, ""match_type"": ""no_match"", ""score"": 0.0}]",no_operator_awareness
D5,W2_DEMOGRAPHIC_EXPERT,Easy,False,0.0,"[""Demographic data / components / ethnic group"", ""ethnic group""]",[],ABSENT_OR_PRUNED_OR_MATCH_FAILED,"[{""component"": ""filter"", ""query_field"": ""ethnic group"", ""matched_field"": null, ""match_type"": ""no_match"", ""score"": 0.0}, {""component"": ""output"", ""query_field"": ""ethnic group"", ""matched_field"": null, ""match_type"": ""no_match"", ""score"": 0.0}]",no_operator_awareness
D6,W2_DEMOGRAPHIC_EXPERT,Easy,False,0.0,"[""Demographic data / components / birth date"", ""birth date""]",[],ABSENT_OR_PRUNED_OR_MATCH_FAILED,"[{""component"": ""filter"", ""query_field"": ""birth date"", ""matched_field"": null, ""match_type"": ""no_match"", ""score"": 0.0}, {""component"": ""output"", ""query_field"": ""birth date"", ""matched_field"": null, ""match_type"": ""no_match"", ""score"": 0.0}]",no_operator_awareness
D7,W2_DEMOGRAPHIC_EXPERT,Medium,False,0.0,"[""Demographic data / components / gender"", ""Demographic data / components / nationality"", ""gender"", ""nationality""]",[],ABSENT_OR_PRUNED_OR_MATCH_FAILED,"[{""component"": ""filter"", ""query_field"": ""gender"", ""matched_field"": null, ""match_type"": ""no_match"", ""score"": 0.0}, {""component"": ""filter"", ""query_field"": ""nationality"", ""matched_field"": null, ""match_type"": ""no_match"", ""score"": 0.0}, {""component"": ""output"", ""query_field"": ""gender"", ""matched_field"": null, ""match_type"": ""no_match"", ""score"": 0.0}, {""component"": ""output"", ""query_field"": ""nationality"", ""matched_field"": null, ""match_type"": ""no_match"", ""score"": 0.0}]",no_operator_awareness
D8,W2_DEMOGRAPHIC_EXPERT,Medium,False,0.0,"[""Demographic data / components / birth date"", ""Demographic data / components / gender"", ""birth date"", ""gender"", ""birth date""]",[],ABSENT_OR_PRUNED_OR_MATCH_FAILED,"[{""component"": ""filter"", ""query_field"": ""birth date"", ""matched_field"": null, ""match_type"": ""no_match"", ""score"": 0.0}, {""component"": ""filter"", ""query_field"": ""gender"", ""matched_field"": null, ""match_type"": ""no_match"", ""score"": 0.0}, {""component"": ""output"", ""query_field"": ""birth date"", ""matched_field"": null, ""match_type"": ""no_match"", ""score"": 0.0}, {""component"": ""output"", ""query_field"": ""gender"", ""matched_field"": null, ""match_type"": ""no_match"", ""score"": 0.0}, {""component"": ""sort"", ""query_field"": ""birth date"", ""matched_field"": null, ""match_type"": ""no_match"", ""score"": 0.0}]",no_operator_awareness
D9,W2_DEMOGRAPHIC_EXPERT,Medium,False,0.0,"[""Demographic data / components / educational level"", ""Demographic data / components / nationality"", ""educational level"", ""nationality""]",[],ABSENT_OR_PRUNED_OR_MATCH_FAILED,"[{""component"": ""filter"", ""query_field"": ""educational level"", ""matched_field"": null, ""match_type"": ""no_match"", ""score"": 0.0}, {""component"": ""filter"", ""query_field"": ""nationality"", ""matched_field"": null, ""match_type"": ""no_match"", ""score"": 0.0}, {""component"": ""output"", ""query_field"": ""educational level"", ""matched_field"": null, ""match_type"": ""no_match"", ""score"": 0.0}, {""component"": ""output"", ""query_field"": ""nationality"", ""matched_field"": null, ""match_type"": ""no_match"", ""score"": 0.0}]",no_operator_awareness
D10,W2_DEMOGRAPHIC_EXPERT,Medium,False,0.0,"[""Demographic data / components / race"", ""Demographic data / components / nationality"", ""race"", ""nationality""]",[],ABSENT_OR_PRUNED_OR_MATCH_FAILED,"[{""component"": ""filter"", ""query_field"": ""race"", ""matched_field"": null, ""match_type"": ""no_match"", ""score"": 0.0}, {""component"": ""filter"", ""query_field"": ""nationality"", ""matched_field"": null, ""match_type"": ""no_match"", ""score"": 0.0}, {""component"": ""output"", ""query_field"": ""race"", ""matched_field"": null, ""match_type"": ""no_match"", ""score"": 0.0}, {""component"": ""output"", ""query_field"": ""nationality"", ""matched_field"": null, ""match_type"": ""no_match"", ""score"": 0.0}]",no_operator_awareness
D11,W2_DEMOGRAPHIC_EXPERT,Hard,False,0.0,"[""Demographic data / components / race"", ""Demographic data / components / ethnic group"", ""Demographic data / components / nationality"", ""race"", ""ethnic group"", ""nationality""]",[],ABSENT_OR_PRUNED_OR_MATCH_FAILED,"[{""component"": ""filter"", ""query_field"": ""race"", ""matched_field"": null, ""match_type"": ""no_match"", ""score"": 0.0}, {""component"": ""filter"", ""query_field"": ""ethnic group"", ""matched_field"": null, ""match_type"": ""no_match"", ""score"": 0.0}, {""component"": ""filter"", ""query_field"": ""nationality"", ""matched_field"": null, ""match_type"": ""no_match"", ""score"": 0.0}, {""component"": ""output"", ""query_field"": ""race"", ""matched_field"": null, ""match_type"": ""no_match"", ""score"": 0.0}, {""component"": ""output"", ""query_field"": ""ethnic group"", ""matched_field"": null, ""match_type"": ""no_match"", ""score"": 0.0}, {""component"": ""output"", ""query_field"": ""nationality"", ""matched_field"": null, ""match_type"": ""no_match"", ""score"": 0.0}]",no_operator_awareness
D12,W2_DEMOGRAPHIC_EXPERT,Hard,False,0.0,"[""Demographic data / components / birth date"", ""Demographic data / components / gender"", ""Demographic data / components / nationality"", ""birth date"", ""gender"", ""nationality"", ""birth date""]",[],ABSENT_OR_PRUNED_OR_MATCH_FAILED,"[{""component"": ""filter"", ""query_field"": ""birth date"", ""matched_field"": null, ""match_type"": ""no_match"", ""score"": 0.0}, {""component"": ""filter"", ""query_field"": ""gender"", ""matched_field"": null, ""match_type"": ""no_match"", ""score"": 0.0}, {""component"": ""filter"", ""query_field"": ""nationality"", ""matched_field"": null, ""match_type"": ""no_match"", ""score"": 0.0}, {""component"": ""output"", ""query_field"": ""birth date"", ""matched_field"": null, ""match_type"": ""no_match"", ""score"": 0.0}, {""component"": ""output"", ""query_field"": ""gender"", ""matched_field"": null, ""match_type"": ""no_match"", ""score"": 0.0}, {""component"": ""output"", ""query_field"": ""nationality"", ""matched_field"": null, ""match_type"": ""no_match"", ""score"": 0.0}, {""component"": ""sort"", ""query_field"": ""birth date"", ""matched_field"": null, ""match_type"": ""no_match"", ""score"": 0.0}]",no_operator_awareness
Q1,W1_HCPA_EXPERT,Easy,False,0.0,"[""HCPA / General data / State"", ""State""]",[],ABSENT_OR_PRUNED_OR_MATCH_FAILED,"[{""component"": ""filter"", ""query_field"": ""State"", ""matched_field"": null, ""match_type"": ""no_match"", ""score"": 0.0}, {""component"": ""output"", ""query_field"": ""State"", ""matched_field"": null, ""match_type"": ""no_match"", ""score"": 0.0}]",no_pruning
Q2,W1_HCPA_EXPERT,Easy,False,0.0,"[""HCPA / General data / State"", ""State"", ""reason for encounter""]",[],ABSENT_OR_PRUNED_OR_MATCH_FAILED,"[{""component"": ""filter"", ""query_field"": ""State"", ""matched_field"": null, ""match_type"": ""no_match"", ""score"": 0.0}, {""component"": ""output"", ""query_field"": ""State"", ""matched_field"": null, ""match_type"": ""no_match"", ""score"": 0.0}, {""component"": ""output"", ""query_field"": ""reason for encounter"", ""matched_field"": null, ""match_type"": ""no_match"", ""score"": 0.0}]",no_pruning
Q3,W1_HCPA_EXPERT,Easy,False,0.0,"[""HCPA / General data / reason for encounter"", ""reason for encounter""]",[],ABSENT_OR_PRUNED_OR_MATCH_FAILED,"[{""component"": ""filter"", ""query_field"": ""reason for encounter"", ""matched_field"": null, ""match_type"": ""no_match"", ""score"": 0.0}, {""component"": ""output"", ""query_field"": ""reason for encounter"", ""matched_field"": null, ""match_type"": ""no_match"", ""score"": 0.0}]",no_pruning
Q4,W1_HCPA_EXPERT,Easy,False,0.0,"[""HCPA / General data / reason for encounter"", ""reason for encounter"", ""State"", ""patient age""]",[],ABSENT_OR_PRUNED_OR_MATCH_FAILED,"[{""component"": ""filter"", ""query_field"": ""reason for encounter"", ""matched_field"": null, ""match_type"": ""no_match"", ""score"": 0.0}, {""component"": ""output"", ""query_field"": ""reason for encounter"", ""matched_field"": null, ""match_type"": ""no_match"", ""score"": 0.0}, {""component"": ""output"", ""query_field"": ""State"", ""matched_field"": null, ""match_type"": ""no_match"", ""score"": 0.0}, {""component"": ""output"", ""query_field"": ""patient age"", ""matched_field"": null, ""match_type"": ""no_match"", ""score"": 0.0}]",no_pruning
Q5,W1_HCPA_EXPERT,Easy,False,0.0,"[""HCPA / General data / patient age"", ""patient age"", ""patient age""]",[],ABSENT_OR_PRUNED_OR_MATCH_FAILED,"[{""component"": ""filter"", ""query_field"": ""patient age"", ""matched_field"": null, ""match_type"": ""no_match"", ""score"": 0.0}, {""component"": ""output"", ""query_field"": ""patient age"", ""matched_field"": null, ""match_type"": ""no_match"", ""score"": 0.0}, {""component"": ""sort"", ""query_field"": ""patient age"", ""matched_field"": null, ""match_type"": ""no_match"", ""score"": 0.0}]",no_pruning
Q6,W1_HCPA_EXPERT,Easy,False,0.0,"[""HCPA / chemotherapy / schema"", ""schema""]",[],ABSENT_OR_PRUNED_OR_MATCH_FAILED,"[{""component"": ""filter"", ""query_field"": ""schema"", ""matched_field"": null, ""match_type"": ""no_match"", ""score"": 0.0}, {""component"": ""output"", ""query_field"": ""schema"", ""matched_field"": null, ""match_type"": ""no_match"", ""score"": 0.0}]",no_pruning
Q7,W1_HCPA_EXPERT,Easy,False,0.0,"[""Procedure undertaken / Procedure"", ""Procedure""]",[],ABSENT_OR_PRUNED_OR_MATCH_FAILED,"[{""component"": ""filter"", ""query_field"": ""Procedure"", ""matched_field"": null, ""match_type"": ""no_match"", ""score"": 0.0}, {""component"": ""output"", ""query_field"": ""Procedure"", ""matched_field"": null, ""match_type"": ""no_match"", ""score"": 0.0}]",no_pruning
Q8,W1_HCPA_EXPERT,Easy,False,0.0,"[""Problem/Diagnosis / Problem"", ""Problem""]",[],ABSENT_OR_PRUNED_OR_MATCH_FAILED,"[{""component"": ""filter"", ""query_field"": ""Problem"", ""matched_field"": null, ""match_type"": ""no_match"", ""score"": 0.0}, {""component"": ""output"", ""query_field"": ""Problem"", ""matched_field"": null, ""match_type"": ""no_match"", ""score"": 0.0}]",no_pruning
Q9,W1_HCPA_EXPERT,Easy,False,0.0,"[""Problem/Diagnosis / Clinical staging"", ""Clinical staging""]",[],ABSENT_OR_PRUNED_OR_MATCH_FAILED,"[{""component"": ""filter"", ""query_field"": ""Clinical staging"", ""matched_field"": null, ""match_type"": ""no_match"", ""score"": 0.0}, {""component"": ""output"", ""query_field"": ""Clinical staging"", ""matched_field"": null, ""match_type"": ""no_match"", ""score"": 0.0}]",no_pruning
Q10,W1_HCPA_EXPERT,Easy,False,0.0,"[""Problem/Diagnosis / invaded regional lymph nodes"", ""invaded regional lymph nodes""]",[],ABSENT_OR_PRUNED_OR_MATCH_FAILED,"[{""component"": ""filter"", ""query_field"": ""invaded regional lymph nodes"", ""matched_field"": null, ""match_type"": ""no_match"", ""score"": 0.0}, {""component"": ""output"", ""query_field"": ""invaded regional lymph nodes"", ""matched_field"": null, ""match_type"": ""no_match"", ""score"": 0.0}]",no_pruning
Q11,W1_HCPA_EXPERT,Medium,False,0.0,"[""HCPA / General data / State"", ""HCPA / General data / reason for encounter"", ""State"", ""reason for encounter""]",[],ABSENT_OR_PRUNED_OR_MATCH_FAILED,"[{""component"": ""filter"", ""query_field"": ""State"", ""matched_field"": null, ""match_type"": ""no_match"", ""score"": 0.0}, {""component"": ""filter"", ""query_field"": ""reason for encounter"", ""matched_field"": null, ""match_type"": ""no_match"", ""score"": 0.0}, {""component"": ""output"", ""query_field"": ""State"", ""matched_field"": null, ""match_type"": ""no_match"", ""score"": 0.0}, {""component"": ""output"", ""query_field"": ""reason for encounter"", ""matched_field"": null, ""match_type"": ""no_match"", ""score"": 0.0}]",no_pruning
Q12,W1_HCPA_EXPERT,Medium,False,0.0,"[""HCPA / General data / State"", ""HCPA / General data / reason for encounter"", ""State"", ""reason for encounter"", ""patient age""]",[],ABSENT_OR_PRUNED_OR_MATCH_FAILED,"[{""component"": ""filter"", ""query_field"": ""State"", ""matched_field"": null, ""match_type"": ""no_match"", ""score"": 0.0}, {""component"": ""filter"", ""query_field"": ""reason for encounter"", ""matched_field"": null, ""match_type"": ""no_match"", ""score"": 0.0}, {""component"": ""output"", ""query_field"": ""State"", ""matched_field"": null, ""match_type"": ""no_match"", ""score"": 0.0}, {""component"": ""output"", ""query_field"": ""reason for encounter"", ""matched_field"": null, ""match_type"": ""no_match"", ""score"": 0.0}, {""component"": ""output"", ""query_field"": ""patient age"", ""matched_field"": null, ""match_type"": ""no_match"", ""score"": 0.0}]",no_pruning
Q13,W1_HCPA_EXPERT,Medium,False,0.0,"[""HCPA / General data / patient age"", ""HCPA / General data / State"", ""patient age"", ""State"", ""patient age""]",[],ABSENT_OR_PRUNED_OR_MATCH_FAILED,"[{""component"": ""filter"", ""query_field"": ""patient age"", ""matched_field"": null, ""match_type"": ""no_match"", ""score"": 0.0}, {""component"": ""filter"", ""query_field"": ""State"", ""matched_field"": null, ""match_type"": ""no_match"", ""score"": 0.0}, {""component"": ""output"", ""query_field"": ""patient age"", ""matched_field"": null, ""match_type"": ""no_match"", ""score"": 0.0}, {""component"": ""output"", ""query_field"": ""State"", ""matched_field"": null, ""match_type"": ""no_match"", ""score"": 0.0}, {""component"": ""sort"", ""query_field"": ""patient age"", ""matched_field"": null, ""match_type"": ""no_match"", ""score"": 0.0}]",no_pruning
Q14,W1_HCPA_EXPERT,Medium,False,0.0,"[""HCPA / chemotherapy / schema"", ""HCPA / chemotherapy / duration of treatment"", ""schema"", ""duration of treatment"", ""duration of treatment""]",[],ABSENT_OR_PRUNED_OR_MATCH_FAILED,"[{""component"": ""filter"", ""query_field"": ""schema"", ""matched_field"": null, ""match_type"": ""no_match"", ""score"": 0.0}, {""component"": ""filter"", ""query_field"": ""duration of treatment"", ""matched_field"": null, ""match_type"": ""no_match"", ""score"": 0.0}, {""component"": ""output"", ""query_field"": ""schema"", ""matched_field"": null, ""match_type"": ""no_match"", ""score"": 0.0}, {""component"": ""output"", ""query_field"": ""duration of treatment"", ""matched_field"": null, ""match_type"": ""no_match"", ""score"": 0.0}, {""component"": ""sort"", ""query_field"": ""duration of treatment"", ""matched_field"": null, ""match_type"": ""no_match"", ""score"": 0.0}]",no_pruning
Q15,W1_HCPA_EXPERT,Medium,False,0.0,"[""Problem/Diagnosis / Problem"", ""Problem/Diagnosis / Clinical staging"", ""Problem"", ""Clinical staging""]",[],ABSENT_OR_PRUNED_OR_MATCH_FAILED,"[{""component"": ""filter"", ""query_field"": ""Problem"", ""matched_field"": null, ""match_type"": ""no_match"", ""score"": 0.0}, {""component"": ""filter"", ""query_field"": ""Clinical staging"", ""matched_field"": null, ""match_type"": ""no_match"", ""score"": 0.0}, {""component"": ""output"", ""query_field"": ""Problem"", ""matched_field"": null, ""match_type"": ""no_match"", ""score"": 0.0}, {""component"": ""output"", ""query_field"": ""Clinical staging"", ""matched_field"": null, ""match_type"": ""no_match"", ""score"": 0.0}]",no_pruning
Q16,W1_HCPA_EXPERT,Medium,False,0.0,"[""Problem/Diagnosis / Problem"", ""Procedure undertaken / Procedure"", ""Problem"", ""Procedure""]",[],ABSENT_OR_PRUNED_OR_MATCH_FAILED,"[{""component"": ""filter"", ""query_field"": ""Problem"", ""matched_field"": null, ""match_type"": ""no_match"", ""score"": 0.0}, {""component"": ""filter"", ""query_field"": ""Procedure"", ""matched_field"": null, ""match_type"": ""no_match"", ""score"": 0.0}, {""component"": ""output"", ""query_field"": ""Problem"", ""matched_field"": null, ""match_type"": ""no_match"", ""score"": 0.0}, {""component"": ""output"", ""query_field"": ""Procedure"", ""matched_field"": null, ""match_type"": ""no_match"", ""score"": 0.0}]",no_pruning
Q17,W1_HCPA_EXPERT,Medium,False,0.0,"[""Discharge / reason for discharge"", ""HCPA / General data / State"", ""reason for discharge"", ""State""]",[],ABSENT_OR_PRUNED_OR_MATCH_FAILED,"[{""component"": ""filter"", ""query_field"": ""reason for discharge"", ""matched_field"": null, ""match_type"": ""no_match"", ""score"": 0.0}, {""component"": ""filter"", ""query_field"": ""State"", ""matched_field"": null, ""match_type"": ""no_match"", ""score"": 0.0}, {""component"": ""output"", ""query_field"": ""reason for discharge"", ""matched_field"": null, ""match_type"": ""no_match"", ""score"": 0.0}, {""component"": ""output"", ""query_field"": ""State"", ""matched_field"": null, ""match_type"": ""no_match"", ""score"": 0.0}]",no_pruning
Q18,W1_HCPA_EXPERT,Medium,False,0.0,"[""Problem/Diagnosis / histopathological grading"", ""Problem/Diagnosis / Problem"", ""histopathological grading"", ""Problem""]",[],ABSENT_OR_PRUNED_OR_MATCH_FAILED,"[{""component"": ""filter"", ""query_field"": ""histopathological grading"", ""matched_field"": null, ""match_type"": ""no_match"", ""score"": 0.0}, {""component"": ""filter"", ""query_field"": ""Problem"", ""matched_field"": null, ""match_type"": ""no_match"", ""score"": 0.0}, {""component"": ""output"", ""query_field"": ""histopathological grading"", ""matched_field"": null, ""match_type"": ""no_match"", ""score"": 0.0}, {""component"": ""output"", ""query_field"": ""Problem"", ""matched_field"": null, ""match_type"": ""no_match"", ""score"": 0.0}]",no_pruning
Q19,W1_HCPA_EXPERT,Medium,False,0.0,"[""Problem/Diagnosis / tumour topography"", ""Problem/Diagnosis / invaded regional lymph nodes"", ""tumour topography"", ""invaded regional lymph nodes""]",[],ABSENT_OR_PRUNED_OR_MATCH_FAILED,"[{""component"": ""filter"", ""query_field"": ""tumour topography"", ""matched_field"": null, ""match_type"": ""no_match"", ""score"": 0.0}, {""component"": ""filter"", ""query_field"": ""invaded regional lymph nodes"", ""matched_field"": null, ""match_type"": ""no_match"", ""score"": 0.0}, {""component"": ""output"", ""query_field"": ""tumour topography"", ""matched_field"": null, ""match_type"": ""no_match"", ""score"": 0.0}, {""component"": ""output"", ""query_field"": ""invaded regional lymph nodes"", ""matched_field"": null, ""match_type"": ""no_match"", ""score"": 0.0}]",no_pruning
Q20,W1_HCPA_EXPERT,Medium,False,0.0,"[""HCPA / General data / reason for encounter"", ""HCPA / Radiotherapy / date of beginning of radiotherapy"", ""reason for encounter"", ""date of beginning of radiotherapy"", ""date of beginning of radiotherapy""]",[],ABSENT_OR_PRUNED_OR_MATCH_FAILED,"[{""component"": ""filter"", ""query_field"": ""reason for encounter"", ""matched_field"": null, ""match_type"": ""no_match"", ""score"": 0.0}, {""component"": ""filter"", ""query_field"": ""date of beginning of radiotherapy"", ""matched_field"": null, ""match_type"": ""no_match"", ""score"": 0.0}, {""component"": ""output"", ""query_field"": ""reason for encounter"", ""matched_field"": null, ""match_type"": ""no_match"", ""score"": 0.0}, {""component"": ""output"", ""query_field"": ""date of beginning of radiotherapy"", ""matched_field"": null, ""match_type"": ""no_match"", ""score"": 0.0}, {""component"": ""sort"", ""query_field"": ""date of beginning of radiotherapy"", ""matched_field"": null, ""match_type"": ""no_match"", ""score"": 0.0}]",no_pruning
Q21,W1_HCPA_EXPERT,Hard,False,0.0,"[""Nephrology / indicator of transplantation"", ""Nephrology / number of transplantations"", ""indicator of transplantation"", ""number of transplantations""]",[],ABSENT_OR_PRUNED_OR_MATCH_FAILED,"[{""component"": ""filter"", ""query_field"": ""indicator of transplantation"", ""matched_field"": null, ""match_type"": ""no_match"", ""score"": 0.0}, {""component"": ""filter"", ""query_field"": ""number of transplantations"", ""matched_field"": null, ""match_type"": ""no_match"", ""score"": 0.0}, {""component"": ""output"", ""query_field"": ""indicator of transplantation"", ""matched_field"": null, ""match_type"": ""no_match"", ""score"": 0.0}, {""component"": ""output"", ""query_field"": ""number of transplantations"", ""matched_field"": null, ""match_type"": ""no_match"", ""score"": 0.0}]",no_pruning
Q22,W1_HCPA_EXPERT,Hard,False,0.0,"[""Dialysis / date of first dialysis"", ""Imaging / abdominal ultrasonography"", ""date of first dialysis"", ""abdominal ultrasonography"", ""date of first dialysis""]",[],ABSENT_OR_PRUNED_OR_MATCH_FAILED,"[{""component"": ""filter"", ""query_field"": ""date of first dialysis"", ""matched_field"": null, ""match_type"": ""no_match"", ""score"": 0.0}, {""component"": ""filter"", ""query_field"": ""abdominal ultrasonography"", ""matched_field"": null, ""match_type"": ""no_match"", ""score"": 0.0}, {""component"": ""output"", ""query_field"": ""date of first dialysis"", ""matched_field"": null, ""match_type"": ""no_match"", ""score"": 0.0}, {""component"": ""output"", ""query_field"": ""abdominal ultrasonography"", ""matched_field"": null, ""match_type"": ""no_match"", ""score"": 0.0}, {""component"": ""sort"", ""query_field"": ""date of first dialysis"", ""matched_field"": null, ""match_type"": ""no_match"", ""score"": 0.0}]",no_pruning
Q23,W1_HCPA_EXPERT,Hard,False,0.0,"[""Follow-up / duration of follow-up months"", ""Bariatrics / body mass index"", ""duration of follow-up months"", ""body mass index"", ""duration of follow-up months""]",[],ABSENT_OR_PRUNED_OR_MATCH_FAILED,"[{""component"": ""filter"", ""query_field"": ""duration of follow-up months"", ""matched_field"": null, ""match_type"": ""no_match"", ""score"": 0.0}, {""component"": ""filter"", ""query_field"": ""body mass index"", ""matched_field"": null, ""match_type"": ""no_match"", ""score"": 0.0}, {""component"": ""output"", ""query_field"": ""duration of follow-up months"", ""matched_field"": null, ""match_type"": ""no_match"", ""score"": 0.0}, {""component"": ""output"", ""query_field"": ""body mass index"", ""matched_field"": null, ""match_type"": ""no_match"", ""score"": 0.0}, {""component"": ""sort"", ""query_field"": ""duration of follow-up months"", ""matched_field"": null, ""match_type"": ""no_match"", ""score"": 0.0}]",no_pruning
Q24,W1_HCPA_EXPERT,Hard,False,0.0,"[""HCPA / General data / State"", ""HCPA / General data / reason for encounter"", ""HCPA / General data / patient age"", ""State"", ""reason for encounter"", ""patient age"", ""patient age""]",[],ABSENT_OR_PRUNED_OR_MATCH_FAILED,"[{""component"": ""filter"", ""query_field"": ""State"", ""matched_field"": null, ""match_type"": ""no_match"", ""score"": 0.0}, {""component"": ""filter"", ""query_field"": ""reason for encounter"", ""matched_field"": null, ""match_type"": ""no_match"", ""score"": 0.0}, {""component"": ""filter"", ""query_field"": ""patient age"", ""matched_field"": null, ""match_type"": ""no_match"", ""score"": 0.0}, {""component"": ""output"", ""query_field"": ""State"", ""matched_field"": null, ""match_type"": ""no_match"", ""score"": 0.0}, {""component"": ""output"", ""query_field"": ""reason for encounter"", ""matched_field"": null, ""match_type"": ""no_match"", ""score"": 0.0}, {""component"": ""output"", ""query_field"": ""patient age"", ""matched_field"": null, ""match_type"": ""no_match"", ""score"": 0.0}, {""component"": ""sort"", ""query_field"": ""patient age"", ""matched_field"": null, ""match_type"": ""no_match"", ""score"": 0.0}]",no_pruning
Q25,W1_HCPA_EXPERT,Hard,False,0.0,"[""HCPA / General data / State"", ""HCPA / General data / reason for encounter"", ""Problem/Diagnosis / Problem"", ""State"", ""reason for encounter"", ""Problem""]",[],ABSENT_OR_PRUNED_OR_MATCH_FAILED,"[{""component"": ""filter"", ""query_field"": ""State"", ""matched_field"": null, ""match_type"": ""no_match"", ""score"": 0.0}, {""component"": ""filter"", ""query_field"": ""reason for encounter"", ""matched_field"": null, ""match_type"": ""no_match"", ""score"": 0.0}, {""component"": ""filter"", ""query_field"": ""Problem"", ""matched_field"": null, ""match_type"": ""no_match"", ""score"": 0.0}, {""component"": ""output"", ""query_field"": ""State"", ""matched_field"": null, ""match_type"": ""no_match"", ""score"": 0.0}, {""component"": ""output"", ""query_field"": ""reason for encounter"", ""matched_field"": null, ""match_type"": ""no_match"", ""score"": 0.0}, {""component"": ""output"", ""query_field"": ""Problem"", ""matched_field"": null, ""match_type"": ""no_match"", ""score"": 0.0}]",no_pruning
Q26,W1_HCPA_EXPERT,Hard,False,0.0,"[""Problem/Diagnosis / Problem"", ""Problem/Diagnosis / Clinical staging"", ""Problem/Diagnosis / invaded regional lymph nodes"", ""Problem"", ""Clinical staging"", ""invaded regional lymph nodes""]",[],ABSENT_OR_PRUNED_OR_MATCH_FAILED,"[{""component"": ""filter"", ""query_field"": ""Problem"", ""matched_field"": null, ""match_type"": ""no_match"", ""score"": 0.0}, {""component"": ""filter"", ""query_field"": ""Clinical staging"", ""matched_field"": null, ""match_type"": ""no_match"", ""score"": 0.0}, {""component"": ""filter"", ""query_field"": ""invaded regional lymph nodes"", ""matched_field"": null, ""match_type"": ""no_match"", ""score"": 0.0}, {""component"": ""output"", ""query_field"": ""Problem"", ""matched_field"": null, ""match_type"": ""no_match"", ""score"": 0.0}, {""component"": ""output"", ""query_field"": ""Clinical staging"", ""matched_field"": null, ""match_type"": ""no_match"", ""score"": 0.0}, {""component"": ""output"", ""query_field"": ""invaded regional lymph nodes"", ""matched_field"": null, ""match_type"": ""no_match"", ""score"": 0.0}]",no_pruning
Q27,W1_HCPA_EXPERT,Hard,False,0.0,"[""HCPA / chemotherapy / schema"", ""HCPA / chemotherapy / duration of treatment"", ""HCPA / chemotherapy / date of beginning of chemotherapy"", ""schema"", ""duration of treatment"", ""date of beginning of chemotherapy"", ""date of beginning of chemotherapy""]",[],ABSENT_OR_PRUNED_OR_MATCH_FAILED,"[{""component"": ""filter"", ""query_field"": ""schema"", ""matched_field"": null, ""match_type"": ""no_match"", ""score"": 0.0}, {""component"": ""filter"", ""query_field"": ""duration of treatment"", ""matched_field"": null, ""match_type"": ""no_match"", ""score"": 0.0}, {""component"": ""filter"", ""query_field"": ""date of beginning of chemotherapy"", ""matched_field"": null, ""match_type"": ""no_match"", ""score"": 0.0}, {""component"": ""output"", ""query_field"": ""schema"", ""matched_field"": null, ""match_type"": ""no_match"", ""score"": 0.0}, {""component"": ""output"", ""query_field"": ""duration of treatment"", ""matched_field"": null, ""match_type"": ""no_match"", ""score"": 0.0}, {""component"": ""output"", ""query_field"": ""date of beginning of chemotherapy"", ""matched_field"": null, ""match_type"": ""no_match"", ""score"": 0.0}, {""component"": ""sort"", ""query_field"": ""date of beginning of chemotherapy"", ""matched_field"": null, ""match_type"": ""no_match"", ""score"": 0.0}]",no_pruning
Q28,W1_HCPA_EXPERT,Hard,False,0.0,"[""Procedure undertaken / Procedure"", ""Radiotherapy / irradiated area 1"", ""Procedure"", ""irradiated area 1""]",[],ABSENT_OR_PRUNED_OR_MATCH_FAILED,"[{""component"": ""filter"", ""query_field"": ""Procedure"", ""matched_field"": null, ""match_type"": ""no_match"", ""score"": 0.0}, {""component"": ""filter"", ""query_field"": ""irradiated area 1"", ""matched_field"": null, ""match_type"": ""no_match"", ""score"": 0.0}, {""component"": ""output"", ""query_field"": ""Procedure"", ""matched_field"": null, ""match_type"": ""no_match"", ""score"": 0.0}, {""component"": ""output"", ""query_field"": ""irradiated area 1"", ""matched_field"": null, ""match_type"": ""no_match"", ""score"": 0.0}]",no_pruning
Q29,W1_HCPA_EXPERT,Hard,False,0.0,"[""Discharge / date of discharge"", ""Discharge / reason for discharge"", ""date of discharge"", ""reason for discharge""]",[],ABSENT_OR_PRUNED_OR_MATCH_FAILED,"[{""component"": ""filter"", ""query_field"": ""date of discharge"", ""matched_field"": null, ""match_type"": ""no_match"", ""score"": 0.0}, {""component"": ""filter"", ""query_field"": ""reason for discharge"", ""matched_field"": null, ""match_type"": ""no_match"", ""score"": 0.0}, {""component"": ""output"", ""query_field"": ""date of discharge"", ""matched_field"": null, ""match_type"": ""no_match"", ""score"": 0.0}, {""component"": ""output"", ""query_field"": ""reason for discharge"", ""matched_field"": null, ""match_type"": ""no_match"", ""score"": 0.0}]",no_pruning
Q30,W1_HCPA_EXPERT,Hard,False,0.0,"[""Problem/Diagnosis / tumour topography"", ""Problem/Diagnosis / histopathological grading"", ""Problem/Diagnosis / date of pathological identification"", ""tumour topography"", ""histopathological grading"", ""date of pathological identification"", ""date of pathological identification""]",[],ABSENT_OR_PRUNED_OR_MATCH_FAILED,"[{""component"": ""filter"", ""query_field"": ""tumour topography"", ""matched_field"": null, ""match_type"": ""no_match"", ""score"": 0.0}, {""component"": ""filter"", ""query_field"": ""histopathological grading"", ""matched_field"": null, ""match_type"": ""no_match"", ""score"": 0.0}, {""component"": ""filter"", ""query_field"": ""date of pathological identification"", ""matched_field"": null, ""match_type"": ""no_match"", ""score"": 0.0}, {""component"": ""output"", ""query_field"": ""tumour topography"", ""matched_field"": null, ""match_type"": ""no_match"", ""score"": 0.0}, {""component"": ""output"", ""query_field"": ""histopathological grading"", ""matched_field"": null, ""match_type"": ""no_match"", ""score"": 0.0}, {""component"": ""output"", ""query_field"": ""date of pathological identification"", ""matched_field"": null, ""match_type"": ""no_match"", ""score"": 0.0}, {""component"": ""sort"", ""query_field"": ""date of pathological identification"", ""matched_field"": null, ""match_type"": ""no_match"", ""score"": 0.0}]",no_pruning
D1,W2_DEMOGRAPHIC_EXPERT,Easy,False,0.0,"[""Demographic data / components / gender"", ""gender""]",[],ABSENT_OR_PRUNED_OR_MATCH_FAILED,"[{""component"": ""filter"", ""query_field"": ""gender"", ""matched_field"": null, ""match_type"": ""no_match"", ""score"": 0.0}, {""component"": ""output"", ""query_field"": ""gender"", ""matched_field"": null, ""match_type"": ""no_match"", ""score"": 0.0}]",no_pruning
D2,W2_DEMOGRAPHIC_EXPERT,Easy,False,0.0,"[""Demographic data / components / gender"", ""gender"", ""birth date""]",[],ABSENT_OR_PRUNED_OR_MATCH_FAILED,"[{""component"": ""filter"", ""query_field"": ""gender"", ""matched_field"": null, ""match_type"": ""no_match"", ""score"": 0.0}, {""component"": ""output"", ""query_field"": ""gender"", ""matched_field"": null, ""match_type"": ""no_match"", ""score"": 0.0}, {""component"": ""output"", ""query_field"": ""birth date"", ""matched_field"": null, ""match_type"": ""no_match"", ""score"": 0.0}]",no_pruning
D3,W2_DEMOGRAPHIC_EXPERT,Easy,False,0.0,"[""Demographic data / components / nationality"", ""nationality""]",[],ABSENT_OR_PRUNED_OR_MATCH_FAILED,"[{""component"": ""filter"", ""query_field"": ""nationality"", ""matched_field"": null, ""match_type"": ""no_match"", ""score"": 0.0}, {""component"": ""output"", ""query_field"": ""nationality"", ""matched_field"": null, ""match_type"": ""no_match"", ""score"": 0.0}]",no_pruning
D4,W2_DEMOGRAPHIC_EXPERT,Easy,False,0.0,"[""Demographic data / components / race"", ""race""]",[],ABSENT_OR_PRUNED_OR_MATCH_FAILED,"[{""component"": ""filter"", ""query_field"": ""race"", ""matched_field"": null, ""match_type"": ""no_match"", ""score"": 0.0}, {""component"": ""output"", ""query_field"": ""race"", ""matched_field"": null, ""match_type"": ""no_match"", ""score"": 0.0}]",no_pruning
D5,W2_DEMOGRAPHIC_EXPERT,Easy,False,0.0,"[""Demographic data / components / ethnic group"", ""ethnic group""]",[],ABSENT_OR_PRUNED_OR_MATCH_FAILED,"[{""component"": ""filter"", ""query_field"": ""ethnic group"", ""matched_field"": null, ""match_type"": ""no_match"", ""score"": 0.0}, {""component"": ""output"", ""query_field"": ""ethnic group"", ""matched_field"": null, ""match_type"": ""no_match"", ""score"": 0.0}]",no_pruning
D6,W2_DEMOGRAPHIC_EXPERT,Easy,False,0.0,"[""Demographic data / components / birth date"", ""birth date""]",[],ABSENT_OR_PRUNED_OR_MATCH_FAILED,"[{""component"": ""filter"", ""query_field"": ""birth date"", ""matched_field"": null, ""match_type"": ""no_match"", ""score"": 0.0}, {""component"": ""output"", ""query_field"": ""birth date"", ""matched_field"": null, ""match_type"": ""no_match"", ""score"": 0.0}]",no_pruning
D7,W2_DEMOGRAPHIC_EXPERT,Medium,False,0.0,"[""Demographic data / components / gender"", ""Demographic data / components / nationality"", ""gender"", ""nationality""]",[],ABSENT_OR_PRUNED_OR_MATCH_FAILED,"[{""component"": ""filter"", ""query_field"": ""gender"", ""matched_field"": null, ""match_type"": ""no_match"", ""score"": 0.0}, {""component"": ""filter"", ""query_field"": ""nationality"", ""matched_field"": null, ""match_type"": ""no_match"", ""score"": 0.0}, {""component"": ""output"", ""query_field"": ""gender"", ""matched_field"": null, ""match_type"": ""no_match"", ""score"": 0.0}, {""component"": ""output"", ""query_field"": ""nationality"", ""matched_field"": null, ""match_type"": ""no_match"", ""score"": 0.0}]",no_pruning
D8,W2_DEMOGRAPHIC_EXPERT,Medium,False,0.0,"[""Demographic data / components / birth date"", ""Demographic data / components / gender"", ""birth date"", ""gender"", ""birth date""]",[],ABSENT_OR_PRUNED_OR_MATCH_FAILED,"[{""component"": ""filter"", ""query_field"": ""birth date"", ""matched_field"": null, ""match_type"": ""no_match"", ""score"": 0.0}, {""component"": ""filter"", ""query_field"": ""gender"", ""matched_field"": null, ""match_type"": ""no_match"", ""score"": 0.0}, {""component"": ""output"", ""query_field"": ""birth date"", ""matched_field"": null, ""match_type"": ""no_match"", ""score"": 0.0}, {""component"": ""output"", ""query_field"": ""gender"", ""matched_field"": null, ""match_type"": ""no_match"", ""score"": 0.0}, {""component"": ""sort"", ""query_field"": ""birth date"", ""matched_field"": null, ""match_type"": ""no_match"", ""score"": 0.0}]",no_pruning
D9,W2_DEMOGRAPHIC_EXPERT,Medium,False,0.0,"[""Demographic data / components / educational level"", ""Demographic data / components / nationality"", ""educational level"", ""nationality""]",[],ABSENT_OR_PRUNED_OR_MATCH_FAILED,"[{""component"": ""filter"", ""query_field"": ""educational level"", ""matched_field"": null, ""match_type"": ""no_match"", ""score"": 0.0}, {""component"": ""filter"", ""query_field"": ""nationality"", ""matched_field"": null, ""match_type"": ""no_match"", ""score"": 0.0}, {""component"": ""output"", ""query_field"": ""educational level"", ""matched_field"": null, ""match_type"": ""no_match"", ""score"": 0.0}, {""component"": ""output"", ""query_field"": ""nationality"", ""matched_field"": null, ""match_type"": ""no_match"", ""score"": 0.0}]",no_pruning
D10,W2_DEMOGRAPHIC_EXPERT,Medium,False,0.0,"[""Demographic data / components / race"", ""Demographic data / components / nationality"", ""race"", ""nationality""]",[],ABSENT_OR_PRUNED_OR_MATCH_FAILED,"[{""component"": ""filter"", ""query_field"": ""race"", ""matched_field"": null, ""match_type"": ""no_match"", ""score"": 0.0}, {""component"": ""filter"", ""query_field"": ""nationality"", ""matched_field"": null, ""match_type"": ""no_match"", ""score"": 0.0}, {""component"": ""output"", ""query_field"": ""race"", ""matched_field"": null, ""match_type"": ""no_match"", ""score"": 0.0}, {""component"": ""output"", ""query_field"": ""nationality"", ""matched_field"": null, ""match_type"": ""no_match"", ""score"": 0.0}]",no_pruning
D11,W2_DEMOGRAPHIC_EXPERT,Hard,False,0.0,"[""Demographic data / components / race"", ""Demographic data / components / ethnic group"", ""Demographic data / components / nationality"", ""race"", ""ethnic group"", ""nationality""]",[],ABSENT_OR_PRUNED_OR_MATCH_FAILED,"[{""component"": ""filter"", ""query_field"": ""race"", ""matched_field"": null, ""match_type"": ""no_match"", ""score"": 0.0}, {""component"": ""filter"", ""query_field"": ""ethnic group"", ""matched_field"": null, ""match_type"": ""no_match"", ""score"": 0.0}, {""component"": ""filter"", ""query_field"": ""nationality"", ""matched_field"": null, ""match_type"": ""no_match"", ""score"": 0.0}, {""component"": ""output"", ""query_field"": ""race"", ""matched_field"": null, ""match_type"": ""no_match"", ""score"": 0.0}, {""component"": ""output"", ""query_field"": ""ethnic group"", ""matched_field"": null, ""match_type"": ""no_match"", ""score"": 0.0}, {""component"": ""output"", ""query_field"": ""nationality"", ""matched_field"": null, ""match_type"": ""no_match"", ""score"": 0.0}]",no_pruning
D12,W2_DEMOGRAPHIC_EXPERT,Hard,False,0.0,"[""Demographic data / components / birth date"", ""Demographic data / components / gender"", ""Demographic data / components / nationality"", ""birth date"", ""gender"", ""nationality"", ""birth date""]",[],ABSENT_OR_PRUNED_OR_MATCH_FAILED,"[{""component"": ""filter"", ""query_field"": ""birth date"", ""matched_field"": null, ""match_type"": ""no_match"", ""score"": 0.0}, {""component"": ""filter"", ""query_field"": ""gender"", ""matched_field"": null, ""match_type"": ""no_match"", ""score"": 0.0}, {""component"": ""filter"", ""query_field"": ""nationality"", ""matched_field"": null, ""match_type"": ""no_match"", ""score"": 0.0}, {""component"": ""output"", ""query_field"": ""birth date"", ""matched_field"": null, ""match_type"": ""no_match"", ""score"": 0.0}, {""component"": ""output"", ""query_field"": ""gender"", ""matched_field"": null, ""match_type"": ""no_match"", ""score"": 0.0}, {""component"": ""output"", ""query_field"": ""nationality"", ""matched_field"": null, ""match_type"": ""no_match"", ""score"": 0.0}, {""component"": ""sort"", ""query_field"": ""birth date"", ""matched_field"": null, ""match_type"": ""no_match"", ""score"": 0.0}]",no_pruning
Q1,W1_HCPA_EXPERT,Easy,False,0.0,"[""HCPA / General data / State"", ""State""]",[],ABSENT_OR_PRUNED_OR_MATCH_FAILED,"[{""component"": ""filter"", ""query_field"": ""State"", ""matched_field"": null, ""match_type"": ""no_match"", ""score"": 0.0}, {""component"": ""output"", ""query_field"": ""State"", ""matched_field"": null, ""match_type"": ""no_match"", ""score"": 0.0}]",random_topk_1
Q2,W1_HCPA_EXPERT,Easy,False,0.0,"[""HCPA / General data / State"", ""State"", ""reason for encounter""]",[],ABSENT_OR_PRUNED_OR_MATCH_FAILED,"[{""component"": ""filter"", ""query_field"": ""State"", ""matched_field"": null, ""match_type"": ""no_match"", ""score"": 0.0}, {""component"": ""output"", ""query_field"": ""State"", ""matched_field"": null, ""match_type"": ""no_match"", ""score"": 0.0}, {""component"": ""output"", ""query_field"": ""reason for encounter"", ""matched_field"": null, ""match_type"": ""no_match"", ""score"": 0.0}]",random_topk_1
Q3,W1_HCPA_EXPERT,Easy,False,0.0,"[""HCPA / General data / reason for encounter"", ""reason for encounter""]",[],ABSENT_OR_PRUNED_OR_MATCH_FAILED,"[{""component"": ""filter"", ""query_field"": ""reason for encounter"", ""matched_field"": null, ""match_type"": ""no_match"", ""score"": 0.0}, {""component"": ""output"", ""query_field"": ""reason for encounter"", ""matched_field"": null, ""match_type"": ""no_match"", ""score"": 0.0}]",random_topk_1
Q4,W1_HCPA_EXPERT,Easy,False,0.0,"[""HCPA / General data / reason for encounter"", ""reason for encounter"", ""State"", ""patient age""]",[],ABSENT_OR_PRUNED_OR_MATCH_FAILED,"[{""component"": ""filter"", ""query_field"": ""reason for encounter"", ""matched_field"": null, ""match_type"": ""no_match"", ""score"": 0.0}, {""component"": ""output"", ""query_field"": ""reason for encounter"", ""matched_field"": null, ""match_type"": ""no_match"", ""score"": 0.0}, {""component"": ""output"", ""query_field"": ""State"", ""matched_field"": null, ""match_type"": ""no_match"", ""score"": 0.0}, {""component"": ""output"", ""query_field"": ""patient age"", ""matched_field"": null, ""match_type"": ""no_match"", ""score"": 0.0}]",random_topk_1
Q5,W1_HCPA_EXPERT,Easy,False,0.0,"[""HCPA / General data / patient age"", ""patient age"", ""patient age""]",[],ABSENT_OR_PRUNED_OR_MATCH_FAILED,"[{""component"": ""filter"", ""query_field"": ""patient age"", ""matched_field"": null, ""match_type"": ""no_match"", ""score"": 0.0}, {""component"": ""output"", ""query_field"": ""patient age"", ""matched_field"": null, ""match_type"": ""no_match"", ""score"": 0.0}, {""component"": ""sort"", ""query_field"": ""patient age"", ""matched_field"": null, ""match_type"": ""no_match"", ""score"": 0.0}]",random_topk_1
Q6,W1_HCPA_EXPERT,Easy,False,0.0,"[""HCPA / chemotherapy / schema"", ""schema""]",[],ABSENT_OR_PRUNED_OR_MATCH_FAILED,"[{""component"": ""filter"", ""query_field"": ""schema"", ""matched_field"": null, ""match_type"": ""no_match"", ""score"": 0.0}, {""component"": ""output"", ""query_field"": ""schema"", ""matched_field"": null, ""match_type"": ""no_match"", ""score"": 0.0}]",random_topk_1
Q7,W1_HCPA_EXPERT,Easy,False,0.0,"[""Procedure undertaken / Procedure"", ""Procedure""]",[],ABSENT_OR_PRUNED_OR_MATCH_FAILED,"[{""component"": ""filter"", ""query_field"": ""Procedure"", ""matched_field"": null, ""match_type"": ""no_match"", ""score"": 0.0}, {""component"": ""output"", ""query_field"": ""Procedure"", ""matched_field"": null, ""match_type"": ""no_match"", ""score"": 0.0}]",random_topk_1
Q8,W1_HCPA_EXPERT,Easy,False,0.0,"[""Problem/Diagnosis / Problem"", ""Problem""]",[],ABSENT_OR_PRUNED_OR_MATCH_FAILED,"[{""component"": ""filter"", ""query_field"": ""Problem"", ""matched_field"": null, ""match_type"": ""no_match"", ""score"": 0.0}, {""component"": ""output"", ""query_field"": ""Problem"", ""matched_field"": null, ""match_type"": ""no_match"", ""score"": 0.0}]",random_topk_1
Q9,W1_HCPA_EXPERT,Easy,False,0.0,"[""Problem/Diagnosis / Clinical staging"", ""Clinical staging""]",[],ABSENT_OR_PRUNED_OR_MATCH_FAILED,"[{""component"": ""filter"", ""query_field"": ""Clinical staging"", ""matched_field"": null, ""match_type"": ""no_match"", ""score"": 0.0}, {""component"": ""output"", ""query_field"": ""Clinical staging"", ""matched_field"": null, ""match_type"": ""no_match"", ""score"": 0.0}]",random_topk_1
Q10,W1_HCPA_EXPERT,Easy,False,0.0,"[""Problem/Diagnosis / invaded regional lymph nodes"", ""invaded regional lymph nodes""]",[],ABSENT_OR_PRUNED_OR_MATCH_FAILED,"[{""component"": ""filter"", ""query_field"": ""invaded regional lymph nodes"", ""matched_field"": null, ""match_type"": ""no_match"", ""score"": 0.0}, {""component"": ""output"", ""query_field"": ""invaded regional lymph nodes"", ""matched_field"": null, ""match_type"": ""no_match"", ""score"": 0.0}]",random_topk_1
Q11,W1_HCPA_EXPERT,Medium,False,0.0,"[""HCPA / General data / State"", ""HCPA / General data / reason for encounter"", ""State"", ""reason for encounter""]",[],ABSENT_OR_PRUNED_OR_MATCH_FAILED,"[{""component"": ""filter"", ""query_field"": ""State"", ""matched_field"": null, ""match_type"": ""no_match"", ""score"": 0.0}, {""component"": ""filter"", ""query_field"": ""reason for encounter"", ""matched_field"": null, ""match_type"": ""no_match"", ""score"": 0.0}, {""component"": ""output"", ""query_field"": ""State"", ""matched_field"": null, ""match_type"": ""no_match"", ""score"": 0.0}, {""component"": ""output"", ""query_field"": ""reason for encounter"", ""matched_field"": null, ""match_type"": ""no_match"", ""score"": 0.0}]",random_topk_1
Q12,W1_HCPA_EXPERT,Medium,False,0.0,"[""HCPA / General data / State"", ""HCPA / General data / reason for encounter"", ""State"", ""reason for encounter"", ""patient age""]",[],ABSENT_OR_PRUNED_OR_MATCH_FAILED,"[{""component"": ""filter"", ""query_field"": ""State"", ""matched_field"": null, ""match_type"": ""no_match"", ""score"": 0.0}, {""component"": ""filter"", ""query_field"": ""reason for encounter"", ""matched_field"": null, ""match_type"": ""no_match"", ""score"": 0.0}, {""component"": ""output"", ""query_field"": ""State"", ""matched_field"": null, ""match_type"": ""no_match"", ""score"": 0.0}, {""component"": ""output"", ""query_field"": ""reason for encounter"", ""matched_field"": null, ""match_type"": ""no_match"", ""score"": 0.0}, {""component"": ""output"", ""query_field"": ""patient age"", ""matched_field"": null, ""match_type"": ""no_match"", ""score"": 0.0}]",random_topk_1
Q13,W1_HCPA_EXPERT,Medium,False,0.0,"[""HCPA / General data / patient age"", ""HCPA / General data / State"", ""patient age"", ""State"", ""patient age""]",[],ABSENT_OR_PRUNED_OR_MATCH_FAILED,"[{""component"": ""filter"", ""query_field"": ""patient age"", ""matched_field"": null, ""match_type"": ""no_match"", ""score"": 0.0}, {""component"": ""filter"", ""query_field"": ""State"", ""matched_field"": null, ""match_type"": ""no_match"", ""score"": 0.0}, {""component"": ""output"", ""query_field"": ""patient age"", ""matched_field"": null, ""match_type"": ""no_match"", ""score"": 0.0}, {""component"": ""output"", ""query_field"": ""State"", ""matched_field"": null, ""match_type"": ""no_match"", ""score"": 0.0}, {""component"": ""sort"", ""query_field"": ""patient age"", ""matched_field"": null, ""match_type"": ""no_match"", ""score"": 0.0}]",random_topk_1
Q14,W1_HCPA_EXPERT,Medium,False,0.0,"[""HCPA / chemotherapy / schema"", ""HCPA / chemotherapy / duration of treatment"", ""schema"", ""duration of treatment"", ""duration of treatment""]",[],ABSENT_OR_PRUNED_OR_MATCH_FAILED,"[{""component"": ""filter"", ""query_field"": ""schema"", ""matched_field"": null, ""match_type"": ""no_match"", ""score"": 0.0}, {""component"": ""filter"", ""query_field"": ""duration of treatment"", ""matched_field"": null, ""match_type"": ""no_match"", ""score"": 0.0}, {""component"": ""output"", ""query_field"": ""schema"", ""matched_field"": null, ""match_type"": ""no_match"", ""score"": 0.0}, {""component"": ""output"", ""query_field"": ""duration of treatment"", ""matched_field"": null, ""match_type"": ""no_match"", ""score"": 0.0}, {""component"": ""sort"", ""query_field"": ""duration of treatment"", ""matched_field"": null, ""match_type"": ""no_match"", ""score"": 0.0}]",random_topk_1
Q15,W1_HCPA_EXPERT,Medium,False,0.0,"[""Problem/Diagnosis / Problem"", ""Problem/Diagnosis / Clinical staging"", ""Problem"", ""Clinical staging""]",[],ABSENT_OR_PRUNED_OR_MATCH_FAILED,"[{""component"": ""filter"", ""query_field"": ""Problem"", ""matched_field"": null, ""match_type"": ""no_match"", ""score"": 0.0}, {""component"": ""filter"", ""query_field"": ""Clinical staging"", ""matched_field"": null, ""match_type"": ""no_match"", ""score"": 0.0}, {""component"": ""output"", ""query_field"": ""Problem"", ""matched_field"": null, ""match_type"": ""no_match"", ""score"": 0.0}, {""component"": ""output"", ""query_field"": ""Clinical staging"", ""matched_field"": null, ""match_type"": ""no_match"", ""score"": 0.0}]",random_topk_1
Q16,W1_HCPA_EXPERT,Medium,False,0.0,"[""Problem/Diagnosis / Problem"", ""Procedure undertaken / Procedure"", ""Problem"", ""Procedure""]",[],ABSENT_OR_PRUNED_OR_MATCH_FAILED,"[{""component"": ""filter"", ""query_field"": ""Problem"", ""matched_field"": null, ""match_type"": ""no_match"", ""score"": 0.0}, {""component"": ""filter"", ""query_field"": ""Procedure"", ""matched_field"": null, ""match_type"": ""no_match"", ""score"": 0.0}, {""component"": ""output"", ""query_field"": ""Problem"", ""matched_field"": null, ""match_type"": ""no_match"", ""score"": 0.0}, {""component"": ""output"", ""query_field"": ""Procedure"", ""matched_field"": null, ""match_type"": ""no_match"", ""score"": 0.0}]",random_topk_1
Q17,W1_HCPA_EXPERT,Medium,False,0.0,"[""Discharge / reason for discharge"", ""HCPA / General data / State"", ""reason for discharge"", ""State""]",[],ABSENT_OR_PRUNED_OR_MATCH_FAILED,"[{""component"": ""filter"", ""query_field"": ""reason for discharge"", ""matched_field"": null, ""match_type"": ""no_match"", ""score"": 0.0}, {""component"": ""filter"", ""query_field"": ""State"", ""matched_field"": null, ""match_type"": ""no_match"", ""score"": 0.0}, {""component"": ""output"", ""query_field"": ""reason for discharge"", ""matched_field"": null, ""match_type"": ""no_match"", ""score"": 0.0}, {""component"": ""output"", ""query_field"": ""State"", ""matched_field"": null, ""match_type"": ""no_match"", ""score"": 0.0}]",random_topk_1
Q18,W1_HCPA_EXPERT,Medium,False,0.0,"[""Problem/Diagnosis / histopathological grading"", ""Problem/Diagnosis / Problem"", ""histopathological grading"", ""Problem""]",[],ABSENT_OR_PRUNED_OR_MATCH_FAILED,"[{""component"": ""filter"", ""query_field"": ""histopathological grading"", ""matched_field"": null, ""match_type"": ""no_match"", ""score"": 0.0}, {""component"": ""filter"", ""query_field"": ""Problem"", ""matched_field"": null, ""match_type"": ""no_match"", ""score"": 0.0}, {""component"": ""output"", ""query_field"": ""histopathological grading"", ""matched_field"": null, ""match_type"": ""no_match"", ""score"": 0.0}, {""component"": ""output"", ""query_field"": ""Problem"", ""matched_field"": null, ""match_type"": ""no_match"", ""score"": 0.0}]",random_topk_1
Q19,W1_HCPA_EXPERT,Medium,False,0.0,"[""Problem/Diagnosis / tumour topography"", ""Problem/Diagnosis / invaded regional lymph nodes"", ""tumour topography"", ""invaded regional lymph nodes""]",[],ABSENT_OR_PRUNED_OR_MATCH_FAILED,"[{""component"": ""filter"", ""query_field"": ""tumour topography"", ""matched_field"": null, ""match_type"": ""no_match"", ""score"": 0.0}, {""component"": ""filter"", ""query_field"": ""invaded regional lymph nodes"", ""matched_field"": null, ""match_type"": ""no_match"", ""score"": 0.0}, {""component"": ""output"", ""query_field"": ""tumour topography"", ""matched_field"": null, ""match_type"": ""no_match"", ""score"": 0.0}, {""component"": ""output"", ""query_field"": ""invaded regional lymph nodes"", ""matched_field"": null, ""match_type"": ""no_match"", ""score"": 0.0}]",random_topk_1
Q20,W1_HCPA_EXPERT,Medium,False,0.0,"[""HCPA / General data / reason for encounter"", ""HCPA / Radiotherapy / date of beginning of radiotherapy"", ""reason for encounter"", ""date of beginning of radiotherapy"", ""date of beginning of radiotherapy""]",[],ABSENT_OR_PRUNED_OR_MATCH_FAILED,"[{""component"": ""filter"", ""query_field"": ""reason for encounter"", ""matched_field"": null, ""match_type"": ""no_match"", ""score"": 0.0}, {""component"": ""filter"", ""query_field"": ""date of beginning of radiotherapy"", ""matched_field"": null, ""match_type"": ""no_match"", ""score"": 0.0}, {""component"": ""output"", ""query_field"": ""reason for encounter"", ""matched_field"": null, ""match_type"": ""no_match"", ""score"": 0.0}, {""component"": ""output"", ""query_field"": ""date of beginning of radiotherapy"", ""matched_field"": null, ""match_type"": ""no_match"", ""score"": 0.0}, {""component"": ""sort"", ""query_field"": ""date of beginning of radiotherapy"", ""matched_field"": null, ""match_type"": ""no_match"", ""score"": 0.0}]",random_topk_1
Q21,W1_HCPA_EXPERT,Hard,False,0.0,"[""Nephrology / indicator of transplantation"", ""Nephrology / number of transplantations"", ""indicator of transplantation"", ""number of transplantations""]",[],ABSENT_OR_PRUNED_OR_MATCH_FAILED,"[{""component"": ""filter"", ""query_field"": ""indicator of transplantation"", ""matched_field"": null, ""match_type"": ""no_match"", ""score"": 0.0}, {""component"": ""filter"", ""query_field"": ""number of transplantations"", ""matched_field"": null, ""match_type"": ""no_match"", ""score"": 0.0}, {""component"": ""output"", ""query_field"": ""indicator of transplantation"", ""matched_field"": null, ""match_type"": ""no_match"", ""score"": 0.0}, {""component"": ""output"", ""query_field"": ""number of transplantations"", ""matched_field"": null, ""match_type"": ""no_match"", ""score"": 0.0}]",random_topk_1
Q22,W1_HCPA_EXPERT,Hard,False,0.0,"[""Dialysis / date of first dialysis"", ""Imaging / abdominal ultrasonography"", ""date of first dialysis"", ""abdominal ultrasonography"", ""date of first dialysis""]",[],ABSENT_OR_PRUNED_OR_MATCH_FAILED,"[{""component"": ""filter"", ""query_field"": ""date of first dialysis"", ""matched_field"": null, ""match_type"": ""no_match"", ""score"": 0.0}, {""component"": ""filter"", ""query_field"": ""abdominal ultrasonography"", ""matched_field"": null, ""match_type"": ""no_match"", ""score"": 0.0}, {""component"": ""output"", ""query_field"": ""date of first dialysis"", ""matched_field"": null, ""match_type"": ""no_match"", ""score"": 0.0}, {""component"": ""output"", ""query_field"": ""abdominal ultrasonography"", ""matched_field"": null, ""match_type"": ""no_match"", ""score"": 0.0}, {""component"": ""sort"", ""query_field"": ""date of first dialysis"", ""matched_field"": null, ""match_type"": ""no_match"", ""score"": 0.0}]",random_topk_1
Q23,W1_HCPA_EXPERT,Hard,False,0.0,"[""Follow-up / duration of follow-up months"", ""Bariatrics / body mass index"", ""duration of follow-up months"", ""body mass index"", ""duration of follow-up months""]",[],ABSENT_OR_PRUNED_OR_MATCH_FAILED,"[{""component"": ""filter"", ""query_field"": ""duration of follow-up months"", ""matched_field"": null, ""match_type"": ""no_match"", ""score"": 0.0}, {""component"": ""filter"", ""query_field"": ""body mass index"", ""matched_field"": null, ""match_type"": ""no_match"", ""score"": 0.0}, {""component"": ""output"", ""query_field"": ""duration of follow-up months"", ""matched_field"": null, ""match_type"": ""no_match"", ""score"": 0.0}, {""component"": ""output"", ""query_field"": ""body mass index"", ""matched_field"": null, ""match_type"": ""no_match"", ""score"": 0.0}, {""component"": ""sort"", ""query_field"": ""duration of follow-up months"", ""matched_field"": null, ""match_type"": ""no_match"", ""score"": 0.0}]",random_topk_1
Q24,W1_HCPA_EXPERT,Hard,False,0.0,"[""HCPA / General data / State"", ""HCPA / General data / reason for encounter"", ""HCPA / General data / patient age"", ""State"", ""reason for encounter"", ""patient age"", ""patient age""]",[],ABSENT_OR_PRUNED_OR_MATCH_FAILED,"[{""component"": ""filter"", ""query_field"": ""State"", ""matched_field"": null, ""match_type"": ""no_match"", ""score"": 0.0}, {""component"": ""filter"", ""query_field"": ""reason for encounter"", ""matched_field"": null, ""match_type"": ""no_match"", ""score"": 0.0}, {""component"": ""filter"", ""query_field"": ""patient age"", ""matched_field"": null, ""match_type"": ""no_match"", ""score"": 0.0}, {""component"": ""output"", ""query_field"": ""State"", ""matched_field"": null, ""match_type"": ""no_match"", ""score"": 0.0}, {""component"": ""output"", ""query_field"": ""reason for encounter"", ""matched_field"": null, ""match_type"": ""no_match"", ""score"": 0.0}, {""component"": ""output"", ""query_field"": ""patient age"", ""matched_field"": null, ""match_type"": ""no_match"", ""score"": 0.0}, {""component"": ""sort"", ""query_field"": ""patient age"", ""matched_field"": null, ""match_type"": ""no_match"", ""score"": 0.0}]",random_topk_1
Q25,W1_HCPA_EXPERT,Hard,False,0.0,"[""HCPA / General data / State"", ""HCPA / General data / reason for encounter"", ""Problem/Diagnosis / Problem"", ""State"", ""reason for encounter"", ""Problem""]",[],ABSENT_OR_PRUNED_OR_MATCH_FAILED,"[{""component"": ""filter"", ""query_field"": ""State"", ""matched_field"": null, ""match_type"": ""no_match"", ""score"": 0.0}, {""component"": ""filter"", ""query_field"": ""reason for encounter"", ""matched_field"": null, ""match_type"": ""no_match"", ""score"": 0.0}, {""component"": ""filter"", ""query_field"": ""Problem"", ""matched_field"": null, ""match_type"": ""no_match"", ""score"": 0.0}, {""component"": ""output"", ""query_field"": ""State"", ""matched_field"": null, ""match_type"": ""no_match"", ""score"": 0.0}, {""component"": ""output"", ""query_field"": ""reason for encounter"", ""matched_field"": null, ""match_type"": ""no_match"", ""score"": 0.0}, {""component"": ""output"", ""query_field"": ""Problem"", ""matched_field"": null, ""match_type"": ""no_match"", ""score"": 0.0}]",random_topk_1
Q26,W1_HCPA_EXPERT,Hard,False,0.0,"[""Problem/Diagnosis / Problem"", ""Problem/Diagnosis / Clinical staging"", ""Problem/Diagnosis / invaded regional lymph nodes"", ""Problem"", ""Clinical staging"", ""invaded regional lymph nodes""]",[],ABSENT_OR_PRUNED_OR_MATCH_FAILED,"[{""component"": ""filter"", ""query_field"": ""Problem"", ""matched_field"": null, ""match_type"": ""no_match"", ""score"": 0.0}, {""component"": ""filter"", ""query_field"": ""Clinical staging"", ""matched_field"": null, ""match_type"": ""no_match"", ""score"": 0.0}, {""component"": ""filter"", ""query_field"": ""invaded regional lymph nodes"", ""matched_field"": null, ""match_type"": ""no_match"", ""score"": 0.0}, {""component"": ""output"", ""query_field"": ""Problem"", ""matched_field"": null, ""match_type"": ""no_match"", ""score"": 0.0}, {""component"": ""output"", ""query_field"": ""Clinical staging"", ""matched_field"": null, ""match_type"": ""no_match"", ""score"": 0.0}, {""component"": ""output"", ""query_field"": ""invaded regional lymph nodes"", ""matched_field"": null, ""match_type"": ""no_match"", ""score"": 0.0}]",random_topk_1
Q27,W1_HCPA_EXPERT,Hard,False,0.0,"[""HCPA / chemotherapy / schema"", ""HCPA / chemotherapy / duration of treatment"", ""HCPA / chemotherapy / date of beginning of chemotherapy"", ""schema"", ""duration of treatment"", ""date of beginning of chemotherapy"", ""date of beginning of chemotherapy""]",[],ABSENT_OR_PRUNED_OR_MATCH_FAILED,"[{""component"": ""filter"", ""query_field"": ""schema"", ""matched_field"": null, ""match_type"": ""no_match"", ""score"": 0.0}, {""component"": ""filter"", ""query_field"": ""duration of treatment"", ""matched_field"": null, ""match_type"": ""no_match"", ""score"": 0.0}, {""component"": ""filter"", ""query_field"": ""date of beginning of chemotherapy"", ""matched_field"": null, ""match_type"": ""no_match"", ""score"": 0.0}, {""component"": ""output"", ""query_field"": ""schema"", ""matched_field"": null, ""match_type"": ""no_match"", ""score"": 0.0}, {""component"": ""output"", ""query_field"": ""duration of treatment"", ""matched_field"": null, ""match_type"": ""no_match"", ""score"": 0.0}, {""component"": ""output"", ""query_field"": ""date of beginning of chemotherapy"", ""matched_field"": null, ""match_type"": ""no_match"", ""score"": 0.0}, {""component"": ""sort"", ""query_field"": ""date of beginning of chemotherapy"", ""matched_field"": null, ""match_type"": ""no_match"", ""score"": 0.0}]",random_topk_1
Q28,W1_HCPA_EXPERT,Hard,False,0.0,"[""Procedure undertaken / Procedure"", ""Radiotherapy / irradiated area 1"", ""Procedure"", ""irradiated area 1""]",[],ABSENT_OR_PRUNED_OR_MATCH_FAILED,"[{""component"": ""filter"", ""query_field"": ""Procedure"", ""matched_field"": null, ""match_type"": ""no_match"", ""score"": 0.0}, {""component"": ""filter"", ""query_field"": ""irradiated area 1"", ""matched_field"": null, ""match_type"": ""no_match"", ""score"": 0.0}, {""component"": ""output"", ""query_field"": ""Procedure"", ""matched_field"": null, ""match_type"": ""no_match"", ""score"": 0.0}, {""component"": ""output"", ""query_field"": ""irradiated area 1"", ""matched_field"": null, ""match_type"": ""no_match"", ""score"": 0.0}]",random_topk_1
Q29,W1_HCPA_EXPERT,Hard,False,0.0,"[""Discharge / date of discharge"", ""Discharge / reason for discharge"", ""date of discharge"", ""reason for discharge""]",[],ABSENT_OR_PRUNED_OR_MATCH_FAILED,"[{""component"": ""filter"", ""query_field"": ""date of discharge"", ""matched_field"": null, ""match_type"": ""no_match"", ""score"": 0.0}, {""component"": ""filter"", ""query_field"": ""reason for discharge"", ""matched_field"": null, ""match_type"": ""no_match"", ""score"": 0.0}, {""component"": ""output"", ""query_field"": ""date of discharge"", ""matched_field"": null, ""match_type"": ""no_match"", ""score"": 0.0}, {""component"": ""output"", ""query_field"": ""reason for discharge"", ""matched_field"": null, ""match_type"": ""no_match"", ""score"": 0.0}]",random_topk_1
Q30,W1_HCPA_EXPERT,Hard,False,0.0,"[""Problem/Diagnosis / tumour topography"", ""Problem/Diagnosis / histopathological grading"", ""Problem/Diagnosis / date of pathological identification"", ""tumour topography"", ""histopathological grading"", ""date of pathological identification"", ""date of pathological identification""]",[],ABSENT_OR_PRUNED_OR_MATCH_FAILED,"[{""component"": ""filter"", ""query_field"": ""tumour topography"", ""matched_field"": null, ""match_type"": ""no_match"", ""score"": 0.0}, {""component"": ""filter"", ""query_field"": ""histopathological grading"", ""matched_field"": null, ""match_type"": ""no_match"", ""score"": 0.0}, {""component"": ""filter"", ""query_field"": ""date of pathological identification"", ""matched_field"": null, ""match_type"": ""no_match"", ""score"": 0.0}, {""component"": ""output"", ""query_field"": ""tumour topography"", ""matched_field"": null, ""match_type"": ""no_match"", ""score"": 0.0}, {""component"": ""output"", ""query_field"": ""histopathological grading"", ""matched_field"": null, ""match_type"": ""no_match"", ""score"": 0.0}, {""component"": ""output"", ""query_field"": ""date of pathological identification"", ""matched_field"": null, ""match_type"": ""no_match"", ""score"": 0.0}, {""component"": ""sort"", ""query_field"": ""date of pathological identification"", ""matched_field"": null, ""match_type"": ""no_match"", ""score"": 0.0}]",random_topk_1
D1,W2_DEMOGRAPHIC_EXPERT,Easy,False,0.0,"[""Demographic data / components / gender"", ""gender""]",[],ABSENT_OR_PRUNED_OR_MATCH_FAILED,"[{""component"": ""filter"", ""query_field"": ""gender"", ""matched_field"": null, ""match_type"": ""no_match"", ""score"": 0.0}, {""component"": ""output"", ""query_field"": ""gender"", ""matched_field"": null, ""match_type"": ""no_match"", ""score"": 0.0}]",random_topk_1
D2,W2_DEMOGRAPHIC_EXPERT,Easy,False,0.0,"[""Demographic data / components / gender"", ""gender"", ""birth date""]",[],ABSENT_OR_PRUNED_OR_MATCH_FAILED,"[{""component"": ""filter"", ""query_field"": ""gender"", ""matched_field"": null, ""match_type"": ""no_match"", ""score"": 0.0}, {""component"": ""output"", ""query_field"": ""gender"", ""matched_field"": null, ""match_type"": ""no_match"", ""score"": 0.0}, {""component"": ""output"", ""query_field"": ""birth date"", ""matched_field"": null, ""match_type"": ""no_match"", ""score"": 0.0}]",random_topk_1
D3,W2_DEMOGRAPHIC_EXPERT,Easy,False,0.0,"[""Demographic data / components / nationality"", ""nationality""]",[],ABSENT_OR_PRUNED_OR_MATCH_FAILED,"[{""component"": ""filter"", ""query_field"": ""nationality"", ""matched_field"": null, ""match_type"": ""no_match"", ""score"": 0.0}, {""component"": ""output"", ""query_field"": ""nationality"", ""matched_field"": null, ""match_type"": ""no_match"", ""score"": 0.0}]",random_topk_1
D4,W2_DEMOGRAPHIC_EXPERT,Easy,False,0.0,"[""Demographic data / components / race"", ""race""]",[],ABSENT_OR_PRUNED_OR_MATCH_FAILED,"[{""component"": ""filter"", ""query_field"": ""race"", ""matched_field"": null, ""match_type"": ""no_match"", ""score"": 0.0}, {""component"": ""output"", ""query_field"": ""race"", ""matched_field"": null, ""match_type"": ""no_match"", ""score"": 0.0}]",random_topk_1
D5,W2_DEMOGRAPHIC_EXPERT,Easy,False,0.0,"[""Demographic data / components / ethnic group"", ""ethnic group""]",[],ABSENT_OR_PRUNED_OR_MATCH_FAILED,"[{""component"": ""filter"", ""query_field"": ""ethnic group"", ""matched_field"": null, ""match_type"": ""no_match"", ""score"": 0.0}, {""component"": ""output"", ""query_field"": ""ethnic group"", ""matched_field"": null, ""match_type"": ""no_match"", ""score"": 0.0}]",random_topk_1
D6,W2_DEMOGRAPHIC_EXPERT,Easy,False,0.0,"[""Demographic data / components / birth date"", ""birth date""]",[],ABSENT_OR_PRUNED_OR_MATCH_FAILED,"[{""component"": ""filter"", ""query_field"": ""birth date"", ""matched_field"": null, ""match_type"": ""no_match"", ""score"": 0.0}, {""component"": ""output"", ""query_field"": ""birth date"", ""matched_field"": null, ""match_type"": ""no_match"", ""score"": 0.0}]",random_topk_1
D7,W2_DEMOGRAPHIC_EXPERT,Medium,False,0.0,"[""Demographic data / components / gender"", ""Demographic data / components / nationality"", ""gender"", ""nationality""]",[],ABSENT_OR_PRUNED_OR_MATCH_FAILED,"[{""component"": ""filter"", ""query_field"": ""gender"", ""matched_field"": null, ""match_type"": ""no_match"", ""score"": 0.0}, {""component"": ""filter"", ""query_field"": ""nationality"", ""matched_field"": null, ""match_type"": ""no_match"", ""score"": 0.0}, {""component"": ""output"", ""query_field"": ""gender"", ""matched_field"": null, ""match_type"": ""no_match"", ""score"": 0.0}, {""component"": ""output"", ""query_field"": ""nationality"", ""matched_field"": null, ""match_type"": ""no_match"", ""score"": 0.0}]",random_topk_1
D8,W2_DEMOGRAPHIC_EXPERT,Medium,False,0.0,"[""Demographic data / components / birth date"", ""Demographic data / components / gender"", ""birth date"", ""gender"", ""birth date""]",[],ABSENT_OR_PRUNED_OR_MATCH_FAILED,"[{""component"": ""filter"", ""query_field"": ""birth date"", ""matched_field"": null, ""match_type"": ""no_match"", ""score"": 0.0}, {""component"": ""filter"", ""query_field"": ""gender"", ""matched_field"": null, ""match_type"": ""no_match"", ""score"": 0.0}, {""component"": ""output"", ""query_field"": ""birth date"", ""matched_field"": null, ""match_type"": ""no_match"", ""score"": 0.0}, {""component"": ""output"", ""query_field"": ""gender"", ""matched_field"": null, ""match_type"": ""no_match"", ""score"": 0.0}, {""component"": ""sort"", ""query_field"": ""birth date"", ""matched_field"": null, ""match_type"": ""no_match"", ""score"": 0.0}]",random_topk_1
D9,W2_DEMOGRAPHIC_EXPERT,Medium,False,0.0,"[""Demographic data / components / educational level"", ""Demographic data / components / nationality"", ""educational level"", ""nationality""]",[],ABSENT_OR_PRUNED_OR_MATCH_FAILED,"[{""component"": ""filter"", ""query_field"": ""educational level"", ""matched_field"": null, ""match_type"": ""no_match"", ""score"": 0.0}, {""component"": ""filter"", ""query_field"": ""nationality"", ""matched_field"": null, ""match_type"": ""no_match"", ""score"": 0.0}, {""component"": ""output"", ""query_field"": ""educational level"", ""matched_field"": null, ""match_type"": ""no_match"", ""score"": 0.0}, {""component"": ""output"", ""query_field"": ""nationality"", ""matched_field"": null, ""match_type"": ""no_match"", ""score"": 0.0}]",random_topk_1
D10,W2_DEMOGRAPHIC_EXPERT,Medium,False,0.0,"[""Demographic data / components / race"", ""Demographic data / components / nationality"", ""race"", ""nationality""]",[],ABSENT_OR_PRUNED_OR_MATCH_FAILED,"[{""component"": ""filter"", ""query_field"": ""race"", ""matched_field"": null, ""match_type"": ""no_match"", ""score"": 0.0}, {""component"": ""filter"", ""query_field"": ""nationality"", ""matched_field"": null, ""match_type"": ""no_match"", ""score"": 0.0}, {""component"": ""output"", ""query_field"": ""race"", ""matched_field"": null, ""match_type"": ""no_match"", ""score"": 0.0}, {""component"": ""output"", ""query_field"": ""nationality"", ""matched_field"": null, ""match_type"": ""no_match"", ""score"": 0.0}]",random_topk_1
D11,W2_DEMOGRAPHIC_EXPERT,Hard,False,0.0,"[""Demographic data / components / race"", ""Demographic data / components / ethnic group"", ""Demographic data / components / nationality"", ""race"", ""ethnic group"", ""nationality""]",[],ABSENT_OR_PRUNED_OR_MATCH_FAILED,"[{""component"": ""filter"", ""query_field"": ""race"", ""matched_field"": null, ""match_type"": ""no_match"", ""score"": 0.0}, {""component"": ""filter"", ""query_field"": ""ethnic group"", ""matched_field"": null, ""match_type"": ""no_match"", ""score"": 0.0}, {""component"": ""filter"", ""query_field"": ""nationality"", ""matched_field"": null, ""match_type"": ""no_match"", ""score"": 0.0}, {""component"": ""output"", ""query_field"": ""race"", ""matched_field"": null, ""match_type"": ""no_match"", ""score"": 0.0}, {""component"": ""output"", ""query_field"": ""ethnic group"", ""matched_field"": null, ""match_type"": ""no_match"", ""score"": 0.0}, {""component"": ""output"", ""query_field"": ""nationality"", ""matched_field"": null, ""match_type"": ""no_match"", ""score"": 0.0}]",random_topk_1
D12,W2_DEMOGRAPHIC_EXPERT,Hard,False,0.0,"[""Demographic data / components / birth date"", ""Demographic data / components / gender"", ""Demographic data / components / nationality"", ""birth date"", ""gender"", ""nationality"", ""birth date""]",[],ABSENT_OR_PRUNED_OR_MATCH_FAILED,"[{""component"": ""filter"", ""query_field"": ""birth date"", ""matched_field"": null, ""match_type"": ""no_match"", ""score"": 0.0}, {""component"": ""filter"", ""query_field"": ""gender"", ""matched_field"": null, ""match_type"": ""no_match"", ""score"": 0.0}, {""component"": ""filter"", ""query_field"": ""nationality"", ""matched_field"": null, ""match_type"": ""no_match"", ""score"": 0.0}, {""component"": ""output"", ""query_field"": ""birth date"", ""matched_field"": null, ""match_type"": ""no_match"", ""score"": 0.0}, {""component"": ""output"", ""query_field"": ""gender"", ""matched_field"": null, ""match_type"": ""no_match"", ""score"": 0.0}, {""component"": ""output"", ""query_field"": ""nationality"", ""matched_field"": null, ""match_type"": ""no_match"", ""score"": 0.0}, {""component"": ""sort"", ""query_field"": ""birth date"", ""matched_field"": null, ""match_type"": ""no_match"", ""score"": 0.0}]",random_topk_1
Q1,W1_HCPA_EXPERT,Easy,False,0.0,"[""HCPA / General data / State"", ""State""]",[],ABSENT_OR_PRUNED_OR_MATCH_FAILED,"[{""component"": ""filter"", ""query_field"": ""State"", ""matched_field"": null, ""match_type"": ""no_match"", ""score"": 0.0}, {""component"": ""output"", ""query_field"": ""State"", ""matched_field"": null, ""match_type"": ""no_match"", ""score"": 0.0}]",random_topk_2
Q2,W1_HCPA_EXPERT,Easy,False,0.0,"[""HCPA / General data / State"", ""State"", ""reason for encounter""]",[],ABSENT_OR_PRUNED_OR_MATCH_FAILED,"[{""component"": ""filter"", ""query_field"": ""State"", ""matched_field"": null, ""match_type"": ""no_match"", ""score"": 0.0}, {""component"": ""output"", ""query_field"": ""State"", ""matched_field"": null, ""match_type"": ""no_match"", ""score"": 0.0}, {""component"": ""output"", ""query_field"": ""reason for encounter"", ""matched_field"": null, ""match_type"": ""no_match"", ""score"": 0.0}]",random_topk_2
Q3,W1_HCPA_EXPERT,Easy,False,0.0,"[""HCPA / General data / reason for encounter"", ""reason for encounter""]",[],ABSENT_OR_PRUNED_OR_MATCH_FAILED,"[{""component"": ""filter"", ""query_field"": ""reason for encounter"", ""matched_field"": null, ""match_type"": ""no_match"", ""score"": 0.0}, {""component"": ""output"", ""query_field"": ""reason for encounter"", ""matched_field"": null, ""match_type"": ""no_match"", ""score"": 0.0}]",random_topk_2
Q4,W1_HCPA_EXPERT,Easy,False,0.0,"[""HCPA / General data / reason for encounter"", ""reason for encounter"", ""State"", ""patient age""]",[],ABSENT_OR_PRUNED_OR_MATCH_FAILED,"[{""component"": ""filter"", ""query_field"": ""reason for encounter"", ""matched_field"": null, ""match_type"": ""no_match"", ""score"": 0.0}, {""component"": ""output"", ""query_field"": ""reason for encounter"", ""matched_field"": null, ""match_type"": ""no_match"", ""score"": 0.0}, {""component"": ""output"", ""query_field"": ""State"", ""matched_field"": null, ""match_type"": ""no_match"", ""score"": 0.0}, {""component"": ""output"", ""query_field"": ""patient age"", ""matched_field"": null, ""match_type"": ""no_match"", ""score"": 0.0}]",random_topk_2
Q5,W1_HCPA_EXPERT,Easy,False,0.0,"[""HCPA / General data / patient age"", ""patient age"", ""patient age""]",[],ABSENT_OR_PRUNED_OR_MATCH_FAILED,"[{""component"": ""filter"", ""query_field"": ""patient age"", ""matched_field"": null, ""match_type"": ""no_match"", ""score"": 0.0}, {""component"": ""output"", ""query_field"": ""patient age"", ""matched_field"": null, ""match_type"": ""no_match"", ""score"": 0.0}, {""component"": ""sort"", ""query_field"": ""patient age"", ""matched_field"": null, ""match_type"": ""no_match"", ""score"": 0.0}]",random_topk_2
Q6,W1_HCPA_EXPERT,Easy,False,0.0,"[""HCPA / chemotherapy / schema"", ""schema""]",[],ABSENT_OR_PRUNED_OR_MATCH_FAILED,"[{""component"": ""filter"", ""query_field"": ""schema"", ""matched_field"": null, ""match_type"": ""no_match"", ""score"": 0.0}, {""component"": ""output"", ""query_field"": ""schema"", ""matched_field"": null, ""match_type"": ""no_match"", ""score"": 0.0}]",random_topk_2
Q7,W1_HCPA_EXPERT,Easy,False,0.0,"[""Procedure undertaken / Procedure"", ""Procedure""]",[],ABSENT_OR_PRUNED_OR_MATCH_FAILED,"[{""component"": ""filter"", ""query_field"": ""Procedure"", ""matched_field"": null, ""match_type"": ""no_match"", ""score"": 0.0}, {""component"": ""output"", ""query_field"": ""Procedure"", ""matched_field"": null, ""match_type"": ""no_match"", ""score"": 0.0}]",random_topk_2
Q8,W1_HCPA_EXPERT,Easy,False,0.0,"[""Problem/Diagnosis / Problem"", ""Problem""]",[],ABSENT_OR_PRUNED_OR_MATCH_FAILED,"[{""component"": ""filter"", ""query_field"": ""Problem"", ""matched_field"": null, ""match_type"": ""no_match"", ""score"": 0.0}, {""component"": ""output"", ""query_field"": ""Problem"", ""matched_field"": null, ""match_type"": ""no_match"", ""score"": 0.0}]",random_topk_2
Q9,W1_HCPA_EXPERT,Easy,False,0.0,"[""Problem/Diagnosis / Clinical staging"", ""Clinical staging""]",[],ABSENT_OR_PRUNED_OR_MATCH_FAILED,"[{""component"": ""filter"", ""query_field"": ""Clinical staging"", ""matched_field"": null, ""match_type"": ""no_match"", ""score"": 0.0}, {""component"": ""output"", ""query_field"": ""Clinical staging"", ""matched_field"": null, ""match_type"": ""no_match"", ""score"": 0.0}]",random_topk_2
Q10,W1_HCPA_EXPERT,Easy,False,0.0,"[""Problem/Diagnosis / invaded regional lymph nodes"", ""invaded regional lymph nodes""]",[],ABSENT_OR_PRUNED_OR_MATCH_FAILED,"[{""component"": ""filter"", ""query_field"": ""invaded regional lymph nodes"", ""matched_field"": null, ""match_type"": ""no_match"", ""score"": 0.0}, {""component"": ""output"", ""query_field"": ""invaded regional lymph nodes"", ""matched_field"": null, ""match_type"": ""no_match"", ""score"": 0.0}]",random_topk_2
Q11,W1_HCPA_EXPERT,Medium,False,0.0,"[""HCPA / General data / State"", ""HCPA / General data / reason for encounter"", ""State"", ""reason for encounter""]",[],ABSENT_OR_PRUNED_OR_MATCH_FAILED,"[{""component"": ""filter"", ""query_field"": ""State"", ""matched_field"": null, ""match_type"": ""no_match"", ""score"": 0.0}, {""component"": ""filter"", ""query_field"": ""reason for encounter"", ""matched_field"": null, ""match_type"": ""no_match"", ""score"": 0.0}, {""component"": ""output"", ""query_field"": ""State"", ""matched_field"": null, ""match_type"": ""no_match"", ""score"": 0.0}, {""component"": ""output"", ""query_field"": ""reason for encounter"", ""matched_field"": null, ""match_type"": ""no_match"", ""score"": 0.0}]",random_topk_2
Q12,W1_HCPA_EXPERT,Medium,False,0.0,"[""HCPA / General data / State"", ""HCPA / General data / reason for encounter"", ""State"", ""reason for encounter"", ""patient age""]",[],ABSENT_OR_PRUNED_OR_MATCH_FAILED,"[{""component"": ""filter"", ""query_field"": ""State"", ""matched_field"": null, ""match_type"": ""no_match"", ""score"": 0.0}, {""component"": ""filter"", ""query_field"": ""reason for encounter"", ""matched_field"": null, ""match_type"": ""no_match"", ""score"": 0.0}, {""component"": ""output"", ""query_field"": ""State"", ""matched_field"": null, ""match_type"": ""no_match"", ""score"": 0.0}, {""component"": ""output"", ""query_field"": ""reason for encounter"", ""matched_field"": null, ""match_type"": ""no_match"", ""score"": 0.0}, {""component"": ""output"", ""query_field"": ""patient age"", ""matched_field"": null, ""match_type"": ""no_match"", ""score"": 0.0}]",random_topk_2
Q13,W1_HCPA_EXPERT,Medium,False,0.0,"[""HCPA / General data / patient age"", ""HCPA / General data / State"", ""patient age"", ""State"", ""patient age""]",[],ABSENT_OR_PRUNED_OR_MATCH_FAILED,"[{""component"": ""filter"", ""query_field"": ""patient age"", ""matched_field"": null, ""match_type"": ""no_match"", ""score"": 0.0}, {""component"": ""filter"", ""query_field"": ""State"", ""matched_field"": null, ""match_type"": ""no_match"", ""score"": 0.0}, {""component"": ""output"", ""query_field"": ""patient age"", ""matched_field"": null, ""match_type"": ""no_match"", ""score"": 0.0}, {""component"": ""output"", ""query_field"": ""State"", ""matched_field"": null, ""match_type"": ""no_match"", ""score"": 0.0}, {""component"": ""sort"", ""query_field"": ""patient age"", ""matched_field"": null, ""match_type"": ""no_match"", ""score"": 0.0}]",random_topk_2
Q14,W1_HCPA_EXPERT,Medium,False,0.0,"[""HCPA / chemotherapy / schema"", ""HCPA / chemotherapy / duration of treatment"", ""schema"", ""duration of treatment"", ""duration of treatment""]",[],ABSENT_OR_PRUNED_OR_MATCH_FAILED,"[{""component"": ""filter"", ""query_field"": ""schema"", ""matched_field"": null, ""match_type"": ""no_match"", ""score"": 0.0}, {""component"": ""filter"", ""query_field"": ""duration of treatment"", ""matched_field"": null, ""match_type"": ""no_match"", ""score"": 0.0}, {""component"": ""output"", ""query_field"": ""schema"", ""matched_field"": null, ""match_type"": ""no_match"", ""score"": 0.0}, {""component"": ""output"", ""query_field"": ""duration of treatment"", ""matched_field"": null, ""match_type"": ""no_match"", ""score"": 0.0}, {""component"": ""sort"", ""query_field"": ""duration of treatment"", ""matched_field"": null, ""match_type"": ""no_match"", ""score"": 0.0}]",random_topk_2
Q15,W1_HCPA_EXPERT,Medium,False,0.0,"[""Problem/Diagnosis / Problem"", ""Problem/Diagnosis / Clinical staging"", ""Problem"", ""Clinical staging""]",[],ABSENT_OR_PRUNED_OR_MATCH_FAILED,"[{""component"": ""filter"", ""query_field"": ""Problem"", ""matched_field"": null, ""match_type"": ""no_match"", ""score"": 0.0}, {""component"": ""filter"", ""query_field"": ""Clinical staging"", ""matched_field"": null, ""match_type"": ""no_match"", ""score"": 0.0}, {""component"": ""output"", ""query_field"": ""Problem"", ""matched_field"": null, ""match_type"": ""no_match"", ""score"": 0.0}, {""component"": ""output"", ""query_field"": ""Clinical staging"", ""matched_field"": null, ""match_type"": ""no_match"", ""score"": 0.0}]",random_topk_2
Q16,W1_HCPA_EXPERT,Medium,False,0.0,"[""Problem/Diagnosis / Problem"", ""Procedure undertaken / Procedure"", ""Problem"", ""Procedure""]",[],ABSENT_OR_PRUNED_OR_MATCH_FAILED,"[{""component"": ""filter"", ""query_field"": ""Problem"", ""matched_field"": null, ""match_type"": ""no_match"", ""score"": 0.0}, {""component"": ""filter"", ""query_field"": ""Procedure"", ""matched_field"": null, ""match_type"": ""no_match"", ""score"": 0.0}, {""component"": ""output"", ""query_field"": ""Problem"", ""matched_field"": null, ""match_type"": ""no_match"", ""score"": 0.0}, {""component"": ""output"", ""query_field"": ""Procedure"", ""matched_field"": null, ""match_type"": ""no_match"", ""score"": 0.0}]",random_topk_2
Q17,W1_HCPA_EXPERT,Medium,False,0.0,"[""Discharge / reason for discharge"", ""HCPA / General data / State"", ""reason for discharge"", ""State""]",[],ABSENT_OR_PRUNED_OR_MATCH_FAILED,"[{""component"": ""filter"", ""query_field"": ""reason for discharge"", ""matched_field"": null, ""match_type"": ""no_match"", ""score"": 0.0}, {""component"": ""filter"", ""query_field"": ""State"", ""matched_field"": null, ""match_type"": ""no_match"", ""score"": 0.0}, {""component"": ""output"", ""query_field"": ""reason for discharge"", ""matched_field"": null, ""match_type"": ""no_match"", ""score"": 0.0}, {""component"": ""output"", ""query_field"": ""State"", ""matched_field"": null, ""match_type"": ""no_match"", ""score"": 0.0}]",random_topk_2
Q18,W1_HCPA_EXPERT,Medium,False,0.0,"[""Problem/Diagnosis / histopathological grading"", ""Problem/Diagnosis / Problem"", ""histopathological grading"", ""Problem""]",[],ABSENT_OR_PRUNED_OR_MATCH_FAILED,"[{""component"": ""filter"", ""query_field"": ""histopathological grading"", ""matched_field"": null, ""match_type"": ""no_match"", ""score"": 0.0}, {""component"": ""filter"", ""query_field"": ""Problem"", ""matched_field"": null, ""match_type"": ""no_match"", ""score"": 0.0}, {""component"": ""output"", ""query_field"": ""histopathological grading"", ""matched_field"": null, ""match_type"": ""no_match"", ""score"": 0.0}, {""component"": ""output"", ""query_field"": ""Problem"", ""matched_field"": null, ""match_type"": ""no_match"", ""score"": 0.0}]",random_topk_2
Q19,W1_HCPA_EXPERT,Medium,False,0.0,"[""Problem/Diagnosis / tumour topography"", ""Problem/Diagnosis / invaded regional lymph nodes"", ""tumour topography"", ""invaded regional lymph nodes""]",[],ABSENT_OR_PRUNED_OR_MATCH_FAILED,"[{""component"": ""filter"", ""query_field"": ""tumour topography"", ""matched_field"": null, ""match_type"": ""no_match"", ""score"": 0.0}, {""component"": ""filter"", ""query_field"": ""invaded regional lymph nodes"", ""matched_field"": null, ""match_type"": ""no_match"", ""score"": 0.0}, {""component"": ""output"", ""query_field"": ""tumour topography"", ""matched_field"": null, ""match_type"": ""no_match"", ""score"": 0.0}, {""component"": ""output"", ""query_field"": ""invaded regional lymph nodes"", ""matched_field"": null, ""match_type"": ""no_match"", ""score"": 0.0}]",random_topk_2
Q20,W1_HCPA_EXPERT,Medium,False,0.0,"[""HCPA / General data / reason for encounter"", ""HCPA / Radiotherapy / date of beginning of radiotherapy"", ""reason for encounter"", ""date of beginning of radiotherapy"", ""date of beginning of radiotherapy""]",[],ABSENT_OR_PRUNED_OR_MATCH_FAILED,"[{""component"": ""filter"", ""query_field"": ""reason for encounter"", ""matched_field"": null, ""match_type"": ""no_match"", ""score"": 0.0}, {""component"": ""filter"", ""query_field"": ""date of beginning of radiotherapy"", ""matched_field"": null, ""match_type"": ""no_match"", ""score"": 0.0}, {""component"": ""output"", ""query_field"": ""reason for encounter"", ""matched_field"": null, ""match_type"": ""no_match"", ""score"": 0.0}, {""component"": ""output"", ""query_field"": ""date of beginning of radiotherapy"", ""matched_field"": null, ""match_type"": ""no_match"", ""score"": 0.0}, {""component"": ""sort"", ""query_field"": ""date of beginning of radiotherapy"", ""matched_field"": null, ""match_type"": ""no_match"", ""score"": 0.0}]",random_topk_2
Q21,W1_HCPA_EXPERT,Hard,False,0.0,"[""Nephrology / indicator of transplantation"", ""Nephrology / number of transplantations"", ""indicator of transplantation"", ""number of transplantations""]",[],ABSENT_OR_PRUNED_OR_MATCH_FAILED,"[{""component"": ""filter"", ""query_field"": ""indicator of transplantation"", ""matched_field"": null, ""match_type"": ""no_match"", ""score"": 0.0}, {""component"": ""filter"", ""query_field"": ""number of transplantations"", ""matched_field"": null, ""match_type"": ""no_match"", ""score"": 0.0}, {""component"": ""output"", ""query_field"": ""indicator of transplantation"", ""matched_field"": null, ""match_type"": ""no_match"", ""score"": 0.0}, {""component"": ""output"", ""query_field"": ""number of transplantations"", ""matched_field"": null, ""match_type"": ""no_match"", ""score"": 0.0}]",random_topk_2
Q22,W1_HCPA_EXPERT,Hard,False,0.0,"[""Dialysis / date of first dialysis"", ""Imaging / abdominal ultrasonography"", ""date of first dialysis"", ""abdominal ultrasonography"", ""date of first dialysis""]",[],ABSENT_OR_PRUNED_OR_MATCH_FAILED,"[{""component"": ""filter"", ""query_field"": ""date of first dialysis"", ""matched_field"": null, ""match_type"": ""no_match"", ""score"": 0.0}, {""component"": ""filter"", ""query_field"": ""abdominal ultrasonography"", ""matched_field"": null, ""match_type"": ""no_match"", ""score"": 0.0}, {""component"": ""output"", ""query_field"": ""date of first dialysis"", ""matched_field"": null, ""match_type"": ""no_match"", ""score"": 0.0}, {""component"": ""output"", ""query_field"": ""abdominal ultrasonography"", ""matched_field"": null, ""match_type"": ""no_match"", ""score"": 0.0}, {""component"": ""sort"", ""query_field"": ""date of first dialysis"", ""matched_field"": null, ""match_type"": ""no_match"", ""score"": 0.0}]",random_topk_2
Q23,W1_HCPA_EXPERT,Hard,False,0.0,"[""Follow-up / duration of follow-up months"", ""Bariatrics / body mass index"", ""duration of follow-up months"", ""body mass index"", ""duration of follow-up months""]",[],ABSENT_OR_PRUNED_OR_MATCH_FAILED,"[{""component"": ""filter"", ""query_field"": ""duration of follow-up months"", ""matched_field"": null, ""match_type"": ""no_match"", ""score"": 0.0}, {""component"": ""filter"", ""query_field"": ""body mass index"", ""matched_field"": null, ""match_type"": ""no_match"", ""score"": 0.0}, {""component"": ""output"", ""query_field"": ""duration of follow-up months"", ""matched_field"": null, ""match_type"": ""no_match"", ""score"": 0.0}, {""component"": ""output"", ""query_field"": ""body mass index"", ""matched_field"": null, ""match_type"": ""no_match"", ""score"": 0.0}, {""component"": ""sort"", ""query_field"": ""duration of follow-up months"", ""matched_field"": null, ""match_type"": ""no_match"", ""score"": 0.0}]",random_topk_2
Q24,W1_HCPA_EXPERT,Hard,False,0.0,"[""HCPA / General data / State"", ""HCPA / General data / reason for encounter"", ""HCPA / General data / patient age"", ""State"", ""reason for encounter"", ""patient age"", ""patient age""]",[],ABSENT_OR_PRUNED_OR_MATCH_FAILED,"[{""component"": ""filter"", ""query_field"": ""State"", ""matched_field"": null, ""match_type"": ""no_match"", ""score"": 0.0}, {""component"": ""filter"", ""query_field"": ""reason for encounter"", ""matched_field"": null, ""match_type"": ""no_match"", ""score"": 0.0}, {""component"": ""filter"", ""query_field"": ""patient age"", ""matched_field"": null, ""match_type"": ""no_match"", ""score"": 0.0}, {""component"": ""output"", ""query_field"": ""State"", ""matched_field"": null, ""match_type"": ""no_match"", ""score"": 0.0}, {""component"": ""output"", ""query_field"": ""reason for encounter"", ""matched_field"": null, ""match_type"": ""no_match"", ""score"": 0.0}, {""component"": ""output"", ""query_field"": ""patient age"", ""matched_field"": null, ""match_type"": ""no_match"", ""score"": 0.0}, {""component"": ""sort"", ""query_field"": ""patient age"", ""matched_field"": null, ""match_type"": ""no_match"", ""score"": 0.0}]",random_topk_2
Q25,W1_HCPA_EXPERT,Hard,False,0.0,"[""HCPA / General data / State"", ""HCPA / General data / reason for encounter"", ""Problem/Diagnosis / Problem"", ""State"", ""reason for encounter"", ""Problem""]",[],ABSENT_OR_PRUNED_OR_MATCH_FAILED,"[{""component"": ""filter"", ""query_field"": ""State"", ""matched_field"": null, ""match_type"": ""no_match"", ""score"": 0.0}, {""component"": ""filter"", ""query_field"": ""reason for encounter"", ""matched_field"": null, ""match_type"": ""no_match"", ""score"": 0.0}, {""component"": ""filter"", ""query_field"": ""Problem"", ""matched_field"": null, ""match_type"": ""no_match"", ""score"": 0.0}, {""component"": ""output"", ""query_field"": ""State"", ""matched_field"": null, ""match_type"": ""no_match"", ""score"": 0.0}, {""component"": ""output"", ""query_field"": ""reason for encounter"", ""matched_field"": null, ""match_type"": ""no_match"", ""score"": 0.0}, {""component"": ""output"", ""query_field"": ""Problem"", ""matched_field"": null, ""match_type"": ""no_match"", ""score"": 0.0}]",random_topk_2
Q26,W1_HCPA_EXPERT,Hard,False,0.0,"[""Problem/Diagnosis / Problem"", ""Problem/Diagnosis / Clinical staging"", ""Problem/Diagnosis / invaded regional lymph nodes"", ""Problem"", ""Clinical staging"", ""invaded regional lymph nodes""]",[],ABSENT_OR_PRUNED_OR_MATCH_FAILED,"[{""component"": ""filter"", ""query_field"": ""Problem"", ""matched_field"": null, ""match_type"": ""no_match"", ""score"": 0.0}, {""component"": ""filter"", ""query_field"": ""Clinical staging"", ""matched_field"": null, ""match_type"": ""no_match"", ""score"": 0.0}, {""component"": ""filter"", ""query_field"": ""invaded regional lymph nodes"", ""matched_field"": null, ""match_type"": ""no_match"", ""score"": 0.0}, {""component"": ""output"", ""query_field"": ""Problem"", ""matched_field"": null, ""match_type"": ""no_match"", ""score"": 0.0}, {""component"": ""output"", ""query_field"": ""Clinical staging"", ""matched_field"": null, ""match_type"": ""no_match"", ""score"": 0.0}, {""component"": ""output"", ""query_field"": ""invaded regional lymph nodes"", ""matched_field"": null, ""match_type"": ""no_match"", ""score"": 0.0}]",random_topk_2
Q27,W1_HCPA_EXPERT,Hard,False,0.0,"[""HCPA / chemotherapy / schema"", ""HCPA / chemotherapy / duration of treatment"", ""HCPA / chemotherapy / date of beginning of chemotherapy"", ""schema"", ""duration of treatment"", ""date of beginning of chemotherapy"", ""date of beginning of chemotherapy""]",[],ABSENT_OR_PRUNED_OR_MATCH_FAILED,"[{""component"": ""filter"", ""query_field"": ""schema"", ""matched_field"": null, ""match_type"": ""no_match"", ""score"": 0.0}, {""component"": ""filter"", ""query_field"": ""duration of treatment"", ""matched_field"": null, ""match_type"": ""no_match"", ""score"": 0.0}, {""component"": ""filter"", ""query_field"": ""date of beginning of chemotherapy"", ""matched_field"": null, ""match_type"": ""no_match"", ""score"": 0.0}, {""component"": ""output"", ""query_field"": ""schema"", ""matched_field"": null, ""match_type"": ""no_match"", ""score"": 0.0}, {""component"": ""output"", ""query_field"": ""duration of treatment"", ""matched_field"": null, ""match_type"": ""no_match"", ""score"": 0.0}, {""component"": ""output"", ""query_field"": ""date of beginning of chemotherapy"", ""matched_field"": null, ""match_type"": ""no_match"", ""score"": 0.0}, {""component"": ""sort"", ""query_field"": ""date of beginning of chemotherapy"", ""matched_field"": null, ""match_type"": ""no_match"", ""score"": 0.0}]",random_topk_2
Q28,W1_HCPA_EXPERT,Hard,False,0.0,"[""Procedure undertaken / Procedure"", ""Radiotherapy / irradiated area 1"", ""Procedure"", ""irradiated area 1""]",[],ABSENT_OR_PRUNED_OR_MATCH_FAILED,"[{""component"": ""filter"", ""query_field"": ""Procedure"", ""matched_field"": null, ""match_type"": ""no_match"", ""score"": 0.0}, {""component"": ""filter"", ""query_field"": ""irradiated area 1"", ""matched_field"": null, ""match_type"": ""no_match"", ""score"": 0.0}, {""component"": ""output"", ""query_field"": ""Procedure"", ""matched_field"": null, ""match_type"": ""no_match"", ""score"": 0.0}, {""component"": ""output"", ""query_field"": ""irradiated area 1"", ""matched_field"": null, ""match_type"": ""no_match"", ""score"": 0.0}]",random_topk_2
Q29,W1_HCPA_EXPERT,Hard,False,0.0,"[""Discharge / date of discharge"", ""Discharge / reason for discharge"", ""date of discharge"", ""reason for discharge""]",[],ABSENT_OR_PRUNED_OR_MATCH_FAILED,"[{""component"": ""filter"", ""query_field"": ""date of discharge"", ""matched_field"": null, ""match_type"": ""no_match"", ""score"": 0.0}, {""component"": ""filter"", ""query_field"": ""reason for discharge"", ""matched_field"": null, ""match_type"": ""no_match"", ""score"": 0.0}, {""component"": ""output"", ""query_field"": ""date of discharge"", ""matched_field"": null, ""match_type"": ""no_match"", ""score"": 0.0}, {""component"": ""output"", ""query_field"": ""reason for discharge"", ""matched_field"": null, ""match_type"": ""no_match"", ""score"": 0.0}]",random_topk_2
Q30,W1_HCPA_EXPERT,Hard,False,0.0,"[""Problem/Diagnosis / tumour topography"", ""Problem/Diagnosis / histopathological grading"", ""Problem/Diagnosis / date of pathological identification"", ""tumour topography"", ""histopathological grading"", ""date of pathological identification"", ""date of pathological identification""]",[],ABSENT_OR_PRUNED_OR_MATCH_FAILED,"[{""component"": ""filter"", ""query_field"": ""tumour topography"", ""matched_field"": null, ""match_type"": ""no_match"", ""score"": 0.0}, {""component"": ""filter"", ""query_field"": ""histopathological grading"", ""matched_field"": null, ""match_type"": ""no_match"", ""score"": 0.0}, {""component"": ""filter"", ""query_field"": ""date of pathological identification"", ""matched_field"": null, ""match_type"": ""no_match"", ""score"": 0.0}, {""component"": ""output"", ""query_field"": ""tumour topography"", ""matched_field"": null, ""match_type"": ""no_match"", ""score"": 0.0}, {""component"": ""output"", ""query_field"": ""histopathological grading"", ""matched_field"": null, ""match_type"": ""no_match"", ""score"": 0.0}, {""component"": ""output"", ""query_field"": ""date of pathological identification"", ""matched_field"": null, ""match_type"": ""no_match"", ""score"": 0.0}, {""component"": ""sort"", ""query_field"": ""date of pathological identification"", ""matched_field"": null, ""match_type"": ""no_match"", ""score"": 0.0}]",random_topk_2
D1,W2_DEMOGRAPHIC_EXPERT,Easy,False,0.0,"[""Demographic data / components / gender"", ""gender""]",[],ABSENT_OR_PRUNED_OR_MATCH_FAILED,"[{""component"": ""filter"", ""query_field"": ""gender"", ""matched_field"": null, ""match_type"": ""no_match"", ""score"": 0.0}, {""component"": ""output"", ""query_field"": ""gender"", ""matched_field"": null, ""match_type"": ""no_match"", ""score"": 0.0}]",random_topk_2
D2,W2_DEMOGRAPHIC_EXPERT,Easy,False,0.0,"[""Demographic data / components / gender"", ""gender"", ""birth date""]",[],ABSENT_OR_PRUNED_OR_MATCH_FAILED,"[{""component"": ""filter"", ""query_field"": ""gender"", ""matched_field"": null, ""match_type"": ""no_match"", ""score"": 0.0}, {""component"": ""output"", ""query_field"": ""gender"", ""matched_field"": null, ""match_type"": ""no_match"", ""score"": 0.0}, {""component"": ""output"", ""query_field"": ""birth date"", ""matched_field"": null, ""match_type"": ""no_match"", ""score"": 0.0}]",random_topk_2
D3,W2_DEMOGRAPHIC_EXPERT,Easy,False,0.0,"[""Demographic data / components / nationality"", ""nationality""]",[],ABSENT_OR_PRUNED_OR_MATCH_FAILED,"[{""component"": ""filter"", ""query_field"": ""nationality"", ""matched_field"": null, ""match_type"": ""no_match"", ""score"": 0.0}, {""component"": ""output"", ""query_field"": ""nationality"", ""matched_field"": null, ""match_type"": ""no_match"", ""score"": 0.0}]",random_topk_2
D4,W2_DEMOGRAPHIC_EXPERT,Easy,False,0.0,"[""Demographic data / components / race"", ""race""]",[],ABSENT_OR_PRUNED_OR_MATCH_FAILED,"[{""component"": ""filter"", ""query_field"": ""race"", ""matched_field"": null, ""match_type"": ""no_match"", ""score"": 0.0}, {""component"": ""output"", ""query_field"": ""race"", ""matched_field"": null, ""match_type"": ""no_match"", ""score"": 0.0}]",random_topk_2
D5,W2_DEMOGRAPHIC_EXPERT,Easy,False,0.0,"[""Demographic data / components / ethnic group"", ""ethnic group""]",[],ABSENT_OR_PRUNED_OR_MATCH_FAILED,"[{""component"": ""filter"", ""query_field"": ""ethnic group"", ""matched_field"": null, ""match_type"": ""no_match"", ""score"": 0.0}, {""component"": ""output"", ""query_field"": ""ethnic group"", ""matched_field"": null, ""match_type"": ""no_match"", ""score"": 0.0}]",random_topk_2
D6,W2_DEMOGRAPHIC_EXPERT,Easy,False,0.0,"[""Demographic data / components / birth date"", ""birth date""]",[],ABSENT_OR_PRUNED_OR_MATCH_FAILED,"[{""component"": ""filter"", ""query_field"": ""birth date"", ""matched_field"": null, ""match_type"": ""no_match"", ""score"": 0.0}, {""component"": ""output"", ""query_field"": ""birth date"", ""matched_field"": null, ""match_type"": ""no_match"", ""score"": 0.0}]",random_topk_2
D7,W2_DEMOGRAPHIC_EXPERT,Medium,False,0.0,"[""Demographic data / components / gender"", ""Demographic data / components / nationality"", ""gender"", ""nationality""]",[],ABSENT_OR_PRUNED_OR_MATCH_FAILED,"[{""component"": ""filter"", ""query_field"": ""gender"", ""matched_field"": null, ""match_type"": ""no_match"", ""score"": 0.0}, {""component"": ""filter"", ""query_field"": ""nationality"", ""matched_field"": null, ""match_type"": ""no_match"", ""score"": 0.0}, {""component"": ""output"", ""query_field"": ""gender"", ""matched_field"": null, ""match_type"": ""no_match"", ""score"": 0.0}, {""component"": ""output"", ""query_field"": ""nationality"", ""matched_field"": null, ""match_type"": ""no_match"", ""score"": 0.0}]",random_topk_2
D8,W2_DEMOGRAPHIC_EXPERT,Medium,False,0.0,"[""Demographic data / components / birth date"", ""Demographic data / components / gender"", ""birth date"", ""gender"", ""birth date""]",[],ABSENT_OR_PRUNED_OR_MATCH_FAILED,"[{""component"": ""filter"", ""query_field"": ""birth date"", ""matched_field"": null, ""match_type"": ""no_match"", ""score"": 0.0}, {""component"": ""filter"", ""query_field"": ""gender"", ""matched_field"": null, ""match_type"": ""no_match"", ""score"": 0.0}, {""component"": ""output"", ""query_field"": ""birth date"", ""matched_field"": null, ""match_type"": ""no_match"", ""score"": 0.0}, {""component"": ""output"", ""query_field"": ""gender"", ""matched_field"": null, ""match_type"": ""no_match"", ""score"": 0.0}, {""component"": ""sort"", ""query_field"": ""birth date"", ""matched_field"": null, ""match_type"": ""no_match"", ""score"": 0.0}]",random_topk_2
D9,W2_DEMOGRAPHIC_EXPERT,Medium,False,0.0,"[""Demographic data / components / educational level"", ""Demographic data / components / nationality"", ""educational level"", ""nationality""]",[],ABSENT_OR_PRUNED_OR_MATCH_FAILED,"[{""component"": ""filter"", ""query_field"": ""educational level"", ""matched_field"": null, ""match_type"": ""no_match"", ""score"": 0.0}, {""component"": ""filter"", ""query_field"": ""nationality"", ""matched_field"": null, ""match_type"": ""no_match"", ""score"": 0.0}, {""component"": ""output"", ""query_field"": ""educational level"", ""matched_field"": null, ""match_type"": ""no_match"", ""score"": 0.0}, {""component"": ""output"", ""query_field"": ""nationality"", ""matched_field"": null, ""match_type"": ""no_match"", ""score"": 0.0}]",random_topk_2
D10,W2_DEMOGRAPHIC_EXPERT,Medium,False,0.0,"[""Demographic data / components / race"", ""Demographic data / components / nationality"", ""race"", ""nationality""]",[],ABSENT_OR_PRUNED_OR_MATCH_FAILED,"[{""component"": ""filter"", ""query_field"": ""race"", ""matched_field"": null, ""match_type"": ""no_match"", ""score"": 0.0}, {""component"": ""filter"", ""query_field"": ""nationality"", ""matched_field"": null, ""match_type"": ""no_match"", ""score"": 0.0}, {""component"": ""output"", ""query_field"": ""race"", ""matched_field"": null, ""match_type"": ""no_match"", ""score"": 0.0}, {""component"": ""output"", ""query_field"": ""nationality"", ""matched_field"": null, ""match_type"": ""no_match"", ""score"": 0.0}]",random_topk_2
D11,W2_DEMOGRAPHIC_EXPERT,Hard,False,0.0,"[""Demographic data / components / race"", ""Demographic data / components / ethnic group"", ""Demographic data / components / nationality"", ""race"", ""ethnic group"", ""nationality""]",[],ABSENT_OR_PRUNED_OR_MATCH_FAILED,"[{""component"": ""filter"", ""query_field"": ""race"", ""matched_field"": null, ""match_type"": ""no_match"", ""score"": 0.0}, {""component"": ""filter"", ""query_field"": ""ethnic group"", ""matched_field"": null, ""match_type"": ""no_match"", ""score"": 0.0}, {""component"": ""filter"", ""query_field"": ""nationality"", ""matched_field"": null, ""match_type"": ""no_match"", ""score"": 0.0}, {""component"": ""output"", ""query_field"": ""race"", ""matched_field"": null, ""match_type"": ""no_match"", ""score"": 0.0}, {""component"": ""output"", ""query_field"": ""ethnic group"", ""matched_field"": null, ""match_type"": ""no_match"", ""score"": 0.0}, {""component"": ""output"", ""query_field"": ""nationality"", ""matched_field"": null, ""match_type"": ""no_match"", ""score"": 0.0}]",random_topk_2
D12,W2_DEMOGRAPHIC_EXPERT,Hard,False,0.0,"[""Demographic data / components / birth date"", ""Demographic data / components / gender"", ""Demographic data / components / nationality"", ""birth date"", ""gender"", ""nationality"", ""birth date""]",[],ABSENT_OR_PRUNED_OR_MATCH_FAILED,"[{""component"": ""filter"", ""query_field"": ""birth date"", ""matched_field"": null, ""match_type"": ""no_match"", ""score"": 0.0}, {""component"": ""filter"", ""query_field"": ""gender"", ""matched_field"": null, ""match_type"": ""no_match"", ""score"": 0.0}, {""component"": ""filter"", ""query_field"": ""nationality"", ""matched_field"": null, ""match_type"": ""no_match"", ""score"": 0.0}, {""component"": ""output"", ""query_field"": ""birth date"", ""matched_field"": null, ""match_type"": ""no_match"", ""score"": 0.0}, {""component"": ""output"", ""query_field"": ""gender"", ""matched_field"": null, ""match_type"": ""no_match"", ""score"": 0.0}, {""component"": ""output"", ""query_field"": ""nationality"", ""matched_field"": null, ""match_type"": ""no_match"", ""score"": 0.0}, {""component"": ""sort"", ""query_field"": ""birth date"", ""matched_field"": null, ""match_type"": ""no_match"", ""score"": 0.0}]",random_topk_2
Q1,W1_HCPA_EXPERT,Easy,False,0.0,"[""HCPA / General data / State"", ""State""]",[],ABSENT_OR_PRUNED_OR_MATCH_FAILED,"[{""component"": ""filter"", ""query_field"": ""State"", ""matched_field"": null, ""match_type"": ""no_match"", ""score"": 0.0}, {""component"": ""output"", ""query_field"": ""State"", ""matched_field"": null, ""match_type"": ""no_match"", ""score"": 0.0}]",random_topk_3
Q2,W1_HCPA_EXPERT,Easy,False,0.0,"[""HCPA / General data / State"", ""State"", ""reason for encounter""]",[],ABSENT_OR_PRUNED_OR_MATCH_FAILED,"[{""component"": ""filter"", ""query_field"": ""State"", ""matched_field"": null, ""match_type"": ""no_match"", ""score"": 0.0}, {""component"": ""output"", ""query_field"": ""State"", ""matched_field"": null, ""match_type"": ""no_match"", ""score"": 0.0}, {""component"": ""output"", ""query_field"": ""reason for encounter"", ""matched_field"": null, ""match_type"": ""no_match"", ""score"": 0.0}]",random_topk_3
Q3,W1_HCPA_EXPERT,Easy,False,0.0,"[""HCPA / General data / reason for encounter"", ""reason for encounter""]",[],ABSENT_OR_PRUNED_OR_MATCH_FAILED,"[{""component"": ""filter"", ""query_field"": ""reason for encounter"", ""matched_field"": null, ""match_type"": ""no_match"", ""score"": 0.0}, {""component"": ""output"", ""query_field"": ""reason for encounter"", ""matched_field"": null, ""match_type"": ""no_match"", ""score"": 0.0}]",random_topk_3
Q4,W1_HCPA_EXPERT,Easy,False,0.0,"[""HCPA / General data / reason for encounter"", ""reason for encounter"", ""State"", ""patient age""]",[],ABSENT_OR_PRUNED_OR_MATCH_FAILED,"[{""component"": ""filter"", ""query_field"": ""reason for encounter"", ""matched_field"": null, ""match_type"": ""no_match"", ""score"": 0.0}, {""component"": ""output"", ""query_field"": ""reason for encounter"", ""matched_field"": null, ""match_type"": ""no_match"", ""score"": 0.0}, {""component"": ""output"", ""query_field"": ""State"", ""matched_field"": null, ""match_type"": ""no_match"", ""score"": 0.0}, {""component"": ""output"", ""query_field"": ""patient age"", ""matched_field"": null, ""match_type"": ""no_match"", ""score"": 0.0}]",random_topk_3
Q5,W1_HCPA_EXPERT,Easy,False,0.0,"[""HCPA / General data / patient age"", ""patient age"", ""patient age""]",[],ABSENT_OR_PRUNED_OR_MATCH_FAILED,"[{""component"": ""filter"", ""query_field"": ""patient age"", ""matched_field"": null, ""match_type"": ""no_match"", ""score"": 0.0}, {""component"": ""output"", ""query_field"": ""patient age"", ""matched_field"": null, ""match_type"": ""no_match"", ""score"": 0.0}, {""component"": ""sort"", ""query_field"": ""patient age"", ""matched_field"": null, ""match_type"": ""no_match"", ""score"": 0.0}]",random_topk_3
Q6,W1_HCPA_EXPERT,Easy,False,0.0,"[""HCPA / chemotherapy / schema"", ""schema""]",[],ABSENT_OR_PRUNED_OR_MATCH_FAILED,"[{""component"": ""filter"", ""query_field"": ""schema"", ""matched_field"": null, ""match_type"": ""no_match"", ""score"": 0.0}, {""component"": ""output"", ""query_field"": ""schema"", ""matched_field"": null, ""match_type"": ""no_match"", ""score"": 0.0}]",random_topk_3
Q7,W1_HCPA_EXPERT,Easy,False,0.0,"[""Procedure undertaken / Procedure"", ""Procedure""]",[],ABSENT_OR_PRUNED_OR_MATCH_FAILED,"[{""component"": ""filter"", ""query_field"": ""Procedure"", ""matched_field"": null, ""match_type"": ""no_match"", ""score"": 0.0}, {""component"": ""output"", ""query_field"": ""Procedure"", ""matched_field"": null, ""match_type"": ""no_match"", ""score"": 0.0}]",random_topk_3
Q8,W1_HCPA_EXPERT,Easy,False,0.0,"[""Problem/Diagnosis / Problem"", ""Problem""]",[],ABSENT_OR_PRUNED_OR_MATCH_FAILED,"[{""component"": ""filter"", ""query_field"": ""Problem"", ""matched_field"": null, ""match_type"": ""no_match"", ""score"": 0.0}, {""component"": ""output"", ""query_field"": ""Problem"", ""matched_field"": null, ""match_type"": ""no_match"", ""score"": 0.0}]",random_topk_3
Q9,W1_HCPA_EXPERT,Easy,False,0.0,"[""Problem/Diagnosis / Clinical staging"", ""Clinical staging""]",[],ABSENT_OR_PRUNED_OR_MATCH_FAILED,"[{""component"": ""filter"", ""query_field"": ""Clinical staging"", ""matched_field"": null, ""match_type"": ""no_match"", ""score"": 0.0}, {""component"": ""output"", ""query_field"": ""Clinical staging"", ""matched_field"": null, ""match_type"": ""no_match"", ""score"": 0.0}]",random_topk_3
Q10,W1_HCPA_EXPERT,Easy,False,0.0,"[""Problem/Diagnosis / invaded regional lymph nodes"", ""invaded regional lymph nodes""]",[],ABSENT_OR_PRUNED_OR_MATCH_FAILED,"[{""component"": ""filter"", ""query_field"": ""invaded regional lymph nodes"", ""matched_field"": null, ""match_type"": ""no_match"", ""score"": 0.0}, {""component"": ""output"", ""query_field"": ""invaded regional lymph nodes"", ""matched_field"": null, ""match_type"": ""no_match"", ""score"": 0.0}]",random_topk_3
Q11,W1_HCPA_EXPERT,Medium,False,0.0,"[""HCPA / General data / State"", ""HCPA / General data / reason for encounter"", ""State"", ""reason for encounter""]",[],ABSENT_OR_PRUNED_OR_MATCH_FAILED,"[{""component"": ""filter"", ""query_field"": ""State"", ""matched_field"": null, ""match_type"": ""no_match"", ""score"": 0.0}, {""component"": ""filter"", ""query_field"": ""reason for encounter"", ""matched_field"": null, ""match_type"": ""no_match"", ""score"": 0.0}, {""component"": ""output"", ""query_field"": ""State"", ""matched_field"": null, ""match_type"": ""no_match"", ""score"": 0.0}, {""component"": ""output"", ""query_field"": ""reason for encounter"", ""matched_field"": null, ""match_type"": ""no_match"", ""score"": 0.0}]",random_topk_3
Q12,W1_HCPA_EXPERT,Medium,False,0.0,"[""HCPA / General data / State"", ""HCPA / General data / reason for encounter"", ""State"", ""reason for encounter"", ""patient age""]",[],ABSENT_OR_PRUNED_OR_MATCH_FAILED,"[{""component"": ""filter"", ""query_field"": ""State"", ""matched_field"": null, ""match_type"": ""no_match"", ""score"": 0.0}, {""component"": ""filter"", ""query_field"": ""reason for encounter"", ""matched_field"": null, ""match_type"": ""no_match"", ""score"": 0.0}, {""component"": ""output"", ""query_field"": ""State"", ""matched_field"": null, ""match_type"": ""no_match"", ""score"": 0.0}, {""component"": ""output"", ""query_field"": ""reason for encounter"", ""matched_field"": null, ""match_type"": ""no_match"", ""score"": 0.0}, {""component"": ""output"", ""query_field"": ""patient age"", ""matched_field"": null, ""match_type"": ""no_match"", ""score"": 0.0}]",random_topk_3
Q13,W1_HCPA_EXPERT,Medium,False,0.0,"[""HCPA / General data / patient age"", ""HCPA / General data / State"", ""patient age"", ""State"", ""patient age""]",[],ABSENT_OR_PRUNED_OR_MATCH_FAILED,"[{""component"": ""filter"", ""query_field"": ""patient age"", ""matched_field"": null, ""match_type"": ""no_match"", ""score"": 0.0}, {""component"": ""filter"", ""query_field"": ""State"", ""matched_field"": null, ""match_type"": ""no_match"", ""score"": 0.0}, {""component"": ""output"", ""query_field"": ""patient age"", ""matched_field"": null, ""match_type"": ""no_match"", ""score"": 0.0}, {""component"": ""output"", ""query_field"": ""State"", ""matched_field"": null, ""match_type"": ""no_match"", ""score"": 0.0}, {""component"": ""sort"", ""query_field"": ""patient age"", ""matched_field"": null, ""match_type"": ""no_match"", ""score"": 0.0}]",random_topk_3
Q14,W1_HCPA_EXPERT,Medium,False,0.0,"[""HCPA / chemotherapy / schema"", ""HCPA / chemotherapy / duration of treatment"", ""schema"", ""duration of treatment"", ""duration of treatment""]",[],ABSENT_OR_PRUNED_OR_MATCH_FAILED,"[{""component"": ""filter"", ""query_field"": ""schema"", ""matched_field"": null, ""match_type"": ""no_match"", ""score"": 0.0}, {""component"": ""filter"", ""query_field"": ""duration of treatment"", ""matched_field"": null, ""match_type"": ""no_match"", ""score"": 0.0}, {""component"": ""output"", ""query_field"": ""schema"", ""matched_field"": null, ""match_type"": ""no_match"", ""score"": 0.0}, {""component"": ""output"", ""query_field"": ""duration of treatment"", ""matched_field"": null, ""match_type"": ""no_match"", ""score"": 0.0}, {""component"": ""sort"", ""query_field"": ""duration of treatment"", ""matched_field"": null, ""match_type"": ""no_match"", ""score"": 0.0}]",random_topk_3
Q15,W1_HCPA_EXPERT,Medium,False,0.0,"[""Problem/Diagnosis / Problem"", ""Problem/Diagnosis / Clinical staging"", ""Problem"", ""Clinical staging""]",[],ABSENT_OR_PRUNED_OR_MATCH_FAILED,"[{""component"": ""filter"", ""query_field"": ""Problem"", ""matched_field"": null, ""match_type"": ""no_match"", ""score"": 0.0}, {""component"": ""filter"", ""query_field"": ""Clinical staging"", ""matched_field"": null, ""match_type"": ""no_match"", ""score"": 0.0}, {""component"": ""output"", ""query_field"": ""Problem"", ""matched_field"": null, ""match_type"": ""no_match"", ""score"": 0.0}, {""component"": ""output"", ""query_field"": ""Clinical staging"", ""matched_field"": null, ""match_type"": ""no_match"", ""score"": 0.0}]",random_topk_3
Q16,W1_HCPA_EXPERT,Medium,False,0.0,"[""Problem/Diagnosis / Problem"", ""Procedure undertaken / Procedure"", ""Problem"", ""Procedure""]",[],ABSENT_OR_PRUNED_OR_MATCH_FAILED,"[{""component"": ""filter"", ""query_field"": ""Problem"", ""matched_field"": null, ""match_type"": ""no_match"", ""score"": 0.0}, {""component"": ""filter"", ""query_field"": ""Procedure"", ""matched_field"": null, ""match_type"": ""no_match"", ""score"": 0.0}, {""component"": ""output"", ""query_field"": ""Problem"", ""matched_field"": null, ""match_type"": ""no_match"", ""score"": 0.0}, {""component"": ""output"", ""query_field"": ""Procedure"", ""matched_field"": null, ""match_type"": ""no_match"", ""score"": 0.0}]",random_topk_3
Q17,W1_HCPA_EXPERT,Medium,False,0.0,"[""Discharge / reason for discharge"", ""HCPA / General data / State"", ""reason for discharge"", ""State""]",[],ABSENT_OR_PRUNED_OR_MATCH_FAILED,"[{""component"": ""filter"", ""query_field"": ""reason for discharge"", ""matched_field"": null, ""match_type"": ""no_match"", ""score"": 0.0}, {""component"": ""filter"", ""query_field"": ""State"", ""matched_field"": null, ""match_type"": ""no_match"", ""score"": 0.0}, {""component"": ""output"", ""query_field"": ""reason for discharge"", ""matched_field"": null, ""match_type"": ""no_match"", ""score"": 0.0}, {""component"": ""output"", ""query_field"": ""State"", ""matched_field"": null, ""match_type"": ""no_match"", ""score"": 0.0}]",random_topk_3
Q18,W1_HCPA_EXPERT,Medium,False,0.0,"[""Problem/Diagnosis / histopathological grading"", ""Problem/Diagnosis / Problem"", ""histopathological grading"", ""Problem""]",[],ABSENT_OR_PRUNED_OR_MATCH_FAILED,"[{""component"": ""filter"", ""query_field"": ""histopathological grading"", ""matched_field"": null, ""match_type"": ""no_match"", ""score"": 0.0}, {""component"": ""filter"", ""query_field"": ""Problem"", ""matched_field"": null, ""match_type"": ""no_match"", ""score"": 0.0}, {""component"": ""output"", ""query_field"": ""histopathological grading"", ""matched_field"": null, ""match_type"": ""no_match"", ""score"": 0.0}, {""component"": ""output"", ""query_field"": ""Problem"", ""matched_field"": null, ""match_type"": ""no_match"", ""score"": 0.0}]",random_topk_3
Q19,W1_HCPA_EXPERT,Medium,False,0.0,"[""Problem/Diagnosis / tumour topography"", ""Problem/Diagnosis / invaded regional lymph nodes"", ""tumour topography"", ""invaded regional lymph nodes""]",[],ABSENT_OR_PRUNED_OR_MATCH_FAILED,"[{""component"": ""filter"", ""query_field"": ""tumour topography"", ""matched_field"": null, ""match_type"": ""no_match"", ""score"": 0.0}, {""component"": ""filter"", ""query_field"": ""invaded regional lymph nodes"", ""matched_field"": null, ""match_type"": ""no_match"", ""score"": 0.0}, {""component"": ""output"", ""query_field"": ""tumour topography"", ""matched_field"": null, ""match_type"": ""no_match"", ""score"": 0.0}, {""component"": ""output"", ""query_field"": ""invaded regional lymph nodes"", ""matched_field"": null, ""match_type"": ""no_match"", ""score"": 0.0}]",random_topk_3
Q20,W1_HCPA_EXPERT,Medium,False,0.0,"[""HCPA / General data / reason for encounter"", ""HCPA / Radiotherapy / date of beginning of radiotherapy"", ""reason for encounter"", ""date of beginning of radiotherapy"", ""date of beginning of radiotherapy""]",[],ABSENT_OR_PRUNED_OR_MATCH_FAILED,"[{""component"": ""filter"", ""query_field"": ""reason for encounter"", ""matched_field"": null, ""match_type"": ""no_match"", ""score"": 0.0}, {""component"": ""filter"", ""query_field"": ""date of beginning of radiotherapy"", ""matched_field"": null, ""match_type"": ""no_match"", ""score"": 0.0}, {""component"": ""output"", ""query_field"": ""reason for encounter"", ""matched_field"": null, ""match_type"": ""no_match"", ""score"": 0.0}, {""component"": ""output"", ""query_field"": ""date of beginning of radiotherapy"", ""matched_field"": null, ""match_type"": ""no_match"", ""score"": 0.0}, {""component"": ""sort"", ""query_field"": ""date of beginning of radiotherapy"", ""matched_field"": null, ""match_type"": ""no_match"", ""score"": 0.0}]",random_topk_3
Q21,W1_HCPA_EXPERT,Hard,False,0.0,"[""Nephrology / indicator of transplantation"", ""Nephrology / number of transplantations"", ""indicator of transplantation"", ""number of transplantations""]",[],ABSENT_OR_PRUNED_OR_MATCH_FAILED,"[{""component"": ""filter"", ""query_field"": ""indicator of transplantation"", ""matched_field"": null, ""match_type"": ""no_match"", ""score"": 0.0}, {""component"": ""filter"", ""query_field"": ""number of transplantations"", ""matched_field"": null, ""match_type"": ""no_match"", ""score"": 0.0}, {""component"": ""output"", ""query_field"": ""indicator of transplantation"", ""matched_field"": null, ""match_type"": ""no_match"", ""score"": 0.0}, {""component"": ""output"", ""query_field"": ""number of transplantations"", ""matched_field"": null, ""match_type"": ""no_match"", ""score"": 0.0}]",random_topk_3
Q22,W1_HCPA_EXPERT,Hard,False,0.0,"[""Dialysis / date of first dialysis"", ""Imaging / abdominal ultrasonography"", ""date of first dialysis"", ""abdominal ultrasonography"", ""date of first dialysis""]",[],ABSENT_OR_PRUNED_OR_MATCH_FAILED,"[{""component"": ""filter"", ""query_field"": ""date of first dialysis"", ""matched_field"": null, ""match_type"": ""no_match"", ""score"": 0.0}, {""component"": ""filter"", ""query_field"": ""abdominal ultrasonography"", ""matched_field"": null, ""match_type"": ""no_match"", ""score"": 0.0}, {""component"": ""output"", ""query_field"": ""date of first dialysis"", ""matched_field"": null, ""match_type"": ""no_match"", ""score"": 0.0}, {""component"": ""output"", ""query_field"": ""abdominal ultrasonography"", ""matched_field"": null, ""match_type"": ""no_match"", ""score"": 0.0}, {""component"": ""sort"", ""query_field"": ""date of first dialysis"", ""matched_field"": null, ""match_type"": ""no_match"", ""score"": 0.0}]",random_topk_3
Q23,W1_HCPA_EXPERT,Hard,False,0.0,"[""Follow-up / duration of follow-up months"", ""Bariatrics / body mass index"", ""duration of follow-up months"", ""body mass index"", ""duration of follow-up months""]",[],ABSENT_OR_PRUNED_OR_MATCH_FAILED,"[{""component"": ""filter"", ""query_field"": ""duration of follow-up months"", ""matched_field"": null, ""match_type"": ""no_match"", ""score"": 0.0}, {""component"": ""filter"", ""query_field"": ""body mass index"", ""matched_field"": null, ""match_type"": ""no_match"", ""score"": 0.0}, {""component"": ""output"", ""query_field"": ""duration of follow-up months"", ""matched_field"": null, ""match_type"": ""no_match"", ""score"": 0.0}, {""component"": ""output"", ""query_field"": ""body mass index"", ""matched_field"": null, ""match_type"": ""no_match"", ""score"": 0.0}, {""component"": ""sort"", ""query_field"": ""duration of follow-up months"", ""matched_field"": null, ""match_type"": ""no_match"", ""score"": 0.0}]",random_topk_3
Q24,W1_HCPA_EXPERT,Hard,False,0.0,"[""HCPA / General data / State"", ""HCPA / General data / reason for encounter"", ""HCPA / General data / patient age"", ""State"", ""reason for encounter"", ""patient age"", ""patient age""]",[],ABSENT_OR_PRUNED_OR_MATCH_FAILED,"[{""component"": ""filter"", ""query_field"": ""State"", ""matched_field"": null, ""match_type"": ""no_match"", ""score"": 0.0}, {""component"": ""filter"", ""query_field"": ""reason for encounter"", ""matched_field"": null, ""match_type"": ""no_match"", ""score"": 0.0}, {""component"": ""filter"", ""query_field"": ""patient age"", ""matched_field"": null, ""match_type"": ""no_match"", ""score"": 0.0}, {""component"": ""output"", ""query_field"": ""State"", ""matched_field"": null, ""match_type"": ""no_match"", ""score"": 0.0}, {""component"": ""output"", ""query_field"": ""reason for encounter"", ""matched_field"": null, ""match_type"": ""no_match"", ""score"": 0.0}, {""component"": ""output"", ""query_field"": ""patient age"", ""matched_field"": null, ""match_type"": ""no_match"", ""score"": 0.0}, {""component"": ""sort"", ""query_field"": ""patient age"", ""matched_field"": null, ""match_type"": ""no_match"", ""score"": 0.0}]",random_topk_3
Q25,W1_HCPA_EXPERT,Hard,False,0.0,"[""HCPA / General data / State"", ""HCPA / General data / reason for encounter"", ""Problem/Diagnosis / Problem"", ""State"", ""reason for encounter"", ""Problem""]",[],ABSENT_OR_PRUNED_OR_MATCH_FAILED,"[{""component"": ""filter"", ""query_field"": ""State"", ""matched_field"": null, ""match_type"": ""no_match"", ""score"": 0.0}, {""component"": ""filter"", ""query_field"": ""reason for encounter"", ""matched_field"": null, ""match_type"": ""no_match"", ""score"": 0.0}, {""component"": ""filter"", ""query_field"": ""Problem"", ""matched_field"": null, ""match_type"": ""no_match"", ""score"": 0.0}, {""component"": ""output"", ""query_field"": ""State"", ""matched_field"": null, ""match_type"": ""no_match"", ""score"": 0.0}, {""component"": ""output"", ""query_field"": ""reason for encounter"", ""matched_field"": null, ""match_type"": ""no_match"", ""score"": 0.0}, {""component"": ""output"", ""query_field"": ""Problem"", ""matched_field"": null, ""match_type"": ""no_match"", ""score"": 0.0}]",random_topk_3
Q26,W1_HCPA_EXPERT,Hard,False,0.0,"[""Problem/Diagnosis / Problem"", ""Problem/Diagnosis / Clinical staging"", ""Problem/Diagnosis / invaded regional lymph nodes"", ""Problem"", ""Clinical staging"", ""invaded regional lymph nodes""]",[],ABSENT_OR_PRUNED_OR_MATCH_FAILED,"[{""component"": ""filter"", ""query_field"": ""Problem"", ""matched_field"": null, ""match_type"": ""no_match"", ""score"": 0.0}, {""component"": ""filter"", ""query_field"": ""Clinical staging"", ""matched_field"": null, ""match_type"": ""no_match"", ""score"": 0.0}, {""component"": ""filter"", ""query_field"": ""invaded regional lymph nodes"", ""matched_field"": null, ""match_type"": ""no_match"", ""score"": 0.0}, {""component"": ""output"", ""query_field"": ""Problem"", ""matched_field"": null, ""match_type"": ""no_match"", ""score"": 0.0}, {""component"": ""output"", ""query_field"": ""Clinical staging"", ""matched_field"": null, ""match_type"": ""no_match"", ""score"": 0.0}, {""component"": ""output"", ""query_field"": ""invaded regional lymph nodes"", ""matched_field"": null, ""match_type"": ""no_match"", ""score"": 0.0}]",random_topk_3
Q27,W1_HCPA_EXPERT,Hard,False,0.0,"[""HCPA / chemotherapy / schema"", ""HCPA / chemotherapy / duration of treatment"", ""HCPA / chemotherapy / date of beginning of chemotherapy"", ""schema"", ""duration of treatment"", ""date of beginning of chemotherapy"", ""date of beginning of chemotherapy""]",[],ABSENT_OR_PRUNED_OR_MATCH_FAILED,"[{""component"": ""filter"", ""query_field"": ""schema"", ""matched_field"": null, ""match_type"": ""no_match"", ""score"": 0.0}, {""component"": ""filter"", ""query_field"": ""duration of treatment"", ""matched_field"": null, ""match_type"": ""no_match"", ""score"": 0.0}, {""component"": ""filter"", ""query_field"": ""date of beginning of chemotherapy"", ""matched_field"": null, ""match_type"": ""no_match"", ""score"": 0.0}, {""component"": ""output"", ""query_field"": ""schema"", ""matched_field"": null, ""match_type"": ""no_match"", ""score"": 0.0}, {""component"": ""output"", ""query_field"": ""duration of treatment"", ""matched_field"": null, ""match_type"": ""no_match"", ""score"": 0.0}, {""component"": ""output"", ""query_field"": ""date of beginning of chemotherapy"", ""matched_field"": null, ""match_type"": ""no_match"", ""score"": 0.0}, {""component"": ""sort"", ""query_field"": ""date of beginning of chemotherapy"", ""matched_field"": null, ""match_type"": ""no_match"", ""score"": 0.0}]",random_topk_3
Q28,W1_HCPA_EXPERT,Hard,False,0.0,"[""Procedure undertaken / Procedure"", ""Radiotherapy / irradiated area 1"", ""Procedure"", ""irradiated area 1""]",[],ABSENT_OR_PRUNED_OR_MATCH_FAILED,"[{""component"": ""filter"", ""query_field"": ""Procedure"", ""matched_field"": null, ""match_type"": ""no_match"", ""score"": 0.0}, {""component"": ""filter"", ""query_field"": ""irradiated area 1"", ""matched_field"": null, ""match_type"": ""no_match"", ""score"": 0.0}, {""component"": ""output"", ""query_field"": ""Procedure"", ""matched_field"": null, ""match_type"": ""no_match"", ""score"": 0.0}, {""component"": ""output"", ""query_field"": ""irradiated area 1"", ""matched_field"": null, ""match_type"": ""no_match"", ""score"": 0.0}]",random_topk_3
Q29,W1_HCPA_EXPERT,Hard,False,0.0,"[""Discharge / date of discharge"", ""Discharge / reason for discharge"", ""date of discharge"", ""reason for discharge""]",[],ABSENT_OR_PRUNED_OR_MATCH_FAILED,"[{""component"": ""filter"", ""query_field"": ""date of discharge"", ""matched_field"": null, ""match_type"": ""no_match"", ""score"": 0.0}, {""component"": ""filter"", ""query_field"": ""reason for discharge"", ""matched_field"": null, ""match_type"": ""no_match"", ""score"": 0.0}, {""component"": ""output"", ""query_field"": ""date of discharge"", ""matched_field"": null, ""match_type"": ""no_match"", ""score"": 0.0}, {""component"": ""output"", ""query_field"": ""reason for discharge"", ""matched_field"": null, ""match_type"": ""no_match"", ""score"": 0.0}]",random_topk_3
Q30,W1_HCPA_EXPERT,Hard,False,0.0,"[""Problem/Diagnosis / tumour topography"", ""Problem/Diagnosis / histopathological grading"", ""Problem/Diagnosis / date of pathological identification"", ""tumour topography"", ""histopathological grading"", ""date of pathological identification"", ""date of pathological identification""]",[],ABSENT_OR_PRUNED_OR_MATCH_FAILED,"[{""component"": ""filter"", ""query_field"": ""tumour topography"", ""matched_field"": null, ""match_type"": ""no_match"", ""score"": 0.0}, {""component"": ""filter"", ""query_field"": ""histopathological grading"", ""matched_field"": null, ""match_type"": ""no_match"", ""score"": 0.0}, {""component"": ""filter"", ""query_field"": ""date of pathological identification"", ""matched_field"": null, ""match_type"": ""no_match"", ""score"": 0.0}, {""component"": ""output"", ""query_field"": ""tumour topography"", ""matched_field"": null, ""match_type"": ""no_match"", ""score"": 0.0}, {""component"": ""output"", ""query_field"": ""histopathological grading"", ""matched_field"": null, ""match_type"": ""no_match"", ""score"": 0.0}, {""component"": ""output"", ""query_field"": ""date of pathological identification"", ""matched_field"": null, ""match_type"": ""no_match"", ""score"": 0.0}, {""component"": ""sort"", ""query_field"": ""date of pathological identification"", ""matched_field"": null, ""match_type"": ""no_match"", ""score"": 0.0}]",random_topk_3
D1,W2_DEMOGRAPHIC_EXPERT,Easy,False,0.0,"[""Demographic data / components / gender"", ""gender""]",[],ABSENT_OR_PRUNED_OR_MATCH_FAILED,"[{""component"": ""filter"", ""query_field"": ""gender"", ""matched_field"": null, ""match_type"": ""no_match"", ""score"": 0.0}, {""component"": ""output"", ""query_field"": ""gender"", ""matched_field"": null, ""match_type"": ""no_match"", ""score"": 0.0}]",random_topk_3
D2,W2_DEMOGRAPHIC_EXPERT,Easy,False,0.0,"[""Demographic data / components / gender"", ""gender"", ""birth date""]",[],ABSENT_OR_PRUNED_OR_MATCH_FAILED,"[{""component"": ""filter"", ""query_field"": ""gender"", ""matched_field"": null, ""match_type"": ""no_match"", ""score"": 0.0}, {""component"": ""output"", ""query_field"": ""gender"", ""matched_field"": null, ""match_type"": ""no_match"", ""score"": 0.0}, {""component"": ""output"", ""query_field"": ""birth date"", ""matched_field"": null, ""match_type"": ""no_match"", ""score"": 0.0}]",random_topk_3
D3,W2_DEMOGRAPHIC_EXPERT,Easy,False,0.0,"[""Demographic data / components / nationality"", ""nationality""]",[],ABSENT_OR_PRUNED_OR_MATCH_FAILED,"[{""component"": ""filter"", ""query_field"": ""nationality"", ""matched_field"": null, ""match_type"": ""no_match"", ""score"": 0.0}, {""component"": ""output"", ""query_field"": ""nationality"", ""matched_field"": null, ""match_type"": ""no_match"", ""score"": 0.0}]",random_topk_3
D4,W2_DEMOGRAPHIC_EXPERT,Easy,False,0.0,"[""Demographic data / components / race"", ""race""]",[],ABSENT_OR_PRUNED_OR_MATCH_FAILED,"[{""component"": ""filter"", ""query_field"": ""race"", ""matched_field"": null, ""match_type"": ""no_match"", ""score"": 0.0}, {""component"": ""output"", ""query_field"": ""race"", ""matched_field"": null, ""match_type"": ""no_match"", ""score"": 0.0}]",random_topk_3
D5,W2_DEMOGRAPHIC_EXPERT,Easy,False,0.0,"[""Demographic data / components / ethnic group"", ""ethnic group""]",[],ABSENT_OR_PRUNED_OR_MATCH_FAILED,"[{""component"": ""filter"", ""query_field"": ""ethnic group"", ""matched_field"": null, ""match_type"": ""no_match"", ""score"": 0.0}, {""component"": ""output"", ""query_field"": ""ethnic group"", ""matched_field"": null, ""match_type"": ""no_match"", ""score"": 0.0}]",random_topk_3
D6,W2_DEMOGRAPHIC_EXPERT,Easy,False,0.0,"[""Demographic data / components / birth date"", ""birth date""]",[],ABSENT_OR_PRUNED_OR_MATCH_FAILED,"[{""component"": ""filter"", ""query_field"": ""birth date"", ""matched_field"": null, ""match_type"": ""no_match"", ""score"": 0.0}, {""component"": ""output"", ""query_field"": ""birth date"", ""matched_field"": null, ""match_type"": ""no_match"", ""score"": 0.0}]",random_topk_3
D7,W2_DEMOGRAPHIC_EXPERT,Medium,False,0.0,"[""Demographic data / components / gender"", ""Demographic data / components / nationality"", ""gender"", ""nationality""]",[],ABSENT_OR_PRUNED_OR_MATCH_FAILED,"[{""component"": ""filter"", ""query_field"": ""gender"", ""matched_field"": null, ""match_type"": ""no_match"", ""score"": 0.0}, {""component"": ""filter"", ""query_field"": ""nationality"", ""matched_field"": null, ""match_type"": ""no_match"", ""score"": 0.0}, {""component"": ""output"", ""query_field"": ""gender"", ""matched_field"": null, ""match_type"": ""no_match"", ""score"": 0.0}, {""component"": ""output"", ""query_field"": ""nationality"", ""matched_field"": null, ""match_type"": ""no_match"", ""score"": 0.0}]",random_topk_3
D8,W2_DEMOGRAPHIC_EXPERT,Medium,False,0.0,"[""Demographic data / components / birth date"", ""Demographic data / components / gender"", ""birth date"", ""gender"", ""birth date""]",[],ABSENT_OR_PRUNED_OR_MATCH_FAILED,"[{""component"": ""filter"", ""query_field"": ""birth date"", ""matched_field"": null, ""match_type"": ""no_match"", ""score"": 0.0}, {""component"": ""filter"", ""query_field"": ""gender"", ""matched_field"": null, ""match_type"": ""no_match"", ""score"": 0.0}, {""component"": ""output"", ""query_field"": ""birth date"", ""matched_field"": null, ""match_type"": ""no_match"", ""score"": 0.0}, {""component"": ""output"", ""query_field"": ""gender"", ""matched_field"": null, ""match_type"": ""no_match"", ""score"": 0.0}, {""component"": ""sort"", ""query_field"": ""birth date"", ""matched_field"": null, ""match_type"": ""no_match"", ""score"": 0.0}]",random_topk_3
D9,W2_DEMOGRAPHIC_EXPERT,Medium,False,0.0,"[""Demographic data / components / educational level"", ""Demographic data / components / nationality"", ""educational level"", ""nationality""]",[],ABSENT_OR_PRUNED_OR_MATCH_FAILED,"[{""component"": ""filter"", ""query_field"": ""educational level"", ""matched_field"": null, ""match_type"": ""no_match"", ""score"": 0.0}, {""component"": ""filter"", ""query_field"": ""nationality"", ""matched_field"": null, ""match_type"": ""no_match"", ""score"": 0.0}, {""component"": ""output"", ""query_field"": ""educational level"", ""matched_field"": null, ""match_type"": ""no_match"", ""score"": 0.0}, {""component"": ""output"", ""query_field"": ""nationality"", ""matched_field"": null, ""match_type"": ""no_match"", ""score"": 0.0}]",random_topk_3
D10,W2_DEMOGRAPHIC_EXPERT,Medium,False,0.0,"[""Demographic data / components / race"", ""Demographic data / components / nationality"", ""race"", ""nationality""]",[],ABSENT_OR_PRUNED_OR_MATCH_FAILED,"[{""component"": ""filter"", ""query_field"": ""race"", ""matched_field"": null, ""match_type"": ""no_match"", ""score"": 0.0}, {""component"": ""filter"", ""query_field"": ""nationality"", ""matched_field"": null, ""match_type"": ""no_match"", ""score"": 0.0}, {""component"": ""output"", ""query_field"": ""race"", ""matched_field"": null, ""match_type"": ""no_match"", ""score"": 0.0}, {""component"": ""output"", ""query_field"": ""nationality"", ""matched_field"": null, ""match_type"": ""no_match"", ""score"": 0.0}]",random_topk_3
D11,W2_DEMOGRAPHIC_EXPERT,Hard,False,0.0,"[""Demographic data / components / race"", ""Demographic data / components / ethnic group"", ""Demographic data / components / nationality"", ""race"", ""ethnic group"", ""nationality""]",[],ABSENT_OR_PRUNED_OR_MATCH_FAILED,"[{""component"": ""filter"", ""query_field"": ""race"", ""matched_field"": null, ""match_type"": ""no_match"", ""score"": 0.0}, {""component"": ""filter"", ""query_field"": ""ethnic group"", ""matched_field"": null, ""match_type"": ""no_match"", ""score"": 0.0}, {""component"": ""filter"", ""query_field"": ""nationality"", ""matched_field"": null, ""match_type"": ""no_match"", ""score"": 0.0}, {""component"": ""output"", ""query_field"": ""race"", ""matched_field"": null, ""match_type"": ""no_match"", ""score"": 0.0}, {""component"": ""output"", ""query_field"": ""ethnic group"", ""matched_field"": null, ""match_type"": ""no_match"", ""score"": 0.0}, {""component"": ""output"", ""query_field"": ""nationality"", ""matched_field"": null, ""match_type"": ""no_match"", ""score"": 0.0}]",random_topk_3
D12,W2_DEMOGRAPHIC_EXPERT,Hard,False,0.0,"[""Demographic data / components / birth date"", ""Demographic data / components / gender"", ""Demographic data / components / nationality"", ""birth date"", ""gender"", ""nationality"", ""birth date""]",[],ABSENT_OR_PRUNED_OR_MATCH_FAILED,"[{""component"": ""filter"", ""query_field"": ""birth date"", ""matched_field"": null, ""match_type"": ""no_match"", ""score"": 0.0}, {""component"": ""filter"", ""query_field"": ""gender"", ""matched_field"": null, ""match_type"": ""no_match"", ""score"": 0.0}, {""component"": ""filter"", ""query_field"": ""nationality"", ""matched_field"": null, ""match_type"": ""no_match"", ""score"": 0.0}, {""component"": ""output"", ""query_field"": ""birth date"", ""matched_field"": null, ""match_type"": ""no_match"", ""score"": 0.0}, {""component"": ""output"", ""query_field"": ""gender"", ""matched_field"": null, ""match_type"": ""no_match"", ""score"": 0.0}, {""component"": ""output"", ""query_field"": ""nationality"", ""matched_field"": null, ""match_type"": ""no_match"", ""score"": 0.0}, {""component"": ""sort"", ""query_field"": ""birth date"", ""matched_field"": null, ""match_type"": ""no_match"", ""score"": 0.0}]",random_topk_3
Q1,W1_HCPA_EXPERT,Easy,False,0.0,"[""HCPA / General data / State"", ""State""]",[],ABSENT_OR_PRUNED_OR_MATCH_FAILED,"[{""component"": ""filter"", ""query_field"": ""State"", ""matched_field"": null, ""match_type"": ""no_match"", ""score"": 0.0}, {""component"": ""output"", ""query_field"": ""State"", ""matched_field"": null, ""match_type"": ""no_match"", ""score"": 0.0}]",random_topk_4
Q2,W1_HCPA_EXPERT,Easy,False,0.0,"[""HCPA / General data / State"", ""State"", ""reason for encounter""]",[],ABSENT_OR_PRUNED_OR_MATCH_FAILED,"[{""component"": ""filter"", ""query_field"": ""State"", ""matched_field"": null, ""match_type"": ""no_match"", ""score"": 0.0}, {""component"": ""output"", ""query_field"": ""State"", ""matched_field"": null, ""match_type"": ""no_match"", ""score"": 0.0}, {""component"": ""output"", ""query_field"": ""reason for encounter"", ""matched_field"": null, ""match_type"": ""no_match"", ""score"": 0.0}]",random_topk_4
Q3,W1_HCPA_EXPERT,Easy,False,0.0,"[""HCPA / General data / reason for encounter"", ""reason for encounter""]",[],ABSENT_OR_PRUNED_OR_MATCH_FAILED,"[{""component"": ""filter"", ""query_field"": ""reason for encounter"", ""matched_field"": null, ""match_type"": ""no_match"", ""score"": 0.0}, {""component"": ""output"", ""query_field"": ""reason for encounter"", ""matched_field"": null, ""match_type"": ""no_match"", ""score"": 0.0}]",random_topk_4
Q4,W1_HCPA_EXPERT,Easy,False,0.0,"[""HCPA / General data / reason for encounter"", ""reason for encounter"", ""State"", ""patient age""]",[],ABSENT_OR_PRUNED_OR_MATCH_FAILED,"[{""component"": ""filter"", ""query_field"": ""reason for encounter"", ""matched_field"": null, ""match_type"": ""no_match"", ""score"": 0.0}, {""component"": ""output"", ""query_field"": ""reason for encounter"", ""matched_field"": null, ""match_type"": ""no_match"", ""score"": 0.0}, {""component"": ""output"", ""query_field"": ""State"", ""matched_field"": null, ""match_type"": ""no_match"", ""score"": 0.0}, {""component"": ""output"", ""query_field"": ""patient age"", ""matched_field"": null, ""match_type"": ""no_match"", ""score"": 0.0}]",random_topk_4
Q5,W1_HCPA_EXPERT,Easy,False,0.0,"[""HCPA / General data / patient age"", ""patient age"", ""patient age""]",[],ABSENT_OR_PRUNED_OR_MATCH_FAILED,"[{""component"": ""filter"", ""query_field"": ""patient age"", ""matched_field"": null, ""match_type"": ""no_match"", ""score"": 0.0}, {""component"": ""output"", ""query_field"": ""patient age"", ""matched_field"": null, ""match_type"": ""no_match"", ""score"": 0.0}, {""component"": ""sort"", ""query_field"": ""patient age"", ""matched_field"": null, ""match_type"": ""no_match"", ""score"": 0.0}]",random_topk_4
Q6,W1_HCPA_EXPERT,Easy,False,0.0,"[""HCPA / chemotherapy / schema"", ""schema""]",[],ABSENT_OR_PRUNED_OR_MATCH_FAILED,"[{""component"": ""filter"", ""query_field"": ""schema"", ""matched_field"": null, ""match_type"": ""no_match"", ""score"": 0.0}, {""component"": ""output"", ""query_field"": ""schema"", ""matched_field"": null, ""match_type"": ""no_match"", ""score"": 0.0}]",random_topk_4
Q7,W1_HCPA_EXPERT,Easy,False,0.0,"[""Procedure undertaken / Procedure"", ""Procedure""]",[],ABSENT_OR_PRUNED_OR_MATCH_FAILED,"[{""component"": ""filter"", ""query_field"": ""Procedure"", ""matched_field"": null, ""match_type"": ""no_match"", ""score"": 0.0}, {""component"": ""output"", ""query_field"": ""Procedure"", ""matched_field"": null, ""match_type"": ""no_match"", ""score"": 0.0}]",random_topk_4
Q8,W1_HCPA_EXPERT,Easy,False,0.0,"[""Problem/Diagnosis / Problem"", ""Problem""]",[],ABSENT_OR_PRUNED_OR_MATCH_FAILED,"[{""component"": ""filter"", ""query_field"": ""Problem"", ""matched_field"": null, ""match_type"": ""no_match"", ""score"": 0.0}, {""component"": ""output"", ""query_field"": ""Problem"", ""matched_field"": null, ""match_type"": ""no_match"", ""score"": 0.0}]",random_topk_4
Q9,W1_HCPA_EXPERT,Easy,False,0.0,"[""Problem/Diagnosis / Clinical staging"", ""Clinical staging""]",[],ABSENT_OR_PRUNED_OR_MATCH_FAILED,"[{""component"": ""filter"", ""query_field"": ""Clinical staging"", ""matched_field"": null, ""match_type"": ""no_match"", ""score"": 0.0}, {""component"": ""output"", ""query_field"": ""Clinical staging"", ""matched_field"": null, ""match_type"": ""no_match"", ""score"": 0.0}]",random_topk_4
Q10,W1_HCPA_EXPERT,Easy,False,0.0,"[""Problem/Diagnosis / invaded regional lymph nodes"", ""invaded regional lymph nodes""]",[],ABSENT_OR_PRUNED_OR_MATCH_FAILED,"[{""component"": ""filter"", ""query_field"": ""invaded regional lymph nodes"", ""matched_field"": null, ""match_type"": ""no_match"", ""score"": 0.0}, {""component"": ""output"", ""query_field"": ""invaded regional lymph nodes"", ""matched_field"": null, ""match_type"": ""no_match"", ""score"": 0.0}]",random_topk_4
Q11,W1_HCPA_EXPERT,Medium,False,0.0,"[""HCPA / General data / State"", ""HCPA / General data / reason for encounter"", ""State"", ""reason for encounter""]",[],ABSENT_OR_PRUNED_OR_MATCH_FAILED,"[{""component"": ""filter"", ""query_field"": ""State"", ""matched_field"": null, ""match_type"": ""no_match"", ""score"": 0.0}, {""component"": ""filter"", ""query_field"": ""reason for encounter"", ""matched_field"": null, ""match_type"": ""no_match"", ""score"": 0.0}, {""component"": ""output"", ""query_field"": ""State"", ""matched_field"": null, ""match_type"": ""no_match"", ""score"": 0.0}, {""component"": ""output"", ""query_field"": ""reason for encounter"", ""matched_field"": null, ""match_type"": ""no_match"", ""score"": 0.0}]",random_topk_4
Q12,W1_HCPA_EXPERT,Medium,False,0.0,"[""HCPA / General data / State"", ""HCPA / General data / reason for encounter"", ""State"", ""reason for encounter"", ""patient age""]",[],ABSENT_OR_PRUNED_OR_MATCH_FAILED,"[{""component"": ""filter"", ""query_field"": ""State"", ""matched_field"": null, ""match_type"": ""no_match"", ""score"": 0.0}, {""component"": ""filter"", ""query_field"": ""reason for encounter"", ""matched_field"": null, ""match_type"": ""no_match"", ""score"": 0.0}, {""component"": ""output"", ""query_field"": ""State"", ""matched_field"": null, ""match_type"": ""no_match"", ""score"": 0.0}, {""component"": ""output"", ""query_field"": ""reason for encounter"", ""matched_field"": null, ""match_type"": ""no_match"", ""score"": 0.0}, {""component"": ""output"", ""query_field"": ""patient age"", ""matched_field"": null, ""match_type"": ""no_match"", ""score"": 0.0}]",random_topk_4
Q13,W1_HCPA_EXPERT,Medium,False,0.0,"[""HCPA / General data / patient age"", ""HCPA / General data / State"", ""patient age"", ""State"", ""patient age""]",[],ABSENT_OR_PRUNED_OR_MATCH_FAILED,"[{""component"": ""filter"", ""query_field"": ""patient age"", ""matched_field"": null, ""match_type"": ""no_match"", ""score"": 0.0}, {""component"": ""filter"", ""query_field"": ""State"", ""matched_field"": null, ""match_type"": ""no_match"", ""score"": 0.0}, {""component"": ""output"", ""query_field"": ""patient age"", ""matched_field"": null, ""match_type"": ""no_match"", ""score"": 0.0}, {""component"": ""output"", ""query_field"": ""State"", ""matched_field"": null, ""match_type"": ""no_match"", ""score"": 0.0}, {""component"": ""sort"", ""query_field"": ""patient age"", ""matched_field"": null, ""match_type"": ""no_match"", ""score"": 0.0}]",random_topk_4
Q14,W1_HCPA_EXPERT,Medium,False,0.0,"[""HCPA / chemotherapy / schema"", ""HCPA / chemotherapy / duration of treatment"", ""schema"", ""duration of treatment"", ""duration of treatment""]",[],ABSENT_OR_PRUNED_OR_MATCH_FAILED,"[{""component"": ""filter"", ""query_field"": ""schema"", ""matched_field"": null, ""match_type"": ""no_match"", ""score"": 0.0}, {""component"": ""filter"", ""query_field"": ""duration of treatment"", ""matched_field"": null, ""match_type"": ""no_match"", ""score"": 0.0}, {""component"": ""output"", ""query_field"": ""schema"", ""matched_field"": null, ""match_type"": ""no_match"", ""score"": 0.0}, {""component"": ""output"", ""query_field"": ""duration of treatment"", ""matched_field"": null, ""match_type"": ""no_match"", ""score"": 0.0}, {""component"": ""sort"", ""query_field"": ""duration of treatment"", ""matched_field"": null, ""match_type"": ""no_match"", ""score"": 0.0}]",random_topk_4
Q15,W1_HCPA_EXPERT,Medium,False,0.0,"[""Problem/Diagnosis / Problem"", ""Problem/Diagnosis / Clinical staging"", ""Problem"", ""Clinical staging""]",[],ABSENT_OR_PRUNED_OR_MATCH_FAILED,"[{""component"": ""filter"", ""query_field"": ""Problem"", ""matched_field"": null, ""match_type"": ""no_match"", ""score"": 0.0}, {""component"": ""filter"", ""query_field"": ""Clinical staging"", ""matched_field"": null, ""match_type"": ""no_match"", ""score"": 0.0}, {""component"": ""output"", ""query_field"": ""Problem"", ""matched_field"": null, ""match_type"": ""no_match"", ""score"": 0.0}, {""component"": ""output"", ""query_field"": ""Clinical staging"", ""matched_field"": null, ""match_type"": ""no_match"", ""score"": 0.0}]",random_topk_4
Q16,W1_HCPA_EXPERT,Medium,False,0.0,"[""Problem/Diagnosis / Problem"", ""Procedure undertaken / Procedure"", ""Problem"", ""Procedure""]",[],ABSENT_OR_PRUNED_OR_MATCH_FAILED,"[{""component"": ""filter"", ""query_field"": ""Problem"", ""matched_field"": null, ""match_type"": ""no_match"", ""score"": 0.0}, {""component"": ""filter"", ""query_field"": ""Procedure"", ""matched_field"": null, ""match_type"": ""no_match"", ""score"": 0.0}, {""component"": ""output"", ""query_field"": ""Problem"", ""matched_field"": null, ""match_type"": ""no_match"", ""score"": 0.0}, {""component"": ""output"", ""query_field"": ""Procedure"", ""matched_field"": null, ""match_type"": ""no_match"", ""score"": 0.0}]",random_topk_4
Q17,W1_HCPA_EXPERT,Medium,False,0.0,"[""Discharge / reason for discharge"", ""HCPA / General data / State"", ""reason for discharge"", ""State""]",[],ABSENT_OR_PRUNED_OR_MATCH_FAILED,"[{""component"": ""filter"", ""query_field"": ""reason for discharge"", ""matched_field"": null, ""match_type"": ""no_match"", ""score"": 0.0}, {""component"": ""filter"", ""query_field"": ""State"", ""matched_field"": null, ""match_type"": ""no_match"", ""score"": 0.0}, {""component"": ""output"", ""query_field"": ""reason for discharge"", ""matched_field"": null, ""match_type"": ""no_match"", ""score"": 0.0}, {""component"": ""output"", ""query_field"": ""State"", ""matched_field"": null, ""match_type"": ""no_match"", ""score"": 0.0}]",random_topk_4
Q18,W1_HCPA_EXPERT,Medium,False,0.0,"[""Problem/Diagnosis / histopathological grading"", ""Problem/Diagnosis / Problem"", ""histopathological grading"", ""Problem""]",[],ABSENT_OR_PRUNED_OR_MATCH_FAILED,"[{""component"": ""filter"", ""query_field"": ""histopathological grading"", ""matched_field"": null, ""match_type"": ""no_match"", ""score"": 0.0}, {""component"": ""filter"", ""query_field"": ""Problem"", ""matched_field"": null, ""match_type"": ""no_match"", ""score"": 0.0}, {""component"": ""output"", ""query_field"": ""histopathological grading"", ""matched_field"": null, ""match_type"": ""no_match"", ""score"": 0.0}, {""component"": ""output"", ""query_field"": ""Problem"", ""matched_field"": null, ""match_type"": ""no_match"", ""score"": 0.0}]",random_topk_4
Q19,W1_HCPA_EXPERT,Medium,False,0.0,"[""Problem/Diagnosis / tumour topography"", ""Problem/Diagnosis / invaded regional lymph nodes"", ""tumour topography"", ""invaded regional lymph nodes""]",[],ABSENT_OR_PRUNED_OR_MATCH_FAILED,"[{""component"": ""filter"", ""query_field"": ""tumour topography"", ""matched_field"": null, ""match_type"": ""no_match"", ""score"": 0.0}, {""component"": ""filter"", ""query_field"": ""invaded regional lymph nodes"", ""matched_field"": null, ""match_type"": ""no_match"", ""score"": 0.0}, {""component"": ""output"", ""query_field"": ""tumour topography"", ""matched_field"": null, ""match_type"": ""no_match"", ""score"": 0.0}, {""component"": ""output"", ""query_field"": ""invaded regional lymph nodes"", ""matched_field"": null, ""match_type"": ""no_match"", ""score"": 0.0}]",random_topk_4
Q20,W1_HCPA_EXPERT,Medium,False,0.0,"[""HCPA / General data / reason for encounter"", ""HCPA / Radiotherapy / date of beginning of radiotherapy"", ""reason for encounter"", ""date of beginning of radiotherapy"", ""date of beginning of radiotherapy""]",[],ABSENT_OR_PRUNED_OR_MATCH_FAILED,"[{""component"": ""filter"", ""query_field"": ""reason for encounter"", ""matched_field"": null, ""match_type"": ""no_match"", ""score"": 0.0}, {""component"": ""filter"", ""query_field"": ""date of beginning of radiotherapy"", ""matched_field"": null, ""match_type"": ""no_match"", ""score"": 0.0}, {""component"": ""output"", ""query_field"": ""reason for encounter"", ""matched_field"": null, ""match_type"": ""no_match"", ""score"": 0.0}, {""component"": ""output"", ""query_field"": ""date of beginning of radiotherapy"", ""matched_field"": null, ""match_type"": ""no_match"", ""score"": 0.0}, {""component"": ""sort"", ""query_field"": ""date of beginning of radiotherapy"", ""matched_field"": null, ""match_type"": ""no_match"", ""score"": 0.0}]",random_topk_4
Q21,W1_HCPA_EXPERT,Hard,False,0.0,"[""Nephrology / indicator of transplantation"", ""Nephrology / number of transplantations"", ""indicator of transplantation"", ""number of transplantations""]",[],ABSENT_OR_PRUNED_OR_MATCH_FAILED,"[{""component"": ""filter"", ""query_field"": ""indicator of transplantation"", ""matched_field"": null, ""match_type"": ""no_match"", ""score"": 0.0}, {""component"": ""filter"", ""query_field"": ""number of transplantations"", ""matched_field"": null, ""match_type"": ""no_match"", ""score"": 0.0}, {""component"": ""output"", ""query_field"": ""indicator of transplantation"", ""matched_field"": null, ""match_type"": ""no_match"", ""score"": 0.0}, {""component"": ""output"", ""query_field"": ""number of transplantations"", ""matched_field"": null, ""match_type"": ""no_match"", ""score"": 0.0}]",random_topk_4
Q22,W1_HCPA_EXPERT,Hard,False,0.0,"[""Dialysis / date of first dialysis"", ""Imaging / abdominal ultrasonography"", ""date of first dialysis"", ""abdominal ultrasonography"", ""date of first dialysis""]",[],ABSENT_OR_PRUNED_OR_MATCH_FAILED,"[{""component"": ""filter"", ""query_field"": ""date of first dialysis"", ""matched_field"": null, ""match_type"": ""no_match"", ""score"": 0.0}, {""component"": ""filter"", ""query_field"": ""abdominal ultrasonography"", ""matched_field"": null, ""match_type"": ""no_match"", ""score"": 0.0}, {""component"": ""output"", ""query_field"": ""date of first dialysis"", ""matched_field"": null, ""match_type"": ""no_match"", ""score"": 0.0}, {""component"": ""output"", ""query_field"": ""abdominal ultrasonography"", ""matched_field"": null, ""match_type"": ""no_match"", ""score"": 0.0}, {""component"": ""sort"", ""query_field"": ""date of first dialysis"", ""matched_field"": null, ""match_type"": ""no_match"", ""score"": 0.0}]",random_topk_4
Q23,W1_HCPA_EXPERT,Hard,False,0.0,"[""Follow-up / duration of follow-up months"", ""Bariatrics / body mass index"", ""duration of follow-up months"", ""body mass index"", ""duration of follow-up months""]",[],ABSENT_OR_PRUNED_OR_MATCH_FAILED,"[{""component"": ""filter"", ""query_field"": ""duration of follow-up months"", ""matched_field"": null, ""match_type"": ""no_match"", ""score"": 0.0}, {""component"": ""filter"", ""query_field"": ""body mass index"", ""matched_field"": null, ""match_type"": ""no_match"", ""score"": 0.0}, {""component"": ""output"", ""query_field"": ""duration of follow-up months"", ""matched_field"": null, ""match_type"": ""no_match"", ""score"": 0.0}, {""component"": ""output"", ""query_field"": ""body mass index"", ""matched_field"": null, ""match_type"": ""no_match"", ""score"": 0.0}, {""component"": ""sort"", ""query_field"": ""duration of follow-up months"", ""matched_field"": null, ""match_type"": ""no_match"", ""score"": 0.0}]",random_topk_4
Q24,W1_HCPA_EXPERT,Hard,False,0.0,"[""HCPA / General data / State"", ""HCPA / General data / reason for encounter"", ""HCPA / General data / patient age"", ""State"", ""reason for encounter"", ""patient age"", ""patient age""]",[],ABSENT_OR_PRUNED_OR_MATCH_FAILED,"[{""component"": ""filter"", ""query_field"": ""State"", ""matched_field"": null, ""match_type"": ""no_match"", ""score"": 0.0}, {""component"": ""filter"", ""query_field"": ""reason for encounter"", ""matched_field"": null, ""match_type"": ""no_match"", ""score"": 0.0}, {""component"": ""filter"", ""query_field"": ""patient age"", ""matched_field"": null, ""match_type"": ""no_match"", ""score"": 0.0}, {""component"": ""output"", ""query_field"": ""State"", ""matched_field"": null, ""match_type"": ""no_match"", ""score"": 0.0}, {""component"": ""output"", ""query_field"": ""reason for encounter"", ""matched_field"": null, ""match_type"": ""no_match"", ""score"": 0.0}, {""component"": ""output"", ""query_field"": ""patient age"", ""matched_field"": null, ""match_type"": ""no_match"", ""score"": 0.0}, {""component"": ""sort"", ""query_field"": ""patient age"", ""matched_field"": null, ""match_type"": ""no_match"", ""score"": 0.0}]",random_topk_4
Q25,W1_HCPA_EXPERT,Hard,False,0.0,"[""HCPA / General data / State"", ""HCPA / General data / reason for encounter"", ""Problem/Diagnosis / Problem"", ""State"", ""reason for encounter"", ""Problem""]",[],ABSENT_OR_PRUNED_OR_MATCH_FAILED,"[{""component"": ""filter"", ""query_field"": ""State"", ""matched_field"": null, ""match_type"": ""no_match"", ""score"": 0.0}, {""component"": ""filter"", ""query_field"": ""reason for encounter"", ""matched_field"": null, ""match_type"": ""no_match"", ""score"": 0.0}, {""component"": ""filter"", ""query_field"": ""Problem"", ""matched_field"": null, ""match_type"": ""no_match"", ""score"": 0.0}, {""component"": ""output"", ""query_field"": ""State"", ""matched_field"": null, ""match_type"": ""no_match"", ""score"": 0.0}, {""component"": ""output"", ""query_field"": ""reason for encounter"", ""matched_field"": null, ""match_type"": ""no_match"", ""score"": 0.0}, {""component"": ""output"", ""query_field"": ""Problem"", ""matched_field"": null, ""match_type"": ""no_match"", ""score"": 0.0}]",random_topk_4
Q26,W1_HCPA_EXPERT,Hard,False,0.0,"[""Problem/Diagnosis / Problem"", ""Problem/Diagnosis / Clinical staging"", ""Problem/Diagnosis / invaded regional lymph nodes"", ""Problem"", ""Clinical staging"", ""invaded regional lymph nodes""]",[],ABSENT_OR_PRUNED_OR_MATCH_FAILED,"[{""component"": ""filter"", ""query_field"": ""Problem"", ""matched_field"": null, ""match_type"": ""no_match"", ""score"": 0.0}, {""component"": ""filter"", ""query_field"": ""Clinical staging"", ""matched_field"": null, ""match_type"": ""no_match"", ""score"": 0.0}, {""component"": ""filter"", ""query_field"": ""invaded regional lymph nodes"", ""matched_field"": null, ""match_type"": ""no_match"", ""score"": 0.0}, {""component"": ""output"", ""query_field"": ""Problem"", ""matched_field"": null, ""match_type"": ""no_match"", ""score"": 0.0}, {""component"": ""output"", ""query_field"": ""Clinical staging"", ""matched_field"": null, ""match_type"": ""no_match"", ""score"": 0.0}, {""component"": ""output"", ""query_field"": ""invaded regional lymph nodes"", ""matched_field"": null, ""match_type"": ""no_match"", ""score"": 0.0}]",random_topk_4
Q27,W1_HCPA_EXPERT,Hard,False,0.0,"[""HCPA / chemotherapy / schema"", ""HCPA / chemotherapy / duration of treatment"", ""HCPA / chemotherapy / date of beginning of chemotherapy"", ""schema"", ""duration of treatment"", ""date of beginning of chemotherapy"", ""date of beginning of chemotherapy""]",[],ABSENT_OR_PRUNED_OR_MATCH_FAILED,"[{""component"": ""filter"", ""query_field"": ""schema"", ""matched_field"": null, ""match_type"": ""no_match"", ""score"": 0.0}, {""component"": ""filter"", ""query_field"": ""duration of treatment"", ""matched_field"": null, ""match_type"": ""no_match"", ""score"": 0.0}, {""component"": ""filter"", ""query_field"": ""date of beginning of chemotherapy"", ""matched_field"": null, ""match_type"": ""no_match"", ""score"": 0.0}, {""component"": ""output"", ""query_field"": ""schema"", ""matched_field"": null, ""match_type"": ""no_match"", ""score"": 0.0}, {""component"": ""output"", ""query_field"": ""duration of treatment"", ""matched_field"": null, ""match_type"": ""no_match"", ""score"": 0.0}, {""component"": ""output"", ""query_field"": ""date of beginning of chemotherapy"", ""matched_field"": null, ""match_type"": ""no_match"", ""score"": 0.0}, {""component"": ""sort"", ""query_field"": ""date of beginning of chemotherapy"", ""matched_field"": null, ""match_type"": ""no_match"", ""score"": 0.0}]",random_topk_4
Q28,W1_HCPA_EXPERT,Hard,False,0.0,"[""Procedure undertaken / Procedure"", ""Radiotherapy / irradiated area 1"", ""Procedure"", ""irradiated area 1""]",[],ABSENT_OR_PRUNED_OR_MATCH_FAILED,"[{""component"": ""filter"", ""query_field"": ""Procedure"", ""matched_field"": null, ""match_type"": ""no_match"", ""score"": 0.0}, {""component"": ""filter"", ""query_field"": ""irradiated area 1"", ""matched_field"": null, ""match_type"": ""no_match"", ""score"": 0.0}, {""component"": ""output"", ""query_field"": ""Procedure"", ""matched_field"": null, ""match_type"": ""no_match"", ""score"": 0.0}, {""component"": ""output"", ""query_field"": ""irradiated area 1"", ""matched_field"": null, ""match_type"": ""no_match"", ""score"": 0.0}]",random_topk_4
Q29,W1_HCPA_EXPERT,Hard,False,0.0,"[""Discharge / date of discharge"", ""Discharge / reason for discharge"", ""date of discharge"", ""reason for discharge""]",[],ABSENT_OR_PRUNED_OR_MATCH_FAILED,"[{""component"": ""filter"", ""query_field"": ""date of discharge"", ""matched_field"": null, ""match_type"": ""no_match"", ""score"": 0.0}, {""component"": ""filter"", ""query_field"": ""reason for discharge"", ""matched_field"": null, ""match_type"": ""no_match"", ""score"": 0.0}, {""component"": ""output"", ""query_field"": ""date of discharge"", ""matched_field"": null, ""match_type"": ""no_match"", ""score"": 0.0}, {""component"": ""output"", ""query_field"": ""reason for discharge"", ""matched_field"": null, ""match_type"": ""no_match"", ""score"": 0.0}]",random_topk_4
Q30,W1_HCPA_EXPERT,Hard,False,0.0,"[""Problem/Diagnosis / tumour topography"", ""Problem/Diagnosis / histopathological grading"", ""Problem/Diagnosis / date of pathological identification"", ""tumour topography"", ""histopathological grading"", ""date of pathological identification"", ""date of pathological identification""]",[],ABSENT_OR_PRUNED_OR_MATCH_FAILED,"[{""component"": ""filter"", ""query_field"": ""tumour topography"", ""matched_field"": null, ""match_type"": ""no_match"", ""score"": 0.0}, {""component"": ""filter"", ""query_field"": ""histopathological grading"", ""matched_field"": null, ""match_type"": ""no_match"", ""score"": 0.0}, {""component"": ""filter"", ""query_field"": ""date of pathological identification"", ""matched_field"": null, ""match_type"": ""no_match"", ""score"": 0.0}, {""component"": ""output"", ""query_field"": ""tumour topography"", ""matched_field"": null, ""match_type"": ""no_match"", ""score"": 0.0}, {""component"": ""output"", ""query_field"": ""histopathological grading"", ""matched_field"": null, ""match_type"": ""no_match"", ""score"": 0.0}, {""component"": ""output"", ""query_field"": ""date of pathological identification"", ""matched_field"": null, ""match_type"": ""no_match"", ""score"": 0.0}, {""component"": ""sort"", ""query_field"": ""date of pathological identification"", ""matched_field"": null, ""match_type"": ""no_match"", ""score"": 0.0}]",random_topk_4
D1,W2_DEMOGRAPHIC_EXPERT,Easy,False,0.0,"[""Demographic data / components / gender"", ""gender""]",[],ABSENT_OR_PRUNED_OR_MATCH_FAILED,"[{""component"": ""filter"", ""query_field"": ""gender"", ""matched_field"": null, ""match_type"": ""no_match"", ""score"": 0.0}, {""component"": ""output"", ""query_field"": ""gender"", ""matched_field"": null, ""match_type"": ""no_match"", ""score"": 0.0}]",random_topk_4
D2,W2_DEMOGRAPHIC_EXPERT,Easy,False,0.0,"[""Demographic data / components / gender"", ""gender"", ""birth date""]",[],ABSENT_OR_PRUNED_OR_MATCH_FAILED,"[{""component"": ""filter"", ""query_field"": ""gender"", ""matched_field"": null, ""match_type"": ""no_match"", ""score"": 0.0}, {""component"": ""output"", ""query_field"": ""gender"", ""matched_field"": null, ""match_type"": ""no_match"", ""score"": 0.0}, {""component"": ""output"", ""query_field"": ""birth date"", ""matched_field"": null, ""match_type"": ""no_match"", ""score"": 0.0}]",random_topk_4
D3,W2_DEMOGRAPHIC_EXPERT,Easy,False,0.0,"[""Demographic data / components / nationality"", ""nationality""]",[],ABSENT_OR_PRUNED_OR_MATCH_FAILED,"[{""component"": ""filter"", ""query_field"": ""nationality"", ""matched_field"": null, ""match_type"": ""no_match"", ""score"": 0.0}, {""component"": ""output"", ""query_field"": ""nationality"", ""matched_field"": null, ""match_type"": ""no_match"", ""score"": 0.0}]",random_topk_4
D4,W2_DEMOGRAPHIC_EXPERT,Easy,False,0.0,"[""Demographic data / components / race"", ""race""]",[],ABSENT_OR_PRUNED_OR_MATCH_FAILED,"[{""component"": ""filter"", ""query_field"": ""race"", ""matched_field"": null, ""match_type"": ""no_match"", ""score"": 0.0}, {""component"": ""output"", ""query_field"": ""race"", ""matched_field"": null, ""match_type"": ""no_match"", ""score"": 0.0}]",random_topk_4
D5,W2_DEMOGRAPHIC_EXPERT,Easy,False,0.0,"[""Demographic data / components / ethnic group"", ""ethnic group""]",[],ABSENT_OR_PRUNED_OR_MATCH_FAILED,"[{""component"": ""filter"", ""query_field"": ""ethnic group"", ""matched_field"": null, ""match_type"": ""no_match"", ""score"": 0.0}, {""component"": ""output"", ""query_field"": ""ethnic group"", ""matched_field"": null, ""match_type"": ""no_match"", ""score"": 0.0}]",random_topk_4
D6,W2_DEMOGRAPHIC_EXPERT,Easy,False,0.0,"[""Demographic data / components / birth date"", ""birth date""]",[],ABSENT_OR_PRUNED_OR_MATCH_FAILED,"[{""component"": ""filter"", ""query_field"": ""birth date"", ""matched_field"": null, ""match_type"": ""no_match"", ""score"": 0.0}, {""component"": ""output"", ""query_field"": ""birth date"", ""matched_field"": null, ""match_type"": ""no_match"", ""score"": 0.0}]",random_topk_4
D7,W2_DEMOGRAPHIC_EXPERT,Medium,False,0.0,"[""Demographic data / components / gender"", ""Demographic data / components / nationality"", ""gender"", ""nationality""]",[],ABSENT_OR_PRUNED_OR_MATCH_FAILED,"[{""component"": ""filter"", ""query_field"": ""gender"", ""matched_field"": null, ""match_type"": ""no_match"", ""score"": 0.0}, {""component"": ""filter"", ""query_field"": ""nationality"", ""matched_field"": null, ""match_type"": ""no_match"", ""score"": 0.0}, {""component"": ""output"", ""query_field"": ""gender"", ""matched_field"": null, ""match_type"": ""no_match"", ""score"": 0.0}, {""component"": ""output"", ""query_field"": ""nationality"", ""matched_field"": null, ""match_type"": ""no_match"", ""score"": 0.0}]",random_topk_4
D8,W2_DEMOGRAPHIC_EXPERT,Medium,False,0.0,"[""Demographic data / components / birth date"", ""Demographic data / components / gender"", ""birth date"", ""gender"", ""birth date""]",[],ABSENT_OR_PRUNED_OR_MATCH_FAILED,"[{""component"": ""filter"", ""query_field"": ""birth date"", ""matched_field"": null, ""match_type"": ""no_match"", ""score"": 0.0}, {""component"": ""filter"", ""query_field"": ""gender"", ""matched_field"": null, ""match_type"": ""no_match"", ""score"": 0.0}, {""component"": ""output"", ""query_field"": ""birth date"", ""matched_field"": null, ""match_type"": ""no_match"", ""score"": 0.0}, {""component"": ""output"", ""query_field"": ""gender"", ""matched_field"": null, ""match_type"": ""no_match"", ""score"": 0.0}, {""component"": ""sort"", ""query_field"": ""birth date"", ""matched_field"": null, ""match_type"": ""no_match"", ""score"": 0.0}]",random_topk_4
D9,W2_DEMOGRAPHIC_EXPERT,Medium,False,0.0,"[""Demographic data / components / educational level"", ""Demographic data / components / nationality"", ""educational level"", ""nationality""]",[],ABSENT_OR_PRUNED_OR_MATCH_FAILED,"[{""component"": ""filter"", ""query_field"": ""educational level"", ""matched_field"": null, ""match_type"": ""no_match"", ""score"": 0.0}, {""component"": ""filter"", ""query_field"": ""nationality"", ""matched_field"": null, ""match_type"": ""no_match"", ""score"": 0.0}, {""component"": ""output"", ""query_field"": ""educational level"", ""matched_field"": null, ""match_type"": ""no_match"", ""score"": 0.0}, {""component"": ""output"", ""query_field"": ""nationality"", ""matched_field"": null, ""match_type"": ""no_match"", ""score"": 0.0}]",random_topk_4
D10,W2_DEMOGRAPHIC_EXPERT,Medium,False,0.0,"[""Demographic data / components / race"", ""Demographic data / components / nationality"", ""race"", ""nationality""]",[],ABSENT_OR_PRUNED_OR_MATCH_FAILED,"[{""component"": ""filter"", ""query_field"": ""race"", ""matched_field"": null, ""match_type"": ""no_match"", ""score"": 0.0}, {""component"": ""filter"", ""query_field"": ""nationality"", ""matched_field"": null, ""match_type"": ""no_match"", ""score"": 0.0}, {""component"": ""output"", ""query_field"": ""race"", ""matched_field"": null, ""match_type"": ""no_match"", ""score"": 0.0}, {""component"": ""output"", ""query_field"": ""nationality"", ""matched_field"": null, ""match_type"": ""no_match"", ""score"": 0.0}]",random_topk_4
D11,W2_DEMOGRAPHIC_EXPERT,Hard,False,0.0,"[""Demographic data / components / race"", ""Demographic data / components / ethnic group"", ""Demographic data / components / nationality"", ""race"", ""ethnic group"", ""nationality""]",[],ABSENT_OR_PRUNED_OR_MATCH_FAILED,"[{""component"": ""filter"", ""query_field"": ""race"", ""matched_field"": null, ""match_type"": ""no_match"", ""score"": 0.0}, {""component"": ""filter"", ""query_field"": ""ethnic group"", ""matched_field"": null, ""match_type"": ""no_match"", ""score"": 0.0}, {""component"": ""filter"", ""query_field"": ""nationality"", ""matched_field"": null, ""match_type"": ""no_match"", ""score"": 0.0}, {""component"": ""output"", ""query_field"": ""race"", ""matched_field"": null, ""match_type"": ""no_match"", ""score"": 0.0}, {""component"": ""output"", ""query_field"": ""ethnic group"", ""matched_field"": null, ""match_type"": ""no_match"", ""score"": 0.0}, {""component"": ""output"", ""query_field"": ""nationality"", ""matched_field"": null, ""match_type"": ""no_match"", ""score"": 0.0}]",random_topk_4
D12,W2_DEMOGRAPHIC_EXPERT,Hard,False,0.0,"[""Demographic data / components / birth date"", ""Demographic data / components / gender"", ""Demographic data / components / nationality"", ""birth date"", ""gender"", ""nationality"", ""birth date""]",[],ABSENT_OR_PRUNED_OR_MATCH_FAILED,"[{""component"": ""filter"", ""query_field"": ""birth date"", ""matched_field"": null, ""match_type"": ""no_match"", ""score"": 0.0}, {""component"": ""filter"", ""query_field"": ""gender"", ""matched_field"": null, ""match_type"": ""no_match"", ""score"": 0.0}, {""component"": ""filter"", ""query_field"": ""nationality"", ""matched_field"": null, ""match_type"": ""no_match"", ""score"": 0.0}, {""component"": ""output"", ""query_field"": ""birth date"", ""matched_field"": null, ""match_type"": ""no_match"", ""score"": 0.0}, {""component"": ""output"", ""query_field"": ""gender"", ""matched_field"": null, ""match_type"": ""no_match"", ""score"": 0.0}, {""component"": ""output"", ""query_field"": ""nationality"", ""matched_field"": null, ""match_type"": ""no_match"", ""score"": 0.0}, {""component"": ""sort"", ""query_field"": ""birth date"", ""matched_field"": null, ""match_type"": ""no_match"", ""score"": 0.0}]",random_topk_4
Q1,W1_HCPA_EXPERT,Easy,False,0.0,"[""HCPA / General data / State"", ""State""]",[],ABSENT_OR_PRUNED_OR_MATCH_FAILED,"[{""component"": ""filter"", ""query_field"": ""State"", ""matched_field"": null, ""match_type"": ""no_match"", ""score"": 0.0}, {""component"": ""output"", ""query_field"": ""State"", ""matched_field"": null, ""match_type"": ""no_match"", ""score"": 0.0}]",random_topk_5
Q2,W1_HCPA_EXPERT,Easy,False,0.0,"[""HCPA / General data / State"", ""State"", ""reason for encounter""]",[],ABSENT_OR_PRUNED_OR_MATCH_FAILED,"[{""component"": ""filter"", ""query_field"": ""State"", ""matched_field"": null, ""match_type"": ""no_match"", ""score"": 0.0}, {""component"": ""output"", ""query_field"": ""State"", ""matched_field"": null, ""match_type"": ""no_match"", ""score"": 0.0}, {""component"": ""output"", ""query_field"": ""reason for encounter"", ""matched_field"": null, ""match_type"": ""no_match"", ""score"": 0.0}]",random_topk_5
Q3,W1_HCPA_EXPERT,Easy,False,0.0,"[""HCPA / General data / reason for encounter"", ""reason for encounter""]",[],ABSENT_OR_PRUNED_OR_MATCH_FAILED,"[{""component"": ""filter"", ""query_field"": ""reason for encounter"", ""matched_field"": null, ""match_type"": ""no_match"", ""score"": 0.0}, {""component"": ""output"", ""query_field"": ""reason for encounter"", ""matched_field"": null, ""match_type"": ""no_match"", ""score"": 0.0}]",random_topk_5
Q4,W1_HCPA_EXPERT,Easy,False,0.0,"[""HCPA / General data / reason for encounter"", ""reason for encounter"", ""State"", ""patient age""]",[],ABSENT_OR_PRUNED_OR_MATCH_FAILED,"[{""component"": ""filter"", ""query_field"": ""reason for encounter"", ""matched_field"": null, ""match_type"": ""no_match"", ""score"": 0.0}, {""component"": ""output"", ""query_field"": ""reason for encounter"", ""matched_field"": null, ""match_type"": ""no_match"", ""score"": 0.0}, {""component"": ""output"", ""query_field"": ""State"", ""matched_field"": null, ""match_type"": ""no_match"", ""score"": 0.0}, {""component"": ""output"", ""query_field"": ""patient age"", ""matched_field"": null, ""match_type"": ""no_match"", ""score"": 0.0}]",random_topk_5
Q5,W1_HCPA_EXPERT,Easy,False,0.0,"[""HCPA / General data / patient age"", ""patient age"", ""patient age""]",[],ABSENT_OR_PRUNED_OR_MATCH_FAILED,"[{""component"": ""filter"", ""query_field"": ""patient age"", ""matched_field"": null, ""match_type"": ""no_match"", ""score"": 0.0}, {""component"": ""output"", ""query_field"": ""patient age"", ""matched_field"": null, ""match_type"": ""no_match"", ""score"": 0.0}, {""component"": ""sort"", ""query_field"": ""patient age"", ""matched_field"": null, ""match_type"": ""no_match"", ""score"": 0.0}]",random_topk_5
Q6,W1_HCPA_EXPERT,Easy,False,0.0,"[""HCPA / chemotherapy / schema"", ""schema""]",[],ABSENT_OR_PRUNED_OR_MATCH_FAILED,"[{""component"": ""filter"", ""query_field"": ""schema"", ""matched_field"": null, ""match_type"": ""no_match"", ""score"": 0.0}, {""component"": ""output"", ""query_field"": ""schema"", ""matched_field"": null, ""match_type"": ""no_match"", ""score"": 0.0}]",random_topk_5
Q7,W1_HCPA_EXPERT,Easy,False,0.0,"[""Procedure undertaken / Procedure"", ""Procedure""]",[],ABSENT_OR_PRUNED_OR_MATCH_FAILED,"[{""component"": ""filter"", ""query_field"": ""Procedure"", ""matched_field"": null, ""match_type"": ""no_match"", ""score"": 0.0}, {""component"": ""output"", ""query_field"": ""Procedure"", ""matched_field"": null, ""match_type"": ""no_match"", ""score"": 0.0}]",random_topk_5
Q8,W1_HCPA_EXPERT,Easy,False,0.0,"[""Problem/Diagnosis / Problem"", ""Problem""]",[],ABSENT_OR_PRUNED_OR_MATCH_FAILED,"[{""component"": ""filter"", ""query_field"": ""Problem"", ""matched_field"": null, ""match_type"": ""no_match"", ""score"": 0.0}, {""component"": ""output"", ""query_field"": ""Problem"", ""matched_field"": null, ""match_type"": ""no_match"", ""score"": 0.0}]",random_topk_5
Q9,W1_HCPA_EXPERT,Easy,False,0.0,"[""Problem/Diagnosis / Clinical staging"", ""Clinical staging""]",[],ABSENT_OR_PRUNED_OR_MATCH_FAILED,"[{""component"": ""filter"", ""query_field"": ""Clinical staging"", ""matched_field"": null, ""match_type"": ""no_match"", ""score"": 0.0}, {""component"": ""output"", ""query_field"": ""Clinical staging"", ""matched_field"": null, ""match_type"": ""no_match"", ""score"": 0.0}]",random_topk_5
Q10,W1_HCPA_EXPERT,Easy,False,0.0,"[""Problem/Diagnosis / invaded regional lymph nodes"", ""invaded regional lymph nodes""]",[],ABSENT_OR_PRUNED_OR_MATCH_FAILED,"[{""component"": ""filter"", ""query_field"": ""invaded regional lymph nodes"", ""matched_field"": null, ""match_type"": ""no_match"", ""score"": 0.0}, {""component"": ""output"", ""query_field"": ""invaded regional lymph nodes"", ""matched_field"": null, ""match_type"": ""no_match"", ""score"": 0.0}]",random_topk_5
Q11,W1_HCPA_EXPERT,Medium,False,0.0,"[""HCPA / General data / State"", ""HCPA / General data / reason for encounter"", ""State"", ""reason for encounter""]",[],ABSENT_OR_PRUNED_OR_MATCH_FAILED,"[{""component"": ""filter"", ""query_field"": ""State"", ""matched_field"": null, ""match_type"": ""no_match"", ""score"": 0.0}, {""component"": ""filter"", ""query_field"": ""reason for encounter"", ""matched_field"": null, ""match_type"": ""no_match"", ""score"": 0.0}, {""component"": ""output"", ""query_field"": ""State"", ""matched_field"": null, ""match_type"": ""no_match"", ""score"": 0.0}, {""component"": ""output"", ""query_field"": ""reason for encounter"", ""matched_field"": null, ""match_type"": ""no_match"", ""score"": 0.0}]",random_topk_5
Q12,W1_HCPA_EXPERT,Medium,False,0.0,"[""HCPA / General data / State"", ""HCPA / General data / reason for encounter"", ""State"", ""reason for encounter"", ""patient age""]",[],ABSENT_OR_PRUNED_OR_MATCH_FAILED,"[{""component"": ""filter"", ""query_field"": ""State"", ""matched_field"": null, ""match_type"": ""no_match"", ""score"": 0.0}, {""component"": ""filter"", ""query_field"": ""reason for encounter"", ""matched_field"": null, ""match_type"": ""no_match"", ""score"": 0.0}, {""component"": ""output"", ""query_field"": ""State"", ""matched_field"": null, ""match_type"": ""no_match"", ""score"": 0.0}, {""component"": ""output"", ""query_field"": ""reason for encounter"", ""matched_field"": null, ""match_type"": ""no_match"", ""score"": 0.0}, {""component"": ""output"", ""query_field"": ""patient age"", ""matched_field"": null, ""match_type"": ""no_match"", ""score"": 0.0}]",random_topk_5
Q13,W1_HCPA_EXPERT,Medium,False,0.0,"[""HCPA / General data / patient age"", ""HCPA / General data / State"", ""patient age"", ""State"", ""patient age""]",[],ABSENT_OR_PRUNED_OR_MATCH_FAILED,"[{""component"": ""filter"", ""query_field"": ""patient age"", ""matched_field"": null, ""match_type"": ""no_match"", ""score"": 0.0}, {""component"": ""filter"", ""query_field"": ""State"", ""matched_field"": null, ""match_type"": ""no_match"", ""score"": 0.0}, {""component"": ""output"", ""query_field"": ""patient age"", ""matched_field"": null, ""match_type"": ""no_match"", ""score"": 0.0}, {""component"": ""output"", ""query_field"": ""State"", ""matched_field"": null, ""match_type"": ""no_match"", ""score"": 0.0}, {""component"": ""sort"", ""query_field"": ""patient age"", ""matched_field"": null, ""match_type"": ""no_match"", ""score"": 0.0}]",random_topk_5
Q14,W1_HCPA_EXPERT,Medium,False,0.0,"[""HCPA / chemotherapy / schema"", ""HCPA / chemotherapy / duration of treatment"", ""schema"", ""duration of treatment"", ""duration of treatment""]",[],ABSENT_OR_PRUNED_OR_MATCH_FAILED,"[{""component"": ""filter"", ""query_field"": ""schema"", ""matched_field"": null, ""match_type"": ""no_match"", ""score"": 0.0}, {""component"": ""filter"", ""query_field"": ""duration of treatment"", ""matched_field"": null, ""match_type"": ""no_match"", ""score"": 0.0}, {""component"": ""output"", ""query_field"": ""schema"", ""matched_field"": null, ""match_type"": ""no_match"", ""score"": 0.0}, {""component"": ""output"", ""query_field"": ""duration of treatment"", ""matched_field"": null, ""match_type"": ""no_match"", ""score"": 0.0}, {""component"": ""sort"", ""query_field"": ""duration of treatment"", ""matched_field"": null, ""match_type"": ""no_match"", ""score"": 0.0}]",random_topk_5
Q15,W1_HCPA_EXPERT,Medium,False,0.0,"[""Problem/Diagnosis / Problem"", ""Problem/Diagnosis / Clinical staging"", ""Problem"", ""Clinical staging""]",[],ABSENT_OR_PRUNED_OR_MATCH_FAILED,"[{""component"": ""filter"", ""query_field"": ""Problem"", ""matched_field"": null, ""match_type"": ""no_match"", ""score"": 0.0}, {""component"": ""filter"", ""query_field"": ""Clinical staging"", ""matched_field"": null, ""match_type"": ""no_match"", ""score"": 0.0}, {""component"": ""output"", ""query_field"": ""Problem"", ""matched_field"": null, ""match_type"": ""no_match"", ""score"": 0.0}, {""component"": ""output"", ""query_field"": ""Clinical staging"", ""matched_field"": null, ""match_type"": ""no_match"", ""score"": 0.0}]",random_topk_5
Q16,W1_HCPA_EXPERT,Medium,False,0.0,"[""Problem/Diagnosis / Problem"", ""Procedure undertaken / Procedure"", ""Problem"", ""Procedure""]",[],ABSENT_OR_PRUNED_OR_MATCH_FAILED,"[{""component"": ""filter"", ""query_field"": ""Problem"", ""matched_field"": null, ""match_type"": ""no_match"", ""score"": 0.0}, {""component"": ""filter"", ""query_field"": ""Procedure"", ""matched_field"": null, ""match_type"": ""no_match"", ""score"": 0.0}, {""component"": ""output"", ""query_field"": ""Problem"", ""matched_field"": null, ""match_type"": ""no_match"", ""score"": 0.0}, {""component"": ""output"", ""query_field"": ""Procedure"", ""matched_field"": null, ""match_type"": ""no_match"", ""score"": 0.0}]",random_topk_5
Q17,W1_HCPA_EXPERT,Medium,False,0.0,"[""Discharge / reason for discharge"", ""HCPA / General data / State"", ""reason for discharge"", ""State""]",[],ABSENT_OR_PRUNED_OR_MATCH_FAILED,"[{""component"": ""filter"", ""query_field"": ""reason for discharge"", ""matched_field"": null, ""match_type"": ""no_match"", ""score"": 0.0}, {""component"": ""filter"", ""query_field"": ""State"", ""matched_field"": null, ""match_type"": ""no_match"", ""score"": 0.0}, {""component"": ""output"", ""query_field"": ""reason for discharge"", ""matched_field"": null, ""match_type"": ""no_match"", ""score"": 0.0}, {""component"": ""output"", ""query_field"": ""State"", ""matched_field"": null, ""match_type"": ""no_match"", ""score"": 0.0}]",random_topk_5
Q18,W1_HCPA_EXPERT,Medium,False,0.0,"[""Problem/Diagnosis / histopathological grading"", ""Problem/Diagnosis / Problem"", ""histopathological grading"", ""Problem""]",[],ABSENT_OR_PRUNED_OR_MATCH_FAILED,"[{""component"": ""filter"", ""query_field"": ""histopathological grading"", ""matched_field"": null, ""match_type"": ""no_match"", ""score"": 0.0}, {""component"": ""filter"", ""query_field"": ""Problem"", ""matched_field"": null, ""match_type"": ""no_match"", ""score"": 0.0}, {""component"": ""output"", ""query_field"": ""histopathological grading"", ""matched_field"": null, ""match_type"": ""no_match"", ""score"": 0.0}, {""component"": ""output"", ""query_field"": ""Problem"", ""matched_field"": null, ""match_type"": ""no_match"", ""score"": 0.0}]",random_topk_5
Q19,W1_HCPA_EXPERT,Medium,False,0.0,"[""Problem/Diagnosis / tumour topography"", ""Problem/Diagnosis / invaded regional lymph nodes"", ""tumour topography"", ""invaded regional lymph nodes""]",[],ABSENT_OR_PRUNED_OR_MATCH_FAILED,"[{""component"": ""filter"", ""query_field"": ""tumour topography"", ""matched_field"": null, ""match_type"": ""no_match"", ""score"": 0.0}, {""component"": ""filter"", ""query_field"": ""invaded regional lymph nodes"", ""matched_field"": null, ""match_type"": ""no_match"", ""score"": 0.0}, {""component"": ""output"", ""query_field"": ""tumour topography"", ""matched_field"": null, ""match_type"": ""no_match"", ""score"": 0.0}, {""component"": ""output"", ""query_field"": ""invaded regional lymph nodes"", ""matched_field"": null, ""match_type"": ""no_match"", ""score"": 0.0}]",random_topk_5
Q20,W1_HCPA_EXPERT,Medium,False,0.0,"[""HCPA / General data / reason for encounter"", ""HCPA / Radiotherapy / date of beginning of radiotherapy"", ""reason for encounter"", ""date of beginning of radiotherapy"", ""date of beginning of radiotherapy""]",[],ABSENT_OR_PRUNED_OR_MATCH_FAILED,"[{""component"": ""filter"", ""query_field"": ""reason for encounter"", ""matched_field"": null, ""match_type"": ""no_match"", ""score"": 0.0}, {""component"": ""filter"", ""query_field"": ""date of beginning of radiotherapy"", ""matched_field"": null, ""match_type"": ""no_match"", ""score"": 0.0}, {""component"": ""output"", ""query_field"": ""reason for encounter"", ""matched_field"": null, ""match_type"": ""no_match"", ""score"": 0.0}, {""component"": ""output"", ""query_field"": ""date of beginning of radiotherapy"", ""matched_field"": null, ""match_type"": ""no_match"", ""score"": 0.0}, {""component"": ""sort"", ""query_field"": ""date of beginning of radiotherapy"", ""matched_field"": null, ""match_type"": ""no_match"", ""score"": 0.0}]",random_topk_5
Q21,W1_HCPA_EXPERT,Hard,False,0.0,"[""Nephrology / indicator of transplantation"", ""Nephrology / number of transplantations"", ""indicator of transplantation"", ""number of transplantations""]",[],ABSENT_OR_PRUNED_OR_MATCH_FAILED,"[{""component"": ""filter"", ""query_field"": ""indicator of transplantation"", ""matched_field"": null, ""match_type"": ""no_match"", ""score"": 0.0}, {""component"": ""filter"", ""query_field"": ""number of transplantations"", ""matched_field"": null, ""match_type"": ""no_match"", ""score"": 0.0}, {""component"": ""output"", ""query_field"": ""indicator of transplantation"", ""matched_field"": null, ""match_type"": ""no_match"", ""score"": 0.0}, {""component"": ""output"", ""query_field"": ""number of transplantations"", ""matched_field"": null, ""match_type"": ""no_match"", ""score"": 0.0}]",random_topk_5
Q22,W1_HCPA_EXPERT,Hard,False,0.0,"[""Dialysis / date of first dialysis"", ""Imaging / abdominal ultrasonography"", ""date of first dialysis"", ""abdominal ultrasonography"", ""date of first dialysis""]",[],ABSENT_OR_PRUNED_OR_MATCH_FAILED,"[{""component"": ""filter"", ""query_field"": ""date of first dialysis"", ""matched_field"": null, ""match_type"": ""no_match"", ""score"": 0.0}, {""component"": ""filter"", ""query_field"": ""abdominal ultrasonography"", ""matched_field"": null, ""match_type"": ""no_match"", ""score"": 0.0}, {""component"": ""output"", ""query_field"": ""date of first dialysis"", ""matched_field"": null, ""match_type"": ""no_match"", ""score"": 0.0}, {""component"": ""output"", ""query_field"": ""abdominal ultrasonography"", ""matched_field"": null, ""match_type"": ""no_match"", ""score"": 0.0}, {""component"": ""sort"", ""query_field"": ""date of first dialysis"", ""matched_field"": null, ""match_type"": ""no_match"", ""score"": 0.0}]",random_topk_5
Q23,W1_HCPA_EXPERT,Hard,False,0.0,"[""Follow-up / duration of follow-up months"", ""Bariatrics / body mass index"", ""duration of follow-up months"", ""body mass index"", ""duration of follow-up months""]",[],ABSENT_OR_PRUNED_OR_MATCH_FAILED,"[{""component"": ""filter"", ""query_field"": ""duration of follow-up months"", ""matched_field"": null, ""match_type"": ""no_match"", ""score"": 0.0}, {""component"": ""filter"", ""query_field"": ""body mass index"", ""matched_field"": null, ""match_type"": ""no_match"", ""score"": 0.0}, {""component"": ""output"", ""query_field"": ""duration of follow-up months"", ""matched_field"": null, ""match_type"": ""no_match"", ""score"": 0.0}, {""component"": ""output"", ""query_field"": ""body mass index"", ""matched_field"": null, ""match_type"": ""no_match"", ""score"": 0.0}, {""component"": ""sort"", ""query_field"": ""duration of follow-up months"", ""matched_field"": null, ""match_type"": ""no_match"", ""score"": 0.0}]",random_topk_5
Q24,W1_HCPA_EXPERT,Hard,False,0.0,"[""HCPA / General data / State"", ""HCPA / General data / reason for encounter"", ""HCPA / General data / patient age"", ""State"", ""reason for encounter"", ""patient age"", ""patient age""]",[],ABSENT_OR_PRUNED_OR_MATCH_FAILED,"[{""component"": ""filter"", ""query_field"": ""State"", ""matched_field"": null, ""match_type"": ""no_match"", ""score"": 0.0}, {""component"": ""filter"", ""query_field"": ""reason for encounter"", ""matched_field"": null, ""match_type"": ""no_match"", ""score"": 0.0}, {""component"": ""filter"", ""query_field"": ""patient age"", ""matched_field"": null, ""match_type"": ""no_match"", ""score"": 0.0}, {""component"": ""output"", ""query_field"": ""State"", ""matched_field"": null, ""match_type"": ""no_match"", ""score"": 0.0}, {""component"": ""output"", ""query_field"": ""reason for encounter"", ""matched_field"": null, ""match_type"": ""no_match"", ""score"": 0.0}, {""component"": ""output"", ""query_field"": ""patient age"", ""matched_field"": null, ""match_type"": ""no_match"", ""score"": 0.0}, {""component"": ""sort"", ""query_field"": ""patient age"", ""matched_field"": null, ""match_type"": ""no_match"", ""score"": 0.0}]",random_topk_5
Q25,W1_HCPA_EXPERT,Hard,False,0.0,"[""HCPA / General data / State"", ""HCPA / General data / reason for encounter"", ""Problem/Diagnosis / Problem"", ""State"", ""reason for encounter"", ""Problem""]",[],ABSENT_OR_PRUNED_OR_MATCH_FAILED,"[{""component"": ""filter"", ""query_field"": ""State"", ""matched_field"": null, ""match_type"": ""no_match"", ""score"": 0.0}, {""component"": ""filter"", ""query_field"": ""reason for encounter"", ""matched_field"": null, ""match_type"": ""no_match"", ""score"": 0.0}, {""component"": ""filter"", ""query_field"": ""Problem"", ""matched_field"": null, ""match_type"": ""no_match"", ""score"": 0.0}, {""component"": ""output"", ""query_field"": ""State"", ""matched_field"": null, ""match_type"": ""no_match"", ""score"": 0.0}, {""component"": ""output"", ""query_field"": ""reason for encounter"", ""matched_field"": null, ""match_type"": ""no_match"", ""score"": 0.0}, {""component"": ""output"", ""query_field"": ""Problem"", ""matched_field"": null, ""match_type"": ""no_match"", ""score"": 0.0}]",random_topk_5
Q26,W1_HCPA_EXPERT,Hard,False,0.0,"[""Problem/Diagnosis / Problem"", ""Problem/Diagnosis / Clinical staging"", ""Problem/Diagnosis / invaded regional lymph nodes"", ""Problem"", ""Clinical staging"", ""invaded regional lymph nodes""]",[],ABSENT_OR_PRUNED_OR_MATCH_FAILED,"[{""component"": ""filter"", ""query_field"": ""Problem"", ""matched_field"": null, ""match_type"": ""no_match"", ""score"": 0.0}, {""component"": ""filter"", ""query_field"": ""Clinical staging"", ""matched_field"": null, ""match_type"": ""no_match"", ""score"": 0.0}, {""component"": ""filter"", ""query_field"": ""invaded regional lymph nodes"", ""matched_field"": null, ""match_type"": ""no_match"", ""score"": 0.0}, {""component"": ""output"", ""query_field"": ""Problem"", ""matched_field"": null, ""match_type"": ""no_match"", ""score"": 0.0}, {""component"": ""output"", ""query_field"": ""Clinical staging"", ""matched_field"": null, ""match_type"": ""no_match"", ""score"": 0.0}, {""component"": ""output"", ""query_field"": ""invaded regional lymph nodes"", ""matched_field"": null, ""match_type"": ""no_match"", ""score"": 0.0}]",random_topk_5
Q27,W1_HCPA_EXPERT,Hard,False,0.0,"[""HCPA / chemotherapy / schema"", ""HCPA / chemotherapy / duration of treatment"", ""HCPA / chemotherapy / date of beginning of chemotherapy"", ""schema"", ""duration of treatment"", ""date of beginning of chemotherapy"", ""date of beginning of chemotherapy""]",[],ABSENT_OR_PRUNED_OR_MATCH_FAILED,"[{""component"": ""filter"", ""query_field"": ""schema"", ""matched_field"": null, ""match_type"": ""no_match"", ""score"": 0.0}, {""component"": ""filter"", ""query_field"": ""duration of treatment"", ""matched_field"": null, ""match_type"": ""no_match"", ""score"": 0.0}, {""component"": ""filter"", ""query_field"": ""date of beginning of chemotherapy"", ""matched_field"": null, ""match_type"": ""no_match"", ""score"": 0.0}, {""component"": ""output"", ""query_field"": ""schema"", ""matched_field"": null, ""match_type"": ""no_match"", ""score"": 0.0}, {""component"": ""output"", ""query_field"": ""duration of treatment"", ""matched_field"": null, ""match_type"": ""no_match"", ""score"": 0.0}, {""component"": ""output"", ""query_field"": ""date of beginning of chemotherapy"", ""matched_field"": null, ""match_type"": ""no_match"", ""score"": 0.0}, {""component"": ""sort"", ""query_field"": ""date of beginning of chemotherapy"", ""matched_field"": null, ""match_type"": ""no_match"", ""score"": 0.0}]",random_topk_5
Q28,W1_HCPA_EXPERT,Hard,False,0.0,"[""Procedure undertaken / Procedure"", ""Radiotherapy / irradiated area 1"", ""Procedure"", ""irradiated area 1""]",[],ABSENT_OR_PRUNED_OR_MATCH_FAILED,"[{""component"": ""filter"", ""query_field"": ""Procedure"", ""matched_field"": null, ""match_type"": ""no_match"", ""score"": 0.0}, {""component"": ""filter"", ""query_field"": ""irradiated area 1"", ""matched_field"": null, ""match_type"": ""no_match"", ""score"": 0.0}, {""component"": ""output"", ""query_field"": ""Procedure"", ""matched_field"": null, ""match_type"": ""no_match"", ""score"": 0.0}, {""component"": ""output"", ""query_field"": ""irradiated area 1"", ""matched_field"": null, ""match_type"": ""no_match"", ""score"": 0.0}]",random_topk_5
Q29,W1_HCPA_EXPERT,Hard,False,0.0,"[""Discharge / date of discharge"", ""Discharge / reason for discharge"", ""date of discharge"", ""reason for discharge""]",[],ABSENT_OR_PRUNED_OR_MATCH_FAILED,"[{""component"": ""filter"", ""query_field"": ""date of discharge"", ""matched_field"": null, ""match_type"": ""no_match"", ""score"": 0.0}, {""component"": ""filter"", ""query_field"": ""reason for discharge"", ""matched_field"": null, ""match_type"": ""no_match"", ""score"": 0.0}, {""component"": ""output"", ""query_field"": ""date of discharge"", ""matched_field"": null, ""match_type"": ""no_match"", ""score"": 0.0}, {""component"": ""output"", ""query_field"": ""reason for discharge"", ""matched_field"": null, ""match_type"": ""no_match"", ""score"": 0.0}]",random_topk_5
Q30,W1_HCPA_EXPERT,Hard,False,0.0,"[""Problem/Diagnosis / tumour topography"", ""Problem/Diagnosis / histopathological grading"", ""Problem/Diagnosis / date of pathological identification"", ""tumour topography"", ""histopathological grading"", ""date of pathological identification"", ""date of pathological identification""]",[],ABSENT_OR_PRUNED_OR_MATCH_FAILED,"[{""component"": ""filter"", ""query_field"": ""tumour topography"", ""matched_field"": null, ""match_type"": ""no_match"", ""score"": 0.0}, {""component"": ""filter"", ""query_field"": ""histopathological grading"", ""matched_field"": null, ""match_type"": ""no_match"", ""score"": 0.0}, {""component"": ""filter"", ""query_field"": ""date of pathological identification"", ""matched_field"": null, ""match_type"": ""no_match"", ""score"": 0.0}, {""component"": ""output"", ""query_field"": ""tumour topography"", ""matched_field"": null, ""match_type"": ""no_match"", ""score"": 0.0}, {""component"": ""output"", ""query_field"": ""histopathological grading"", ""matched_field"": null, ""match_type"": ""no_match"", ""score"": 0.0}, {""component"": ""output"", ""query_field"": ""date of pathological identification"", ""matched_field"": null, ""match_type"": ""no_match"", ""score"": 0.0}, {""component"": ""sort"", ""query_field"": ""date of pathological identification"", ""matched_field"": null, ""match_type"": ""no_match"", ""score"": 0.0}]",random_topk_5
D1,W2_DEMOGRAPHIC_EXPERT,Easy,False,0.0,"[""Demographic data / components / gender"", ""gender""]",[],ABSENT_OR_PRUNED_OR_MATCH_FAILED,"[{""component"": ""filter"", ""query_field"": ""gender"", ""matched_field"": null, ""match_type"": ""no_match"", ""score"": 0.0}, {""component"": ""output"", ""query_field"": ""gender"", ""matched_field"": null, ""match_type"": ""no_match"", ""score"": 0.0}]",random_topk_5
D2,W2_DEMOGRAPHIC_EXPERT,Easy,False,0.0,"[""Demographic data / components / gender"", ""gender"", ""birth date""]",[],ABSENT_OR_PRUNED_OR_MATCH_FAILED,"[{""component"": ""filter"", ""query_field"": ""gender"", ""matched_field"": null, ""match_type"": ""no_match"", ""score"": 0.0}, {""component"": ""output"", ""query_field"": ""gender"", ""matched_field"": null, ""match_type"": ""no_match"", ""score"": 0.0}, {""component"": ""output"", ""query_field"": ""birth date"", ""matched_field"": null, ""match_type"": ""no_match"", ""score"": 0.0}]",random_topk_5
D3,W2_DEMOGRAPHIC_EXPERT,Easy,False,0.0,"[""Demographic data / components / nationality"", ""nationality""]",[],ABSENT_OR_PRUNED_OR_MATCH_FAILED,"[{""component"": ""filter"", ""query_field"": ""nationality"", ""matched_field"": null, ""match_type"": ""no_match"", ""score"": 0.0}, {""component"": ""output"", ""query_field"": ""nationality"", ""matched_field"": null, ""match_type"": ""no_match"", ""score"": 0.0}]",random_topk_5
D4,W2_DEMOGRAPHIC_EXPERT,Easy,False,0.0,"[""Demographic data / components / race"", ""race""]",[],ABSENT_OR_PRUNED_OR_MATCH_FAILED,"[{""component"": ""filter"", ""query_field"": ""race"", ""matched_field"": null, ""match_type"": ""no_match"", ""score"": 0.0}, {""component"": ""output"", ""query_field"": ""race"", ""matched_field"": null, ""match_type"": ""no_match"", ""score"": 0.0}]",random_topk_5
D5,W2_DEMOGRAPHIC_EXPERT,Easy,False,0.0,"[""Demographic data / components / ethnic group"", ""ethnic group""]",[],ABSENT_OR_PRUNED_OR_MATCH_FAILED,"[{""component"": ""filter"", ""query_field"": ""ethnic group"", ""matched_field"": null, ""match_type"": ""no_match"", ""score"": 0.0}, {""component"": ""output"", ""query_field"": ""ethnic group"", ""matched_field"": null, ""match_type"": ""no_match"", ""score"": 0.0}]",random_topk_5
D6,W2_DEMOGRAPHIC_EXPERT,Easy,False,0.0,"[""Demographic data / components / birth date"", ""birth date""]",[],ABSENT_OR_PRUNED_OR_MATCH_FAILED,"[{""component"": ""filter"", ""query_field"": ""birth date"", ""matched_field"": null, ""match_type"": ""no_match"", ""score"": 0.0}, {""component"": ""output"", ""query_field"": ""birth date"", ""matched_field"": null, ""match_type"": ""no_match"", ""score"": 0.0}]",random_topk_5
D7,W2_DEMOGRAPHIC_EXPERT,Medium,False,0.0,"[""Demographic data / components / gender"", ""Demographic data / components / nationality"", ""gender"", ""nationality""]",[],ABSENT_OR_PRUNED_OR_MATCH_FAILED,"[{""component"": ""filter"", ""query_field"": ""gender"", ""matched_field"": null, ""match_type"": ""no_match"", ""score"": 0.0}, {""component"": ""filter"", ""query_field"": ""nationality"", ""matched_field"": null, ""match_type"": ""no_match"", ""score"": 0.0}, {""component"": ""output"", ""query_field"": ""gender"", ""matched_field"": null, ""match_type"": ""no_match"", ""score"": 0.0}, {""component"": ""output"", ""query_field"": ""nationality"", ""matched_field"": null, ""match_type"": ""no_match"", ""score"": 0.0}]",random_topk_5
D8,W2_DEMOGRAPHIC_EXPERT,Medium,False,0.0,"[""Demographic data / components / birth date"", ""Demographic data / components / gender"", ""birth date"", ""gender"", ""birth date""]",[],ABSENT_OR_PRUNED_OR_MATCH_FAILED,"[{""component"": ""filter"", ""query_field"": ""birth date"", ""matched_field"": null, ""match_type"": ""no_match"", ""score"": 0.0}, {""component"": ""filter"", ""query_field"": ""gender"", ""matched_field"": null, ""match_type"": ""no_match"", ""score"": 0.0}, {""component"": ""output"", ""query_field"": ""birth date"", ""matched_field"": null, ""match_type"": ""no_match"", ""score"": 0.0}, {""component"": ""output"", ""query_field"": ""gender"", ""matched_field"": null, ""match_type"": ""no_match"", ""score"": 0.0}, {""component"": ""sort"", ""query_field"": ""birth date"", ""matched_field"": null, ""match_type"": ""no_match"", ""score"": 0.0}]",random_topk_5
D9,W2_DEMOGRAPHIC_EXPERT,Medium,False,0.0,"[""Demographic data / components / educational level"", ""Demographic data / components / nationality"", ""educational level"", ""nationality""]",[],ABSENT_OR_PRUNED_OR_MATCH_FAILED,"[{""component"": ""filter"", ""query_field"": ""educational level"", ""matched_field"": null, ""match_type"": ""no_match"", ""score"": 0.0}, {""component"": ""filter"", ""query_field"": ""nationality"", ""matched_field"": null, ""match_type"": ""no_match"", ""score"": 0.0}, {""component"": ""output"", ""query_field"": ""educational level"", ""matched_field"": null, ""match_type"": ""no_match"", ""score"": 0.0}, {""component"": ""output"", ""query_field"": ""nationality"", ""matched_field"": null, ""match_type"": ""no_match"", ""score"": 0.0}]",random_topk_5
D10,W2_DEMOGRAPHIC_EXPERT,Medium,False,0.0,"[""Demographic data / components / race"", ""Demographic data / components / nationality"", ""race"", ""nationality""]",[],ABSENT_OR_PRUNED_OR_MATCH_FAILED,"[{""component"": ""filter"", ""query_field"": ""race"", ""matched_field"": null, ""match_type"": ""no_match"", ""score"": 0.0}, {""component"": ""filter"", ""query_field"": ""nationality"", ""matched_field"": null, ""match_type"": ""no_match"", ""score"": 0.0}, {""component"": ""output"", ""query_field"": ""race"", ""matched_field"": null, ""match_type"": ""no_match"", ""score"": 0.0}, {""component"": ""output"", ""query_field"": ""nationality"", ""matched_field"": null, ""match_type"": ""no_match"", ""score"": 0.0}]",random_topk_5
D11,W2_DEMOGRAPHIC_EXPERT,Hard,False,0.0,"[""Demographic data / components / race"", ""Demographic data / components / ethnic group"", ""Demographic data / components / nationality"", ""race"", ""ethnic group"", ""nationality""]",[],ABSENT_OR_PRUNED_OR_MATCH_FAILED,"[{""component"": ""filter"", ""query_field"": ""race"", ""matched_field"": null, ""match_type"": ""no_match"", ""score"": 0.0}, {""component"": ""filter"", ""query_field"": ""ethnic group"", ""matched_field"": null, ""match_type"": ""no_match"", ""score"": 0.0}, {""component"": ""filter"", ""query_field"": ""nationality"", ""matched_field"": null, ""match_type"": ""no_match"", ""score"": 0.0}, {""component"": ""output"", ""query_field"": ""race"", ""matched_field"": null, ""match_type"": ""no_match"", ""score"": 0.0}, {""component"": ""output"", ""query_field"": ""ethnic group"", ""matched_field"": null, ""match_type"": ""no_match"", ""score"": 0.0}, {""component"": ""output"", ""query_field"": ""nationality"", ""matched_field"": null, ""match_type"": ""no_match"", ""score"": 0.0}]",random_topk_5
D12,W2_DEMOGRAPHIC_EXPERT,Hard,False,0.0,"[""Demographic data / components / birth date"", ""Demographic data / components / gender"", ""Demographic data / components / nationality"", ""birth date"", ""gender"", ""nationality"", ""birth date""]",[],ABSENT_OR_PRUNED_OR_MATCH_FAILED,"[{""component"": ""filter"", ""query_field"": ""birth date"", ""matched_field"": null, ""match_type"": ""no_match"", ""score"": 0.0}, {""component"": ""filter"", ""query_field"": ""gender"", ""matched_field"": null, ""match_type"": ""no_match"", ""score"": 0.0}, {""component"": ""filter"", ""query_field"": ""nationality"", ""matched_field"": null, ""match_type"": ""no_match"", ""score"": 0.0}, {""component"": ""output"", ""query_field"": ""birth date"", ""matched_field"": null, ""match_type"": ""no_match"", ""score"": 0.0}, {""component"": ""output"", ""query_field"": ""gender"", ""matched_field"": null, ""match_type"": ""no_match"", ""score"": 0.0}, {""component"": ""output"", ""query_field"": ""nationality"", ""matched_field"": null, ""match_type"": ""no_match"", ""score"": 0.0}, {""component"": ""sort"", ""query_field"": ""birth date"", ""matched_field"": null, ""match_type"": ""no_match"", ""score"": 0.0}]",random_topk_5
Q1,W1_HCPA_EXPERT,Easy,False,0.0,"[""HCPA / General data / State"", ""State""]",[],ABSENT_OR_PRUNED_OR_MATCH_FAILED,"[{""component"": ""filter"", ""query_field"": ""State"", ""matched_field"": null, ""match_type"": ""no_match"", ""score"": 0.0}, {""component"": ""output"", ""query_field"": ""State"", ""matched_field"": null, ""match_type"": ""no_match"", ""score"": 0.0}]",random_topk_6
Q2,W1_HCPA_EXPERT,Easy,False,0.0,"[""HCPA / General data / State"", ""State"", ""reason for encounter""]",[],ABSENT_OR_PRUNED_OR_MATCH_FAILED,"[{""component"": ""filter"", ""query_field"": ""State"", ""matched_field"": null, ""match_type"": ""no_match"", ""score"": 0.0}, {""component"": ""output"", ""query_field"": ""State"", ""matched_field"": null, ""match_type"": ""no_match"", ""score"": 0.0}, {""component"": ""output"", ""query_field"": ""reason for encounter"", ""matched_field"": null, ""match_type"": ""no_match"", ""score"": 0.0}]",random_topk_6
Q3,W1_HCPA_EXPERT,Easy,False,0.0,"[""HCPA / General data / reason for encounter"", ""reason for encounter""]",[],ABSENT_OR_PRUNED_OR_MATCH_FAILED,"[{""component"": ""filter"", ""query_field"": ""reason for encounter"", ""matched_field"": null, ""match_type"": ""no_match"", ""score"": 0.0}, {""component"": ""output"", ""query_field"": ""reason for encounter"", ""matched_field"": null, ""match_type"": ""no_match"", ""score"": 0.0}]",random_topk_6
Q4,W1_HCPA_EXPERT,Easy,False,0.0,"[""HCPA / General data / reason for encounter"", ""reason for encounter"", ""State"", ""patient age""]",[],ABSENT_OR_PRUNED_OR_MATCH_FAILED,"[{""component"": ""filter"", ""query_field"": ""reason for encounter"", ""matched_field"": null, ""match_type"": ""no_match"", ""score"": 0.0}, {""component"": ""output"", ""query_field"": ""reason for encounter"", ""matched_field"": null, ""match_type"": ""no_match"", ""score"": 0.0}, {""component"": ""output"", ""query_field"": ""State"", ""matched_field"": null, ""match_type"": ""no_match"", ""score"": 0.0}, {""component"": ""output"", ""query_field"": ""patient age"", ""matched_field"": null, ""match_type"": ""no_match"", ""score"": 0.0}]",random_topk_6
Q5,W1_HCPA_EXPERT,Easy,False,0.0,"[""HCPA / General data / patient age"", ""patient age"", ""patient age""]",[],ABSENT_OR_PRUNED_OR_MATCH_FAILED,"[{""component"": ""filter"", ""query_field"": ""patient age"", ""matched_field"": null, ""match_type"": ""no_match"", ""score"": 0.0}, {""component"": ""output"", ""query_field"": ""patient age"", ""matched_field"": null, ""match_type"": ""no_match"", ""score"": 0.0}, {""component"": ""sort"", ""query_field"": ""patient age"", ""matched_field"": null, ""match_type"": ""no_match"", ""score"": 0.0}]",random_topk_6
Q6,W1_HCPA_EXPERT,Easy,False,0.0,"[""HCPA / chemotherapy / schema"", ""schema""]",[],ABSENT_OR_PRUNED_OR_MATCH_FAILED,"[{""component"": ""filter"", ""query_field"": ""schema"", ""matched_field"": null, ""match_type"": ""no_match"", ""score"": 0.0}, {""component"": ""output"", ""query_field"": ""schema"", ""matched_field"": null, ""match_type"": ""no_match"", ""score"": 0.0}]",random_topk_6
Q7,W1_HCPA_EXPERT,Easy,False,0.0,"[""Procedure undertaken / Procedure"", ""Procedure""]",[],ABSENT_OR_PRUNED_OR_MATCH_FAILED,"[{""component"": ""filter"", ""query_field"": ""Procedure"", ""matched_field"": null, ""match_type"": ""no_match"", ""score"": 0.0}, {""component"": ""output"", ""query_field"": ""Procedure"", ""matched_field"": null, ""match_type"": ""no_match"", ""score"": 0.0}]",random_topk_6
Q8,W1_HCPA_EXPERT,Easy,False,0.0,"[""Problem/Diagnosis / Problem"", ""Problem""]",[],ABSENT_OR_PRUNED_OR_MATCH_FAILED,"[{""component"": ""filter"", ""query_field"": ""Problem"", ""matched_field"": null, ""match_type"": ""no_match"", ""score"": 0.0}, {""component"": ""output"", ""query_field"": ""Problem"", ""matched_field"": null, ""match_type"": ""no_match"", ""score"": 0.0}]",random_topk_6
Q9,W1_HCPA_EXPERT,Easy,False,0.0,"[""Problem/Diagnosis / Clinical staging"", ""Clinical staging""]",[],ABSENT_OR_PRUNED_OR_MATCH_FAILED,"[{""component"": ""filter"", ""query_field"": ""Clinical staging"", ""matched_field"": null, ""match_type"": ""no_match"", ""score"": 0.0}, {""component"": ""output"", ""query_field"": ""Clinical staging"", ""matched_field"": null, ""match_type"": ""no_match"", ""score"": 0.0}]",random_topk_6
Q10,W1_HCPA_EXPERT,Easy,False,0.0,"[""Problem/Diagnosis / invaded regional lymph nodes"", ""invaded regional lymph nodes""]",[],ABSENT_OR_PRUNED_OR_MATCH_FAILED,"[{""component"": ""filter"", ""query_field"": ""invaded regional lymph nodes"", ""matched_field"": null, ""match_type"": ""no_match"", ""score"": 0.0}, {""component"": ""output"", ""query_field"": ""invaded regional lymph nodes"", ""matched_field"": null, ""match_type"": ""no_match"", ""score"": 0.0}]",random_topk_6
Q11,W1_HCPA_EXPERT,Medium,False,0.0,"[""HCPA / General data / State"", ""HCPA / General data / reason for encounter"", ""State"", ""reason for encounter""]",[],ABSENT_OR_PRUNED_OR_MATCH_FAILED,"[{""component"": ""filter"", ""query_field"": ""State"", ""matched_field"": null, ""match_type"": ""no_match"", ""score"": 0.0}, {""component"": ""filter"", ""query_field"": ""reason for encounter"", ""matched_field"": null, ""match_type"": ""no_match"", ""score"": 0.0}, {""component"": ""output"", ""query_field"": ""State"", ""matched_field"": null, ""match_type"": ""no_match"", ""score"": 0.0}, {""component"": ""output"", ""query_field"": ""reason for encounter"", ""matched_field"": null, ""match_type"": ""no_match"", ""score"": 0.0}]",random_topk_6
Q12,W1_HCPA_EXPERT,Medium,False,0.0,"[""HCPA / General data / State"", ""HCPA / General data / reason for encounter"", ""State"", ""reason for encounter"", ""patient age""]",[],ABSENT_OR_PRUNED_OR_MATCH_FAILED,"[{""component"": ""filter"", ""query_field"": ""State"", ""matched_field"": null, ""match_type"": ""no_match"", ""score"": 0.0}, {""component"": ""filter"", ""query_field"": ""reason for encounter"", ""matched_field"": null, ""match_type"": ""no_match"", ""score"": 0.0}, {""component"": ""output"", ""query_field"": ""State"", ""matched_field"": null, ""match_type"": ""no_match"", ""score"": 0.0}, {""component"": ""output"", ""query_field"": ""reason for encounter"", ""matched_field"": null, ""match_type"": ""no_match"", ""score"": 0.0}, {""component"": ""output"", ""query_field"": ""patient age"", ""matched_field"": null, ""match_type"": ""no_match"", ""score"": 0.0}]",random_topk_6
Q13,W1_HCPA_EXPERT,Medium,False,0.0,"[""HCPA / General data / patient age"", ""HCPA / General data / State"", ""patient age"", ""State"", ""patient age""]",[],ABSENT_OR_PRUNED_OR_MATCH_FAILED,"[{""component"": ""filter"", ""query_field"": ""patient age"", ""matched_field"": null, ""match_type"": ""no_match"", ""score"": 0.0}, {""component"": ""filter"", ""query_field"": ""State"", ""matched_field"": null, ""match_type"": ""no_match"", ""score"": 0.0}, {""component"": ""output"", ""query_field"": ""patient age"", ""matched_field"": null, ""match_type"": ""no_match"", ""score"": 0.0}, {""component"": ""output"", ""query_field"": ""State"", ""matched_field"": null, ""match_type"": ""no_match"", ""score"": 0.0}, {""component"": ""sort"", ""query_field"": ""patient age"", ""matched_field"": null, ""match_type"": ""no_match"", ""score"": 0.0}]",random_topk_6
Q14,W1_HCPA_EXPERT,Medium,False,0.0,"[""HCPA / chemotherapy / schema"", ""HCPA / chemotherapy / duration of treatment"", ""schema"", ""duration of treatment"", ""duration of treatment""]",[],ABSENT_OR_PRUNED_OR_MATCH_FAILED,"[{""component"": ""filter"", ""query_field"": ""schema"", ""matched_field"": null, ""match_type"": ""no_match"", ""score"": 0.0}, {""component"": ""filter"", ""query_field"": ""duration of treatment"", ""matched_field"": null, ""match_type"": ""no_match"", ""score"": 0.0}, {""component"": ""output"", ""query_field"": ""schema"", ""matched_field"": null, ""match_type"": ""no_match"", ""score"": 0.0}, {""component"": ""output"", ""query_field"": ""duration of treatment"", ""matched_field"": null, ""match_type"": ""no_match"", ""score"": 0.0}, {""component"": ""sort"", ""query_field"": ""duration of treatment"", ""matched_field"": null, ""match_type"": ""no_match"", ""score"": 0.0}]",random_topk_6
Q15,W1_HCPA_EXPERT,Medium,False,0.0,"[""Problem/Diagnosis / Problem"", ""Problem/Diagnosis / Clinical staging"", ""Problem"", ""Clinical staging""]",[],ABSENT_OR_PRUNED_OR_MATCH_FAILED,"[{""component"": ""filter"", ""query_field"": ""Problem"", ""matched_field"": null, ""match_type"": ""no_match"", ""score"": 0.0}, {""component"": ""filter"", ""query_field"": ""Clinical staging"", ""matched_field"": null, ""match_type"": ""no_match"", ""score"": 0.0}, {""component"": ""output"", ""query_field"": ""Problem"", ""matched_field"": null, ""match_type"": ""no_match"", ""score"": 0.0}, {""component"": ""output"", ""query_field"": ""Clinical staging"", ""matched_field"": null, ""match_type"": ""no_match"", ""score"": 0.0}]",random_topk_6
Q16,W1_HCPA_EXPERT,Medium,False,0.0,"[""Problem/Diagnosis / Problem"", ""Procedure undertaken / Procedure"", ""Problem"", ""Procedure""]",[],ABSENT_OR_PRUNED_OR_MATCH_FAILED,"[{""component"": ""filter"", ""query_field"": ""Problem"", ""matched_field"": null, ""match_type"": ""no_match"", ""score"": 0.0}, {""component"": ""filter"", ""query_field"": ""Procedure"", ""matched_field"": null, ""match_type"": ""no_match"", ""score"": 0.0}, {""component"": ""output"", ""query_field"": ""Problem"", ""matched_field"": null, ""match_type"": ""no_match"", ""score"": 0.0}, {""component"": ""output"", ""query_field"": ""Procedure"", ""matched_field"": null, ""match_type"": ""no_match"", ""score"": 0.0}]",random_topk_6
Q17,W1_HCPA_EXPERT,Medium,False,0.0,"[""Discharge / reason for discharge"", ""HCPA / General data / State"", ""reason for discharge"", ""State""]",[],ABSENT_OR_PRUNED_OR_MATCH_FAILED,"[{""component"": ""filter"", ""query_field"": ""reason for discharge"", ""matched_field"": null, ""match_type"": ""no_match"", ""score"": 0.0}, {""component"": ""filter"", ""query_field"": ""State"", ""matched_field"": null, ""match_type"": ""no_match"", ""score"": 0.0}, {""component"": ""output"", ""query_field"": ""reason for discharge"", ""matched_field"": null, ""match_type"": ""no_match"", ""score"": 0.0}, {""component"": ""output"", ""query_field"": ""State"", ""matched_field"": null, ""match_type"": ""no_match"", ""score"": 0.0}]",random_topk_6
Q18,W1_HCPA_EXPERT,Medium,False,0.0,"[""Problem/Diagnosis / histopathological grading"", ""Problem/Diagnosis / Problem"", ""histopathological grading"", ""Problem""]",[],ABSENT_OR_PRUNED_OR_MATCH_FAILED,"[{""component"": ""filter"", ""query_field"": ""histopathological grading"", ""matched_field"": null, ""match_type"": ""no_match"", ""score"": 0.0}, {""component"": ""filter"", ""query_field"": ""Problem"", ""matched_field"": null, ""match_type"": ""no_match"", ""score"": 0.0}, {""component"": ""output"", ""query_field"": ""histopathological grading"", ""matched_field"": null, ""match_type"": ""no_match"", ""score"": 0.0}, {""component"": ""output"", ""query_field"": ""Problem"", ""matched_field"": null, ""match_type"": ""no_match"", ""score"": 0.0}]",random_topk_6
Q19,W1_HCPA_EXPERT,Medium,False,0.0,"[""Problem/Diagnosis / tumour topography"", ""Problem/Diagnosis / invaded regional lymph nodes"", ""tumour topography"", ""invaded regional lymph nodes""]",[],ABSENT_OR_PRUNED_OR_MATCH_FAILED,"[{""component"": ""filter"", ""query_field"": ""tumour topography"", ""matched_field"": null, ""match_type"": ""no_match"", ""score"": 0.0}, {""component"": ""filter"", ""query_field"": ""invaded regional lymph nodes"", ""matched_field"": null, ""match_type"": ""no_match"", ""score"": 0.0}, {""component"": ""output"", ""query_field"": ""tumour topography"", ""matched_field"": null, ""match_type"": ""no_match"", ""score"": 0.0}, {""component"": ""output"", ""query_field"": ""invaded regional lymph nodes"", ""matched_field"": null, ""match_type"": ""no_match"", ""score"": 0.0}]",random_topk_6
Q20,W1_HCPA_EXPERT,Medium,False,0.0,"[""HCPA / General data / reason for encounter"", ""HCPA / Radiotherapy / date of beginning of radiotherapy"", ""reason for encounter"", ""date of beginning of radiotherapy"", ""date of beginning of radiotherapy""]",[],ABSENT_OR_PRUNED_OR_MATCH_FAILED,"[{""component"": ""filter"", ""query_field"": ""reason for encounter"", ""matched_field"": null, ""match_type"": ""no_match"", ""score"": 0.0}, {""component"": ""filter"", ""query_field"": ""date of beginning of radiotherapy"", ""matched_field"": null, ""match_type"": ""no_match"", ""score"": 0.0}, {""component"": ""output"", ""query_field"": ""reason for encounter"", ""matched_field"": null, ""match_type"": ""no_match"", ""score"": 0.0}, {""component"": ""output"", ""query_field"": ""date of beginning of radiotherapy"", ""matched_field"": null, ""match_type"": ""no_match"", ""score"": 0.0}, {""component"": ""sort"", ""query_field"": ""date of beginning of radiotherapy"", ""matched_field"": null, ""match_type"": ""no_match"", ""score"": 0.0}]",random_topk_6
Q21,W1_HCPA_EXPERT,Hard,False,0.0,"[""Nephrology / indicator of transplantation"", ""Nephrology / number of transplantations"", ""indicator of transplantation"", ""number of transplantations""]",[],ABSENT_OR_PRUNED_OR_MATCH_FAILED,"[{""component"": ""filter"", ""query_field"": ""indicator of transplantation"", ""matched_field"": null, ""match_type"": ""no_match"", ""score"": 0.0}, {""component"": ""filter"", ""query_field"": ""number of transplantations"", ""matched_field"": null, ""match_type"": ""no_match"", ""score"": 0.0}, {""component"": ""output"", ""query_field"": ""indicator of transplantation"", ""matched_field"": null, ""match_type"": ""no_match"", ""score"": 0.0}, {""component"": ""output"", ""query_field"": ""number of transplantations"", ""matched_field"": null, ""match_type"": ""no_match"", ""score"": 0.0}]",random_topk_6
Q22,W1_HCPA_EXPERT,Hard,False,0.0,"[""Dialysis / date of first dialysis"", ""Imaging / abdominal ultrasonography"", ""date of first dialysis"", ""abdominal ultrasonography"", ""date of first dialysis""]",[],ABSENT_OR_PRUNED_OR_MATCH_FAILED,"[{""component"": ""filter"", ""query_field"": ""date of first dialysis"", ""matched_field"": null, ""match_type"": ""no_match"", ""score"": 0.0}, {""component"": ""filter"", ""query_field"": ""abdominal ultrasonography"", ""matched_field"": null, ""match_type"": ""no_match"", ""score"": 0.0}, {""component"": ""output"", ""query_field"": ""date of first dialysis"", ""matched_field"": null, ""match_type"": ""no_match"", ""score"": 0.0}, {""component"": ""output"", ""query_field"": ""abdominal ultrasonography"", ""matched_field"": null, ""match_type"": ""no_match"", ""score"": 0.0}, {""component"": ""sort"", ""query_field"": ""date of first dialysis"", ""matched_field"": null, ""match_type"": ""no_match"", ""score"": 0.0}]",random_topk_6
Q23,W1_HCPA_EXPERT,Hard,False,0.0,"[""Follow-up / duration of follow-up months"", ""Bariatrics / body mass index"", ""duration of follow-up months"", ""body mass index"", ""duration of follow-up months""]",[],ABSENT_OR_PRUNED_OR_MATCH_FAILED,"[{""component"": ""filter"", ""query_field"": ""duration of follow-up months"", ""matched_field"": null, ""match_type"": ""no_match"", ""score"": 0.0}, {""component"": ""filter"", ""query_field"": ""body mass index"", ""matched_field"": null, ""match_type"": ""no_match"", ""score"": 0.0}, {""component"": ""output"", ""query_field"": ""duration of follow-up months"", ""matched_field"": null, ""match_type"": ""no_match"", ""score"": 0.0}, {""component"": ""output"", ""query_field"": ""body mass index"", ""matched_field"": null, ""match_type"": ""no_match"", ""score"": 0.0}, {""component"": ""sort"", ""query_field"": ""duration of follow-up months"", ""matched_field"": null, ""match_type"": ""no_match"", ""score"": 0.0}]",random_topk_6
Q24,W1_HCPA_EXPERT,Hard,False,0.0,"[""HCPA / General data / State"", ""HCPA / General data / reason for encounter"", ""HCPA / General data / patient age"", ""State"", ""reason for encounter"", ""patient age"", ""patient age""]",[],ABSENT_OR_PRUNED_OR_MATCH_FAILED,"[{""component"": ""filter"", ""query_field"": ""State"", ""matched_field"": null, ""match_type"": ""no_match"", ""score"": 0.0}, {""component"": ""filter"", ""query_field"": ""reason for encounter"", ""matched_field"": null, ""match_type"": ""no_match"", ""score"": 0.0}, {""component"": ""filter"", ""query_field"": ""patient age"", ""matched_field"": null, ""match_type"": ""no_match"", ""score"": 0.0}, {""component"": ""output"", ""query_field"": ""State"", ""matched_field"": null, ""match_type"": ""no_match"", ""score"": 0.0}, {""component"": ""output"", ""query_field"": ""reason for encounter"", ""matched_field"": null, ""match_type"": ""no_match"", ""score"": 0.0}, {""component"": ""output"", ""query_field"": ""patient age"", ""matched_field"": null, ""match_type"": ""no_match"", ""score"": 0.0}, {""component"": ""sort"", ""query_field"": ""patient age"", ""matched_field"": null, ""match_type"": ""no_match"", ""score"": 0.0}]",random_topk_6
Q25,W1_HCPA_EXPERT,Hard,False,0.0,"[""HCPA / General data / State"", ""HCPA / General data / reason for encounter"", ""Problem/Diagnosis / Problem"", ""State"", ""reason for encounter"", ""Problem""]",[],ABSENT_OR_PRUNED_OR_MATCH_FAILED,"[{""component"": ""filter"", ""query_field"": ""State"", ""matched_field"": null, ""match_type"": ""no_match"", ""score"": 0.0}, {""component"": ""filter"", ""query_field"": ""reason for encounter"", ""matched_field"": null, ""match_type"": ""no_match"", ""score"": 0.0}, {""component"": ""filter"", ""query_field"": ""Problem"", ""matched_field"": null, ""match_type"": ""no_match"", ""score"": 0.0}, {""component"": ""output"", ""query_field"": ""State"", ""matched_field"": null, ""match_type"": ""no_match"", ""score"": 0.0}, {""component"": ""output"", ""query_field"": ""reason for encounter"", ""matched_field"": null, ""match_type"": ""no_match"", ""score"": 0.0}, {""component"": ""output"", ""query_field"": ""Problem"", ""matched_field"": null, ""match_type"": ""no_match"", ""score"": 0.0}]",random_topk_6
Q26,W1_HCPA_EXPERT,Hard,False,0.0,"[""Problem/Diagnosis / Problem"", ""Problem/Diagnosis / Clinical staging"", ""Problem/Diagnosis / invaded regional lymph nodes"", ""Problem"", ""Clinical staging"", ""invaded regional lymph nodes""]",[],ABSENT_OR_PRUNED_OR_MATCH_FAILED,"[{""component"": ""filter"", ""query_field"": ""Problem"", ""matched_field"": null, ""match_type"": ""no_match"", ""score"": 0.0}, {""component"": ""filter"", ""query_field"": ""Clinical staging"", ""matched_field"": null, ""match_type"": ""no_match"", ""score"": 0.0}, {""component"": ""filter"", ""query_field"": ""invaded regional lymph nodes"", ""matched_field"": null, ""match_type"": ""no_match"", ""score"": 0.0}, {""component"": ""output"", ""query_field"": ""Problem"", ""matched_field"": null, ""match_type"": ""no_match"", ""score"": 0.0}, {""component"": ""output"", ""query_field"": ""Clinical staging"", ""matched_field"": null, ""match_type"": ""no_match"", ""score"": 0.0}, {""component"": ""output"", ""query_field"": ""invaded regional lymph nodes"", ""matched_field"": null, ""match_type"": ""no_match"", ""score"": 0.0}]",random_topk_6
Q27,W1_HCPA_EXPERT,Hard,False,0.0,"[""HCPA / chemotherapy / schema"", ""HCPA / chemotherapy / duration of treatment"", ""HCPA / chemotherapy / date of beginning of chemotherapy"", ""schema"", ""duration of treatment"", ""date of beginning of chemotherapy"", ""date of beginning of chemotherapy""]",[],ABSENT_OR_PRUNED_OR_MATCH_FAILED,"[{""component"": ""filter"", ""query_field"": ""schema"", ""matched_field"": null, ""match_type"": ""no_match"", ""score"": 0.0}, {""component"": ""filter"", ""query_field"": ""duration of treatment"", ""matched_field"": null, ""match_type"": ""no_match"", ""score"": 0.0}, {""component"": ""filter"", ""query_field"": ""date of beginning of chemotherapy"", ""matched_field"": null, ""match_type"": ""no_match"", ""score"": 0.0}, {""component"": ""output"", ""query_field"": ""schema"", ""matched_field"": null, ""match_type"": ""no_match"", ""score"": 0.0}, {""component"": ""output"", ""query_field"": ""duration of treatment"", ""matched_field"": null, ""match_type"": ""no_match"", ""score"": 0.0}, {""component"": ""output"", ""query_field"": ""date of beginning of chemotherapy"", ""matched_field"": null, ""match_type"": ""no_match"", ""score"": 0.0}, {""component"": ""sort"", ""query_field"": ""date of beginning of chemotherapy"", ""matched_field"": null, ""match_type"": ""no_match"", ""score"": 0.0}]",random_topk_6
Q28,W1_HCPA_EXPERT,Hard,False,0.0,"[""Procedure undertaken / Procedure"", ""Radiotherapy / irradiated area 1"", ""Procedure"", ""irradiated area 1""]",[],ABSENT_OR_PRUNED_OR_MATCH_FAILED,"[{""component"": ""filter"", ""query_field"": ""Procedure"", ""matched_field"": null, ""match_type"": ""no_match"", ""score"": 0.0}, {""component"": ""filter"", ""query_field"": ""irradiated area 1"", ""matched_field"": null, ""match_type"": ""no_match"", ""score"": 0.0}, {""component"": ""output"", ""query_field"": ""Procedure"", ""matched_field"": null, ""match_type"": ""no_match"", ""score"": 0.0}, {""component"": ""output"", ""query_field"": ""irradiated area 1"", ""matched_field"": null, ""match_type"": ""no_match"", ""score"": 0.0}]",random_topk_6
Q29,W1_HCPA_EXPERT,Hard,False,0.0,"[""Discharge / date of discharge"", ""Discharge / reason for discharge"", ""date of discharge"", ""reason for discharge""]",[],ABSENT_OR_PRUNED_OR_MATCH_FAILED,"[{""component"": ""filter"", ""query_field"": ""date of discharge"", ""matched_field"": null, ""match_type"": ""no_match"", ""score"": 0.0}, {""component"": ""filter"", ""query_field"": ""reason for discharge"", ""matched_field"": null, ""match_type"": ""no_match"", ""score"": 0.0}, {""component"": ""output"", ""query_field"": ""date of discharge"", ""matched_field"": null, ""match_type"": ""no_match"", ""score"": 0.0}, {""component"": ""output"", ""query_field"": ""reason for discharge"", ""matched_field"": null, ""match_type"": ""no_match"", ""score"": 0.0}]",random_topk_6
Q30,W1_HCPA_EXPERT,Hard,False,0.0,"[""Problem/Diagnosis / tumour topography"", ""Problem/Diagnosis / histopathological grading"", ""Problem/Diagnosis / date of pathological identification"", ""tumour topography"", ""histopathological grading"", ""date of pathological identification"", ""date of pathological identification""]",[],ABSENT_OR_PRUNED_OR_MATCH_FAILED,"[{""component"": ""filter"", ""query_field"": ""tumour topography"", ""matched_field"": null, ""match_type"": ""no_match"", ""score"": 0.0}, {""component"": ""filter"", ""query_field"": ""histopathological grading"", ""matched_field"": null, ""match_type"": ""no_match"", ""score"": 0.0}, {""component"": ""filter"", ""query_field"": ""date of pathological identification"", ""matched_field"": null, ""match_type"": ""no_match"", ""score"": 0.0}, {""component"": ""output"", ""query_field"": ""tumour topography"", ""matched_field"": null, ""match_type"": ""no_match"", ""score"": 0.0}, {""component"": ""output"", ""query_field"": ""histopathological grading"", ""matched_field"": null, ""match_type"": ""no_match"", ""score"": 0.0}, {""component"": ""output"", ""query_field"": ""date of pathological identification"", ""matched_field"": null, ""match_type"": ""no_match"", ""score"": 0.0}, {""component"": ""sort"", ""query_field"": ""date of pathological identification"", ""matched_field"": null, ""match_type"": ""no_match"", ""score"": 0.0}]",random_topk_6
D1,W2_DEMOGRAPHIC_EXPERT,Easy,False,0.0,"[""Demographic data / components / gender"", ""gender""]",[],ABSENT_OR_PRUNED_OR_MATCH_FAILED,"[{""component"": ""filter"", ""query_field"": ""gender"", ""matched_field"": null, ""match_type"": ""no_match"", ""score"": 0.0}, {""component"": ""output"", ""query_field"": ""gender"", ""matched_field"": null, ""match_type"": ""no_match"", ""score"": 0.0}]",random_topk_6
D2,W2_DEMOGRAPHIC_EXPERT,Easy,False,0.0,"[""Demographic data / components / gender"", ""gender"", ""birth date""]",[],ABSENT_OR_PRUNED_OR_MATCH_FAILED,"[{""component"": ""filter"", ""query_field"": ""gender"", ""matched_field"": null, ""match_type"": ""no_match"", ""score"": 0.0}, {""component"": ""output"", ""query_field"": ""gender"", ""matched_field"": null, ""match_type"": ""no_match"", ""score"": 0.0}, {""component"": ""output"", ""query_field"": ""birth date"", ""matched_field"": null, ""match_type"": ""no_match"", ""score"": 0.0}]",random_topk_6
D3,W2_DEMOGRAPHIC_EXPERT,Easy,False,0.0,"[""Demographic data / components / nationality"", ""nationality""]",[],ABSENT_OR_PRUNED_OR_MATCH_FAILED,"[{""component"": ""filter"", ""query_field"": ""nationality"", ""matched_field"": null, ""match_type"": ""no_match"", ""score"": 0.0}, {""component"": ""output"", ""query_field"": ""nationality"", ""matched_field"": null, ""match_type"": ""no_match"", ""score"": 0.0}]",random_topk_6
D4,W2_DEMOGRAPHIC_EXPERT,Easy,False,0.0,"[""Demographic data / components / race"", ""race""]",[],ABSENT_OR_PRUNED_OR_MATCH_FAILED,"[{""component"": ""filter"", ""query_field"": ""race"", ""matched_field"": null, ""match_type"": ""no_match"", ""score"": 0.0}, {""component"": ""output"", ""query_field"": ""race"", ""matched_field"": null, ""match_type"": ""no_match"", ""score"": 0.0}]",random_topk_6
D5,W2_DEMOGRAPHIC_EXPERT,Easy,False,0.0,"[""Demographic data / components / ethnic group"", ""ethnic group""]",[],ABSENT_OR_PRUNED_OR_MATCH_FAILED,"[{""component"": ""filter"", ""query_field"": ""ethnic group"", ""matched_field"": null, ""match_type"": ""no_match"", ""score"": 0.0}, {""component"": ""output"", ""query_field"": ""ethnic group"", ""matched_field"": null, ""match_type"": ""no_match"", ""score"": 0.0}]",random_topk_6
D6,W2_DEMOGRAPHIC_EXPERT,Easy,False,0.0,"[""Demographic data / components / birth date"", ""birth date""]",[],ABSENT_OR_PRUNED_OR_MATCH_FAILED,"[{""component"": ""filter"", ""query_field"": ""birth date"", ""matched_field"": null, ""match_type"": ""no_match"", ""score"": 0.0}, {""component"": ""output"", ""query_field"": ""birth date"", ""matched_field"": null, ""match_type"": ""no_match"", ""score"": 0.0}]",random_topk_6
D7,W2_DEMOGRAPHIC_EXPERT,Medium,False,0.0,"[""Demographic data / components / gender"", ""Demographic data / components / nationality"", ""gender"", ""nationality""]",[],ABSENT_OR_PRUNED_OR_MATCH_FAILED,"[{""component"": ""filter"", ""query_field"": ""gender"", ""matched_field"": null, ""match_type"": ""no_match"", ""score"": 0.0}, {""component"": ""filter"", ""query_field"": ""nationality"", ""matched_field"": null, ""match_type"": ""no_match"", ""score"": 0.0}, {""component"": ""output"", ""query_field"": ""gender"", ""matched_field"": null, ""match_type"": ""no_match"", ""score"": 0.0}, {""component"": ""output"", ""query_field"": ""nationality"", ""matched_field"": null, ""match_type"": ""no_match"", ""score"": 0.0}]",random_topk_6
D8,W2_DEMOGRAPHIC_EXPERT,Medium,False,0.0,"[""Demographic data / components / birth date"", ""Demographic data / components / gender"", ""birth date"", ""gender"", ""birth date""]",[],ABSENT_OR_PRUNED_OR_MATCH_FAILED,"[{""component"": ""filter"", ""query_field"": ""birth date"", ""matched_field"": null, ""match_type"": ""no_match"", ""score"": 0.0}, {""component"": ""filter"", ""query_field"": ""gender"", ""matched_field"": null, ""match_type"": ""no_match"", ""score"": 0.0}, {""component"": ""output"", ""query_field"": ""birth date"", ""matched_field"": null, ""match_type"": ""no_match"", ""score"": 0.0}, {""component"": ""output"", ""query_field"": ""gender"", ""matched_field"": null, ""match_type"": ""no_match"", ""score"": 0.0}, {""component"": ""sort"", ""query_field"": ""birth date"", ""matched_field"": null, ""match_type"": ""no_match"", ""score"": 0.0}]",random_topk_6
D9,W2_DEMOGRAPHIC_EXPERT,Medium,False,0.0,"[""Demographic data / components / educational level"", ""Demographic data / components / nationality"", ""educational level"", ""nationality""]",[],ABSENT_OR_PRUNED_OR_MATCH_FAILED,"[{""component"": ""filter"", ""query_field"": ""educational level"", ""matched_field"": null, ""match_type"": ""no_match"", ""score"": 0.0}, {""component"": ""filter"", ""query_field"": ""nationality"", ""matched_field"": null, ""match_type"": ""no_match"", ""score"": 0.0}, {""component"": ""output"", ""query_field"": ""educational level"", ""matched_field"": null, ""match_type"": ""no_match"", ""score"": 0.0}, {""component"": ""output"", ""query_field"": ""nationality"", ""matched_field"": null, ""match_type"": ""no_match"", ""score"": 0.0}]",random_topk_6
D10,W2_DEMOGRAPHIC_EXPERT,Medium,False,0.0,"[""Demographic data / components / race"", ""Demographic data / components / nationality"", ""race"", ""nationality""]",[],ABSENT_OR_PRUNED_OR_MATCH_FAILED,"[{""component"": ""filter"", ""query_field"": ""race"", ""matched_field"": null, ""match_type"": ""no_match"", ""score"": 0.0}, {""component"": ""filter"", ""query_field"": ""nationality"", ""matched_field"": null, ""match_type"": ""no_match"", ""score"": 0.0}, {""component"": ""output"", ""query_field"": ""race"", ""matched_field"": null, ""match_type"": ""no_match"", ""score"": 0.0}, {""component"": ""output"", ""query_field"": ""nationality"", ""matched_field"": null, ""match_type"": ""no_match"", ""score"": 0.0}]",random_topk_6
D11,W2_DEMOGRAPHIC_EXPERT,Hard,False,0.0,"[""Demographic data / components / race"", ""Demographic data / components / ethnic group"", ""Demographic data / components / nationality"", ""race"", ""ethnic group"", ""nationality""]",[],ABSENT_OR_PRUNED_OR_MATCH_FAILED,"[{""component"": ""filter"", ""query_field"": ""race"", ""matched_field"": null, ""match_type"": ""no_match"", ""score"": 0.0}, {""component"": ""filter"", ""query_field"": ""ethnic group"", ""matched_field"": null, ""match_type"": ""no_match"", ""score"": 0.0}, {""component"": ""filter"", ""query_field"": ""nationality"", ""matched_field"": null, ""match_type"": ""no_match"", ""score"": 0.0}, {""component"": ""output"", ""query_field"": ""race"", ""matched_field"": null, ""match_type"": ""no_match"", ""score"": 0.0}, {""component"": ""output"", ""query_field"": ""ethnic group"", ""matched_field"": null, ""match_type"": ""no_match"", ""score"": 0.0}, {""component"": ""output"", ""query_field"": ""nationality"", ""matched_field"": null, ""match_type"": ""no_match"", ""score"": 0.0}]",random_topk_6
D12,W2_DEMOGRAPHIC_EXPERT,Hard,False,0.0,"[""Demographic data / components / birth date"", ""Demographic data / components / gender"", ""Demographic data / components / nationality"", ""birth date"", ""gender"", ""nationality"", ""birth date""]",[],ABSENT_OR_PRUNED_OR_MATCH_FAILED,"[{""component"": ""filter"", ""query_field"": ""birth date"", ""matched_field"": null, ""match_type"": ""no_match"", ""score"": 0.0}, {""component"": ""filter"", ""query_field"": ""gender"", ""matched_field"": null, ""match_type"": ""no_match"", ""score"": 0.0}, {""component"": ""filter"", ""query_field"": ""nationality"", ""matched_field"": null, ""match_type"": ""no_match"", ""score"": 0.0}, {""component"": ""output"", ""query_field"": ""birth date"", ""matched_field"": null, ""match_type"": ""no_match"", ""score"": 0.0}, {""component"": ""output"", ""query_field"": ""gender"", ""matched_field"": null, ""match_type"": ""no_match"", ""score"": 0.0}, {""component"": ""output"", ""query_field"": ""nationality"", ""matched_field"": null, ""match_type"": ""no_match"", ""score"": 0.0}, {""component"": ""sort"", ""query_field"": ""birth date"", ""matched_field"": null, ""match_type"": ""no_match"", ""score"": 0.0}]",random_topk_6
Q1,W1_HCPA_EXPERT,Easy,False,0.0,"[""HCPA / General data / State"", ""State""]",[],ABSENT_OR_PRUNED_OR_MATCH_FAILED,"[{""component"": ""filter"", ""query_field"": ""State"", ""matched_field"": null, ""match_type"": ""no_match"", ""score"": 0.0}, {""component"": ""output"", ""query_field"": ""State"", ""matched_field"": null, ""match_type"": ""no_match"", ""score"": 0.0}]",random_topk_7
Q2,W1_HCPA_EXPERT,Easy,False,0.0,"[""HCPA / General data / State"", ""State"", ""reason for encounter""]",[],ABSENT_OR_PRUNED_OR_MATCH_FAILED,"[{""component"": ""filter"", ""query_field"": ""State"", ""matched_field"": null, ""match_type"": ""no_match"", ""score"": 0.0}, {""component"": ""output"", ""query_field"": ""State"", ""matched_field"": null, ""match_type"": ""no_match"", ""score"": 0.0}, {""component"": ""output"", ""query_field"": ""reason for encounter"", ""matched_field"": null, ""match_type"": ""no_match"", ""score"": 0.0}]",random_topk_7
Q3,W1_HCPA_EXPERT,Easy,False,0.0,"[""HCPA / General data / reason for encounter"", ""reason for encounter""]",[],ABSENT_OR_PRUNED_OR_MATCH_FAILED,"[{""component"": ""filter"", ""query_field"": ""reason for encounter"", ""matched_field"": null, ""match_type"": ""no_match"", ""score"": 0.0}, {""component"": ""output"", ""query_field"": ""reason for encounter"", ""matched_field"": null, ""match_type"": ""no_match"", ""score"": 0.0}]",random_topk_7
Q4,W1_HCPA_EXPERT,Easy,False,0.0,"[""HCPA / General data / reason for encounter"", ""reason for encounter"", ""State"", ""patient age""]",[],ABSENT_OR_PRUNED_OR_MATCH_FAILED,"[{""component"": ""filter"", ""query_field"": ""reason for encounter"", ""matched_field"": null, ""match_type"": ""no_match"", ""score"": 0.0}, {""component"": ""output"", ""query_field"": ""reason for encounter"", ""matched_field"": null, ""match_type"": ""no_match"", ""score"": 0.0}, {""component"": ""output"", ""query_field"": ""State"", ""matched_field"": null, ""match_type"": ""no_match"", ""score"": 0.0}, {""component"": ""output"", ""query_field"": ""patient age"", ""matched_field"": null, ""match_type"": ""no_match"", ""score"": 0.0}]",random_topk_7
Q5,W1_HCPA_EXPERT,Easy,False,0.0,"[""HCPA / General data / patient age"", ""patient age"", ""patient age""]",[],ABSENT_OR_PRUNED_OR_MATCH_FAILED,"[{""component"": ""filter"", ""query_field"": ""patient age"", ""matched_field"": null, ""match_type"": ""no_match"", ""score"": 0.0}, {""component"": ""output"", ""query_field"": ""patient age"", ""matched_field"": null, ""match_type"": ""no_match"", ""score"": 0.0}, {""component"": ""sort"", ""query_field"": ""patient age"", ""matched_field"": null, ""match_type"": ""no_match"", ""score"": 0.0}]",random_topk_7
Q6,W1_HCPA_EXPERT,Easy,False,0.0,"[""HCPA / chemotherapy / schema"", ""schema""]",[],ABSENT_OR_PRUNED_OR_MATCH_FAILED,"[{""component"": ""filter"", ""query_field"": ""schema"", ""matched_field"": null, ""match_type"": ""no_match"", ""score"": 0.0}, {""component"": ""output"", ""query_field"": ""schema"", ""matched_field"": null, ""match_type"": ""no_match"", ""score"": 0.0}]",random_topk_7
Q7,W1_HCPA_EXPERT,Easy,False,0.0,"[""Procedure undertaken / Procedure"", ""Procedure""]",[],ABSENT_OR_PRUNED_OR_MATCH_FAILED,"[{""component"": ""filter"", ""query_field"": ""Procedure"", ""matched_field"": null, ""match_type"": ""no_match"", ""score"": 0.0}, {""component"": ""output"", ""query_field"": ""Procedure"", ""matched_field"": null, ""match_type"": ""no_match"", ""score"": 0.0}]",random_topk_7
Q8,W1_HCPA_EXPERT,Easy,False,0.0,"[""Problem/Diagnosis / Problem"", ""Problem""]",[],ABSENT_OR_PRUNED_OR_MATCH_FAILED,"[{""component"": ""filter"", ""query_field"": ""Problem"", ""matched_field"": null, ""match_type"": ""no_match"", ""score"": 0.0}, {""component"": ""output"", ""query_field"": ""Problem"", ""matched_field"": null, ""match_type"": ""no_match"", ""score"": 0.0}]",random_topk_7
Q9,W1_HCPA_EXPERT,Easy,False,0.0,"[""Problem/Diagnosis / Clinical staging"", ""Clinical staging""]",[],ABSENT_OR_PRUNED_OR_MATCH_FAILED,"[{""component"": ""filter"", ""query_field"": ""Clinical staging"", ""matched_field"": null, ""match_type"": ""no_match"", ""score"": 0.0}, {""component"": ""output"", ""query_field"": ""Clinical staging"", ""matched_field"": null, ""match_type"": ""no_match"", ""score"": 0.0}]",random_topk_7
Q10,W1_HCPA_EXPERT,Easy,False,0.0,"[""Problem/Diagnosis / invaded regional lymph nodes"", ""invaded regional lymph nodes""]",[],ABSENT_OR_PRUNED_OR_MATCH_FAILED,"[{""component"": ""filter"", ""query_field"": ""invaded regional lymph nodes"", ""matched_field"": null, ""match_type"": ""no_match"", ""score"": 0.0}, {""component"": ""output"", ""query_field"": ""invaded regional lymph nodes"", ""matched_field"": null, ""match_type"": ""no_match"", ""score"": 0.0}]",random_topk_7
Q11,W1_HCPA_EXPERT,Medium,False,0.0,"[""HCPA / General data / State"", ""HCPA / General data / reason for encounter"", ""State"", ""reason for encounter""]",[],ABSENT_OR_PRUNED_OR_MATCH_FAILED,"[{""component"": ""filter"", ""query_field"": ""State"", ""matched_field"": null, ""match_type"": ""no_match"", ""score"": 0.0}, {""component"": ""filter"", ""query_field"": ""reason for encounter"", ""matched_field"": null, ""match_type"": ""no_match"", ""score"": 0.0}, {""component"": ""output"", ""query_field"": ""State"", ""matched_field"": null, ""match_type"": ""no_match"", ""score"": 0.0}, {""component"": ""output"", ""query_field"": ""reason for encounter"", ""matched_field"": null, ""match_type"": ""no_match"", ""score"": 0.0}]",random_topk_7
Q12,W1_HCPA_EXPERT,Medium,False,0.0,"[""HCPA / General data / State"", ""HCPA / General data / reason for encounter"", ""State"", ""reason for encounter"", ""patient age""]",[],ABSENT_OR_PRUNED_OR_MATCH_FAILED,"[{""component"": ""filter"", ""query_field"": ""State"", ""matched_field"": null, ""match_type"": ""no_match"", ""score"": 0.0}, {""component"": ""filter"", ""query_field"": ""reason for encounter"", ""matched_field"": null, ""match_type"": ""no_match"", ""score"": 0.0}, {""component"": ""output"", ""query_field"": ""State"", ""matched_field"": null, ""match_type"": ""no_match"", ""score"": 0.0}, {""component"": ""output"", ""query_field"": ""reason for encounter"", ""matched_field"": null, ""match_type"": ""no_match"", ""score"": 0.0}, {""component"": ""output"", ""query_field"": ""patient age"", ""matched_field"": null, ""match_type"": ""no_match"", ""score"": 0.0}]",random_topk_7
Q13,W1_HCPA_EXPERT,Medium,False,0.0,"[""HCPA / General data / patient age"", ""HCPA / General data / State"", ""patient age"", ""State"", ""patient age""]",[],ABSENT_OR_PRUNED_OR_MATCH_FAILED,"[{""component"": ""filter"", ""query_field"": ""patient age"", ""matched_field"": null, ""match_type"": ""no_match"", ""score"": 0.0}, {""component"": ""filter"", ""query_field"": ""State"", ""matched_field"": null, ""match_type"": ""no_match"", ""score"": 0.0}, {""component"": ""output"", ""query_field"": ""patient age"", ""matched_field"": null, ""match_type"": ""no_match"", ""score"": 0.0}, {""component"": ""output"", ""query_field"": ""State"", ""matched_field"": null, ""match_type"": ""no_match"", ""score"": 0.0}, {""component"": ""sort"", ""query_field"": ""patient age"", ""matched_field"": null, ""match_type"": ""no_match"", ""score"": 0.0}]",random_topk_7
Q14,W1_HCPA_EXPERT,Medium,False,0.0,"[""HCPA / chemotherapy / schema"", ""HCPA / chemotherapy / duration of treatment"", ""schema"", ""duration of treatment"", ""duration of treatment""]",[],ABSENT_OR_PRUNED_OR_MATCH_FAILED,"[{""component"": ""filter"", ""query_field"": ""schema"", ""matched_field"": null, ""match_type"": ""no_match"", ""score"": 0.0}, {""component"": ""filter"", ""query_field"": ""duration of treatment"", ""matched_field"": null, ""match_type"": ""no_match"", ""score"": 0.0}, {""component"": ""output"", ""query_field"": ""schema"", ""matched_field"": null, ""match_type"": ""no_match"", ""score"": 0.0}, {""component"": ""output"", ""query_field"": ""duration of treatment"", ""matched_field"": null, ""match_type"": ""no_match"", ""score"": 0.0}, {""component"": ""sort"", ""query_field"": ""duration of treatment"", ""matched_field"": null, ""match_type"": ""no_match"", ""score"": 0.0}]",random_topk_7
Q15,W1_HCPA_EXPERT,Medium,False,0.0,"[""Problem/Diagnosis / Problem"", ""Problem/Diagnosis / Clinical staging"", ""Problem"", ""Clinical staging""]",[],ABSENT_OR_PRUNED_OR_MATCH_FAILED,"[{""component"": ""filter"", ""query_field"": ""Problem"", ""matched_field"": null, ""match_type"": ""no_match"", ""score"": 0.0}, {""component"": ""filter"", ""query_field"": ""Clinical staging"", ""matched_field"": null, ""match_type"": ""no_match"", ""score"": 0.0}, {""component"": ""output"", ""query_field"": ""Problem"", ""matched_field"": null, ""match_type"": ""no_match"", ""score"": 0.0}, {""component"": ""output"", ""query_field"": ""Clinical staging"", ""matched_field"": null, ""match_type"": ""no_match"", ""score"": 0.0}]",random_topk_7
Q16,W1_HCPA_EXPERT,Medium,False,0.0,"[""Problem/Diagnosis / Problem"", ""Procedure undertaken / Procedure"", ""Problem"", ""Procedure""]",[],ABSENT_OR_PRUNED_OR_MATCH_FAILED,"[{""component"": ""filter"", ""query_field"": ""Problem"", ""matched_field"": null, ""match_type"": ""no_match"", ""score"": 0.0}, {""component"": ""filter"", ""query_field"": ""Procedure"", ""matched_field"": null, ""match_type"": ""no_match"", ""score"": 0.0}, {""component"": ""output"", ""query_field"": ""Problem"", ""matched_field"": null, ""match_type"": ""no_match"", ""score"": 0.0}, {""component"": ""output"", ""query_field"": ""Procedure"", ""matched_field"": null, ""match_type"": ""no_match"", ""score"": 0.0}]",random_topk_7
Q17,W1_HCPA_EXPERT,Medium,False,0.0,"[""Discharge / reason for discharge"", ""HCPA / General data / State"", ""reason for discharge"", ""State""]",[],ABSENT_OR_PRUNED_OR_MATCH_FAILED,"[{""component"": ""filter"", ""query_field"": ""reason for discharge"", ""matched_field"": null, ""match_type"": ""no_match"", ""score"": 0.0}, {""component"": ""filter"", ""query_field"": ""State"", ""matched_field"": null, ""match_type"": ""no_match"", ""score"": 0.0}, {""component"": ""output"", ""query_field"": ""reason for discharge"", ""matched_field"": null, ""match_type"": ""no_match"", ""score"": 0.0}, {""component"": ""output"", ""query_field"": ""State"", ""matched_field"": null, ""match_type"": ""no_match"", ""score"": 0.0}]",random_topk_7
Q18,W1_HCPA_EXPERT,Medium,False,0.0,"[""Problem/Diagnosis / histopathological grading"", ""Problem/Diagnosis / Problem"", ""histopathological grading"", ""Problem""]",[],ABSENT_OR_PRUNED_OR_MATCH_FAILED,"[{""component"": ""filter"", ""query_field"": ""histopathological grading"", ""matched_field"": null, ""match_type"": ""no_match"", ""score"": 0.0}, {""component"": ""filter"", ""query_field"": ""Problem"", ""matched_field"": null, ""match_type"": ""no_match"", ""score"": 0.0}, {""component"": ""output"", ""query_field"": ""histopathological grading"", ""matched_field"": null, ""match_type"": ""no_match"", ""score"": 0.0}, {""component"": ""output"", ""query_field"": ""Problem"", ""matched_field"": null, ""match_type"": ""no_match"", ""score"": 0.0}]",random_topk_7
Q19,W1_HCPA_EXPERT,Medium,False,0.0,"[""Problem/Diagnosis / tumour topography"", ""Problem/Diagnosis / invaded regional lymph nodes"", ""tumour topography"", ""invaded regional lymph nodes""]",[],ABSENT_OR_PRUNED_OR_MATCH_FAILED,"[{""component"": ""filter"", ""query_field"": ""tumour topography"", ""matched_field"": null, ""match_type"": ""no_match"", ""score"": 0.0}, {""component"": ""filter"", ""query_field"": ""invaded regional lymph nodes"", ""matched_field"": null, ""match_type"": ""no_match"", ""score"": 0.0}, {""component"": ""output"", ""query_field"": ""tumour topography"", ""matched_field"": null, ""match_type"": ""no_match"", ""score"": 0.0}, {""component"": ""output"", ""query_field"": ""invaded regional lymph nodes"", ""matched_field"": null, ""match_type"": ""no_match"", ""score"": 0.0}]",random_topk_7
Q20,W1_HCPA_EXPERT,Medium,False,0.0,"[""HCPA / General data / reason for encounter"", ""HCPA / Radiotherapy / date of beginning of radiotherapy"", ""reason for encounter"", ""date of beginning of radiotherapy"", ""date of beginning of radiotherapy""]",[],ABSENT_OR_PRUNED_OR_MATCH_FAILED,"[{""component"": ""filter"", ""query_field"": ""reason for encounter"", ""matched_field"": null, ""match_type"": ""no_match"", ""score"": 0.0}, {""component"": ""filter"", ""query_field"": ""date of beginning of radiotherapy"", ""matched_field"": null, ""match_type"": ""no_match"", ""score"": 0.0}, {""component"": ""output"", ""query_field"": ""reason for encounter"", ""matched_field"": null, ""match_type"": ""no_match"", ""score"": 0.0}, {""component"": ""output"", ""query_field"": ""date of beginning of radiotherapy"", ""matched_field"": null, ""match_type"": ""no_match"", ""score"": 0.0}, {""component"": ""sort"", ""query_field"": ""date of beginning of radiotherapy"", ""matched_field"": null, ""match_type"": ""no_match"", ""score"": 0.0}]",random_topk_7
Q21,W1_HCPA_EXPERT,Hard,False,0.0,"[""Nephrology / indicator of transplantation"", ""Nephrology / number of transplantations"", ""indicator of transplantation"", ""number of transplantations""]",[],ABSENT_OR_PRUNED_OR_MATCH_FAILED,"[{""component"": ""filter"", ""query_field"": ""indicator of transplantation"", ""matched_field"": null, ""match_type"": ""no_match"", ""score"": 0.0}, {""component"": ""filter"", ""query_field"": ""number of transplantations"", ""matched_field"": null, ""match_type"": ""no_match"", ""score"": 0.0}, {""component"": ""output"", ""query_field"": ""indicator of transplantation"", ""matched_field"": null, ""match_type"": ""no_match"", ""score"": 0.0}, {""component"": ""output"", ""query_field"": ""number of transplantations"", ""matched_field"": null, ""match_type"": ""no_match"", ""score"": 0.0}]",random_topk_7
Q22,W1_HCPA_EXPERT,Hard,False,0.0,"[""Dialysis / date of first dialysis"", ""Imaging / abdominal ultrasonography"", ""date of first dialysis"", ""abdominal ultrasonography"", ""date of first dialysis""]",[],ABSENT_OR_PRUNED_OR_MATCH_FAILED,"[{""component"": ""filter"", ""query_field"": ""date of first dialysis"", ""matched_field"": null, ""match_type"": ""no_match"", ""score"": 0.0}, {""component"": ""filter"", ""query_field"": ""abdominal ultrasonography"", ""matched_field"": null, ""match_type"": ""no_match"", ""score"": 0.0}, {""component"": ""output"", ""query_field"": ""date of first dialysis"", ""matched_field"": null, ""match_type"": ""no_match"", ""score"": 0.0}, {""component"": ""output"", ""query_field"": ""abdominal ultrasonography"", ""matched_field"": null, ""match_type"": ""no_match"", ""score"": 0.0}, {""component"": ""sort"", ""query_field"": ""date of first dialysis"", ""matched_field"": null, ""match_type"": ""no_match"", ""score"": 0.0}]",random_topk_7
Q23,W1_HCPA_EXPERT,Hard,False,0.0,"[""Follow-up / duration of follow-up months"", ""Bariatrics / body mass index"", ""duration of follow-up months"", ""body mass index"", ""duration of follow-up months""]",[],ABSENT_OR_PRUNED_OR_MATCH_FAILED,"[{""component"": ""filter"", ""query_field"": ""duration of follow-up months"", ""matched_field"": null, ""match_type"": ""no_match"", ""score"": 0.0}, {""component"": ""filter"", ""query_field"": ""body mass index"", ""matched_field"": null, ""match_type"": ""no_match"", ""score"": 0.0}, {""component"": ""output"", ""query_field"": ""duration of follow-up months"", ""matched_field"": null, ""match_type"": ""no_match"", ""score"": 0.0}, {""component"": ""output"", ""query_field"": ""body mass index"", ""matched_field"": null, ""match_type"": ""no_match"", ""score"": 0.0}, {""component"": ""sort"", ""query_field"": ""duration of follow-up months"", ""matched_field"": null, ""match_type"": ""no_match"", ""score"": 0.0}]",random_topk_7
Q24,W1_HCPA_EXPERT,Hard,False,0.0,"[""HCPA / General data / State"", ""HCPA / General data / reason for encounter"", ""HCPA / General data / patient age"", ""State"", ""reason for encounter"", ""patient age"", ""patient age""]",[],ABSENT_OR_PRUNED_OR_MATCH_FAILED,"[{""component"": ""filter"", ""query_field"": ""State"", ""matched_field"": null, ""match_type"": ""no_match"", ""score"": 0.0}, {""component"": ""filter"", ""query_field"": ""reason for encounter"", ""matched_field"": null, ""match_type"": ""no_match"", ""score"": 0.0}, {""component"": ""filter"", ""query_field"": ""patient age"", ""matched_field"": null, ""match_type"": ""no_match"", ""score"": 0.0}, {""component"": ""output"", ""query_field"": ""State"", ""matched_field"": null, ""match_type"": ""no_match"", ""score"": 0.0}, {""component"": ""output"", ""query_field"": ""reason for encounter"", ""matched_field"": null, ""match_type"": ""no_match"", ""score"": 0.0}, {""component"": ""output"", ""query_field"": ""patient age"", ""matched_field"": null, ""match_type"": ""no_match"", ""score"": 0.0}, {""component"": ""sort"", ""query_field"": ""patient age"", ""matched_field"": null, ""match_type"": ""no_match"", ""score"": 0.0}]",random_topk_7
Q25,W1_HCPA_EXPERT,Hard,False,0.0,"[""HCPA / General data / State"", ""HCPA / General data / reason for encounter"", ""Problem/Diagnosis / Problem"", ""State"", ""reason for encounter"", ""Problem""]",[],ABSENT_OR_PRUNED_OR_MATCH_FAILED,"[{""component"": ""filter"", ""query_field"": ""State"", ""matched_field"": null, ""match_type"": ""no_match"", ""score"": 0.0}, {""component"": ""filter"", ""query_field"": ""reason for encounter"", ""matched_field"": null, ""match_type"": ""no_match"", ""score"": 0.0}, {""component"": ""filter"", ""query_field"": ""Problem"", ""matched_field"": null, ""match_type"": ""no_match"", ""score"": 0.0}, {""component"": ""output"", ""query_field"": ""State"", ""matched_field"": null, ""match_type"": ""no_match"", ""score"": 0.0}, {""component"": ""output"", ""query_field"": ""reason for encounter"", ""matched_field"": null, ""match_type"": ""no_match"", ""score"": 0.0}, {""component"": ""output"", ""query_field"": ""Problem"", ""matched_field"": null, ""match_type"": ""no_match"", ""score"": 0.0}]",random_topk_7
Q26,W1_HCPA_EXPERT,Hard,False,0.0,"[""Problem/Diagnosis / Problem"", ""Problem/Diagnosis / Clinical staging"", ""Problem/Diagnosis / invaded regional lymph nodes"", ""Problem"", ""Clinical staging"", ""invaded regional lymph nodes""]",[],ABSENT_OR_PRUNED_OR_MATCH_FAILED,"[{""component"": ""filter"", ""query_field"": ""Problem"", ""matched_field"": null, ""match_type"": ""no_match"", ""score"": 0.0}, {""component"": ""filter"", ""query_field"": ""Clinical staging"", ""matched_field"": null, ""match_type"": ""no_match"", ""score"": 0.0}, {""component"": ""filter"", ""query_field"": ""invaded regional lymph nodes"", ""matched_field"": null, ""match_type"": ""no_match"", ""score"": 0.0}, {""component"": ""output"", ""query_field"": ""Problem"", ""matched_field"": null, ""match_type"": ""no_match"", ""score"": 0.0}, {""component"": ""output"", ""query_field"": ""Clinical staging"", ""matched_field"": null, ""match_type"": ""no_match"", ""score"": 0.0}, {""component"": ""output"", ""query_field"": ""invaded regional lymph nodes"", ""matched_field"": null, ""match_type"": ""no_match"", ""score"": 0.0}]",random_topk_7
Q27,W1_HCPA_EXPERT,Hard,False,0.0,"[""HCPA / chemotherapy / schema"", ""HCPA / chemotherapy / duration of treatment"", ""HCPA / chemotherapy / date of beginning of chemotherapy"", ""schema"", ""duration of treatment"", ""date of beginning of chemotherapy"", ""date of beginning of chemotherapy""]",[],ABSENT_OR_PRUNED_OR_MATCH_FAILED,"[{""component"": ""filter"", ""query_field"": ""schema"", ""matched_field"": null, ""match_type"": ""no_match"", ""score"": 0.0}, {""component"": ""filter"", ""query_field"": ""duration of treatment"", ""matched_field"": null, ""match_type"": ""no_match"", ""score"": 0.0}, {""component"": ""filter"", ""query_field"": ""date of beginning of chemotherapy"", ""matched_field"": null, ""match_type"": ""no_match"", ""score"": 0.0}, {""component"": ""output"", ""query_field"": ""schema"", ""matched_field"": null, ""match_type"": ""no_match"", ""score"": 0.0}, {""component"": ""output"", ""query_field"": ""duration of treatment"", ""matched_field"": null, ""match_type"": ""no_match"", ""score"": 0.0}, {""component"": ""output"", ""query_field"": ""date of beginning of chemotherapy"", ""matched_field"": null, ""match_type"": ""no_match"", ""score"": 0.0}, {""component"": ""sort"", ""query_field"": ""date of beginning of chemotherapy"", ""matched_field"": null, ""match_type"": ""no_match"", ""score"": 0.0}]",random_topk_7
Q28,W1_HCPA_EXPERT,Hard,False,0.0,"[""Procedure undertaken / Procedure"", ""Radiotherapy / irradiated area 1"", ""Procedure"", ""irradiated area 1""]",[],ABSENT_OR_PRUNED_OR_MATCH_FAILED,"[{""component"": ""filter"", ""query_field"": ""Procedure"", ""matched_field"": null, ""match_type"": ""no_match"", ""score"": 0.0}, {""component"": ""filter"", ""query_field"": ""irradiated area 1"", ""matched_field"": null, ""match_type"": ""no_match"", ""score"": 0.0}, {""component"": ""output"", ""query_field"": ""Procedure"", ""matched_field"": null, ""match_type"": ""no_match"", ""score"": 0.0}, {""component"": ""output"", ""query_field"": ""irradiated area 1"", ""matched_field"": null, ""match_type"": ""no_match"", ""score"": 0.0}]",random_topk_7
Q29,W1_HCPA_EXPERT,Hard,False,0.0,"[""Discharge / date of discharge"", ""Discharge / reason for discharge"", ""date of discharge"", ""reason for discharge""]",[],ABSENT_OR_PRUNED_OR_MATCH_FAILED,"[{""component"": ""filter"", ""query_field"": ""date of discharge"", ""matched_field"": null, ""match_type"": ""no_match"", ""score"": 0.0}, {""component"": ""filter"", ""query_field"": ""reason for discharge"", ""matched_field"": null, ""match_type"": ""no_match"", ""score"": 0.0}, {""component"": ""output"", ""query_field"": ""date of discharge"", ""matched_field"": null, ""match_type"": ""no_match"", ""score"": 0.0}, {""component"": ""output"", ""query_field"": ""reason for discharge"", ""matched_field"": null, ""match_type"": ""no_match"", ""score"": 0.0}]",random_topk_7
Q30,W1_HCPA_EXPERT,Hard,False,0.0,"[""Problem/Diagnosis / tumour topography"", ""Problem/Diagnosis / histopathological grading"", ""Problem/Diagnosis / date of pathological identification"", ""tumour topography"", ""histopathological grading"", ""date of pathological identification"", ""date of pathological identification""]",[],ABSENT_OR_PRUNED_OR_MATCH_FAILED,"[{""component"": ""filter"", ""query_field"": ""tumour topography"", ""matched_field"": null, ""match_type"": ""no_match"", ""score"": 0.0}, {""component"": ""filter"", ""query_field"": ""histopathological grading"", ""matched_field"": null, ""match_type"": ""no_match"", ""score"": 0.0}, {""component"": ""filter"", ""query_field"": ""date of pathological identification"", ""matched_field"": null, ""match_type"": ""no_match"", ""score"": 0.0}, {""component"": ""output"", ""query_field"": ""tumour topography"", ""matched_field"": null, ""match_type"": ""no_match"", ""score"": 0.0}, {""component"": ""output"", ""query_field"": ""histopathological grading"", ""matched_field"": null, ""match_type"": ""no_match"", ""score"": 0.0}, {""component"": ""output"", ""query_field"": ""date of pathological identification"", ""matched_field"": null, ""match_type"": ""no_match"", ""score"": 0.0}, {""component"": ""sort"", ""query_field"": ""date of pathological identification"", ""matched_field"": null, ""match_type"": ""no_match"", ""score"": 0.0}]",random_topk_7
D1,W2_DEMOGRAPHIC_EXPERT,Easy,False,0.0,"[""Demographic data / components / gender"", ""gender""]",[],ABSENT_OR_PRUNED_OR_MATCH_FAILED,"[{""component"": ""filter"", ""query_field"": ""gender"", ""matched_field"": null, ""match_type"": ""no_match"", ""score"": 0.0}, {""component"": ""output"", ""query_field"": ""gender"", ""matched_field"": null, ""match_type"": ""no_match"", ""score"": 0.0}]",random_topk_7
D2,W2_DEMOGRAPHIC_EXPERT,Easy,False,0.0,"[""Demographic data / components / gender"", ""gender"", ""birth date""]",[],ABSENT_OR_PRUNED_OR_MATCH_FAILED,"[{""component"": ""filter"", ""query_field"": ""gender"", ""matched_field"": null, ""match_type"": ""no_match"", ""score"": 0.0}, {""component"": ""output"", ""query_field"": ""gender"", ""matched_field"": null, ""match_type"": ""no_match"", ""score"": 0.0}, {""component"": ""output"", ""query_field"": ""birth date"", ""matched_field"": null, ""match_type"": ""no_match"", ""score"": 0.0}]",random_topk_7
D3,W2_DEMOGRAPHIC_EXPERT,Easy,False,0.0,"[""Demographic data / components / nationality"", ""nationality""]",[],ABSENT_OR_PRUNED_OR_MATCH_FAILED,"[{""component"": ""filter"", ""query_field"": ""nationality"", ""matched_field"": null, ""match_type"": ""no_match"", ""score"": 0.0}, {""component"": ""output"", ""query_field"": ""nationality"", ""matched_field"": null, ""match_type"": ""no_match"", ""score"": 0.0}]",random_topk_7
D4,W2_DEMOGRAPHIC_EXPERT,Easy,False,0.0,"[""Demographic data / components / race"", ""race""]",[],ABSENT_OR_PRUNED_OR_MATCH_FAILED,"[{""component"": ""filter"", ""query_field"": ""race"", ""matched_field"": null, ""match_type"": ""no_match"", ""score"": 0.0}, {""component"": ""output"", ""query_field"": ""race"", ""matched_field"": null, ""match_type"": ""no_match"", ""score"": 0.0}]",random_topk_7
D5,W2_DEMOGRAPHIC_EXPERT,Easy,False,0.0,"[""Demographic data / components / ethnic group"", ""ethnic group""]",[],ABSENT_OR_PRUNED_OR_MATCH_FAILED,"[{""component"": ""filter"", ""query_field"": ""ethnic group"", ""matched_field"": null, ""match_type"": ""no_match"", ""score"": 0.0}, {""component"": ""output"", ""query_field"": ""ethnic group"", ""matched_field"": null, ""match_type"": ""no_match"", ""score"": 0.0}]",random_topk_7
D6,W2_DEMOGRAPHIC_EXPERT,Easy,False,0.0,"[""Demographic data / components / birth date"", ""birth date""]",[],ABSENT_OR_PRUNED_OR_MATCH_FAILED,"[{""component"": ""filter"", ""query_field"": ""birth date"", ""matched_field"": null, ""match_type"": ""no_match"", ""score"": 0.0}, {""component"": ""output"", ""query_field"": ""birth date"", ""matched_field"": null, ""match_type"": ""no_match"", ""score"": 0.0}]",random_topk_7
D7,W2_DEMOGRAPHIC_EXPERT,Medium,False,0.0,"[""Demographic data / components / gender"", ""Demographic data / components / nationality"", ""gender"", ""nationality""]",[],ABSENT_OR_PRUNED_OR_MATCH_FAILED,"[{""component"": ""filter"", ""query_field"": ""gender"", ""matched_field"": null, ""match_type"": ""no_match"", ""score"": 0.0}, {""component"": ""filter"", ""query_field"": ""nationality"", ""matched_field"": null, ""match_type"": ""no_match"", ""score"": 0.0}, {""component"": ""output"", ""query_field"": ""gender"", ""matched_field"": null, ""match_type"": ""no_match"", ""score"": 0.0}, {""component"": ""output"", ""query_field"": ""nationality"", ""matched_field"": null, ""match_type"": ""no_match"", ""score"": 0.0}]",random_topk_7
D8,W2_DEMOGRAPHIC_EXPERT,Medium,False,0.0,"[""Demographic data / components / birth date"", ""Demographic data / components / gender"", ""birth date"", ""gender"", ""birth date""]",[],ABSENT_OR_PRUNED_OR_MATCH_FAILED,"[{""component"": ""filter"", ""query_field"": ""birth date"", ""matched_field"": null, ""match_type"": ""no_match"", ""score"": 0.0}, {""component"": ""filter"", ""query_field"": ""gender"", ""matched_field"": null, ""match_type"": ""no_match"", ""score"": 0.0}, {""component"": ""output"", ""query_field"": ""birth date"", ""matched_field"": null, ""match_type"": ""no_match"", ""score"": 0.0}, {""component"": ""output"", ""query_field"": ""gender"", ""matched_field"": null, ""match_type"": ""no_match"", ""score"": 0.0}, {""component"": ""sort"", ""query_field"": ""birth date"", ""matched_field"": null, ""match_type"": ""no_match"", ""score"": 0.0}]",random_topk_7
D9,W2_DEMOGRAPHIC_EXPERT,Medium,False,0.0,"[""Demographic data / components / educational level"", ""Demographic data / components / nationality"", ""educational level"", ""nationality""]",[],ABSENT_OR_PRUNED_OR_MATCH_FAILED,"[{""component"": ""filter"", ""query_field"": ""educational level"", ""matched_field"": null, ""match_type"": ""no_match"", ""score"": 0.0}, {""component"": ""filter"", ""query_field"": ""nationality"", ""matched_field"": null, ""match_type"": ""no_match"", ""score"": 0.0}, {""component"": ""output"", ""query_field"": ""educational level"", ""matched_field"": null, ""match_type"": ""no_match"", ""score"": 0.0}, {""component"": ""output"", ""query_field"": ""nationality"", ""matched_field"": null, ""match_type"": ""no_match"", ""score"": 0.0}]",random_topk_7
D10,W2_DEMOGRAPHIC_EXPERT,Medium,False,0.0,"[""Demographic data / components / race"", ""Demographic data / components / nationality"", ""race"", ""nationality""]",[],ABSENT_OR_PRUNED_OR_MATCH_FAILED,"[{""component"": ""filter"", ""query_field"": ""race"", ""matched_field"": null, ""match_type"": ""no_match"", ""score"": 0.0}, {""component"": ""filter"", ""query_field"": ""nationality"", ""matched_field"": null, ""match_type"": ""no_match"", ""score"": 0.0}, {""component"": ""output"", ""query_field"": ""race"", ""matched_field"": null, ""match_type"": ""no_match"", ""score"": 0.0}, {""component"": ""output"", ""query_field"": ""nationality"", ""matched_field"": null, ""match_type"": ""no_match"", ""score"": 0.0}]",random_topk_7
D11,W2_DEMOGRAPHIC_EXPERT,Hard,False,0.0,"[""Demographic data / components / race"", ""Demographic data / components / ethnic group"", ""Demographic data / components / nationality"", ""race"", ""ethnic group"", ""nationality""]",[],ABSENT_OR_PRUNED_OR_MATCH_FAILED,"[{""component"": ""filter"", ""query_field"": ""race"", ""matched_field"": null, ""match_type"": ""no_match"", ""score"": 0.0}, {""component"": ""filter"", ""query_field"": ""ethnic group"", ""matched_field"": null, ""match_type"": ""no_match"", ""score"": 0.0}, {""component"": ""filter"", ""query_field"": ""nationality"", ""matched_field"": null, ""match_type"": ""no_match"", ""score"": 0.0}, {""component"": ""output"", ""query_field"": ""race"", ""matched_field"": null, ""match_type"": ""no_match"", ""score"": 0.0}, {""component"": ""output"", ""query_field"": ""ethnic group"", ""matched_field"": null, ""match_type"": ""no_match"", ""score"": 0.0}, {""component"": ""output"", ""query_field"": ""nationality"", ""matched_field"": null, ""match_type"": ""no_match"", ""score"": 0.0}]",random_topk_7
D12,W2_DEMOGRAPHIC_EXPERT,Hard,False,0.0,"[""Demographic data / components / birth date"", ""Demographic data / components / gender"", ""Demographic data / components / nationality"", ""birth date"", ""gender"", ""nationality"", ""birth date""]",[],ABSENT_OR_PRUNED_OR_MATCH_FAILED,"[{""component"": ""filter"", ""query_field"": ""birth date"", ""matched_field"": null, ""match_type"": ""no_match"", ""score"": 0.0}, {""component"": ""filter"", ""query_field"": ""gender"", ""matched_field"": null, ""match_type"": ""no_match"", ""score"": 0.0}, {""component"": ""filter"", ""query_field"": ""nationality"", ""matched_field"": null, ""match_type"": ""no_match"", ""score"": 0.0}, {""component"": ""output"", ""query_field"": ""birth date"", ""matched_field"": null, ""match_type"": ""no_match"", ""score"": 0.0}, {""component"": ""output"", ""query_field"": ""gender"", ""matched_field"": null, ""match_type"": ""no_match"", ""score"": 0.0}, {""component"": ""output"", ""query_field"": ""nationality"", ""matched_field"": null, ""match_type"": ""no_match"", ""score"": 0.0}, {""component"": ""sort"", ""query_field"": ""birth date"", ""matched_field"": null, ""match_type"": ""no_match"", ""score"": 0.0}]",random_topk_7
Q1,W1_HCPA_EXPERT,Easy,False,0.0,"[""HCPA / General data / State"", ""State""]",[],ABSENT_OR_PRUNED_OR_MATCH_FAILED,"[{""component"": ""filter"", ""query_field"": ""State"", ""matched_field"": null, ""match_type"": ""no_match"", ""score"": 0.0}, {""component"": ""output"", ""query_field"": ""State"", ""matched_field"": null, ""match_type"": ""no_match"", ""score"": 0.0}]",random_topk_8
Q2,W1_HCPA_EXPERT,Easy,False,0.0,"[""HCPA / General data / State"", ""State"", ""reason for encounter""]",[],ABSENT_OR_PRUNED_OR_MATCH_FAILED,"[{""component"": ""filter"", ""query_field"": ""State"", ""matched_field"": null, ""match_type"": ""no_match"", ""score"": 0.0}, {""component"": ""output"", ""query_field"": ""State"", ""matched_field"": null, ""match_type"": ""no_match"", ""score"": 0.0}, {""component"": ""output"", ""query_field"": ""reason for encounter"", ""matched_field"": null, ""match_type"": ""no_match"", ""score"": 0.0}]",random_topk_8
Q3,W1_HCPA_EXPERT,Easy,False,0.0,"[""HCPA / General data / reason for encounter"", ""reason for encounter""]",[],ABSENT_OR_PRUNED_OR_MATCH_FAILED,"[{""component"": ""filter"", ""query_field"": ""reason for encounter"", ""matched_field"": null, ""match_type"": ""no_match"", ""score"": 0.0}, {""component"": ""output"", ""query_field"": ""reason for encounter"", ""matched_field"": null, ""match_type"": ""no_match"", ""score"": 0.0}]",random_topk_8
Q4,W1_HCPA_EXPERT,Easy,False,0.0,"[""HCPA / General data / reason for encounter"", ""reason for encounter"", ""State"", ""patient age""]",[],ABSENT_OR_PRUNED_OR_MATCH_FAILED,"[{""component"": ""filter"", ""query_field"": ""reason for encounter"", ""matched_field"": null, ""match_type"": ""no_match"", ""score"": 0.0}, {""component"": ""output"", ""query_field"": ""reason for encounter"", ""matched_field"": null, ""match_type"": ""no_match"", ""score"": 0.0}, {""component"": ""output"", ""query_field"": ""State"", ""matched_field"": null, ""match_type"": ""no_match"", ""score"": 0.0}, {""component"": ""output"", ""query_field"": ""patient age"", ""matched_field"": null, ""match_type"": ""no_match"", ""score"": 0.0}]",random_topk_8
Q5,W1_HCPA_EXPERT,Easy,False,0.0,"[""HCPA / General data / patient age"", ""patient age"", ""patient age""]",[],ABSENT_OR_PRUNED_OR_MATCH_FAILED,"[{""component"": ""filter"", ""query_field"": ""patient age"", ""matched_field"": null, ""match_type"": ""no_match"", ""score"": 0.0}, {""component"": ""output"", ""query_field"": ""patient age"", ""matched_field"": null, ""match_type"": ""no_match"", ""score"": 0.0}, {""component"": ""sort"", ""query_field"": ""patient age"", ""matched_field"": null, ""match_type"": ""no_match"", ""score"": 0.0}]",random_topk_8
Q6,W1_HCPA_EXPERT,Easy,False,0.0,"[""HCPA / chemotherapy / schema"", ""schema""]",[],ABSENT_OR_PRUNED_OR_MATCH_FAILED,"[{""component"": ""filter"", ""query_field"": ""schema"", ""matched_field"": null, ""match_type"": ""no_match"", ""score"": 0.0}, {""component"": ""output"", ""query_field"": ""schema"", ""matched_field"": null, ""match_type"": ""no_match"", ""score"": 0.0}]",random_topk_8
Q7,W1_HCPA_EXPERT,Easy,False,0.0,"[""Procedure undertaken / Procedure"", ""Procedure""]",[],ABSENT_OR_PRUNED_OR_MATCH_FAILED,"[{""component"": ""filter"", ""query_field"": ""Procedure"", ""matched_field"": null, ""match_type"": ""no_match"", ""score"": 0.0}, {""component"": ""output"", ""query_field"": ""Procedure"", ""matched_field"": null, ""match_type"": ""no_match"", ""score"": 0.0}]",random_topk_8
Q8,W1_HCPA_EXPERT,Easy,False,0.0,"[""Problem/Diagnosis / Problem"", ""Problem""]",[],ABSENT_OR_PRUNED_OR_MATCH_FAILED,"[{""component"": ""filter"", ""query_field"": ""Problem"", ""matched_field"": null, ""match_type"": ""no_match"", ""score"": 0.0}, {""component"": ""output"", ""query_field"": ""Problem"", ""matched_field"": null, ""match_type"": ""no_match"", ""score"": 0.0}]",random_topk_8
Q9,W1_HCPA_EXPERT,Easy,False,0.0,"[""Problem/Diagnosis / Clinical staging"", ""Clinical staging""]",[],ABSENT_OR_PRUNED_OR_MATCH_FAILED,"[{""component"": ""filter"", ""query_field"": ""Clinical staging"", ""matched_field"": null, ""match_type"": ""no_match"", ""score"": 0.0}, {""component"": ""output"", ""query_field"": ""Clinical staging"", ""matched_field"": null, ""match_type"": ""no_match"", ""score"": 0.0}]",random_topk_8
Q10,W1_HCPA_EXPERT,Easy,False,0.0,"[""Problem/Diagnosis / invaded regional lymph nodes"", ""invaded regional lymph nodes""]",[],ABSENT_OR_PRUNED_OR_MATCH_FAILED,"[{""component"": ""filter"", ""query_field"": ""invaded regional lymph nodes"", ""matched_field"": null, ""match_type"": ""no_match"", ""score"": 0.0}, {""component"": ""output"", ""query_field"": ""invaded regional lymph nodes"", ""matched_field"": null, ""match_type"": ""no_match"", ""score"": 0.0}]",random_topk_8
Q11,W1_HCPA_EXPERT,Medium,False,0.0,"[""HCPA / General data / State"", ""HCPA / General data / reason for encounter"", ""State"", ""reason for encounter""]",[],ABSENT_OR_PRUNED_OR_MATCH_FAILED,"[{""component"": ""filter"", ""query_field"": ""State"", ""matched_field"": null, ""match_type"": ""no_match"", ""score"": 0.0}, {""component"": ""filter"", ""query_field"": ""reason for encounter"", ""matched_field"": null, ""match_type"": ""no_match"", ""score"": 0.0}, {""component"": ""output"", ""query_field"": ""State"", ""matched_field"": null, ""match_type"": ""no_match"", ""score"": 0.0}, {""component"": ""output"", ""query_field"": ""reason for encounter"", ""matched_field"": null, ""match_type"": ""no_match"", ""score"": 0.0}]",random_topk_8
Q12,W1_HCPA_EXPERT,Medium,False,0.0,"[""HCPA / General data / State"", ""HCPA / General data / reason for encounter"", ""State"", ""reason for encounter"", ""patient age""]",[],ABSENT_OR_PRUNED_OR_MATCH_FAILED,"[{""component"": ""filter"", ""query_field"": ""State"", ""matched_field"": null, ""match_type"": ""no_match"", ""score"": 0.0}, {""component"": ""filter"", ""query_field"": ""reason for encounter"", ""matched_field"": null, ""match_type"": ""no_match"", ""score"": 0.0}, {""component"": ""output"", ""query_field"": ""State"", ""matched_field"": null, ""match_type"": ""no_match"", ""score"": 0.0}, {""component"": ""output"", ""query_field"": ""reason for encounter"", ""matched_field"": null, ""match_type"": ""no_match"", ""score"": 0.0}, {""component"": ""output"", ""query_field"": ""patient age"", ""matched_field"": null, ""match_type"": ""no_match"", ""score"": 0.0}]",random_topk_8
Q13,W1_HCPA_EXPERT,Medium,False,0.0,"[""HCPA / General data / patient age"", ""HCPA / General data / State"", ""patient age"", ""State"", ""patient age""]",[],ABSENT_OR_PRUNED_OR_MATCH_FAILED,"[{""component"": ""filter"", ""query_field"": ""patient age"", ""matched_field"": null, ""match_type"": ""no_match"", ""score"": 0.0}, {""component"": ""filter"", ""query_field"": ""State"", ""matched_field"": null, ""match_type"": ""no_match"", ""score"": 0.0}, {""component"": ""output"", ""query_field"": ""patient age"", ""matched_field"": null, ""match_type"": ""no_match"", ""score"": 0.0}, {""component"": ""output"", ""query_field"": ""State"", ""matched_field"": null, ""match_type"": ""no_match"", ""score"": 0.0}, {""component"": ""sort"", ""query_field"": ""patient age"", ""matched_field"": null, ""match_type"": ""no_match"", ""score"": 0.0}]",random_topk_8
Q14,W1_HCPA_EXPERT,Medium,False,0.0,"[""HCPA / chemotherapy / schema"", ""HCPA / chemotherapy / duration of treatment"", ""schema"", ""duration of treatment"", ""duration of treatment""]",[],ABSENT_OR_PRUNED_OR_MATCH_FAILED,"[{""component"": ""filter"", ""query_field"": ""schema"", ""matched_field"": null, ""match_type"": ""no_match"", ""score"": 0.0}, {""component"": ""filter"", ""query_field"": ""duration of treatment"", ""matched_field"": null, ""match_type"": ""no_match"", ""score"": 0.0}, {""component"": ""output"", ""query_field"": ""schema"", ""matched_field"": null, ""match_type"": ""no_match"", ""score"": 0.0}, {""component"": ""output"", ""query_field"": ""duration of treatment"", ""matched_field"": null, ""match_type"": ""no_match"", ""score"": 0.0}, {""component"": ""sort"", ""query_field"": ""duration of treatment"", ""matched_field"": null, ""match_type"": ""no_match"", ""score"": 0.0}]",random_topk_8
Q15,W1_HCPA_EXPERT,Medium,False,0.0,"[""Problem/Diagnosis / Problem"", ""Problem/Diagnosis / Clinical staging"", ""Problem"", ""Clinical staging""]",[],ABSENT_OR_PRUNED_OR_MATCH_FAILED,"[{""component"": ""filter"", ""query_field"": ""Problem"", ""matched_field"": null, ""match_type"": ""no_match"", ""score"": 0.0}, {""component"": ""filter"", ""query_field"": ""Clinical staging"", ""matched_field"": null, ""match_type"": ""no_match"", ""score"": 0.0}, {""component"": ""output"", ""query_field"": ""Problem"", ""matched_field"": null, ""match_type"": ""no_match"", ""score"": 0.0}, {""component"": ""output"", ""query_field"": ""Clinical staging"", ""matched_field"": null, ""match_type"": ""no_match"", ""score"": 0.0}]",random_topk_8
Q16,W1_HCPA_EXPERT,Medium,False,0.0,"[""Problem/Diagnosis / Problem"", ""Procedure undertaken / Procedure"", ""Problem"", ""Procedure""]",[],ABSENT_OR_PRUNED_OR_MATCH_FAILED,"[{""component"": ""filter"", ""query_field"": ""Problem"", ""matched_field"": null, ""match_type"": ""no_match"", ""score"": 0.0}, {""component"": ""filter"", ""query_field"": ""Procedure"", ""matched_field"": null, ""match_type"": ""no_match"", ""score"": 0.0}, {""component"": ""output"", ""query_field"": ""Problem"", ""matched_field"": null, ""match_type"": ""no_match"", ""score"": 0.0}, {""component"": ""output"", ""query_field"": ""Procedure"", ""matched_field"": null, ""match_type"": ""no_match"", ""score"": 0.0}]",random_topk_8
Q17,W1_HCPA_EXPERT,Medium,False,0.0,"[""Discharge / reason for discharge"", ""HCPA / General data / State"", ""reason for discharge"", ""State""]",[],ABSENT_OR_PRUNED_OR_MATCH_FAILED,"[{""component"": ""filter"", ""query_field"": ""reason for discharge"", ""matched_field"": null, ""match_type"": ""no_match"", ""score"": 0.0}, {""component"": ""filter"", ""query_field"": ""State"", ""matched_field"": null, ""match_type"": ""no_match"", ""score"": 0.0}, {""component"": ""output"", ""query_field"": ""reason for discharge"", ""matched_field"": null, ""match_type"": ""no_match"", ""score"": 0.0}, {""component"": ""output"", ""query_field"": ""State"", ""matched_field"": null, ""match_type"": ""no_match"", ""score"": 0.0}]",random_topk_8
Q18,W1_HCPA_EXPERT,Medium,False,0.0,"[""Problem/Diagnosis / histopathological grading"", ""Problem/Diagnosis / Problem"", ""histopathological grading"", ""Problem""]",[],ABSENT_OR_PRUNED_OR_MATCH_FAILED,"[{""component"": ""filter"", ""query_field"": ""histopathological grading"", ""matched_field"": null, ""match_type"": ""no_match"", ""score"": 0.0}, {""component"": ""filter"", ""query_field"": ""Problem"", ""matched_field"": null, ""match_type"": ""no_match"", ""score"": 0.0}, {""component"": ""output"", ""query_field"": ""histopathological grading"", ""matched_field"": null, ""match_type"": ""no_match"", ""score"": 0.0}, {""component"": ""output"", ""query_field"": ""Problem"", ""matched_field"": null, ""match_type"": ""no_match"", ""score"": 0.0}]",random_topk_8
Q19,W1_HCPA_EXPERT,Medium,False,0.0,"[""Problem/Diagnosis / tumour topography"", ""Problem/Diagnosis / invaded regional lymph nodes"", ""tumour topography"", ""invaded regional lymph nodes""]",[],ABSENT_OR_PRUNED_OR_MATCH_FAILED,"[{""component"": ""filter"", ""query_field"": ""tumour topography"", ""matched_field"": null, ""match_type"": ""no_match"", ""score"": 0.0}, {""component"": ""filter"", ""query_field"": ""invaded regional lymph nodes"", ""matched_field"": null, ""match_type"": ""no_match"", ""score"": 0.0}, {""component"": ""output"", ""query_field"": ""tumour topography"", ""matched_field"": null, ""match_type"": ""no_match"", ""score"": 0.0}, {""component"": ""output"", ""query_field"": ""invaded regional lymph nodes"", ""matched_field"": null, ""match_type"": ""no_match"", ""score"": 0.0}]",random_topk_8
Q20,W1_HCPA_EXPERT,Medium,False,0.0,"[""HCPA / General data / reason for encounter"", ""HCPA / Radiotherapy / date of beginning of radiotherapy"", ""reason for encounter"", ""date of beginning of radiotherapy"", ""date of beginning of radiotherapy""]",[],ABSENT_OR_PRUNED_OR_MATCH_FAILED,"[{""component"": ""filter"", ""query_field"": ""reason for encounter"", ""matched_field"": null, ""match_type"": ""no_match"", ""score"": 0.0}, {""component"": ""filter"", ""query_field"": ""date of beginning of radiotherapy"", ""matched_field"": null, ""match_type"": ""no_match"", ""score"": 0.0}, {""component"": ""output"", ""query_field"": ""reason for encounter"", ""matched_field"": null, ""match_type"": ""no_match"", ""score"": 0.0}, {""component"": ""output"", ""query_field"": ""date of beginning of radiotherapy"", ""matched_field"": null, ""match_type"": ""no_match"", ""score"": 0.0}, {""component"": ""sort"", ""query_field"": ""date of beginning of radiotherapy"", ""matched_field"": null, ""match_type"": ""no_match"", ""score"": 0.0}]",random_topk_8
Q21,W1_HCPA_EXPERT,Hard,False,0.0,"[""Nephrology / indicator of transplantation"", ""Nephrology / number of transplantations"", ""indicator of transplantation"", ""number of transplantations""]",[],ABSENT_OR_PRUNED_OR_MATCH_FAILED,"[{""component"": ""filter"", ""query_field"": ""indicator of transplantation"", ""matched_field"": null, ""match_type"": ""no_match"", ""score"": 0.0}, {""component"": ""filter"", ""query_field"": ""number of transplantations"", ""matched_field"": null, ""match_type"": ""no_match"", ""score"": 0.0}, {""component"": ""output"", ""query_field"": ""indicator of transplantation"", ""matched_field"": null, ""match_type"": ""no_match"", ""score"": 0.0}, {""component"": ""output"", ""query_field"": ""number of transplantations"", ""matched_field"": null, ""match_type"": ""no_match"", ""score"": 0.0}]",random_topk_8
Q22,W1_HCPA_EXPERT,Hard,False,0.0,"[""Dialysis / date of first dialysis"", ""Imaging / abdominal ultrasonography"", ""date of first dialysis"", ""abdominal ultrasonography"", ""date of first dialysis""]",[],ABSENT_OR_PRUNED_OR_MATCH_FAILED,"[{""component"": ""filter"", ""query_field"": ""date of first dialysis"", ""matched_field"": null, ""match_type"": ""no_match"", ""score"": 0.0}, {""component"": ""filter"", ""query_field"": ""abdominal ultrasonography"", ""matched_field"": null, ""match_type"": ""no_match"", ""score"": 0.0}, {""component"": ""output"", ""query_field"": ""date of first dialysis"", ""matched_field"": null, ""match_type"": ""no_match"", ""score"": 0.0}, {""component"": ""output"", ""query_field"": ""abdominal ultrasonography"", ""matched_field"": null, ""match_type"": ""no_match"", ""score"": 0.0}, {""component"": ""sort"", ""query_field"": ""date of first dialysis"", ""matched_field"": null, ""match_type"": ""no_match"", ""score"": 0.0}]",random_topk_8
Q23,W1_HCPA_EXPERT,Hard,False,0.0,"[""Follow-up / duration of follow-up months"", ""Bariatrics / body mass index"", ""duration of follow-up months"", ""body mass index"", ""duration of follow-up months""]",[],ABSENT_OR_PRUNED_OR_MATCH_FAILED,"[{""component"": ""filter"", ""query_field"": ""duration of follow-up months"", ""matched_field"": null, ""match_type"": ""no_match"", ""score"": 0.0}, {""component"": ""filter"", ""query_field"": ""body mass index"", ""matched_field"": null, ""match_type"": ""no_match"", ""score"": 0.0}, {""component"": ""output"", ""query_field"": ""duration of follow-up months"", ""matched_field"": null, ""match_type"": ""no_match"", ""score"": 0.0}, {""component"": ""output"", ""query_field"": ""body mass index"", ""matched_field"": null, ""match_type"": ""no_match"", ""score"": 0.0}, {""component"": ""sort"", ""query_field"": ""duration of follow-up months"", ""matched_field"": null, ""match_type"": ""no_match"", ""score"": 0.0}]",random_topk_8
Q24,W1_HCPA_EXPERT,Hard,False,0.0,"[""HCPA / General data / State"", ""HCPA / General data / reason for encounter"", ""HCPA / General data / patient age"", ""State"", ""reason for encounter"", ""patient age"", ""patient age""]",[],ABSENT_OR_PRUNED_OR_MATCH_FAILED,"[{""component"": ""filter"", ""query_field"": ""State"", ""matched_field"": null, ""match_type"": ""no_match"", ""score"": 0.0}, {""component"": ""filter"", ""query_field"": ""reason for encounter"", ""matched_field"": null, ""match_type"": ""no_match"", ""score"": 0.0}, {""component"": ""filter"", ""query_field"": ""patient age"", ""matched_field"": null, ""match_type"": ""no_match"", ""score"": 0.0}, {""component"": ""output"", ""query_field"": ""State"", ""matched_field"": null, ""match_type"": ""no_match"", ""score"": 0.0}, {""component"": ""output"", ""query_field"": ""reason for encounter"", ""matched_field"": null, ""match_type"": ""no_match"", ""score"": 0.0}, {""component"": ""output"", ""query_field"": ""patient age"", ""matched_field"": null, ""match_type"": ""no_match"", ""score"": 0.0}, {""component"": ""sort"", ""query_field"": ""patient age"", ""matched_field"": null, ""match_type"": ""no_match"", ""score"": 0.0}]",random_topk_8
Q25,W1_HCPA_EXPERT,Hard,False,0.0,"[""HCPA / General data / State"", ""HCPA / General data / reason for encounter"", ""Problem/Diagnosis / Problem"", ""State"", ""reason for encounter"", ""Problem""]",[],ABSENT_OR_PRUNED_OR_MATCH_FAILED,"[{""component"": ""filter"", ""query_field"": ""State"", ""matched_field"": null, ""match_type"": ""no_match"", ""score"": 0.0}, {""component"": ""filter"", ""query_field"": ""reason for encounter"", ""matched_field"": null, ""match_type"": ""no_match"", ""score"": 0.0}, {""component"": ""filter"", ""query_field"": ""Problem"", ""matched_field"": null, ""match_type"": ""no_match"", ""score"": 0.0}, {""component"": ""output"", ""query_field"": ""State"", ""matched_field"": null, ""match_type"": ""no_match"", ""score"": 0.0}, {""component"": ""output"", ""query_field"": ""reason for encounter"", ""matched_field"": null, ""match_type"": ""no_match"", ""score"": 0.0}, {""component"": ""output"", ""query_field"": ""Problem"", ""matched_field"": null, ""match_type"": ""no_match"", ""score"": 0.0}]",random_topk_8
Q26,W1_HCPA_EXPERT,Hard,False,0.0,"[""Problem/Diagnosis / Problem"", ""Problem/Diagnosis / Clinical staging"", ""Problem/Diagnosis / invaded regional lymph nodes"", ""Problem"", ""Clinical staging"", ""invaded regional lymph nodes""]",[],ABSENT_OR_PRUNED_OR_MATCH_FAILED,"[{""component"": ""filter"", ""query_field"": ""Problem"", ""matched_field"": null, ""match_type"": ""no_match"", ""score"": 0.0}, {""component"": ""filter"", ""query_field"": ""Clinical staging"", ""matched_field"": null, ""match_type"": ""no_match"", ""score"": 0.0}, {""component"": ""filter"", ""query_field"": ""invaded regional lymph nodes"", ""matched_field"": null, ""match_type"": ""no_match"", ""score"": 0.0}, {""component"": ""output"", ""query_field"": ""Problem"", ""matched_field"": null, ""match_type"": ""no_match"", ""score"": 0.0}, {""component"": ""output"", ""query_field"": ""Clinical staging"", ""matched_field"": null, ""match_type"": ""no_match"", ""score"": 0.0}, {""component"": ""output"", ""query_field"": ""invaded regional lymph nodes"", ""matched_field"": null, ""match_type"": ""no_match"", ""score"": 0.0}]",random_topk_8
Q27,W1_HCPA_EXPERT,Hard,False,0.0,"[""HCPA / chemotherapy / schema"", ""HCPA / chemotherapy / duration of treatment"", ""HCPA / chemotherapy / date of beginning of chemotherapy"", ""schema"", ""duration of treatment"", ""date of beginning of chemotherapy"", ""date of beginning of chemotherapy""]",[],ABSENT_OR_PRUNED_OR_MATCH_FAILED,"[{""component"": ""filter"", ""query_field"": ""schema"", ""matched_field"": null, ""match_type"": ""no_match"", ""score"": 0.0}, {""component"": ""filter"", ""query_field"": ""duration of treatment"", ""matched_field"": null, ""match_type"": ""no_match"", ""score"": 0.0}, {""component"": ""filter"", ""query_field"": ""date of beginning of chemotherapy"", ""matched_field"": null, ""match_type"": ""no_match"", ""score"": 0.0}, {""component"": ""output"", ""query_field"": ""schema"", ""matched_field"": null, ""match_type"": ""no_match"", ""score"": 0.0}, {""component"": ""output"", ""query_field"": ""duration of treatment"", ""matched_field"": null, ""match_type"": ""no_match"", ""score"": 0.0}, {""component"": ""output"", ""query_field"": ""date of beginning of chemotherapy"", ""matched_field"": null, ""match_type"": ""no_match"", ""score"": 0.0}, {""component"": ""sort"", ""query_field"": ""date of beginning of chemotherapy"", ""matched_field"": null, ""match_type"": ""no_match"", ""score"": 0.0}]",random_topk_8
Q28,W1_HCPA_EXPERT,Hard,False,0.0,"[""Procedure undertaken / Procedure"", ""Radiotherapy / irradiated area 1"", ""Procedure"", ""irradiated area 1""]",[],ABSENT_OR_PRUNED_OR_MATCH_FAILED,"[{""component"": ""filter"", ""query_field"": ""Procedure"", ""matched_field"": null, ""match_type"": ""no_match"", ""score"": 0.0}, {""component"": ""filter"", ""query_field"": ""irradiated area 1"", ""matched_field"": null, ""match_type"": ""no_match"", ""score"": 0.0}, {""component"": ""output"", ""query_field"": ""Procedure"", ""matched_field"": null, ""match_type"": ""no_match"", ""score"": 0.0}, {""component"": ""output"", ""query_field"": ""irradiated area 1"", ""matched_field"": null, ""match_type"": ""no_match"", ""score"": 0.0}]",random_topk_8
Q29,W1_HCPA_EXPERT,Hard,False,0.0,"[""Discharge / date of discharge"", ""Discharge / reason for discharge"", ""date of discharge"", ""reason for discharge""]",[],ABSENT_OR_PRUNED_OR_MATCH_FAILED,"[{""component"": ""filter"", ""query_field"": ""date of discharge"", ""matched_field"": null, ""match_type"": ""no_match"", ""score"": 0.0}, {""component"": ""filter"", ""query_field"": ""reason for discharge"", ""matched_field"": null, ""match_type"": ""no_match"", ""score"": 0.0}, {""component"": ""output"", ""query_field"": ""date of discharge"", ""matched_field"": null, ""match_type"": ""no_match"", ""score"": 0.0}, {""component"": ""output"", ""query_field"": ""reason for discharge"", ""matched_field"": null, ""match_type"": ""no_match"", ""score"": 0.0}]",random_topk_8
Q30,W1_HCPA_EXPERT,Hard,False,0.0,"[""Problem/Diagnosis / tumour topography"", ""Problem/Diagnosis / histopathological grading"", ""Problem/Diagnosis / date of pathological identification"", ""tumour topography"", ""histopathological grading"", ""date of pathological identification"", ""date of pathological identification""]",[],ABSENT_OR_PRUNED_OR_MATCH_FAILED,"[{""component"": ""filter"", ""query_field"": ""tumour topography"", ""matched_field"": null, ""match_type"": ""no_match"", ""score"": 0.0}, {""component"": ""filter"", ""query_field"": ""histopathological grading"", ""matched_field"": null, ""match_type"": ""no_match"", ""score"": 0.0}, {""component"": ""filter"", ""query_field"": ""date of pathological identification"", ""matched_field"": null, ""match_type"": ""no_match"", ""score"": 0.0}, {""component"": ""output"", ""query_field"": ""tumour topography"", ""matched_field"": null, ""match_type"": ""no_match"", ""score"": 0.0}, {""component"": ""output"", ""query_field"": ""histopathological grading"", ""matched_field"": null, ""match_type"": ""no_match"", ""score"": 0.0}, {""component"": ""output"", ""query_field"": ""date of pathological identification"", ""matched_field"": null, ""match_type"": ""no_match"", ""score"": 0.0}, {""component"": ""sort"", ""query_field"": ""date of pathological identification"", ""matched_field"": null, ""match_type"": ""no_match"", ""score"": 0.0}]",random_topk_8
D1,W2_DEMOGRAPHIC_EXPERT,Easy,False,0.0,"[""Demographic data / components / gender"", ""gender""]",[],ABSENT_OR_PRUNED_OR_MATCH_FAILED,"[{""component"": ""filter"", ""query_field"": ""gender"", ""matched_field"": null, ""match_type"": ""no_match"", ""score"": 0.0}, {""component"": ""output"", ""query_field"": ""gender"", ""matched_field"": null, ""match_type"": ""no_match"", ""score"": 0.0}]",random_topk_8
D2,W2_DEMOGRAPHIC_EXPERT,Easy,False,0.0,"[""Demographic data / components / gender"", ""gender"", ""birth date""]",[],ABSENT_OR_PRUNED_OR_MATCH_FAILED,"[{""component"": ""filter"", ""query_field"": ""gender"", ""matched_field"": null, ""match_type"": ""no_match"", ""score"": 0.0}, {""component"": ""output"", ""query_field"": ""gender"", ""matched_field"": null, ""match_type"": ""no_match"", ""score"": 0.0}, {""component"": ""output"", ""query_field"": ""birth date"", ""matched_field"": null, ""match_type"": ""no_match"", ""score"": 0.0}]",random_topk_8
D3,W2_DEMOGRAPHIC_EXPERT,Easy,False,0.0,"[""Demographic data / components / nationality"", ""nationality""]",[],ABSENT_OR_PRUNED_OR_MATCH_FAILED,"[{""component"": ""filter"", ""query_field"": ""nationality"", ""matched_field"": null, ""match_type"": ""no_match"", ""score"": 0.0}, {""component"": ""output"", ""query_field"": ""nationality"", ""matched_field"": null, ""match_type"": ""no_match"", ""score"": 0.0}]",random_topk_8
D4,W2_DEMOGRAPHIC_EXPERT,Easy,False,0.0,"[""Demographic data / components / race"", ""race""]",[],ABSENT_OR_PRUNED_OR_MATCH_FAILED,"[{""component"": ""filter"", ""query_field"": ""race"", ""matched_field"": null, ""match_type"": ""no_match"", ""score"": 0.0}, {""component"": ""output"", ""query_field"": ""race"", ""matched_field"": null, ""match_type"": ""no_match"", ""score"": 0.0}]",random_topk_8
D5,W2_DEMOGRAPHIC_EXPERT,Easy,False,0.0,"[""Demographic data / components / ethnic group"", ""ethnic group""]",[],ABSENT_OR_PRUNED_OR_MATCH_FAILED,"[{""component"": ""filter"", ""query_field"": ""ethnic group"", ""matched_field"": null, ""match_type"": ""no_match"", ""score"": 0.0}, {""component"": ""output"", ""query_field"": ""ethnic group"", ""matched_field"": null, ""match_type"": ""no_match"", ""score"": 0.0}]",random_topk_8
D6,W2_DEMOGRAPHIC_EXPERT,Easy,False,0.0,"[""Demographic data / components / birth date"", ""birth date""]",[],ABSENT_OR_PRUNED_OR_MATCH_FAILED,"[{""component"": ""filter"", ""query_field"": ""birth date"", ""matched_field"": null, ""match_type"": ""no_match"", ""score"": 0.0}, {""component"": ""output"", ""query_field"": ""birth date"", ""matched_field"": null, ""match_type"": ""no_match"", ""score"": 0.0}]",random_topk_8
D7,W2_DEMOGRAPHIC_EXPERT,Medium,False,0.0,"[""Demographic data / components / gender"", ""Demographic data / components / nationality"", ""gender"", ""nationality""]",[],ABSENT_OR_PRUNED_OR_MATCH_FAILED,"[{""component"": ""filter"", ""query_field"": ""gender"", ""matched_field"": null, ""match_type"": ""no_match"", ""score"": 0.0}, {""component"": ""filter"", ""query_field"": ""nationality"", ""matched_field"": null, ""match_type"": ""no_match"", ""score"": 0.0}, {""component"": ""output"", ""query_field"": ""gender"", ""matched_field"": null, ""match_type"": ""no_match"", ""score"": 0.0}, {""component"": ""output"", ""query_field"": ""nationality"", ""matched_field"": null, ""match_type"": ""no_match"", ""score"": 0.0}]",random_topk_8
D8,W2_DEMOGRAPHIC_EXPERT,Medium,False,0.0,"[""Demographic data / components / birth date"", ""Demographic data / components / gender"", ""birth date"", ""gender"", ""birth date""]",[],ABSENT_OR_PRUNED_OR_MATCH_FAILED,"[{""component"": ""filter"", ""query_field"": ""birth date"", ""matched_field"": null, ""match_type"": ""no_match"", ""score"": 0.0}, {""component"": ""filter"", ""query_field"": ""gender"", ""matched_field"": null, ""match_type"": ""no_match"", ""score"": 0.0}, {""component"": ""output"", ""query_field"": ""birth date"", ""matched_field"": null, ""match_type"": ""no_match"", ""score"": 0.0}, {""component"": ""output"", ""query_field"": ""gender"", ""matched_field"": null, ""match_type"": ""no_match"", ""score"": 0.0}, {""component"": ""sort"", ""query_field"": ""birth date"", ""matched_field"": null, ""match_type"": ""no_match"", ""score"": 0.0}]",random_topk_8
D9,W2_DEMOGRAPHIC_EXPERT,Medium,False,0.0,"[""Demographic data / components / educational level"", ""Demographic data / components / nationality"", ""educational level"", ""nationality""]",[],ABSENT_OR_PRUNED_OR_MATCH_FAILED,"[{""component"": ""filter"", ""query_field"": ""educational level"", ""matched_field"": null, ""match_type"": ""no_match"", ""score"": 0.0}, {""component"": ""filter"", ""query_field"": ""nationality"", ""matched_field"": null, ""match_type"": ""no_match"", ""score"": 0.0}, {""component"": ""output"", ""query_field"": ""educational level"", ""matched_field"": null, ""match_type"": ""no_match"", ""score"": 0.0}, {""component"": ""output"", ""query_field"": ""nationality"", ""matched_field"": null, ""match_type"": ""no_match"", ""score"": 0.0}]",random_topk_8
D10,W2_DEMOGRAPHIC_EXPERT,Medium,False,0.0,"[""Demographic data / components / race"", ""Demographic data / components / nationality"", ""race"", ""nationality""]",[],ABSENT_OR_PRUNED_OR_MATCH_FAILED,"[{""component"": ""filter"", ""query_field"": ""race"", ""matched_field"": null, ""match_type"": ""no_match"", ""score"": 0.0}, {""component"": ""filter"", ""query_field"": ""nationality"", ""matched_field"": null, ""match_type"": ""no_match"", ""score"": 0.0}, {""component"": ""output"", ""query_field"": ""race"", ""matched_field"": null, ""match_type"": ""no_match"", ""score"": 0.0}, {""component"": ""output"", ""query_field"": ""nationality"", ""matched_field"": null, ""match_type"": ""no_match"", ""score"": 0.0}]",random_topk_8
D11,W2_DEMOGRAPHIC_EXPERT,Hard,False,0.0,"[""Demographic data / components / race"", ""Demographic data / components / ethnic group"", ""Demographic data / components / nationality"", ""race"", ""ethnic group"", ""nationality""]",[],ABSENT_OR_PRUNED_OR_MATCH_FAILED,"[{""component"": ""filter"", ""query_field"": ""race"", ""matched_field"": null, ""match_type"": ""no_match"", ""score"": 0.0}, {""component"": ""filter"", ""query_field"": ""ethnic group"", ""matched_field"": null, ""match_type"": ""no_match"", ""score"": 0.0}, {""component"": ""filter"", ""query_field"": ""nationality"", ""matched_field"": null, ""match_type"": ""no_match"", ""score"": 0.0}, {""component"": ""output"", ""query_field"": ""race"", ""matched_field"": null, ""match_type"": ""no_match"", ""score"": 0.0}, {""component"": ""output"", ""query_field"": ""ethnic group"", ""matched_field"": null, ""match_type"": ""no_match"", ""score"": 0.0}, {""component"": ""output"", ""query_field"": ""nationality"", ""matched_field"": null, ""match_type"": ""no_match"", ""score"": 0.0}]",random_topk_8
D12,W2_DEMOGRAPHIC_EXPERT,Hard,False,0.0,"[""Demographic data / components / birth date"", ""Demographic data / components / gender"", ""Demographic data / components / nationality"", ""birth date"", ""gender"", ""nationality"", ""birth date""]",[],ABSENT_OR_PRUNED_OR_MATCH_FAILED,"[{""component"": ""filter"", ""query_field"": ""birth date"", ""matched_field"": null, ""match_type"": ""no_match"", ""score"": 0.0}, {""component"": ""filter"", ""query_field"": ""gender"", ""matched_field"": null, ""match_type"": ""no_match"", ""score"": 0.0}, {""component"": ""filter"", ""query_field"": ""nationality"", ""matched_field"": null, ""match_type"": ""no_match"", ""score"": 0.0}, {""component"": ""output"", ""query_field"": ""birth date"", ""matched_field"": null, ""match_type"": ""no_match"", ""score"": 0.0}, {""component"": ""output"", ""query_field"": ""gender"", ""matched_field"": null, ""match_type"": ""no_match"", ""score"": 0.0}, {""component"": ""output"", ""query_field"": ""nationality"", ""matched_field"": null, ""match_type"": ""no_match"", ""score"": 0.0}, {""component"": ""sort"", ""query_field"": ""birth date"", ""matched_field"": null, ""match_type"": ""no_match"", ""score"": 0.0}]",random_topk_8
Q1,W1_HCPA_EXPERT,Easy,False,0.0,"[""HCPA / General data / State"", ""State""]",[],ABSENT_OR_PRUNED_OR_MATCH_FAILED,"[{""component"": ""filter"", ""query_field"": ""State"", ""matched_field"": null, ""match_type"": ""no_match"", ""score"": 0.0}, {""component"": ""output"", ""query_field"": ""State"", ""matched_field"": null, ""match_type"": ""no_match"", ""score"": 0.0}]",random_topk_9
Q2,W1_HCPA_EXPERT,Easy,False,0.0,"[""HCPA / General data / State"", ""State"", ""reason for encounter""]",[],ABSENT_OR_PRUNED_OR_MATCH_FAILED,"[{""component"": ""filter"", ""query_field"": ""State"", ""matched_field"": null, ""match_type"": ""no_match"", ""score"": 0.0}, {""component"": ""output"", ""query_field"": ""State"", ""matched_field"": null, ""match_type"": ""no_match"", ""score"": 0.0}, {""component"": ""output"", ""query_field"": ""reason for encounter"", ""matched_field"": null, ""match_type"": ""no_match"", ""score"": 0.0}]",random_topk_9
Q3,W1_HCPA_EXPERT,Easy,False,0.0,"[""HCPA / General data / reason for encounter"", ""reason for encounter""]",[],ABSENT_OR_PRUNED_OR_MATCH_FAILED,"[{""component"": ""filter"", ""query_field"": ""reason for encounter"", ""matched_field"": null, ""match_type"": ""no_match"", ""score"": 0.0}, {""component"": ""output"", ""query_field"": ""reason for encounter"", ""matched_field"": null, ""match_type"": ""no_match"", ""score"": 0.0}]",random_topk_9
Q4,W1_HCPA_EXPERT,Easy,False,0.0,"[""HCPA / General data / reason for encounter"", ""reason for encounter"", ""State"", ""patient age""]",[],ABSENT_OR_PRUNED_OR_MATCH_FAILED,"[{""component"": ""filter"", ""query_field"": ""reason for encounter"", ""matched_field"": null, ""match_type"": ""no_match"", ""score"": 0.0}, {""component"": ""output"", ""query_field"": ""reason for encounter"", ""matched_field"": null, ""match_type"": ""no_match"", ""score"": 0.0}, {""component"": ""output"", ""query_field"": ""State"", ""matched_field"": null, ""match_type"": ""no_match"", ""score"": 0.0}, {""component"": ""output"", ""query_field"": ""patient age"", ""matched_field"": null, ""match_type"": ""no_match"", ""score"": 0.0}]",random_topk_9
Q5,W1_HCPA_EXPERT,Easy,False,0.0,"[""HCPA / General data / patient age"", ""patient age"", ""patient age""]",[],ABSENT_OR_PRUNED_OR_MATCH_FAILED,"[{""component"": ""filter"", ""query_field"": ""patient age"", ""matched_field"": null, ""match_type"": ""no_match"", ""score"": 0.0}, {""component"": ""output"", ""query_field"": ""patient age"", ""matched_field"": null, ""match_type"": ""no_match"", ""score"": 0.0}, {""component"": ""sort"", ""query_field"": ""patient age"", ""matched_field"": null, ""match_type"": ""no_match"", ""score"": 0.0}]",random_topk_9
Q6,W1_HCPA_EXPERT,Easy,False,0.0,"[""HCPA / chemotherapy / schema"", ""schema""]",[],ABSENT_OR_PRUNED_OR_MATCH_FAILED,"[{""component"": ""filter"", ""query_field"": ""schema"", ""matched_field"": null, ""match_type"": ""no_match"", ""score"": 0.0}, {""component"": ""output"", ""query_field"": ""schema"", ""matched_field"": null, ""match_type"": ""no_match"", ""score"": 0.0}]",random_topk_9
Q7,W1_HCPA_EXPERT,Easy,False,0.0,"[""Procedure undertaken / Procedure"", ""Procedure""]",[],ABSENT_OR_PRUNED_OR_MATCH_FAILED,"[{""component"": ""filter"", ""query_field"": ""Procedure"", ""matched_field"": null, ""match_type"": ""no_match"", ""score"": 0.0}, {""component"": ""output"", ""query_field"": ""Procedure"", ""matched_field"": null, ""match_type"": ""no_match"", ""score"": 0.0}]",random_topk_9
Q8,W1_HCPA_EXPERT,Easy,False,0.0,"[""Problem/Diagnosis / Problem"", ""Problem""]",[],ABSENT_OR_PRUNED_OR_MATCH_FAILED,"[{""component"": ""filter"", ""query_field"": ""Problem"", ""matched_field"": null, ""match_type"": ""no_match"", ""score"": 0.0}, {""component"": ""output"", ""query_field"": ""Problem"", ""matched_field"": null, ""match_type"": ""no_match"", ""score"": 0.0}]",random_topk_9
Q9,W1_HCPA_EXPERT,Easy,False,0.0,"[""Problem/Diagnosis / Clinical staging"", ""Clinical staging""]",[],ABSENT_OR_PRUNED_OR_MATCH_FAILED,"[{""component"": ""filter"", ""query_field"": ""Clinical staging"", ""matched_field"": null, ""match_type"": ""no_match"", ""score"": 0.0}, {""component"": ""output"", ""query_field"": ""Clinical staging"", ""matched_field"": null, ""match_type"": ""no_match"", ""score"": 0.0}]",random_topk_9
Q10,W1_HCPA_EXPERT,Easy,False,0.0,"[""Problem/Diagnosis / invaded regional lymph nodes"", ""invaded regional lymph nodes""]",[],ABSENT_OR_PRUNED_OR_MATCH_FAILED,"[{""component"": ""filter"", ""query_field"": ""invaded regional lymph nodes"", ""matched_field"": null, ""match_type"": ""no_match"", ""score"": 0.0}, {""component"": ""output"", ""query_field"": ""invaded regional lymph nodes"", ""matched_field"": null, ""match_type"": ""no_match"", ""score"": 0.0}]",random_topk_9
Q11,W1_HCPA_EXPERT,Medium,False,0.0,"[""HCPA / General data / State"", ""HCPA / General data / reason for encounter"", ""State"", ""reason for encounter""]",[],ABSENT_OR_PRUNED_OR_MATCH_FAILED,"[{""component"": ""filter"", ""query_field"": ""State"", ""matched_field"": null, ""match_type"": ""no_match"", ""score"": 0.0}, {""component"": ""filter"", ""query_field"": ""reason for encounter"", ""matched_field"": null, ""match_type"": ""no_match"", ""score"": 0.0}, {""component"": ""output"", ""query_field"": ""State"", ""matched_field"": null, ""match_type"": ""no_match"", ""score"": 0.0}, {""component"": ""output"", ""query_field"": ""reason for encounter"", ""matched_field"": null, ""match_type"": ""no_match"", ""score"": 0.0}]",random_topk_9
Q12,W1_HCPA_EXPERT,Medium,False,0.0,"[""HCPA / General data / State"", ""HCPA / General data / reason for encounter"", ""State"", ""reason for encounter"", ""patient age""]",[],ABSENT_OR_PRUNED_OR_MATCH_FAILED,"[{""component"": ""filter"", ""query_field"": ""State"", ""matched_field"": null, ""match_type"": ""no_match"", ""score"": 0.0}, {""component"": ""filter"", ""query_field"": ""reason for encounter"", ""matched_field"": null, ""match_type"": ""no_match"", ""score"": 0.0}, {""component"": ""output"", ""query_field"": ""State"", ""matched_field"": null, ""match_type"": ""no_match"", ""score"": 0.0}, {""component"": ""output"", ""query_field"": ""reason for encounter"", ""matched_field"": null, ""match_type"": ""no_match"", ""score"": 0.0}, {""component"": ""output"", ""query_field"": ""patient age"", ""matched_field"": null, ""match_type"": ""no_match"", ""score"": 0.0}]",random_topk_9
Q13,W1_HCPA_EXPERT,Medium,False,0.0,"[""HCPA / General data / patient age"", ""HCPA / General data / State"", ""patient age"", ""State"", ""patient age""]",[],ABSENT_OR_PRUNED_OR_MATCH_FAILED,"[{""component"": ""filter"", ""query_field"": ""patient age"", ""matched_field"": null, ""match_type"": ""no_match"", ""score"": 0.0}, {""component"": ""filter"", ""query_field"": ""State"", ""matched_field"": null, ""match_type"": ""no_match"", ""score"": 0.0}, {""component"": ""output"", ""query_field"": ""patient age"", ""matched_field"": null, ""match_type"": ""no_match"", ""score"": 0.0}, {""component"": ""output"", ""query_field"": ""State"", ""matched_field"": null, ""match_type"": ""no_match"", ""score"": 0.0}, {""component"": ""sort"", ""query_field"": ""patient age"", ""matched_field"": null, ""match_type"": ""no_match"", ""score"": 0.0}]",random_topk_9
Q14,W1_HCPA_EXPERT,Medium,False,0.0,"[""HCPA / chemotherapy / schema"", ""HCPA / chemotherapy / duration of treatment"", ""schema"", ""duration of treatment"", ""duration of treatment""]",[],ABSENT_OR_PRUNED_OR_MATCH_FAILED,"[{""component"": ""filter"", ""query_field"": ""schema"", ""matched_field"": null, ""match_type"": ""no_match"", ""score"": 0.0}, {""component"": ""filter"", ""query_field"": ""duration of treatment"", ""matched_field"": null, ""match_type"": ""no_match"", ""score"": 0.0}, {""component"": ""output"", ""query_field"": ""schema"", ""matched_field"": null, ""match_type"": ""no_match"", ""score"": 0.0}, {""component"": ""output"", ""query_field"": ""duration of treatment"", ""matched_field"": null, ""match_type"": ""no_match"", ""score"": 0.0}, {""component"": ""sort"", ""query_field"": ""duration of treatment"", ""matched_field"": null, ""match_type"": ""no_match"", ""score"": 0.0}]",random_topk_9
Q15,W1_HCPA_EXPERT,Medium,False,0.0,"[""Problem/Diagnosis / Problem"", ""Problem/Diagnosis / Clinical staging"", ""Problem"", ""Clinical staging""]",[],ABSENT_OR_PRUNED_OR_MATCH_FAILED,"[{""component"": ""filter"", ""query_field"": ""Problem"", ""matched_field"": null, ""match_type"": ""no_match"", ""score"": 0.0}, {""component"": ""filter"", ""query_field"": ""Clinical staging"", ""matched_field"": null, ""match_type"": ""no_match"", ""score"": 0.0}, {""component"": ""output"", ""query_field"": ""Problem"", ""matched_field"": null, ""match_type"": ""no_match"", ""score"": 0.0}, {""component"": ""output"", ""query_field"": ""Clinical staging"", ""matched_field"": null, ""match_type"": ""no_match"", ""score"": 0.0}]",random_topk_9
Q16,W1_HCPA_EXPERT,Medium,False,0.0,"[""Problem/Diagnosis / Problem"", ""Procedure undertaken / Procedure"", ""Problem"", ""Procedure""]",[],ABSENT_OR_PRUNED_OR_MATCH_FAILED,"[{""component"": ""filter"", ""query_field"": ""Problem"", ""matched_field"": null, ""match_type"": ""no_match"", ""score"": 0.0}, {""component"": ""filter"", ""query_field"": ""Procedure"", ""matched_field"": null, ""match_type"": ""no_match"", ""score"": 0.0}, {""component"": ""output"", ""query_field"": ""Problem"", ""matched_field"": null, ""match_type"": ""no_match"", ""score"": 0.0}, {""component"": ""output"", ""query_field"": ""Procedure"", ""matched_field"": null, ""match_type"": ""no_match"", ""score"": 0.0}]",random_topk_9
Q17,W1_HCPA_EXPERT,Medium,False,0.0,"[""Discharge / reason for discharge"", ""HCPA / General data / State"", ""reason for discharge"", ""State""]",[],ABSENT_OR_PRUNED_OR_MATCH_FAILED,"[{""component"": ""filter"", ""query_field"": ""reason for discharge"", ""matched_field"": null, ""match_type"": ""no_match"", ""score"": 0.0}, {""component"": ""filter"", ""query_field"": ""State"", ""matched_field"": null, ""match_type"": ""no_match"", ""score"": 0.0}, {""component"": ""output"", ""query_field"": ""reason for discharge"", ""matched_field"": null, ""match_type"": ""no_match"", ""score"": 0.0}, {""component"": ""output"", ""query_field"": ""State"", ""matched_field"": null, ""match_type"": ""no_match"", ""score"": 0.0}]",random_topk_9
Q18,W1_HCPA_EXPERT,Medium,False,0.0,"[""Problem/Diagnosis / histopathological grading"", ""Problem/Diagnosis / Problem"", ""histopathological grading"", ""Problem""]",[],ABSENT_OR_PRUNED_OR_MATCH_FAILED,"[{""component"": ""filter"", ""query_field"": ""histopathological grading"", ""matched_field"": null, ""match_type"": ""no_match"", ""score"": 0.0}, {""component"": ""filter"", ""query_field"": ""Problem"", ""matched_field"": null, ""match_type"": ""no_match"", ""score"": 0.0}, {""component"": ""output"", ""query_field"": ""histopathological grading"", ""matched_field"": null, ""match_type"": ""no_match"", ""score"": 0.0}, {""component"": ""output"", ""query_field"": ""Problem"", ""matched_field"": null, ""match_type"": ""no_match"", ""score"": 0.0}]",random_topk_9
Q19,W1_HCPA_EXPERT,Medium,False,0.0,"[""Problem/Diagnosis / tumour topography"", ""Problem/Diagnosis / invaded regional lymph nodes"", ""tumour topography"", ""invaded regional lymph nodes""]",[],ABSENT_OR_PRUNED_OR_MATCH_FAILED,"[{""component"": ""filter"", ""query_field"": ""tumour topography"", ""matched_field"": null, ""match_type"": ""no_match"", ""score"": 0.0}, {""component"": ""filter"", ""query_field"": ""invaded regional lymph nodes"", ""matched_field"": null, ""match_type"": ""no_match"", ""score"": 0.0}, {""component"": ""output"", ""query_field"": ""tumour topography"", ""matched_field"": null, ""match_type"": ""no_match"", ""score"": 0.0}, {""component"": ""output"", ""query_field"": ""invaded regional lymph nodes"", ""matched_field"": null, ""match_type"": ""no_match"", ""score"": 0.0}]",random_topk_9
Q20,W1_HCPA_EXPERT,Medium,False,0.0,"[""HCPA / General data / reason for encounter"", ""HCPA / Radiotherapy / date of beginning of radiotherapy"", ""reason for encounter"", ""date of beginning of radiotherapy"", ""date of beginning of radiotherapy""]",[],ABSENT_OR_PRUNED_OR_MATCH_FAILED,"[{""component"": ""filter"", ""query_field"": ""reason for encounter"", ""matched_field"": null, ""match_type"": ""no_match"", ""score"": 0.0}, {""component"": ""filter"", ""query_field"": ""date of beginning of radiotherapy"", ""matched_field"": null, ""match_type"": ""no_match"", ""score"": 0.0}, {""component"": ""output"", ""query_field"": ""reason for encounter"", ""matched_field"": null, ""match_type"": ""no_match"", ""score"": 0.0}, {""component"": ""output"", ""query_field"": ""date of beginning of radiotherapy"", ""matched_field"": null, ""match_type"": ""no_match"", ""score"": 0.0}, {""component"": ""sort"", ""query_field"": ""date of beginning of radiotherapy"", ""matched_field"": null, ""match_type"": ""no_match"", ""score"": 0.0}]",random_topk_9
Q21,W1_HCPA_EXPERT,Hard,False,0.0,"[""Nephrology / indicator of transplantation"", ""Nephrology / number of transplantations"", ""indicator of transplantation"", ""number of transplantations""]",[],ABSENT_OR_PRUNED_OR_MATCH_FAILED,"[{""component"": ""filter"", ""query_field"": ""indicator of transplantation"", ""matched_field"": null, ""match_type"": ""no_match"", ""score"": 0.0}, {""component"": ""filter"", ""query_field"": ""number of transplantations"", ""matched_field"": null, ""match_type"": ""no_match"", ""score"": 0.0}, {""component"": ""output"", ""query_field"": ""indicator of transplantation"", ""matched_field"": null, ""match_type"": ""no_match"", ""score"": 0.0}, {""component"": ""output"", ""query_field"": ""number of transplantations"", ""matched_field"": null, ""match_type"": ""no_match"", ""score"": 0.0}]",random_topk_9
Q22,W1_HCPA_EXPERT,Hard,False,0.0,"[""Dialysis / date of first dialysis"", ""Imaging / abdominal ultrasonography"", ""date of first dialysis"", ""abdominal ultrasonography"", ""date of first dialysis""]",[],ABSENT_OR_PRUNED_OR_MATCH_FAILED,"[{""component"": ""filter"", ""query_field"": ""date of first dialysis"", ""matched_field"": null, ""match_type"": ""no_match"", ""score"": 0.0}, {""component"": ""filter"", ""query_field"": ""abdominal ultrasonography"", ""matched_field"": null, ""match_type"": ""no_match"", ""score"": 0.0}, {""component"": ""output"", ""query_field"": ""date of first dialysis"", ""matched_field"": null, ""match_type"": ""no_match"", ""score"": 0.0}, {""component"": ""output"", ""query_field"": ""abdominal ultrasonography"", ""matched_field"": null, ""match_type"": ""no_match"", ""score"": 0.0}, {""component"": ""sort"", ""query_field"": ""date of first dialysis"", ""matched_field"": null, ""match_type"": ""no_match"", ""score"": 0.0}]",random_topk_9
Q23,W1_HCPA_EXPERT,Hard,False,0.0,"[""Follow-up / duration of follow-up months"", ""Bariatrics / body mass index"", ""duration of follow-up months"", ""body mass index"", ""duration of follow-up months""]",[],ABSENT_OR_PRUNED_OR_MATCH_FAILED,"[{""component"": ""filter"", ""query_field"": ""duration of follow-up months"", ""matched_field"": null, ""match_type"": ""no_match"", ""score"": 0.0}, {""component"": ""filter"", ""query_field"": ""body mass index"", ""matched_field"": null, ""match_type"": ""no_match"", ""score"": 0.0}, {""component"": ""output"", ""query_field"": ""duration of follow-up months"", ""matched_field"": null, ""match_type"": ""no_match"", ""score"": 0.0}, {""component"": ""output"", ""query_field"": ""body mass index"", ""matched_field"": null, ""match_type"": ""no_match"", ""score"": 0.0}, {""component"": ""sort"", ""query_field"": ""duration of follow-up months"", ""matched_field"": null, ""match_type"": ""no_match"", ""score"": 0.0}]",random_topk_9
Q24,W1_HCPA_EXPERT,Hard,False,0.0,"[""HCPA / General data / State"", ""HCPA / General data / reason for encounter"", ""HCPA / General data / patient age"", ""State"", ""reason for encounter"", ""patient age"", ""patient age""]",[],ABSENT_OR_PRUNED_OR_MATCH_FAILED,"[{""component"": ""filter"", ""query_field"": ""State"", ""matched_field"": null, ""match_type"": ""no_match"", ""score"": 0.0}, {""component"": ""filter"", ""query_field"": ""reason for encounter"", ""matched_field"": null, ""match_type"": ""no_match"", ""score"": 0.0}, {""component"": ""filter"", ""query_field"": ""patient age"", ""matched_field"": null, ""match_type"": ""no_match"", ""score"": 0.0}, {""component"": ""output"", ""query_field"": ""State"", ""matched_field"": null, ""match_type"": ""no_match"", ""score"": 0.0}, {""component"": ""output"", ""query_field"": ""reason for encounter"", ""matched_field"": null, ""match_type"": ""no_match"", ""score"": 0.0}, {""component"": ""output"", ""query_field"": ""patient age"", ""matched_field"": null, ""match_type"": ""no_match"", ""score"": 0.0}, {""component"": ""sort"", ""query_field"": ""patient age"", ""matched_field"": null, ""match_type"": ""no_match"", ""score"": 0.0}]",random_topk_9
Q25,W1_HCPA_EXPERT,Hard,False,0.0,"[""HCPA / General data / State"", ""HCPA / General data / reason for encounter"", ""Problem/Diagnosis / Problem"", ""State"", ""reason for encounter"", ""Problem""]",[],ABSENT_OR_PRUNED_OR_MATCH_FAILED,"[{""component"": ""filter"", ""query_field"": ""State"", ""matched_field"": null, ""match_type"": ""no_match"", ""score"": 0.0}, {""component"": ""filter"", ""query_field"": ""reason for encounter"", ""matched_field"": null, ""match_type"": ""no_match"", ""score"": 0.0}, {""component"": ""filter"", ""query_field"": ""Problem"", ""matched_field"": null, ""match_type"": ""no_match"", ""score"": 0.0}, {""component"": ""output"", ""query_field"": ""State"", ""matched_field"": null, ""match_type"": ""no_match"", ""score"": 0.0}, {""component"": ""output"", ""query_field"": ""reason for encounter"", ""matched_field"": null, ""match_type"": ""no_match"", ""score"": 0.0}, {""component"": ""output"", ""query_field"": ""Problem"", ""matched_field"": null, ""match_type"": ""no_match"", ""score"": 0.0}]",random_topk_9
Q26,W1_HCPA_EXPERT,Hard,False,0.0,"[""Problem/Diagnosis / Problem"", ""Problem/Diagnosis / Clinical staging"", ""Problem/Diagnosis / invaded regional lymph nodes"", ""Problem"", ""Clinical staging"", ""invaded regional lymph nodes""]",[],ABSENT_OR_PRUNED_OR_MATCH_FAILED,"[{""component"": ""filter"", ""query_field"": ""Problem"", ""matched_field"": null, ""match_type"": ""no_match"", ""score"": 0.0}, {""component"": ""filter"", ""query_field"": ""Clinical staging"", ""matched_field"": null, ""match_type"": ""no_match"", ""score"": 0.0}, {""component"": ""filter"", ""query_field"": ""invaded regional lymph nodes"", ""matched_field"": null, ""match_type"": ""no_match"", ""score"": 0.0}, {""component"": ""output"", ""query_field"": ""Problem"", ""matched_field"": null, ""match_type"": ""no_match"", ""score"": 0.0}, {""component"": ""output"", ""query_field"": ""Clinical staging"", ""matched_field"": null, ""match_type"": ""no_match"", ""score"": 0.0}, {""component"": ""output"", ""query_field"": ""invaded regional lymph nodes"", ""matched_field"": null, ""match_type"": ""no_match"", ""score"": 0.0}]",random_topk_9
Q27,W1_HCPA_EXPERT,Hard,False,0.0,"[""HCPA / chemotherapy / schema"", ""HCPA / chemotherapy / duration of treatment"", ""HCPA / chemotherapy / date of beginning of chemotherapy"", ""schema"", ""duration of treatment"", ""date of beginning of chemotherapy"", ""date of beginning of chemotherapy""]",[],ABSENT_OR_PRUNED_OR_MATCH_FAILED,"[{""component"": ""filter"", ""query_field"": ""schema"", ""matched_field"": null, ""match_type"": ""no_match"", ""score"": 0.0}, {""component"": ""filter"", ""query_field"": ""duration of treatment"", ""matched_field"": null, ""match_type"": ""no_match"", ""score"": 0.0}, {""component"": ""filter"", ""query_field"": ""date of beginning of chemotherapy"", ""matched_field"": null, ""match_type"": ""no_match"", ""score"": 0.0}, {""component"": ""output"", ""query_field"": ""schema"", ""matched_field"": null, ""match_type"": ""no_match"", ""score"": 0.0}, {""component"": ""output"", ""query_field"": ""duration of treatment"", ""matched_field"": null, ""match_type"": ""no_match"", ""score"": 0.0}, {""component"": ""output"", ""query_field"": ""date of beginning of chemotherapy"", ""matched_field"": null, ""match_type"": ""no_match"", ""score"": 0.0}, {""component"": ""sort"", ""query_field"": ""date of beginning of chemotherapy"", ""matched_field"": null, ""match_type"": ""no_match"", ""score"": 0.0}]",random_topk_9
Q28,W1_HCPA_EXPERT,Hard,False,0.0,"[""Procedure undertaken / Procedure"", ""Radiotherapy / irradiated area 1"", ""Procedure"", ""irradiated area 1""]",[],ABSENT_OR_PRUNED_OR_MATCH_FAILED,"[{""component"": ""filter"", ""query_field"": ""Procedure"", ""matched_field"": null, ""match_type"": ""no_match"", ""score"": 0.0}, {""component"": ""filter"", ""query_field"": ""irradiated area 1"", ""matched_field"": null, ""match_type"": ""no_match"", ""score"": 0.0}, {""component"": ""output"", ""query_field"": ""Procedure"", ""matched_field"": null, ""match_type"": ""no_match"", ""score"": 0.0}, {""component"": ""output"", ""query_field"": ""irradiated area 1"", ""matched_field"": null, ""match_type"": ""no_match"", ""score"": 0.0}]",random_topk_9
Q29,W1_HCPA_EXPERT,Hard,False,0.0,"[""Discharge / date of discharge"", ""Discharge / reason for discharge"", ""date of discharge"", ""reason for discharge""]",[],ABSENT_OR_PRUNED_OR_MATCH_FAILED,"[{""component"": ""filter"", ""query_field"": ""date of discharge"", ""matched_field"": null, ""match_type"": ""no_match"", ""score"": 0.0}, {""component"": ""filter"", ""query_field"": ""reason for discharge"", ""matched_field"": null, ""match_type"": ""no_match"", ""score"": 0.0}, {""component"": ""output"", ""query_field"": ""date of discharge"", ""matched_field"": null, ""match_type"": ""no_match"", ""score"": 0.0}, {""component"": ""output"", ""query_field"": ""reason for discharge"", ""matched_field"": null, ""match_type"": ""no_match"", ""score"": 0.0}]",random_topk_9
Q30,W1_HCPA_EXPERT,Hard,False,0.0,"[""Problem/Diagnosis / tumour topography"", ""Problem/Diagnosis / histopathological grading"", ""Problem/Diagnosis / date of pathological identification"", ""tumour topography"", ""histopathological grading"", ""date of pathological identification"", ""date of pathological identification""]",[],ABSENT_OR_PRUNED_OR_MATCH_FAILED,"[{""component"": ""filter"", ""query_field"": ""tumour topography"", ""matched_field"": null, ""match_type"": ""no_match"", ""score"": 0.0}, {""component"": ""filter"", ""query_field"": ""histopathological grading"", ""matched_field"": null, ""match_type"": ""no_match"", ""score"": 0.0}, {""component"": ""filter"", ""query_field"": ""date of pathological identification"", ""matched_field"": null, ""match_type"": ""no_match"", ""score"": 0.0}, {""component"": ""output"", ""query_field"": ""tumour topography"", ""matched_field"": null, ""match_type"": ""no_match"", ""score"": 0.0}, {""component"": ""output"", ""query_field"": ""histopathological grading"", ""matched_field"": null, ""match_type"": ""no_match"", ""score"": 0.0}, {""component"": ""output"", ""query_field"": ""date of pathological identification"", ""matched_field"": null, ""match_type"": ""no_match"", ""score"": 0.0}, {""component"": ""sort"", ""query_field"": ""date of pathological identification"", ""matched_field"": null, ""match_type"": ""no_match"", ""score"": 0.0}]",random_topk_9
D1,W2_DEMOGRAPHIC_EXPERT,Easy,False,0.0,"[""Demographic data / components / gender"", ""gender""]",[],ABSENT_OR_PRUNED_OR_MATCH_FAILED,"[{""component"": ""filter"", ""query_field"": ""gender"", ""matched_field"": null, ""match_type"": ""no_match"", ""score"": 0.0}, {""component"": ""output"", ""query_field"": ""gender"", ""matched_field"": null, ""match_type"": ""no_match"", ""score"": 0.0}]",random_topk_9
D2,W2_DEMOGRAPHIC_EXPERT,Easy,False,0.0,"[""Demographic data / components / gender"", ""gender"", ""birth date""]",[],ABSENT_OR_PRUNED_OR_MATCH_FAILED,"[{""component"": ""filter"", ""query_field"": ""gender"", ""matched_field"": null, ""match_type"": ""no_match"", ""score"": 0.0}, {""component"": ""output"", ""query_field"": ""gender"", ""matched_field"": null, ""match_type"": ""no_match"", ""score"": 0.0}, {""component"": ""output"", ""query_field"": ""birth date"", ""matched_field"": null, ""match_type"": ""no_match"", ""score"": 0.0}]",random_topk_9
D3,W2_DEMOGRAPHIC_EXPERT,Easy,False,0.0,"[""Demographic data / components / nationality"", ""nationality""]",[],ABSENT_OR_PRUNED_OR_MATCH_FAILED,"[{""component"": ""filter"", ""query_field"": ""nationality"", ""matched_field"": null, ""match_type"": ""no_match"", ""score"": 0.0}, {""component"": ""output"", ""query_field"": ""nationality"", ""matched_field"": null, ""match_type"": ""no_match"", ""score"": 0.0}]",random_topk_9
D4,W2_DEMOGRAPHIC_EXPERT,Easy,False,0.0,"[""Demographic data / components / race"", ""race""]",[],ABSENT_OR_PRUNED_OR_MATCH_FAILED,"[{""component"": ""filter"", ""query_field"": ""race"", ""matched_field"": null, ""match_type"": ""no_match"", ""score"": 0.0}, {""component"": ""output"", ""query_field"": ""race"", ""matched_field"": null, ""match_type"": ""no_match"", ""score"": 0.0}]",random_topk_9
D5,W2_DEMOGRAPHIC_EXPERT,Easy,False,0.0,"[""Demographic data / components / ethnic group"", ""ethnic group""]",[],ABSENT_OR_PRUNED_OR_MATCH_FAILED,"[{""component"": ""filter"", ""query_field"": ""ethnic group"", ""matched_field"": null, ""match_type"": ""no_match"", ""score"": 0.0}, {""component"": ""output"", ""query_field"": ""ethnic group"", ""matched_field"": null, ""match_type"": ""no_match"", ""score"": 0.0}]",random_topk_9
D6,W2_DEMOGRAPHIC_EXPERT,Easy,False,0.0,"[""Demographic data / components / birth date"", ""birth date""]",[],ABSENT_OR_PRUNED_OR_MATCH_FAILED,"[{""component"": ""filter"", ""query_field"": ""birth date"", ""matched_field"": null, ""match_type"": ""no_match"", ""score"": 0.0}, {""component"": ""output"", ""query_field"": ""birth date"", ""matched_field"": null, ""match_type"": ""no_match"", ""score"": 0.0}]",random_topk_9
D7,W2_DEMOGRAPHIC_EXPERT,Medium,False,0.0,"[""Demographic data / components / gender"", ""Demographic data / components / nationality"", ""gender"", ""nationality""]",[],ABSENT_OR_PRUNED_OR_MATCH_FAILED,"[{""component"": ""filter"", ""query_field"": ""gender"", ""matched_field"": null, ""match_type"": ""no_match"", ""score"": 0.0}, {""component"": ""filter"", ""query_field"": ""nationality"", ""matched_field"": null, ""match_type"": ""no_match"", ""score"": 0.0}, {""component"": ""output"", ""query_field"": ""gender"", ""matched_field"": null, ""match_type"": ""no_match"", ""score"": 0.0}, {""component"": ""output"", ""query_field"": ""nationality"", ""matched_field"": null, ""match_type"": ""no_match"", ""score"": 0.0}]",random_topk_9
D8,W2_DEMOGRAPHIC_EXPERT,Medium,False,0.0,"[""Demographic data / components / birth date"", ""Demographic data / components / gender"", ""birth date"", ""gender"", ""birth date""]",[],ABSENT_OR_PRUNED_OR_MATCH_FAILED,"[{""component"": ""filter"", ""query_field"": ""birth date"", ""matched_field"": null, ""match_type"": ""no_match"", ""score"": 0.0}, {""component"": ""filter"", ""query_field"": ""gender"", ""matched_field"": null, ""match_type"": ""no_match"", ""score"": 0.0}, {""component"": ""output"", ""query_field"": ""birth date"", ""matched_field"": null, ""match_type"": ""no_match"", ""score"": 0.0}, {""component"": ""output"", ""query_field"": ""gender"", ""matched_field"": null, ""match_type"": ""no_match"", ""score"": 0.0}, {""component"": ""sort"", ""query_field"": ""birth date"", ""matched_field"": null, ""match_type"": ""no_match"", ""score"": 0.0}]",random_topk_9
D9,W2_DEMOGRAPHIC_EXPERT,Medium,False,0.0,"[""Demographic data / components / educational level"", ""Demographic data / components / nationality"", ""educational level"", ""nationality""]",[],ABSENT_OR_PRUNED_OR_MATCH_FAILED,"[{""component"": ""filter"", ""query_field"": ""educational level"", ""matched_field"": null, ""match_type"": ""no_match"", ""score"": 0.0}, {""component"": ""filter"", ""query_field"": ""nationality"", ""matched_field"": null, ""match_type"": ""no_match"", ""score"": 0.0}, {""component"": ""output"", ""query_field"": ""educational level"", ""matched_field"": null, ""match_type"": ""no_match"", ""score"": 0.0}, {""component"": ""output"", ""query_field"": ""nationality"", ""matched_field"": null, ""match_type"": ""no_match"", ""score"": 0.0}]",random_topk_9
D10,W2_DEMOGRAPHIC_EXPERT,Medium,False,0.0,"[""Demographic data / components / race"", ""Demographic data / components / nationality"", ""race"", ""nationality""]",[],ABSENT_OR_PRUNED_OR_MATCH_FAILED,"[{""component"": ""filter"", ""query_field"": ""race"", ""matched_field"": null, ""match_type"": ""no_match"", ""score"": 0.0}, {""component"": ""filter"", ""query_field"": ""nationality"", ""matched_field"": null, ""match_type"": ""no_match"", ""score"": 0.0}, {""component"": ""output"", ""query_field"": ""race"", ""matched_field"": null, ""match_type"": ""no_match"", ""score"": 0.0}, {""component"": ""output"", ""query_field"": ""nationality"", ""matched_field"": null, ""match_type"": ""no_match"", ""score"": 0.0}]",random_topk_9
D11,W2_DEMOGRAPHIC_EXPERT,Hard,False,0.0,"[""Demographic data / components / race"", ""Demographic data / components / ethnic group"", ""Demographic data / components / nationality"", ""race"", ""ethnic group"", ""nationality""]",[],ABSENT_OR_PRUNED_OR_MATCH_FAILED,"[{""component"": ""filter"", ""query_field"": ""race"", ""matched_field"": null, ""match_type"": ""no_match"", ""score"": 0.0}, {""component"": ""filter"", ""query_field"": ""ethnic group"", ""matched_field"": null, ""match_type"": ""no_match"", ""score"": 0.0}, {""component"": ""filter"", ""query_field"": ""nationality"", ""matched_field"": null, ""match_type"": ""no_match"", ""score"": 0.0}, {""component"": ""output"", ""query_field"": ""race"", ""matched_field"": null, ""match_type"": ""no_match"", ""score"": 0.0}, {""component"": ""output"", ""query_field"": ""ethnic group"", ""matched_field"": null, ""match_type"": ""no_match"", ""score"": 0.0}, {""component"": ""output"", ""query_field"": ""nationality"", ""matched_field"": null, ""match_type"": ""no_match"", ""score"": 0.0}]",random_topk_9
D12,W2_DEMOGRAPHIC_EXPERT,Hard,False,0.0,"[""Demographic data / components / birth date"", ""Demographic data / components / gender"", ""Demographic data / components / nationality"", ""birth date"", ""gender"", ""nationality"", ""birth date""]",[],ABSENT_OR_PRUNED_OR_MATCH_FAILED,"[{""component"": ""filter"", ""query_field"": ""birth date"", ""matched_field"": null, ""match_type"": ""no_match"", ""score"": 0.0}, {""component"": ""filter"", ""query_field"": ""gender"", ""matched_field"": null, ""match_type"": ""no_match"", ""score"": 0.0}, {""component"": ""filter"", ""query_field"": ""nationality"", ""matched_field"": null, ""match_type"": ""no_match"", ""score"": 0.0}, {""component"": ""output"", ""query_field"": ""birth date"", ""matched_field"": null, ""match_type"": ""no_match"", ""score"": 0.0}, {""component"": ""output"", ""query_field"": ""gender"", ""matched_field"": null, ""match_type"": ""no_match"", ""score"": 0.0}, {""component"": ""output"", ""query_field"": ""nationality"", ""matched_field"": null, ""match_type"": ""no_match"", ""score"": 0.0}, {""component"": ""sort"", ""query_field"": ""birth date"", ""matched_field"": null, ""match_type"": ""no_match"", ""score"": 0.0}]",random_topk_9
Q1,W1_HCPA_EXPERT,Easy,False,0.0,"[""HCPA / General data / State"", ""State""]",[],ABSENT_OR_PRUNED_OR_MATCH_FAILED,"[{""component"": ""filter"", ""query_field"": ""State"", ""matched_field"": null, ""match_type"": ""no_match"", ""score"": 0.0}, {""component"": ""output"", ""query_field"": ""State"", ""matched_field"": null, ""match_type"": ""no_match"", ""score"": 0.0}]",random_topk_10
Q2,W1_HCPA_EXPERT,Easy,False,0.0,"[""HCPA / General data / State"", ""State"", ""reason for encounter""]",[],ABSENT_OR_PRUNED_OR_MATCH_FAILED,"[{""component"": ""filter"", ""query_field"": ""State"", ""matched_field"": null, ""match_type"": ""no_match"", ""score"": 0.0}, {""component"": ""output"", ""query_field"": ""State"", ""matched_field"": null, ""match_type"": ""no_match"", ""score"": 0.0}, {""component"": ""output"", ""query_field"": ""reason for encounter"", ""matched_field"": null, ""match_type"": ""no_match"", ""score"": 0.0}]",random_topk_10
Q3,W1_HCPA_EXPERT,Easy,False,0.0,"[""HCPA / General data / reason for encounter"", ""reason for encounter""]",[],ABSENT_OR_PRUNED_OR_MATCH_FAILED,"[{""component"": ""filter"", ""query_field"": ""reason for encounter"", ""matched_field"": null, ""match_type"": ""no_match"", ""score"": 0.0}, {""component"": ""output"", ""query_field"": ""reason for encounter"", ""matched_field"": null, ""match_type"": ""no_match"", ""score"": 0.0}]",random_topk_10
Q4,W1_HCPA_EXPERT,Easy,False,0.0,"[""HCPA / General data / reason for encounter"", ""reason for encounter"", ""State"", ""patient age""]",[],ABSENT_OR_PRUNED_OR_MATCH_FAILED,"[{""component"": ""filter"", ""query_field"": ""reason for encounter"", ""matched_field"": null, ""match_type"": ""no_match"", ""score"": 0.0}, {""component"": ""output"", ""query_field"": ""reason for encounter"", ""matched_field"": null, ""match_type"": ""no_match"", ""score"": 0.0}, {""component"": ""output"", ""query_field"": ""State"", ""matched_field"": null, ""match_type"": ""no_match"", ""score"": 0.0}, {""component"": ""output"", ""query_field"": ""patient age"", ""matched_field"": null, ""match_type"": ""no_match"", ""score"": 0.0}]",random_topk_10
Q5,W1_HCPA_EXPERT,Easy,False,0.0,"[""HCPA / General data / patient age"", ""patient age"", ""patient age""]",[],ABSENT_OR_PRUNED_OR_MATCH_FAILED,"[{""component"": ""filter"", ""query_field"": ""patient age"", ""matched_field"": null, ""match_type"": ""no_match"", ""score"": 0.0}, {""component"": ""output"", ""query_field"": ""patient age"", ""matched_field"": null, ""match_type"": ""no_match"", ""score"": 0.0}, {""component"": ""sort"", ""query_field"": ""patient age"", ""matched_field"": null, ""match_type"": ""no_match"", ""score"": 0.0}]",random_topk_10
Q6,W1_HCPA_EXPERT,Easy,False,0.0,"[""HCPA / chemotherapy / schema"", ""schema""]",[],ABSENT_OR_PRUNED_OR_MATCH_FAILED,"[{""component"": ""filter"", ""query_field"": ""schema"", ""matched_field"": null, ""match_type"": ""no_match"", ""score"": 0.0}, {""component"": ""output"", ""query_field"": ""schema"", ""matched_field"": null, ""match_type"": ""no_match"", ""score"": 0.0}]",random_topk_10
Q7,W1_HCPA_EXPERT,Easy,False,0.0,"[""Procedure undertaken / Procedure"", ""Procedure""]",[],ABSENT_OR_PRUNED_OR_MATCH_FAILED,"[{""component"": ""filter"", ""query_field"": ""Procedure"", ""matched_field"": null, ""match_type"": ""no_match"", ""score"": 0.0}, {""component"": ""output"", ""query_field"": ""Procedure"", ""matched_field"": null, ""match_type"": ""no_match"", ""score"": 0.0}]",random_topk_10
Q8,W1_HCPA_EXPERT,Easy,False,0.0,"[""Problem/Diagnosis / Problem"", ""Problem""]",[],ABSENT_OR_PRUNED_OR_MATCH_FAILED,"[{""component"": ""filter"", ""query_field"": ""Problem"", ""matched_field"": null, ""match_type"": ""no_match"", ""score"": 0.0}, {""component"": ""output"", ""query_field"": ""Problem"", ""matched_field"": null, ""match_type"": ""no_match"", ""score"": 0.0}]",random_topk_10
Q9,W1_HCPA_EXPERT,Easy,False,0.0,"[""Problem/Diagnosis / Clinical staging"", ""Clinical staging""]",[],ABSENT_OR_PRUNED_OR_MATCH_FAILED,"[{""component"": ""filter"", ""query_field"": ""Clinical staging"", ""matched_field"": null, ""match_type"": ""no_match"", ""score"": 0.0}, {""component"": ""output"", ""query_field"": ""Clinical staging"", ""matched_field"": null, ""match_type"": ""no_match"", ""score"": 0.0}]",random_topk_10
Q10,W1_HCPA_EXPERT,Easy,False,0.0,"[""Problem/Diagnosis / invaded regional lymph nodes"", ""invaded regional lymph nodes""]",[],ABSENT_OR_PRUNED_OR_MATCH_FAILED,"[{""component"": ""filter"", ""query_field"": ""invaded regional lymph nodes"", ""matched_field"": null, ""match_type"": ""no_match"", ""score"": 0.0}, {""component"": ""output"", ""query_field"": ""invaded regional lymph nodes"", ""matched_field"": null, ""match_type"": ""no_match"", ""score"": 0.0}]",random_topk_10
Q11,W1_HCPA_EXPERT,Medium,False,0.0,"[""HCPA / General data / State"", ""HCPA / General data / reason for encounter"", ""State"", ""reason for encounter""]",[],ABSENT_OR_PRUNED_OR_MATCH_FAILED,"[{""component"": ""filter"", ""query_field"": ""State"", ""matched_field"": null, ""match_type"": ""no_match"", ""score"": 0.0}, {""component"": ""filter"", ""query_field"": ""reason for encounter"", ""matched_field"": null, ""match_type"": ""no_match"", ""score"": 0.0}, {""component"": ""output"", ""query_field"": ""State"", ""matched_field"": null, ""match_type"": ""no_match"", ""score"": 0.0}, {""component"": ""output"", ""query_field"": ""reason for encounter"", ""matched_field"": null, ""match_type"": ""no_match"", ""score"": 0.0}]",random_topk_10
Q12,W1_HCPA_EXPERT,Medium,False,0.0,"[""HCPA / General data / State"", ""HCPA / General data / reason for encounter"", ""State"", ""reason for encounter"", ""patient age""]",[],ABSENT_OR_PRUNED_OR_MATCH_FAILED,"[{""component"": ""filter"", ""query_field"": ""State"", ""matched_field"": null, ""match_type"": ""no_match"", ""score"": 0.0}, {""component"": ""filter"", ""query_field"": ""reason for encounter"", ""matched_field"": null, ""match_type"": ""no_match"", ""score"": 0.0}, {""component"": ""output"", ""query_field"": ""State"", ""matched_field"": null, ""match_type"": ""no_match"", ""score"": 0.0}, {""component"": ""output"", ""query_field"": ""reason for encounter"", ""matched_field"": null, ""match_type"": ""no_match"", ""score"": 0.0}, {""component"": ""output"", ""query_field"": ""patient age"", ""matched_field"": null, ""match_type"": ""no_match"", ""score"": 0.0}]",random_topk_10
Q13,W1_HCPA_EXPERT,Medium,False,0.0,"[""HCPA / General data / patient age"", ""HCPA / General data / State"", ""patient age"", ""State"", ""patient age""]",[],ABSENT_OR_PRUNED_OR_MATCH_FAILED,"[{""component"": ""filter"", ""query_field"": ""patient age"", ""matched_field"": null, ""match_type"": ""no_match"", ""score"": 0.0}, {""component"": ""filter"", ""query_field"": ""State"", ""matched_field"": null, ""match_type"": ""no_match"", ""score"": 0.0}, {""component"": ""output"", ""query_field"": ""patient age"", ""matched_field"": null, ""match_type"": ""no_match"", ""score"": 0.0}, {""component"": ""output"", ""query_field"": ""State"", ""matched_field"": null, ""match_type"": ""no_match"", ""score"": 0.0}, {""component"": ""sort"", ""query_field"": ""patient age"", ""matched_field"": null, ""match_type"": ""no_match"", ""score"": 0.0}]",random_topk_10
Q14,W1_HCPA_EXPERT,Medium,False,0.0,"[""HCPA / chemotherapy / schema"", ""HCPA / chemotherapy / duration of treatment"", ""schema"", ""duration of treatment"", ""duration of treatment""]",[],ABSENT_OR_PRUNED_OR_MATCH_FAILED,"[{""component"": ""filter"", ""query_field"": ""schema"", ""matched_field"": null, ""match_type"": ""no_match"", ""score"": 0.0}, {""component"": ""filter"", ""query_field"": ""duration of treatment"", ""matched_field"": null, ""match_type"": ""no_match"", ""score"": 0.0}, {""component"": ""output"", ""query_field"": ""schema"", ""matched_field"": null, ""match_type"": ""no_match"", ""score"": 0.0}, {""component"": ""output"", ""query_field"": ""duration of treatment"", ""matched_field"": null, ""match_type"": ""no_match"", ""score"": 0.0}, {""component"": ""sort"", ""query_field"": ""duration of treatment"", ""matched_field"": null, ""match_type"": ""no_match"", ""score"": 0.0}]",random_topk_10
Q15,W1_HCPA_EXPERT,Medium,False,0.0,"[""Problem/Diagnosis / Problem"", ""Problem/Diagnosis / Clinical staging"", ""Problem"", ""Clinical staging""]",[],ABSENT_OR_PRUNED_OR_MATCH_FAILED,"[{""component"": ""filter"", ""query_field"": ""Problem"", ""matched_field"": null, ""match_type"": ""no_match"", ""score"": 0.0}, {""component"": ""filter"", ""query_field"": ""Clinical staging"", ""matched_field"": null, ""match_type"": ""no_match"", ""score"": 0.0}, {""component"": ""output"", ""query_field"": ""Problem"", ""matched_field"": null, ""match_type"": ""no_match"", ""score"": 0.0}, {""component"": ""output"", ""query_field"": ""Clinical staging"", ""matched_field"": null, ""match_type"": ""no_match"", ""score"": 0.0}]",random_topk_10
Q16,W1_HCPA_EXPERT,Medium,False,0.0,"[""Problem/Diagnosis / Problem"", ""Procedure undertaken / Procedure"", ""Problem"", ""Procedure""]",[],ABSENT_OR_PRUNED_OR_MATCH_FAILED,"[{""component"": ""filter"", ""query_field"": ""Problem"", ""matched_field"": null, ""match_type"": ""no_match"", ""score"": 0.0}, {""component"": ""filter"", ""query_field"": ""Procedure"", ""matched_field"": null, ""match_type"": ""no_match"", ""score"": 0.0}, {""component"": ""output"", ""query_field"": ""Problem"", ""matched_field"": null, ""match_type"": ""no_match"", ""score"": 0.0}, {""component"": ""output"", ""query_field"": ""Procedure"", ""matched_field"": null, ""match_type"": ""no_match"", ""score"": 0.0}]",random_topk_10
Q17,W1_HCPA_EXPERT,Medium,False,0.0,"[""Discharge / reason for discharge"", ""HCPA / General data / State"", ""reason for discharge"", ""State""]",[],ABSENT_OR_PRUNED_OR_MATCH_FAILED,"[{""component"": ""filter"", ""query_field"": ""reason for discharge"", ""matched_field"": null, ""match_type"": ""no_match"", ""score"": 0.0}, {""component"": ""filter"", ""query_field"": ""State"", ""matched_field"": null, ""match_type"": ""no_match"", ""score"": 0.0}, {""component"": ""output"", ""query_field"": ""reason for discharge"", ""matched_field"": null, ""match_type"": ""no_match"", ""score"": 0.0}, {""component"": ""output"", ""query_field"": ""State"", ""matched_field"": null, ""match_type"": ""no_match"", ""score"": 0.0}]",random_topk_10
Q18,W1_HCPA_EXPERT,Medium,False,0.0,"[""Problem/Diagnosis / histopathological grading"", ""Problem/Diagnosis / Problem"", ""histopathological grading"", ""Problem""]",[],ABSENT_OR_PRUNED_OR_MATCH_FAILED,"[{""component"": ""filter"", ""query_field"": ""histopathological grading"", ""matched_field"": null, ""match_type"": ""no_match"", ""score"": 0.0}, {""component"": ""filter"", ""query_field"": ""Problem"", ""matched_field"": null, ""match_type"": ""no_match"", ""score"": 0.0}, {""component"": ""output"", ""query_field"": ""histopathological grading"", ""matched_field"": null, ""match_type"": ""no_match"", ""score"": 0.0}, {""component"": ""output"", ""query_field"": ""Problem"", ""matched_field"": null, ""match_type"": ""no_match"", ""score"": 0.0}]",random_topk_10
Q19,W1_HCPA_EXPERT,Medium,False,0.0,"[""Problem/Diagnosis / tumour topography"", ""Problem/Diagnosis / invaded regional lymph nodes"", ""tumour topography"", ""invaded regional lymph nodes""]",[],ABSENT_OR_PRUNED_OR_MATCH_FAILED,"[{""component"": ""filter"", ""query_field"": ""tumour topography"", ""matched_field"": null, ""match_type"": ""no_match"", ""score"": 0.0}, {""component"": ""filter"", ""query_field"": ""invaded regional lymph nodes"", ""matched_field"": null, ""match_type"": ""no_match"", ""score"": 0.0}, {""component"": ""output"", ""query_field"": ""tumour topography"", ""matched_field"": null, ""match_type"": ""no_match"", ""score"": 0.0}, {""component"": ""output"", ""query_field"": ""invaded regional lymph nodes"", ""matched_field"": null, ""match_type"": ""no_match"", ""score"": 0.0}]",random_topk_10
Q20,W1_HCPA_EXPERT,Medium,False,0.0,"[""HCPA / General data / reason for encounter"", ""HCPA / Radiotherapy / date of beginning of radiotherapy"", ""reason for encounter"", ""date of beginning of radiotherapy"", ""date of beginning of radiotherapy""]",[],ABSENT_OR_PRUNED_OR_MATCH_FAILED,"[{""component"": ""filter"", ""query_field"": ""reason for encounter"", ""matched_field"": null, ""match_type"": ""no_match"", ""score"": 0.0}, {""component"": ""filter"", ""query_field"": ""date of beginning of radiotherapy"", ""matched_field"": null, ""match_type"": ""no_match"", ""score"": 0.0}, {""component"": ""output"", ""query_field"": ""reason for encounter"", ""matched_field"": null, ""match_type"": ""no_match"", ""score"": 0.0}, {""component"": ""output"", ""query_field"": ""date of beginning of radiotherapy"", ""matched_field"": null, ""match_type"": ""no_match"", ""score"": 0.0}, {""component"": ""sort"", ""query_field"": ""date of beginning of radiotherapy"", ""matched_field"": null, ""match_type"": ""no_match"", ""score"": 0.0}]",random_topk_10
Q21,W1_HCPA_EXPERT,Hard,False,0.0,"[""Nephrology / indicator of transplantation"", ""Nephrology / number of transplantations"", ""indicator of transplantation"", ""number of transplantations""]",[],ABSENT_OR_PRUNED_OR_MATCH_FAILED,"[{""component"": ""filter"", ""query_field"": ""indicator of transplantation"", ""matched_field"": null, ""match_type"": ""no_match"", ""score"": 0.0}, {""component"": ""filter"", ""query_field"": ""number of transplantations"", ""matched_field"": null, ""match_type"": ""no_match"", ""score"": 0.0}, {""component"": ""output"", ""query_field"": ""indicator of transplantation"", ""matched_field"": null, ""match_type"": ""no_match"", ""score"": 0.0}, {""component"": ""output"", ""query_field"": ""number of transplantations"", ""matched_field"": null, ""match_type"": ""no_match"", ""score"": 0.0}]",random_topk_10
Q22,W1_HCPA_EXPERT,Hard,False,0.0,"[""Dialysis / date of first dialysis"", ""Imaging / abdominal ultrasonography"", ""date of first dialysis"", ""abdominal ultrasonography"", ""date of first dialysis""]",[],ABSENT_OR_PRUNED_OR_MATCH_FAILED,"[{""component"": ""filter"", ""query_field"": ""date of first dialysis"", ""matched_field"": null, ""match_type"": ""no_match"", ""score"": 0.0}, {""component"": ""filter"", ""query_field"": ""abdominal ultrasonography"", ""matched_field"": null, ""match_type"": ""no_match"", ""score"": 0.0}, {""component"": ""output"", ""query_field"": ""date of first dialysis"", ""matched_field"": null, ""match_type"": ""no_match"", ""score"": 0.0}, {""component"": ""output"", ""query_field"": ""abdominal ultrasonography"", ""matched_field"": null, ""match_type"": ""no_match"", ""score"": 0.0}, {""component"": ""sort"", ""query_field"": ""date of first dialysis"", ""matched_field"": null, ""match_type"": ""no_match"", ""score"": 0.0}]",random_topk_10
Q23,W1_HCPA_EXPERT,Hard,False,0.0,"[""Follow-up / duration of follow-up months"", ""Bariatrics / body mass index"", ""duration of follow-up months"", ""body mass index"", ""duration of follow-up months""]",[],ABSENT_OR_PRUNED_OR_MATCH_FAILED,"[{""component"": ""filter"", ""query_field"": ""duration of follow-up months"", ""matched_field"": null, ""match_type"": ""no_match"", ""score"": 0.0}, {""component"": ""filter"", ""query_field"": ""body mass index"", ""matched_field"": null, ""match_type"": ""no_match"", ""score"": 0.0}, {""component"": ""output"", ""query_field"": ""duration of follow-up months"", ""matched_field"": null, ""match_type"": ""no_match"", ""score"": 0.0}, {""component"": ""output"", ""query_field"": ""body mass index"", ""matched_field"": null, ""match_type"": ""no_match"", ""score"": 0.0}, {""component"": ""sort"", ""query_field"": ""duration of follow-up months"", ""matched_field"": null, ""match_type"": ""no_match"", ""score"": 0.0}]",random_topk_10
Q24,W1_HCPA_EXPERT,Hard,False,0.0,"[""HCPA / General data / State"", ""HCPA / General data / reason for encounter"", ""HCPA / General data / patient age"", ""State"", ""reason for encounter"", ""patient age"", ""patient age""]",[],ABSENT_OR_PRUNED_OR_MATCH_FAILED,"[{""component"": ""filter"", ""query_field"": ""State"", ""matched_field"": null, ""match_type"": ""no_match"", ""score"": 0.0}, {""component"": ""filter"", ""query_field"": ""reason for encounter"", ""matched_field"": null, ""match_type"": ""no_match"", ""score"": 0.0}, {""component"": ""filter"", ""query_field"": ""patient age"", ""matched_field"": null, ""match_type"": ""no_match"", ""score"": 0.0}, {""component"": ""output"", ""query_field"": ""State"", ""matched_field"": null, ""match_type"": ""no_match"", ""score"": 0.0}, {""component"": ""output"", ""query_field"": ""reason for encounter"", ""matched_field"": null, ""match_type"": ""no_match"", ""score"": 0.0}, {""component"": ""output"", ""query_field"": ""patient age"", ""matched_field"": null, ""match_type"": ""no_match"", ""score"": 0.0}, {""component"": ""sort"", ""query_field"": ""patient age"", ""matched_field"": null, ""match_type"": ""no_match"", ""score"": 0.0}]",random_topk_10
Q25,W1_HCPA_EXPERT,Hard,False,0.0,"[""HCPA / General data / State"", ""HCPA / General data / reason for encounter"", ""Problem/Diagnosis / Problem"", ""State"", ""reason for encounter"", ""Problem""]",[],ABSENT_OR_PRUNED_OR_MATCH_FAILED,"[{""component"": ""filter"", ""query_field"": ""State"", ""matched_field"": null, ""match_type"": ""no_match"", ""score"": 0.0}, {""component"": ""filter"", ""query_field"": ""reason for encounter"", ""matched_field"": null, ""match_type"": ""no_match"", ""score"": 0.0}, {""component"": ""filter"", ""query_field"": ""Problem"", ""matched_field"": null, ""match_type"": ""no_match"", ""score"": 0.0}, {""component"": ""output"", ""query_field"": ""State"", ""matched_field"": null, ""match_type"": ""no_match"", ""score"": 0.0}, {""component"": ""output"", ""query_field"": ""reason for encounter"", ""matched_field"": null, ""match_type"": ""no_match"", ""score"": 0.0}, {""component"": ""output"", ""query_field"": ""Problem"", ""matched_field"": null, ""match_type"": ""no_match"", ""score"": 0.0}]",random_topk_10
Q26,W1_HCPA_EXPERT,Hard,False,0.0,"[""Problem/Diagnosis / Problem"", ""Problem/Diagnosis / Clinical staging"", ""Problem/Diagnosis / invaded regional lymph nodes"", ""Problem"", ""Clinical staging"", ""invaded regional lymph nodes""]",[],ABSENT_OR_PRUNED_OR_MATCH_FAILED,"[{""component"": ""filter"", ""query_field"": ""Problem"", ""matched_field"": null, ""match_type"": ""no_match"", ""score"": 0.0}, {""component"": ""filter"", ""query_field"": ""Clinical staging"", ""matched_field"": null, ""match_type"": ""no_match"", ""score"": 0.0}, {""component"": ""filter"", ""query_field"": ""invaded regional lymph nodes"", ""matched_field"": null, ""match_type"": ""no_match"", ""score"": 0.0}, {""component"": ""output"", ""query_field"": ""Problem"", ""matched_field"": null, ""match_type"": ""no_match"", ""score"": 0.0}, {""component"": ""output"", ""query_field"": ""Clinical staging"", ""matched_field"": null, ""match_type"": ""no_match"", ""score"": 0.0}, {""component"": ""output"", ""query_field"": ""invaded regional lymph nodes"", ""matched_field"": null, ""match_type"": ""no_match"", ""score"": 0.0}]",random_topk_10
Q27,W1_HCPA_EXPERT,Hard,False,0.0,"[""HCPA / chemotherapy / schema"", ""HCPA / chemotherapy / duration of treatment"", ""HCPA / chemotherapy / date of beginning of chemotherapy"", ""schema"", ""duration of treatment"", ""date of beginning of chemotherapy"", ""date of beginning of chemotherapy""]",[],ABSENT_OR_PRUNED_OR_MATCH_FAILED,"[{""component"": ""filter"", ""query_field"": ""schema"", ""matched_field"": null, ""match_type"": ""no_match"", ""score"": 0.0}, {""component"": ""filter"", ""query_field"": ""duration of treatment"", ""matched_field"": null, ""match_type"": ""no_match"", ""score"": 0.0}, {""component"": ""filter"", ""query_field"": ""date of beginning of chemotherapy"", ""matched_field"": null, ""match_type"": ""no_match"", ""score"": 0.0}, {""component"": ""output"", ""query_field"": ""schema"", ""matched_field"": null, ""match_type"": ""no_match"", ""score"": 0.0}, {""component"": ""output"", ""query_field"": ""duration of treatment"", ""matched_field"": null, ""match_type"": ""no_match"", ""score"": 0.0}, {""component"": ""output"", ""query_field"": ""date of beginning of chemotherapy"", ""matched_field"": null, ""match_type"": ""no_match"", ""score"": 0.0}, {""component"": ""sort"", ""query_field"": ""date of beginning of chemotherapy"", ""matched_field"": null, ""match_type"": ""no_match"", ""score"": 0.0}]",random_topk_10
Q28,W1_HCPA_EXPERT,Hard,False,0.0,"[""Procedure undertaken / Procedure"", ""Radiotherapy / irradiated area 1"", ""Procedure"", ""irradiated area 1""]",[],ABSENT_OR_PRUNED_OR_MATCH_FAILED,"[{""component"": ""filter"", ""query_field"": ""Procedure"", ""matched_field"": null, ""match_type"": ""no_match"", ""score"": 0.0}, {""component"": ""filter"", ""query_field"": ""irradiated area 1"", ""matched_field"": null, ""match_type"": ""no_match"", ""score"": 0.0}, {""component"": ""output"", ""query_field"": ""Procedure"", ""matched_field"": null, ""match_type"": ""no_match"", ""score"": 0.0}, {""component"": ""output"", ""query_field"": ""irradiated area 1"", ""matched_field"": null, ""match_type"": ""no_match"", ""score"": 0.0}]",random_topk_10
Q29,W1_HCPA_EXPERT,Hard,False,0.0,"[""Discharge / date of discharge"", ""Discharge / reason for discharge"", ""date of discharge"", ""reason for discharge""]",[],ABSENT_OR_PRUNED_OR_MATCH_FAILED,"[{""component"": ""filter"", ""query_field"": ""date of discharge"", ""matched_field"": null, ""match_type"": ""no_match"", ""score"": 0.0}, {""component"": ""filter"", ""query_field"": ""reason for discharge"", ""matched_field"": null, ""match_type"": ""no_match"", ""score"": 0.0}, {""component"": ""output"", ""query_field"": ""date of discharge"", ""matched_field"": null, ""match_type"": ""no_match"", ""score"": 0.0}, {""component"": ""output"", ""query_field"": ""reason for discharge"", ""matched_field"": null, ""match_type"": ""no_match"", ""score"": 0.0}]",random_topk_10
Q30,W1_HCPA_EXPERT,Hard,False,0.0,"[""Problem/Diagnosis / tumour topography"", ""Problem/Diagnosis / histopathological grading"", ""Problem/Diagnosis / date of pathological identification"", ""tumour topography"", ""histopathological grading"", ""date of pathological identification"", ""date of pathological identification""]",[],ABSENT_OR_PRUNED_OR_MATCH_FAILED,"[{""component"": ""filter"", ""query_field"": ""tumour topography"", ""matched_field"": null, ""match_type"": ""no_match"", ""score"": 0.0}, {""component"": ""filter"", ""query_field"": ""histopathological grading"", ""matched_field"": null, ""match_type"": ""no_match"", ""score"": 0.0}, {""component"": ""filter"", ""query_field"": ""date of pathological identification"", ""matched_field"": null, ""match_type"": ""no_match"", ""score"": 0.0}, {""component"": ""output"", ""query_field"": ""tumour topography"", ""matched_field"": null, ""match_type"": ""no_match"", ""score"": 0.0}, {""component"": ""output"", ""query_field"": ""histopathological grading"", ""matched_field"": null, ""match_type"": ""no_match"", ""score"": 0.0}, {""component"": ""output"", ""query_field"": ""date of pathological identification"", ""matched_field"": null, ""match_type"": ""no_match"", ""score"": 0.0}, {""component"": ""sort"", ""query_field"": ""date of pathological identification"", ""matched_field"": null, ""match_type"": ""no_match"", ""score"": 0.0}]",random_topk_10
D1,W2_DEMOGRAPHIC_EXPERT,Easy,False,0.0,"[""Demographic data / components / gender"", ""gender""]",[],ABSENT_OR_PRUNED_OR_MATCH_FAILED,"[{""component"": ""filter"", ""query_field"": ""gender"", ""matched_field"": null, ""match_type"": ""no_match"", ""score"": 0.0}, {""component"": ""output"", ""query_field"": ""gender"", ""matched_field"": null, ""match_type"": ""no_match"", ""score"": 0.0}]",random_topk_10
D2,W2_DEMOGRAPHIC_EXPERT,Easy,False,0.0,"[""Demographic data / components / gender"", ""gender"", ""birth date""]",[],ABSENT_OR_PRUNED_OR_MATCH_FAILED,"[{""component"": ""filter"", ""query_field"": ""gender"", ""matched_field"": null, ""match_type"": ""no_match"", ""score"": 0.0}, {""component"": ""output"", ""query_field"": ""gender"", ""matched_field"": null, ""match_type"": ""no_match"", ""score"": 0.0}, {""component"": ""output"", ""query_field"": ""birth date"", ""matched_field"": null, ""match_type"": ""no_match"", ""score"": 0.0}]",random_topk_10
D3,W2_DEMOGRAPHIC_EXPERT,Easy,False,0.0,"[""Demographic data / components / nationality"", ""nationality""]",[],ABSENT_OR_PRUNED_OR_MATCH_FAILED,"[{""component"": ""filter"", ""query_field"": ""nationality"", ""matched_field"": null, ""match_type"": ""no_match"", ""score"": 0.0}, {""component"": ""output"", ""query_field"": ""nationality"", ""matched_field"": null, ""match_type"": ""no_match"", ""score"": 0.0}]",random_topk_10
D4,W2_DEMOGRAPHIC_EXPERT,Easy,False,0.0,"[""Demographic data / components / race"", ""race""]",[],ABSENT_OR_PRUNED_OR_MATCH_FAILED,"[{""component"": ""filter"", ""query_field"": ""race"", ""matched_field"": null, ""match_type"": ""no_match"", ""score"": 0.0}, {""component"": ""output"", ""query_field"": ""race"", ""matched_field"": null, ""match_type"": ""no_match"", ""score"": 0.0}]",random_topk_10
D5,W2_DEMOGRAPHIC_EXPERT,Easy,False,0.0,"[""Demographic data / components / ethnic group"", ""ethnic group""]",[],ABSENT_OR_PRUNED_OR_MATCH_FAILED,"[{""component"": ""filter"", ""query_field"": ""ethnic group"", ""matched_field"": null, ""match_type"": ""no_match"", ""score"": 0.0}, {""component"": ""output"", ""query_field"": ""ethnic group"", ""matched_field"": null, ""match_type"": ""no_match"", ""score"": 0.0}]",random_topk_10
D6,W2_DEMOGRAPHIC_EXPERT,Easy,False,0.0,"[""Demographic data / components / birth date"", ""birth date""]",[],ABSENT_OR_PRUNED_OR_MATCH_FAILED,"[{""component"": ""filter"", ""query_field"": ""birth date"", ""matched_field"": null, ""match_type"": ""no_match"", ""score"": 0.0}, {""component"": ""output"", ""query_field"": ""birth date"", ""matched_field"": null, ""match_type"": ""no_match"", ""score"": 0.0}]",random_topk_10
D7,W2_DEMOGRAPHIC_EXPERT,Medium,False,0.0,"[""Demographic data / components / gender"", ""Demographic data / components / nationality"", ""gender"", ""nationality""]",[],ABSENT_OR_PRUNED_OR_MATCH_FAILED,"[{""component"": ""filter"", ""query_field"": ""gender"", ""matched_field"": null, ""match_type"": ""no_match"", ""score"": 0.0}, {""component"": ""filter"", ""query_field"": ""nationality"", ""matched_field"": null, ""match_type"": ""no_match"", ""score"": 0.0}, {""component"": ""output"", ""query_field"": ""gender"", ""matched_field"": null, ""match_type"": ""no_match"", ""score"": 0.0}, {""component"": ""output"", ""query_field"": ""nationality"", ""matched_field"": null, ""match_type"": ""no_match"", ""score"": 0.0}]",random_topk_10
D8,W2_DEMOGRAPHIC_EXPERT,Medium,False,0.0,"[""Demographic data / components / birth date"", ""Demographic data / components / gender"", ""birth date"", ""gender"", ""birth date""]",[],ABSENT_OR_PRUNED_OR_MATCH_FAILED,"[{""component"": ""filter"", ""query_field"": ""birth date"", ""matched_field"": null, ""match_type"": ""no_match"", ""score"": 0.0}, {""component"": ""filter"", ""query_field"": ""gender"", ""matched_field"": null, ""match_type"": ""no_match"", ""score"": 0.0}, {""component"": ""output"", ""query_field"": ""birth date"", ""matched_field"": null, ""match_type"": ""no_match"", ""score"": 0.0}, {""component"": ""output"", ""query_field"": ""gender"", ""matched_field"": null, ""match_type"": ""no_match"", ""score"": 0.0}, {""component"": ""sort"", ""query_field"": ""birth date"", ""matched_field"": null, ""match_type"": ""no_match"", ""score"": 0.0}]",random_topk_10
D9,W2_DEMOGRAPHIC_EXPERT,Medium,False,0.0,"[""Demographic data / components / educational level"", ""Demographic data / components / nationality"", ""educational level"", ""nationality""]",[],ABSENT_OR_PRUNED_OR_MATCH_FAILED,"[{""component"": ""filter"", ""query_field"": ""educational level"", ""matched_field"": null, ""match_type"": ""no_match"", ""score"": 0.0}, {""component"": ""filter"", ""query_field"": ""nationality"", ""matched_field"": null, ""match_type"": ""no_match"", ""score"": 0.0}, {""component"": ""output"", ""query_field"": ""educational level"", ""matched_field"": null, ""match_type"": ""no_match"", ""score"": 0.0}, {""component"": ""output"", ""query_field"": ""nationality"", ""matched_field"": null, ""match_type"": ""no_match"", ""score"": 0.0}]",random_topk_10
D10,W2_DEMOGRAPHIC_EXPERT,Medium,False,0.0,"[""Demographic data / components / race"", ""Demographic data / components / nationality"", ""race"", ""nationality""]",[],ABSENT_OR_PRUNED_OR_MATCH_FAILED,"[{""component"": ""filter"", ""query_field"": ""race"", ""matched_field"": null, ""match_type"": ""no_match"", ""score"": 0.0}, {""component"": ""filter"", ""query_field"": ""nationality"", ""matched_field"": null, ""match_type"": ""no_match"", ""score"": 0.0}, {""component"": ""output"", ""query_field"": ""race"", ""matched_field"": null, ""match_type"": ""no_match"", ""score"": 0.0}, {""component"": ""output"", ""query_field"": ""nationality"", ""matched_field"": null, ""match_type"": ""no_match"", ""score"": 0.0}]",random_topk_10
D11,W2_DEMOGRAPHIC_EXPERT,Hard,False,0.0,"[""Demographic data / components / race"", ""Demographic data / components / ethnic group"", ""Demographic data / components / nationality"", ""race"", ""ethnic group"", ""nationality""]",[],ABSENT_OR_PRUNED_OR_MATCH_FAILED,"[{""component"": ""filter"", ""query_field"": ""race"", ""matched_field"": null, ""match_type"": ""no_match"", ""score"": 0.0}, {""component"": ""filter"", ""query_field"": ""ethnic group"", ""matched_field"": null, ""match_type"": ""no_match"", ""score"": 0.0}, {""component"": ""filter"", ""query_field"": ""nationality"", ""matched_field"": null, ""match_type"": ""no_match"", ""score"": 0.0}, {""component"": ""output"", ""query_field"": ""race"", ""matched_field"": null, ""match_type"": ""no_match"", ""score"": 0.0}, {""component"": ""output"", ""query_field"": ""ethnic group"", ""matched_field"": null, ""match_type"": ""no_match"", ""score"": 0.0}, {""component"": ""output"", ""query_field"": ""nationality"", ""matched_field"": null, ""match_type"": ""no_match"", ""score"": 0.0}]",random_topk_10
D12,W2_DEMOGRAPHIC_EXPERT,Hard,False,0.0,"[""Demographic data / components / birth date"", ""Demographic data / components / gender"", ""Demographic data / components / nationality"", ""birth date"", ""gender"", ""nationality"", ""birth date""]",[],ABSENT_OR_PRUNED_OR_MATCH_FAILED,"[{""component"": ""filter"", ""query_field"": ""birth date"", ""matched_field"": null, ""match_type"": ""no_match"", ""score"": 0.0}, {""component"": ""filter"", ""query_field"": ""gender"", ""matched_field"": null, ""match_type"": ""no_match"", ""score"": 0.0}, {""component"": ""filter"", ""query_field"": ""nationality"", ""matched_field"": null, ""match_type"": ""no_match"", ""score"": 0.0}, {""component"": ""output"", ""query_field"": ""birth date"", ""matched_field"": null, ""match_type"": ""no_match"", ""score"": 0.0}, {""component"": ""output"", ""query_field"": ""gender"", ""matched_field"": null, ""match_type"": ""no_match"", ""score"": 0.0}, {""component"": ""output"", ""query_field"": ""nationality"", ""matched_field"": null, ""match_type"": ""no_match"", ""score"": 0.0}, {""component"": ""sort"", ""query_field"": ""birth date"", ""matched_field"": null, ""match_type"": ""no_match"", ""score"": 0.0}]",random_topk_10
