method,field_count,group_count,subgroup_count,max_depth,eta,final_complexity,operator_count,valid_operator_count,invalid_or_unwanted_operator_count,weighted_operator_burden,form_utility,query_count,strict_coverage,partial_coverage,combo_id,complexity_budget,theta,lambda_sc,mu
aqf_full,30,7,11,6,0.0,30.0,166,166,0,154.25,7.094433680367184,42,0.8095238095238095,0.8373015873015872,combo_0001_c30_t0_l0_mu0_e0,30.0,0.0,0.0,0.0
aqf_topk_no_threshold,30,7,11,6,0.0,30.0,166,166,0,154.25,7.094433680367184,42,0.8095238095238095,0.8373015873015872,combo_0001_c30_t0_l0_mu0_e0,30.0,0.0,0.0,0.0
frequency_only,30,7,11,6,0.0,30.0,157,157,0,142.5,6.76110034703385,42,0.8809523809523809,0.9068027210884354,combo_0001_c30_t0_l0_mu0_e0,30.0,0.0,0.0,0.0
flattened_topk,30,1,1,6,0.0,30.0,166,166,0,154.25,7.094433680367184,42,0.8095238095238095,0.8373015873015872,combo_0001_c30_t0_l0_mu0_e0,30.0,0.0,0.0,0.0
no_operator_awareness,30,7,11,6,0.0,30.0,330,166,164,360.0,7.094433680367184,42,0.8095238095238095,0.8373015873015872,combo_0001_c30_t0_l0_mu0_e0,30.0,0.0,0.0,0.0
no_pruning,35,7,12,6,0.0,35.0,187,187,0,172.5,7.2796188655523695,42,0.9523809523809524,0.9523809523809524,combo_0001_c30_t0_l0_mu0_e0,30.0,0.0,0.0,0.0
random_topk_1,30,7,11,6,0.0,30.0,157,157,0,145.0,6.613830547590139,42,0.5714285714285714,0.7649659863945578,combo_0001_c30_t0_l0_mu0_e0,30.0,0.0,0.0,0.0
random_topk_2,30,7,12,6,0.0,30.0,160,160,0,148.0,5.835174421107925,42,0.7857142857142857,0.8524943310657596,combo_0001_c30_t0_l0_mu0_e0,30.0,0.0,0.0,0.0
random_topk_3,30,7,11,6,0.0,30.0,162,162,0,150.25,6.855376441309945,42,0.7142857142857143,0.8082766439909298,combo_0001_c30_t0_l0_mu0_e0,30.0,0.0,0.0,0.0
random_topk_4,30,7,12,6,0.0,30.0,161,161,0,149.0,6.557469839055517,42,0.7619047619047619,0.8638321995464852,combo_0001_c30_t0_l0_mu0_e0,30.0,0.0,0.0,0.0
random_topk_5,30,6,11,6,0.0,30.0,157,157,0,143.0,5.5977016542233935,42,0.7857142857142857,0.873639455782313,combo_0001_c30_t0_l0_mu0_e0,30.0,0.0,0.0,0.0
random_topk_6,30,7,12,6,0.0,30.0,159,159,0,145.75,4.724063309996814,42,0.6428571428571429,0.7827097505668935,combo_0001_c30_t0_l0_mu0_e0,30.0,0.0,0.0,0.0
random_topk_7,30,7,11,6,0.0,30.0,163,163,0,150.75,6.02035960629311,42,0.7619047619047619,0.819047619047619,combo_0001_c30_t0_l0_mu0_e0,30.0,0.0,0.0,0.0
random_topk_8,30,7,12,6,0.0,30.0,157,157,0,143.5,5.687026272959777,42,0.7142857142857143,0.8341836734693877,combo_0001_c30_t0_l0_mu0_e0,30.0,0.0,0.0,0.0
random_topk_9,30,7,11,6,0.0,30.0,163,163,0,151.25,6.077598663532167,42,0.8571428571428571,0.8944444444444445,combo_0001_c30_t0_l0_mu0_e0,30.0,0.0,0.0,0.0
random_topk_10,30,7,11,6,0.0,30.0,161,161,0,149.0,6.801504387437891,42,0.7380952380952381,0.8252834467120183,combo_0001_c30_t0_l0_mu0_e0,30.0,0.0,0.0,0.0
random_topk_11,30,7,12,6,0.0,30.0,163,163,0,151.75,6.673558259491763,42,0.5,0.7093537414965987,combo_0001_c30_t0_l0_mu0_e0,30.0,0.0,0.0,0.0
random_topk_12,30,7,12,6,0.0,30.0,161,161,0,149.0,5.738204724138228,42,0.6904761904761905,0.7658730158730158,combo_0001_c30_t0_l0_mu0_e0,30.0,0.0,0.0,0.0
random_topk_13,30,7,12,6,0.0,30.0,161,161,0,149.0,6.7105952965288,42,0.6428571428571429,0.7869614512471654,combo_0001_c30_t0_l0_mu0_e0,30.0,0.0,0.0,0.0
random_topk_14,30,7,10,6,0.0,30.0,163,163,0,150.75,6.835174421107925,42,0.8095238095238095,0.8733560090702949,combo_0001_c30_t0_l0_mu0_e0,30.0,0.0,0.0,0.0
random_topk_15,30,7,12,6,0.0,30.0,161,161,0,148.0,5.8755784615119655,42,0.7619047619047619,0.849092970521542,combo_0001_c30_t0_l0_mu0_e0,30.0,0.0,0.0,0.0
random_topk_16,30,7,12,6,0.0,30.0,159,159,0,146.75,6.443870073281838,42,0.6666666666666666,0.8290249433106576,combo_0001_c30_t0_l0_mu0_e0,30.0,0.0,0.0,0.0
random_topk_17,30,7,11,6,0.0,30.0,159,159,0,146.75,6.268507754441258,42,0.6666666666666666,0.8038548752834467,combo_0001_c30_t0_l0_mu0_e0,30.0,0.0,0.0,0.0
random_topk_18,30,7,11,6,0.0,30.0,157,157,0,143.0,5.149184082943673,42,0.5952380952380952,0.7232993197278912,combo_0001_c30_t0_l0_mu0_e0,30.0,0.0,0.0,0.0
random_topk_19,30,7,12,6,0.0,30.0,161,161,0,149.5,6.648378929964608,42,0.8333333333333334,0.9047619047619048,combo_0001_c30_t0_l0_mu0_e0,30.0,0.0,0.0,0.0
random_topk_20,30,7,12,6,0.0,30.0,164,164,0,152.5,6.751672737606241,42,0.7619047619047619,0.8463718820861679,combo_0001_c30_t0_l0_mu0_e0,30.0,0.0,0.0,0.0
random_topk_21,30,7,11,6,0.0,30.0,160,160,0,147.5,5.316655902589407,42,0.6666666666666666,0.7934807256235827,combo_0001_c30_t0_l0_mu0_e0,30.0,0.0,0.0,0.0
random_topk_22,30,7,11,6,0.0,30.0,157,157,0,144.5,6.557469839055517,42,0.7857142857142857,0.8679138321995464,combo_0001_c30_t0_l0_mu0_e0,30.0,0.0,0.0,0.0
random_topk_23,30,5,10,6,0.0,30.0,157,157,0,144.0,5.950431854779681,42,0.5714285714285714,0.7498866213151927,combo_0001_c30_t0_l0_mu0_e0,30.0,0.0,0.0,0.0
random_topk_24,30,7,12,6,0.0,30.0,161,161,0,148.5,6.727430313363817,42,0.7857142857142857,0.8655328798185942,combo_0001_c30_t0_l0_mu0_e0,30.0,0.0,0.0,0.0
random_topk_25,30,6,10,6,0.0,30.0,163,163,0,150.75,5.856960913482652,42,0.7380952380952381,0.8437074829931972,combo_0001_c30_t0_l0_mu0_e0,30.0,0.0,0.0,0.0
random_topk_26,30,7,12,6,0.0,30.0,157,157,0,143.5,5.287026272959777,42,0.5952380952380952,0.7735260770975058,combo_0001_c30_t0_l0_mu0_e0,30.0,0.0,0.0,0.0
random_topk_27,30,7,11,6,0.0,30.0,161,161,0,149.0,5.714635700569204,42,0.7142857142857143,0.8218820861678005,combo_0001_c30_t0_l0_mu0_e0,30.0,0.0,0.0,0.0
random_topk_28,30,7,12,6,0.0,30.0,161,161,0,148.5,5.9075649934984975,42,0.8095238095238095,0.8814625850340136,combo_0001_c30_t0_l0_mu0_e0,30.0,0.0,0.0,0.0
random_topk_29,30,7,12,6,0.0,30.0,157,157,0,143.5,5.316655902589407,42,0.6666666666666666,0.8031179138321995,combo_0001_c30_t0_l0_mu0_e0,30.0,0.0,0.0,0.0
random_topk_30,30,7,12,6,0.0,30.0,161,161,0,148.0,5.668580950166628,42,0.7857142857142857,0.8616213151927438,combo_0001_c30_t0_l0_mu0_e0,30.0,0.0,0.0,0.0
aqf_full,27,7,11,6,0.5,30.0,150,150,0,140.0,6.872211458144962,42,0.8095238095238095,0.8373015873015872,combo_0002_c30_t0_l0_mu0_e0p5,30.0,0.0,0.0,0.0
aqf_topk_no_threshold,27,7,11,6,0.5,30.0,150,150,0,140.0,6.872211458144962,42,0.8095238095238095,0.8373015873015872,combo_0002_c30_t0_l0_mu0_e0p5,30.0,0.0,0.0,0.0
frequency_only,27,7,11,6,0.5,30.0,143,143,0,130.5,6.427767013700517,42,0.8571428571428571,0.8948979591836735,combo_0002_c30_t0_l0_mu0_e0p5,30.0,0.0,0.0,0.0
flattened_topk,27,1,1,6,0.5,30.0,150,150,0,140.0,6.872211458144962,42,0.8095238095238095,0.8373015873015872,combo_0002_c30_t0_l0_mu0_e0p5,30.0,0.0,0.0,0.0
no_operator_awareness,27,7,11,6,0.5,30.0,297,150,147,324.0,6.872211458144962,42,0.8095238095238095,0.8373015873015872,combo_0002_c30_t0_l0_mu0_e0p5,30.0,0.0,0.0,0.0
no_pruning,35,7,12,6,0.5,38.0,187,187,0,172.5,7.2796188655523695,42,0.9523809523809524,0.9523809523809524,combo_0002_c30_t0_l0_mu0_e0p5,30.0,0.0,0.0,0.0
random_topk_1,27,7,11,6,0.5,30.0,141,141,0,130.25,5.724941658701249,42,0.5,0.6027210884353741,combo_0002_c30_t0_l0_mu0_e0p5,30.0,0.0,0.0,0.0
random_topk_2,27,6,11,6,0.5,30.0,142,142,0,130.0,4.486590543112282,42,0.7619047619047619,0.8286848072562358,combo_0002_c30_t0_l0_mu0_e0p5,30.0,0.0,0.0,0.0
random_topk_3,27,7,11,6,0.5,30.0,148,148,0,137.75,6.245948831882336,42,0.6666666666666666,0.7765306122448979,combo_0002_c30_t0_l0_mu0_e0p5,30.0,0.0,0.0,0.0
random_topk_4,27,7,12,6,0.5,30.0,143,143,0,132.0,5.964877246462924,42,0.7619047619047619,0.8638321995464852,combo_0002_c30_t0_l0_mu0_e0p5,30.0,0.0,0.0,0.0
random_topk_5,27,6,11,6,0.5,30.0,139,139,0,126.5,5.097774849948763,42,0.5714285714285714,0.7755668934240363,combo_0002_c30_t0_l0_mu0_e0p5,30.0,0.0,0.0,0.0
random_topk_6,27,7,12,6,0.5,30.0,141,141,0,129.25,4.166897448483126,42,0.5,0.7073129251700679,combo_0002_c30_t0_l0_mu0_e0p5,30.0,0.0,0.0,0.0
random_topk_7,27,7,10,6,0.5,30.0,147,147,0,136.0,5.583322569256073,42,0.7142857142857143,0.7860544217687074,combo_0002_c30_t0_l0_mu0_e0p5,30.0,0.0,0.0,0.0
random_topk_8,27,7,12,6,0.5,30.0,141,141,0,129.25,5.166897448483126,42,0.7142857142857143,0.8341836734693877,combo_0002_c30_t0_l0_mu0_e0p5,30.0,0.0,0.0,0.0
random_topk_9,27,6,10,6,0.5,30.0,147,147,0,137.0,5.801504387437891,42,0.7619047619047619,0.8201814058956917,combo_0002_c30_t0_l0_mu0_e0p5,30.0,0.0,0.0,0.0
random_topk_10,27,7,11,6,0.5,30.0,143,143,0,132.5,6.36042694636045,42,0.6190476190476191,0.7335600907029478,combo_0002_c30_t0_l0_mu0_e0p5,30.0,0.0,0.0,0.0
random_topk_11,27,7,12,6,0.5,30.0,148,148,0,138.75,6.3283086620682525,42,0.3333333333333333,0.5576530612244898,combo_0002_c30_t0_l0_mu0_e0p5,30.0,0.0,0.0,0.0
random_topk_12,27,7,12,6,0.5,30.0,146,146,0,135.5,4.736594418180096,42,0.5952380952380952,0.707936507936508,combo_0002_c30_t0_l0_mu0_e0p5,30.0,0.0,0.0,0.0
random_topk_13,27,7,10,6,0.5,30.0,145,145,0,134.75,6.266150852084356,42,0.5238095238095238,0.7007936507936507,combo_0002_c30_t0_l0_mu0_e0p5,30.0,0.0,0.0,0.0
random_topk_14,27,7,10,6,0.5,30.0,147,147,0,136.5,6.485006070939575,42,0.6666666666666666,0.7990929705215419,combo_0002_c30_t0_l0_mu0_e0p5,30.0,0.0,0.0,0.0
random_topk_15,27,7,12,6,0.5,30.0,146,146,0,135.0,5.579282165215669,42,0.4523809523809524,0.6784013605442177,combo_0002_c30_t0_l0_mu0_e0p5,30.0,0.0,0.0,0.0
random_topk_16,27,7,11,6,0.5,30.0,141,141,0,130.25,6.110536739948505,42,0.6666666666666666,0.8290249433106576,combo_0002_c30_t0_l0_mu0_e0p5,30.0,0.0,0.0,0.0
random_topk_17,27,7,10,5,0.5,29.5,148,148,0,137.75,5.955376441309945,42,0.5952380952380952,0.7182539682539683,combo_0002_c30_t0_l0_mu0_e0p5,30.0,0.0,0.0,0.0
random_topk_18,27,7,11,6,0.5,30.0,141,141,0,128.25,4.334369268128859,42,0.5,0.6688775510204081,combo_0002_c30_t0_l0_mu0_e0p5,30.0,0.0,0.0,0.0
random_topk_19,27,6,10,6,0.5,30.0,143,143,0,132.0,5.781276533450447,42,0.7857142857142857,0.8850340136054422,combo_0002_c30_t0_l0_mu0_e0p5,30.0,0.0,0.0,0.0
random_topk_20,27,6,11,6,0.5,30.0,146,146,0,135.0,5.4771629336846726,42,0.7380952380952381,0.822562358276644,combo_0002_c30_t0_l0_mu0_e0p5,30.0,0.0,0.0,0.0
random_topk_21,27,7,11,6,0.5,30.0,142,142,0,130.0,5.04056162649513,42,0.5238095238095238,0.7090136054421768,combo_0002_c30_t0_l0_mu0_e0p5,30.0,0.0,0.0,0.0
random_topk_22,27,7,10,6,0.5,30.0,141,141,0,129.75,6.075988357574035,42,0.6666666666666666,0.8055555555555556,combo_0002_c30_t0_l0_mu0_e0p5,30.0,0.0,0.0,0.0
random_topk_23,27,5,10,6,0.5,30.0,143,143,0,131.5,4.933596837944664,42,0.4047619047619047,0.6284580498866214,combo_0002_c30_t0_l0_mu0_e0p5,30.0,0.0,0.0,0.0
random_topk_24,27,7,12,6,0.5,30.0,143,143,0,131.5,5.284742566328244,42,0.5714285714285714,0.7175736961451248,combo_0002_c30_t0_l0_mu0_e0p5,30.0,0.0,0.0,0.0
random_topk_25,27,6,10,6,0.5,30.0,145,145,0,133.75,5.375479432001171,42,0.5714285714285714,0.7581065759637189,combo_0002_c30_t0_l0_mu0_e0p5,30.0,0.0,0.0,0.0
random_topk_26,27,7,12,6,0.5,30.0,143,143,0,131.5,4.845948831882335,42,0.4285714285714285,0.6302154195011338,combo_0002_c30_t0_l0_mu0_e0p5,30.0,0.0,0.0,0.0
random_topk_27,27,7,11,6,0.5,30.0,149,149,0,139.25,5.327430313363817,42,0.5476190476190477,0.7028344671201814,combo_0002_c30_t0_l0_mu0_e0p5,30.0,0.0,0.0,0.0
random_topk_28,27,7,12,6,0.5,30.0,152,152,0,142.25,5.742581828515332,42,0.6190476190476191,0.7659297052154195,combo_0002_c30_t0_l0_mu0_e0p5,30.0,0.0,0.0,0.0
random_topk_29,27,7,12,6,0.5,30.0,139,139,0,127.0,4.912615498549003,42,0.5238095238095238,0.6319727891156462,combo_0002_c30_t0_l0_mu0_e0p5,30.0,0.0,0.0,0.0
random_topk_30,27,7,12,6,0.5,30.0,145,145,0,132.75,5.1113418929275705,42,0.7142857142857143,0.8286281179138322,combo_0002_c30_t0_l0_mu0_e0p5,30.0,0.0,0.0,0.0
aqf_full,24,7,11,6,1.0,30.0,140,140,0,132.5,6.5994841854176896,42,0.6190476190476191,0.687641723356009,combo_0003_c30_t0_l0_mu0_e1,30.0,0.0,0.0,0.0
aqf_topk_no_threshold,24,7,11,6,1.0,30.0,140,140,0,132.5,6.5994841854176896,42,0.6190476190476191,0.687641723356009,combo_0003_c30_t0_l0_mu0_e1,30.0,0.0,0.0,0.0
frequency_only,24,7,9,6,1.0,30.0,129,129,0,118.5,6.064804050737554,42,0.7142857142857143,0.7924036281179138,combo_0003_c30_t0_l0_mu0_e1,30.0,0.0,0.0,0.0
flattened_topk,24,1,1,6,1.0,30.0,140,140,0,132.5,6.5994841854176896,42,0.6190476190476191,0.687641723356009,combo_0003_c30_t0_l0_mu0_e1,30.0,0.0,0.0,0.0
no_operator_awareness,24,7,11,6,1.0,30.0,264,140,124,288.0,6.5994841854176896,42,0.6190476190476191,0.687641723356009,combo_0003_c30_t0_l0_mu0_e1,30.0,0.0,0.0,0.0
no_pruning,35,7,12,6,1.0,41.0,187,187,0,172.5,7.2796188655523695,42,0.9523809523809524,0.9523809523809524,combo_0003_c30_t0_l0_mu0_e1,30.0,0.0,0.0,0.0
random_topk_1,24,7,11,6,1.0,30.0,127,127,0,117.25,5.448847382606973,42,0.4523809523809524,0.5607709750566894,combo_0003_c30_t0_l0_mu0_e1,30.0,0.0,0.0,0.0
random_topk_2,24,6,11,6,1.0,30.0,128,128,0,117.5,4.116220172741912,42,0.5238095238095238,0.715249433106576,combo_0003_c30_t0_l0_mu0_e1,30.0,0.0,0.0,0.0
random_topk_3,24,7,11,6,1.0,30.0,130,130,0,120.75,4.949652535586039,42,0.3809523809523809,0.6170634920634921,combo_0003_c30_t0_l0_mu0_e1,30.0,0.0,0.0,0.0
random_topk_4,24,7,11,6,1.0,30.0,127,127,0,117.75,5.56083684242252,42,0.6190476190476191,0.7557823129251701,combo_0003_c30_t0_l0_mu0_e1,30.0,0.0,0.0,0.0
random_topk_5,24,6,11,6,1.0,30.0,121,121,0,110.0,4.728282828282828,42,0.4523809523809524,0.6683673469387755,combo_0003_c30_t0_l0_mu0_e1,30.0,0.0,0.0,0.0
random_topk_6,24,7,11,6,1.0,30.0,129,129,0,119.0,3.944675226260904,42,0.4761904761904761,0.6425736961451247,combo_0003_c30_t0_l0_mu0_e1,30.0,0.0,0.0,0.0
random_topk_7,24,6,9,6,1.0,30.0,129,129,0,118.0,4.271775728297468,42,0.5952380952380952,0.7175170068027211,combo_0003_c30_t0_l0_mu0_e1,30.0,0.0,0.0,0.0
random_topk_8,24,6,11,6,1.0,30.0,123,123,0,111.75,4.391582491582492,42,0.5952380952380952,0.7353174603174603,combo_0003_c30_t0_l0_mu0_e1,30.0,0.0,0.0,0.0
random_topk_9,24,6,10,6,1.0,30.0,131,131,0,122.75,5.488373074306578,42,0.6904761904761905,0.768140589569161,combo_0003_c30_t0_l0_mu0_e1,30.0,0.0,0.0,0.0
random_topk_10,24,7,10,6,1.0,30.0,129,129,0,120.5,5.9530195389530425,42,0.3809523809523809,0.5556689342403628,combo_0003_c30_t0_l0_mu0_e1,30.0,0.0,0.0,0.0
random_topk_11,24,7,11,6,1.0,30.0,130,130,0,120.75,5.476456810216401,42,0.3095238095238095,0.4741496598639456,combo_0003_c30_t0_l0_mu0_e1,30.0,0.0,0.0,0.0
random_topk_12,24,7,11,6,1.0,30.0,130,130,0,120.25,4.440298121883799,42,0.5476190476190477,0.6766439909297052,combo_0003_c30_t0_l0_mu0_e1,30.0,0.0,0.0,0.0
random_topk_13,24,7,10,6,1.0,30.0,127,127,0,117.75,5.858743444676948,42,0.5238095238095238,0.6905895691609977,combo_0003_c30_t0_l0_mu0_e1,30.0,0.0,0.0,0.0
random_topk_14,24,7,10,6,1.0,30.0,136,136,0,127.5,5.357059942993447,42,0.5238095238095238,0.6674603174603175,combo_0003_c30_t0_l0_mu0_e1,30.0,0.0,0.0,0.0
random_topk_15,24,7,12,6,1.0,30.0,132,132,0,123.0,5.229113815047318,42,0.4047619047619047,0.6466553287981859,combo_0003_c30_t0_l0_mu0_e1,30.0,0.0,0.0,0.0
random_topk_16,26,7,9,4,1.0,30.0,137,137,0,127.0,5.858684888096652,42,0.5476190476190477,0.7479591836734694,combo_0003_c30_t0_l0_mu0_e1,30.0,0.0,0.0,0.0
random_topk_17,25,6,9,5,1.0,30.0,136,136,0,126.25,5.38457034109208,42,0.5714285714285714,0.7087301587301587,combo_0003_c30_t0_l0_mu0_e1,30.0,0.0,0.0,0.0
random_topk_18,24,7,11,6,1.0,30.0,127,127,0,115.25,3.7047396384992295,42,0.5,0.6688775510204081,combo_0003_c30_t0_l0_mu0_e1,30.0,0.0,0.0,0.0
random_topk_19,24,6,10,6,1.0,30.0,125,125,0,115.5,5.391582491582492,42,0.5952380952380952,0.7956916099773242,combo_0003_c30_t0_l0_mu0_e1,30.0,0.0,0.0,0.0
random_topk_20,24,6,10,6,1.0,30.0,128,128,0,118.0,4.756624213145952,42,0.7142857142857143,0.8106575963718822,combo_0003_c30_t0_l0_mu0_e1,30.0,0.0,0.0,0.0
random_topk_21,24,7,10,6,1.0,30.0,124,124,0,112.5,4.594506876092554,42,0.4761904761904761,0.673639455782313,combo_0003_c30_t0_l0_mu0_e1,30.0,0.0,0.0,0.0
random_topk_22,24,6,9,6,1.0,30.0,125,125,0,115.0,5.41427316644708,42,0.6428571428571429,0.784126984126984,combo_0003_c30_t0_l0_mu0_e1,30.0,0.0,0.0,0.0
random_topk_23,24,5,10,6,1.0,30.0,129,129,0,119.0,4.637300541648368,42,0.3333333333333333,0.5883219954648526,combo_0003_c30_t0_l0_mu0_e1,30.0,0.0,0.0,0.0
random_topk_24,24,7,12,6,1.0,30.0,125,125,0,114.5,4.914372195957873,42,0.5714285714285714,0.7116213151927437,combo_0003_c30_t0_l0_mu0_e1,30.0,0.0,0.0,0.0
random_topk_25,24,6,10,6,1.0,30.0,127,127,0,117.25,4.897364953886693,42,0.3571428571428571,0.5869614512471655,combo_0003_c30_t0_l0_mu0_e1,30.0,0.0,0.0,0.0
random_topk_26,24,7,11,6,1.0,30.0,129,129,0,119.0,4.532817518751022,42,0.3571428571428571,0.576360544217687,combo_0003_c30_t0_l0_mu0_e1,30.0,0.0,0.0,0.0
random_topk_27,24,7,10,6,1.0,30.0,131,131,0,121.75,4.92002290595641,42,0.5476190476190477,0.6926303854875284,combo_0003_c30_t0_l0_mu0_e1,30.0,0.0,0.0,0.0
random_topk_28,24,6,11,6,1.0,30.0,134,134,0,124.75,5.060664617186356,42,0.5952380952380952,0.7353174603174603,combo_0003_c30_t0_l0_mu0_e1,30.0,0.0,0.0,0.0
random_topk_29,24,6,11,6,1.0,30.0,121,121,0,109.0,4.230698287220026,42,0.4761904761904761,0.601360544217687,combo_0003_c30_t0_l0_mu0_e1,30.0,0.0,0.0,0.0
random_topk_30,24,7,12,6,1.0,30.0,129,129,0,118.5,4.666897448483126,42,0.5476190476190477,0.7130952380952381,combo_0003_c30_t0_l0_mu0_e1,30.0,0.0,0.0,0.0
aqf_full,21,7,11,6,1.5,30.0,124,124,0,118.25,6.286352872286376,42,0.5714285714285714,0.6519274376417233,combo_0004_c30_t0_l0_mu0_e1p5,30.0,0.0,0.0,0.0
aqf_topk_no_threshold,21,7,11,6,1.5,30.0,124,124,0,118.25,6.286352872286376,42,0.5714285714285714,0.6519274376417233,combo_0004_c30_t0_l0_mu0_e1p5,30.0,0.0,0.0,0.0
frequency_only,22,7,8,5,1.5,29.5,120,120,0,110.5,5.842581828515332,42,0.6666666666666666,0.7385487528344671,combo_0004_c30_t0_l0_mu0_e1p5,30.0,0.0,0.0,0.0
flattened_topk,21,1,1,6,1.5,30.0,124,124,0,118.25,6.286352872286376,42,0.5714285714285714,0.6519274376417233,combo_0004_c30_t0_l0_mu0_e1p5,30.0,0.0,0.0,0.0
no_operator_awareness,21,7,11,6,1.5,30.0,231,124,107,252.0,6.286352872286376,42,0.5714285714285714,0.6519274376417233,combo_0004_c30_t0_l0_mu0_e1p5,30.0,0.0,0.0,0.0
no_pruning,35,7,12,6,1.5,44.0,187,187,0,172.5,7.2796188655523695,42,0.9523809523809524,0.9523809523809524,combo_0004_c30_t0_l0_mu0_e1p5,30.0,0.0,0.0,0.0
random_topk_1,21,7,11,6,1.5,30.0,109,109,0,100.75,4.937736271495862,42,0.3809523809523809,0.5361111111111111,combo_0004_c30_t0_l0_mu0_e1p5,30.0,0.0,0.0,0.0
random_topk_2,21,6,10,6,1.5,30.0,112,112,0,102.75,3.375479432001171,42,0.5238095238095238,0.715249433106576,combo_0004_c30_t0_l0_mu0_e1p5,30.0,0.0,0.0,0.0
random_topk_3,21,6,9,6,1.5,30.0,114,114,0,105.5,4.267735324257063,42,0.3095238095238095,0.5531179138321995,combo_0004_c30_t0_l0_mu0_e1p5,30.0,0.0,0.0,0.0
random_topk_4,21,7,11,6,1.5,30.0,111,111,0,103.0,4.338614620200298,42,0.3809523809523809,0.5963151927437641,combo_0004_c30_t0_l0_mu0_e1p5,30.0,0.0,0.0,0.0
random_topk_5,21,6,11,6,1.5,30.0,107,107,0,97.5,4.118855218855219,42,0.4285714285714285,0.6366213151927438,combo_0004_c30_t0_l0_mu0_e1p5,30.0,0.0,0.0,0.0
random_topk_6,21,7,11,6,1.5,30.0,111,111,0,102.0,3.488314517726282,42,0.3571428571428571,0.5345238095238095,combo_0004_c30_t0_l0_mu0_e1p5,30.0,0.0,0.0,0.0
random_topk_7,21,6,8,6,1.5,30.0,111,111,0,101.5,3.8475333040550432,42,0.3333333333333333,0.5213151927437641,combo_0004_c30_t0_l0_mu0_e1p5,30.0,0.0,0.0,0.0
random_topk_8,21,6,11,6,1.5,30.0,109,109,0,99.75,3.9875420875420873,42,0.3095238095238095,0.5539115646258503,combo_0004_c30_t0_l0_mu0_e1p5,30.0,0.0,0.0,0.0
random_topk_9,21,5,9,6,1.5,30.0,113,113,0,105.25,4.732381788903528,42,0.6428571428571429,0.7348072562358277,combo_0004_c30_t0_l0_mu0_e1p5,30.0,0.0,0.0,0.0
random_topk_10,21,7,10,6,1.5,30.0,113,113,0,105.25,4.9530195389530425,42,0.3571428571428571,0.5311791383219955,combo_0004_c30_t0_l0_mu0_e1p5,30.0,0.0,0.0,0.0
random_topk_11,21,6,9,6,1.5,30.0,112,112,0,102.75,3.794539598887425,42,0.2619047619047619,0.3981859410430839,combo_0004_c30_t0_l0_mu0_e1p5,30.0,0.0,0.0,0.0
random_topk_12,21,7,10,6,1.5,30.0,112,112,0,102.75,3.717270746682512,42,0.3571428571428571,0.573015873015873,combo_0004_c30_t0_l0_mu0_e1p5,30.0,0.0,0.0,0.0
random_topk_13,21,6,9,6,1.5,30.0,115,115,0,107.5,5.284669370602875,42,0.4523809523809524,0.6350340136054422,combo_0004_c30_t0_l0_mu0_e1p5,30.0,0.0,0.0,0.0
random_topk_14,21,7,9,6,1.5,30.0,118,118,0,110.0,4.986689572623076,42,0.5,0.6385487528344671,combo_0004_c30_t0_l0_mu0_e1p5,30.0,0.0,0.0,0.0
random_topk_15,21,7,12,6,1.5,30.0,114,114,0,106.0,4.7105952965288,42,0.3095238095238095,0.5712585034013605,combo_0004_c30_t0_l0_mu0_e1p5,30.0,0.0,0.0,0.0
random_topk_16,24,7,9,4,1.5,30.0,125,125,0,115.5,5.636462665874431,42,0.5476190476190477,0.7479591836734694,combo_0004_c30_t0_l0_mu0_e1p5,30.0,0.0,0.0,0.0
random_topk_17,22,6,9,5,1.5,29.5,122,122,0,113.75,4.1253110818328205,42,0.4285714285714285,0.5770975056689343,combo_0004_c30_t0_l0_mu0_e1p5,30.0,0.0,0.0,0.0
random_topk_18,21,7,9,6,1.5,30.0,111,111,0,100.5,3.334369268128859,42,0.4047619047619047,0.5854308390022676,combo_0004_c30_t0_l0_mu0_e1p5,30.0,0.0,0.0,0.0
random_topk_19,21,6,9,6,1.5,30.0,107,107,0,97.5,4.428619528619529,42,0.5476190476190477,0.7223922902494332,combo_0004_c30_t0_l0_mu0_e1p5,30.0,0.0,0.0,0.0
random_topk_20,21,6,9,6,1.5,30.0,114,114,0,106.0,4.312179768701507,42,0.6666666666666666,0.7482993197278911,combo_0004_c30_t0_l0_mu0_e1p5,30.0,0.0,0.0,0.0
random_topk_21,21,7,10,6,1.5,30.0,108,108,0,97.75,3.816729098314776,42,0.3571428571428571,0.5982426303854875,combo_0004_c30_t0_l0_mu0_e1p5,30.0,0.0,0.0,0.0
random_topk_22,21,6,9,6,1.5,30.0,107,107,0,97.5,3.931108183282096,42,0.5476190476190477,0.7159863945578232,combo_0004_c30_t0_l0_mu0_e1p5,30.0,0.0,0.0,0.0
random_topk_23,21,5,9,6,1.5,30.0,111,111,0,101.5,4.4723173766652025,42,0.2619047619047619,0.482766439909297,combo_0004_c30_t0_l0_mu0_e1p5,30.0,0.0,0.0,0.0
random_topk_24,21,7,11,6,1.5,30.0,107,107,0,98.0,4.440298121883799,42,0.5,0.6691043083900227,combo_0004_c30_t0_l0_mu0_e1p5,30.0,0.0,0.0,0.0
random_topk_25,21,6,9,6,1.5,30.0,115,115,0,107.0,4.58423364075538,42,0.2619047619047619,0.5290249433106575,combo_0004_c30_t0_l0_mu0_e1p5,30.0,0.0,0.0,0.0
random_topk_26,21,6,10,6,1.5,30.0,111,111,0,101.5,3.84514367890327,42,0.2619047619047619,0.4751133786848073,combo_0004_c30_t0_l0_mu0_e1p5,30.0,0.0,0.0,0.0
random_topk_27,21,7,9,6,1.5,30.0,116,116,0,108.25,4.586689572623077,42,0.4761904761904761,0.6346938775510205,combo_0004_c30_t0_l0_mu0_e1p5,30.0,0.0,0.0,0.0
random_topk_28,21,6,10,6,1.5,30.0,118,118,0,110.0,4.62362758014932,42,0.5476190476190477,0.7064058956916099,combo_0004_c30_t0_l0_mu0_e1p5,30.0,0.0,0.0,0.0
random_topk_29,21,5,10,6,1.5,30.0,109,109,0,98.75,3.673459229980969,42,0.4761904761904761,0.5894557823129252,combo_0004_c30_t0_l0_mu0_e1p5,30.0,0.0,0.0,0.0
random_topk_30,21,7,12,6,1.5,30.0,119,119,0,111.0,4.4085165379283024,42,0.4047619047619047,0.5801020408163265,combo_0004_c30_t0_l0_mu0_e1p5,30.0,0.0,0.0,0.0
aqf_full,18,7,10,6,2.0,30.0,108,108,0,103.5,5.859621793381384,42,0.3333333333333333,0.5189342403628118,combo_0005_c30_t0_l0_mu0_e2,30.0,0.0,0.0,0.0
aqf_topk_no_threshold,18,7,10,6,2.0,30.0,108,108,0,103.5,5.859621793381384,42,0.3333333333333333,0.5189342403628118,combo_0005_c30_t0_l0_mu0_e2,30.0,0.0,0.0,0.0
frequency_only,22,7,7,4,2.0,30.0,117,117,0,107.0,5.694433680367184,42,0.6904761904761905,0.7634920634920636,combo_0005_c30_t0_l0_mu0_e2,30.0,0.0,0.0,0.0
flattened_topk,18,1,1,6,2.0,30.0,108,108,0,103.5,5.859621793381384,42,0.3333333333333333,0.5189342403628118,combo_0005_c30_t0_l0_mu0_e2,30.0,0.0,0.0,0.0
no_operator_awareness,18,7,10,6,2.0,30.0,198,108,90,216.0,5.859621793381384,42,0.3333333333333333,0.5189342403628118,combo_0005_c30_t0_l0_mu0_e2,30.0,0.0,0.0,0.0
no_pruning,35,7,12,6,2.0,47.0,187,187,0,172.5,7.2796188655523695,42,0.9523809523809524,0.9523809523809524,combo_0005_c30_t0_l0_mu0_e2,30.0,0.0,0.0,0.0
random_topk_1,18,6,9,6,2.0,30.0,91,91,0,83.25,3.905650709998536,42,0.3571428571428571,0.5146825396825397,combo_0005_c30_t0_l0_mu0_e2,30.0,0.0,0.0,0.0
random_topk_2,18,6,9,6,2.0,30.0,94,94,0,86.25,2.845922998096911,42,0.4047619047619047,0.6608276643990929,combo_0005_c30_t0_l0_mu0_e2,30.0,0.0,0.0,0.0
random_topk_3,18,6,8,6,2.0,30.0,96,96,0,88.5,3.788010540184453,42,0.1904761904761904,0.4511904761904762,combo_0005_c30_t0_l0_mu0_e2,30.0,0.0,0.0,0.0
random_topk_4,18,7,11,6,2.0,30.0,93,93,0,86.0,3.413567042978808,42,0.2857142857142857,0.4807823129251701,combo_0005_c30_t0_l0_mu0_e2,30.0,0.0,0.0,0.0
random_topk_5,18,6,11,6,2.0,30.0,93,93,0,85.5,3.751851851851852,42,0.3571428571428571,0.5687074829931973,combo_0005_c30_t0_l0_mu0_e2,30.0,0.0,0.0,0.0
random_topk_6,18,7,11,6,2.0,30.0,93,93,0,84.5,2.7475737769855417,42,0.3095238095238095,0.4312925170068027,combo_0005_c30_t0_l0_mu0_e2,30.0,0.0,0.0,0.0
random_topk_7,18,5,7,6,2.0,30.0,93,93,0,84.5,3.066461718635632,42,0.3095238095238095,0.4856009070294784,combo_0005_c30_t0_l0_mu0_e2,30.0,0.0,0.0,0.0
random_topk_8,18,5,10,6,2.0,30.0,93,93,0,84.5,3.691245791245791,42,0.2857142857142857,0.5335034013605442,combo_0005_c30_t0_l0_mu0_e2,30.0,0.0,0.0,0.0
random_topk_9,18,5,9,6,2.0,30.0,98,98,0,91.25,3.991641048162787,42,0.4523809523809524,0.6110544217687075,combo_0005_c30_t0_l0_mu0_e2,30.0,0.0,0.0,0.0
random_topk_10,18,7,10,6,2.0,30.0,95,95,0,88.75,4.453092734678412,42,0.3095238095238095,0.4895124716553288,combo_0005_c30_t0_l0_mu0_e2,30.0,0.0,0.0,0.0
random_topk_11,18,6,9,6,2.0,30.0,98,98,0,89.75,3.111037915385741,42,0.2142857142857142,0.3545351473922902,combo_0005_c30_t0_l0_mu0_e2,30.0,0.0,0.0,0.0
random_topk_12,18,7,10,6,2.0,30.0,96,96,0,88.0,2.7913448207565854,42,0.2142857142857142,0.398469387755102,combo_0005_c30_t0_l0_mu0_e2,30.0,0.0,0.0,0.0
random_topk_13,18,6,9,6,2.0,30.0,97,97,0,90.0,4.006086439846031,42,0.2619047619047619,0.4894557823129252,combo_0005_c30_t0_l0_mu0_e2,30.0,0.0,0.0,0.0
random_topk_14,18,7,9,6,2.0,30.0,104,104,0,98.0,4.656723242656747,42,0.4761904761904761,0.5829931972789115,combo_0005_c30_t0_l0_mu0_e2,30.0,0.0,0.0,0.0
random_topk_15,18,6,11,6,2.0,30.0,96,96,0,88.5,4.062447148380652,42,0.238095238095238,0.4850907029478458,combo_0005_c30_t0_l0_mu0_e2,30.0,0.0,0.0,0.0
random_topk_16,22,7,8,4,2.0,30.0,113,113,0,103.5,5.043870073281838,42,0.5476190476190477,0.7336734693877551,combo_0005_c30_t0_l0_mu0_e2,30.0,0.0,0.0,0.0
random_topk_17,20,6,9,5,2.0,30.0,110,110,0,102.25,3.997364953886693,42,0.3809523809523809,0.5441043083900227,combo_0005_c30_t0_l0_mu0_e2,30.0,0.0,0.0,0.0
random_topk_18,18,7,8,6,2.0,30.0,97,97,0,88.0,3.058274992034583,42,0.3571428571428571,0.5434807256235827,combo_0005_c30_t0_l0_mu0_e2,30.0,0.0,0.0,0.0
random_topk_19,18,6,8,6,2.0,30.0,91,91,0,82.75,3.0986531986531984,42,0.3095238095238095,0.5358843537414966,combo_0005_c30_t0_l0_mu0_e2,30.0,0.0,0.0,0.0
random_topk_20,22,6,8,4,2.0,30.0,118,118,0,108.75,4.423290879812619,42,0.6666666666666666,0.7380952380952381,combo_0005_c30_t0_l0_mu0_e2,30.0,0.0,0.0,0.0
random_topk_21,18,7,10,6,2.0,30.0,92,92,0,83.0,3.4463587279444057,42,0.2619047619047619,0.4950113378684807,combo_0005_c30_t0_l0_mu0_e2,30.0,0.0,0.0,0.0
random_topk_22,18,6,9,6,2.0,30.0,91,91,0,82.75,3.652525252525253,42,0.3333333333333333,0.6055555555555555,combo_0005_c30_t0_l0_mu0_e2,30.0,0.0,0.0,0.0
random_topk_23,18,5,9,6,2.0,30.0,93,93,0,84.5,3.442687747035573,42,0.1904761904761904,0.4050453514739229,combo_0005_c30_t0_l0_mu0_e2,30.0,0.0,0.0,0.0
random_topk_24,18,7,11,6,2.0,30.0,91,91,0,83.75,4.09012977171545,42,0.3571428571428571,0.4793083900226757,combo_0005_c30_t0_l0_mu0_e2,30.0,0.0,0.0,0.0
random_topk_25,18,6,9,6,2.0,30.0,97,97,0,90.0,3.2324549846288977,42,0.1904761904761904,0.3985260770975056,combo_0005_c30_t0_l0_mu0_e2,30.0,0.0,0.0,0.0
random_topk_26,18,6,9,6,2.0,30.0,93,93,0,84.0,3.474773308532899,42,0.2619047619047619,0.4608276643990929,combo_0005_c30_t0_l0_mu0_e2,30.0,0.0,0.0,0.0
random_topk_27,18,7,9,6,2.0,30.0,100,100,0,94.0,4.271069604829195,42,0.2142857142857142,0.401984126984127,combo_0005_c30_t0_l0_mu0_e2,30.0,0.0,0.0,0.0
random_topk_28,18,6,10,6,2.0,30.0,100,100,0,93.0,3.510906163080076,42,0.4761904761904761,0.65640589569161,combo_0005_c30_t0_l0_mu0_e2,30.0,0.0,0.0,0.0
random_topk_29,18,5,9,6,2.0,30.0,93,93,0,84.5,3.256624213145952,42,0.2619047619047619,0.4528344671201814,combo_0005_c30_t0_l0_mu0_e2,30.0,0.0,0.0,0.0
random_topk_30,18,7,11,6,2.0,30.0,103,103,0,96.25,4.206496335908101,42,0.3809523809523809,0.5579931972789116,combo_0005_c30_t0_l0_mu0_e2,30.0,0.0,0.0,0.0
aqf_full,30,7,11,6,0.0,30.0,166,166,0,154.25,19.132394087061133,42,0.8095238095238095,0.8373015873015872,combo_0006_c30_t0_l0_mu0p1_e0,30.0,0.0,0.0,0.1
aqf_topk_no_threshold,30,7,11,6,0.0,30.0,166,166,0,154.25,19.132394087061133,42,0.8095238095238095,0.8373015873015872,combo_0006_c30_t0_l0_mu0p1_e0,30.0,0.0,0.0,0.1
frequency_only,30,7,11,6,0.0,30.0,157,157,0,142.5,18.8981278096235,42,0.8809523809523809,0.9068027210884354,combo_0006_c30_t0_l0_mu0p1_e0,30.0,0.0,0.0,0.1
flattened_topk,30,1,1,6,0.0,30.0,166,166,0,154.25,19.132394087061133,42,0.8095238095238095,0.8373015873015872,combo_0006_c30_t0_l0_mu0p1_e0,30.0,0.0,0.0,0.1
no_operator_awareness,30,7,11,6,0.0,30.0,330,166,164,360.0,19.132394087061133,42,0.8095238095238095,0.8373015873015872,combo_0006_c30_t0_l0_mu0p1_e0,30.0,0.0,0.0,0.1
no_pruning,35,7,12,6,0.0,35.0,187,187,0,172.5,19.94819559939007,42,0.9523809523809524,0.9523809523809524,combo_0006_c30_t0_l0_mu0p1_e0,30.0,0.0,0.0,0.1
random_topk_1,30,7,11,6,0.0,30.0,157,157,0,145.0,17.334220596288418,42,0.5714285714285714,0.7649659863945578,combo_0006_c30_t0_l0_mu0p1_e0,30.0,0.0,0.0,0.1
random_topk_2,30,7,12,6,0.0,30.0,160,160,0,148.0,16.643855322509296,42,0.7857142857142857,0.8524943310657596,combo_0006_c30_t0_l0_mu0p1_e0,30.0,0.0,0.0,0.1
random_topk_3,30,7,11,6,0.0,30.0,162,162,0,150.25,17.918134583816123,42,0.7142857142857143,0.8082766439909298,combo_0006_c30_t0_l0_mu0p1_e0,30.0,0.0,0.0,0.1
random_topk_4,30,7,12,6,0.0,30.0,161,161,0,149.0,17.388049982952893,42,0.7619047619047619,0.8638321995464852,combo_0006_c30_t0_l0_mu0p1_e0,30.0,0.0,0.0,0.1
random_topk_5,30,6,11,6,0.0,30.0,157,157,0,143.0,16.531557738988827,42,0.7857142857142857,0.873639455782313,combo_0006_c30_t0_l0_mu0p1_e0,30.0,0.0,0.0,0.1
random_topk_6,30,7,12,6,0.0,30.0,159,159,0,145.75,15.843704759380614,42,0.6428571428571429,0.7827097505668935,combo_0006_c30_t0_l0_mu0p1_e0,30.0,0.0,0.0,0.1
random_topk_7,30,7,11,6,0.0,30.0,163,163,0,150.75,17.357003848596158,42,0.7619047619047619,0.819047619047619,combo_0006_c30_t0_l0_mu0p1_e0,30.0,0.0,0.0,0.1
random_topk_8,30,7,12,6,0.0,30.0,157,157,0,143.5,16.271256309742622,42,0.7142857142857143,0.8341836734693877,combo_0006_c30_t0_l0_mu0p1_e0,30.0,0.0,0.0,0.1
random_topk_9,30,7,11,6,0.0,30.0,163,163,0,151.25,17.081708898527125,42,0.8571428571428571,0.8944444444444445,combo_0006_c30_t0_l0_mu0p1_e0,30.0,0.0,0.0,0.1
random_topk_10,30,7,11,6,0.0,30.0,161,161,0,149.0,17.51259207272753,42,0.7380952380952381,0.8252834467120183,combo_0006_c30_t0_l0_mu0p1_e0,30.0,0.0,0.0,0.1
random_topk_11,30,7,12,6,0.0,30.0,163,163,0,151.75,17.492529561345513,42,0.5,0.7093537414965987,combo_0006_c30_t0_l0_mu0p1_e0,30.0,0.0,0.0,0.1
random_topk_12,30,7,12,6,0.0,30.0,161,161,0,149.0,16.107563500879785,42,0.6904761904761905,0.7658730158730158,combo_0006_c30_t0_l0_mu0p1_e0,30.0,0.0,0.0,0.1
random_topk_13,30,7,12,6,0.0,30.0,161,161,0,149.0,17.535327915254978,42,0.6428571428571429,0.7869614512471654,combo_0006_c30_t0_l0_mu0p1_e0,30.0,0.0,0.0,0.1
random_topk_14,30,7,10,6,0.0,30.0,163,163,0,150.75,18.43319666622973,42,0.8095238095238095,0.8733560090702949,combo_0006_c30_t0_l0_mu0p1_e0,30.0,0.0,0.0,0.1
random_topk_15,30,7,12,6,0.0,30.0,161,161,0,148.0,16.889533416320383,42,0.7619047619047619,0.849092970521542,combo_0006_c30_t0_l0_mu0p1_e0,30.0,0.0,0.0,0.1
random_topk_16,30,7,12,6,0.0,30.0,159,159,0,146.75,16.86651739841661,42,0.6666666666666666,0.8290249433106576,combo_0006_c30_t0_l0_mu0p1_e0,30.0,0.0,0.0,0.1
random_topk_17,30,7,11,6,0.0,30.0,159,159,0,146.75,16.931468650701387,42,0.6666666666666666,0.8038548752834467,combo_0006_c30_t0_l0_mu0p1_e0,30.0,0.0,0.0,0.1
random_topk_18,30,7,11,6,0.0,30.0,157,157,0,143.0,16.0160387781066,42,0.5952380952380952,0.7232993197278912,combo_0006_c30_t0_l0_mu0p1_e0,30.0,0.0,0.0,0.1
random_topk_19,30,7,12,6,0.0,30.0,161,161,0,149.5,17.469868164771075,42,0.8333333333333334,0.9047619047619048,combo_0006_c30_t0_l0_mu0p1_e0,30.0,0.0,0.0,0.1
random_topk_20,30,7,12,6,0.0,30.0,164,164,0,152.5,17.813251181895684,42,0.7619047619047619,0.8463718820861679,combo_0006_c30_t0_l0_mu0p1_e0,30.0,0.0,0.0,0.1
random_topk_21,30,7,11,6,0.0,30.0,160,160,0,147.5,16.08209965207313,42,0.6666666666666666,0.7934807256235827,combo_0006_c30_t0_l0_mu0p1_e0,30.0,0.0,0.0,0.1
random_topk_22,30,7,11,6,0.0,30.0,157,157,0,144.5,17.73207609548805,42,0.7857142857142857,0.8679138321995464,combo_0006_c30_t0_l0_mu0p1_e0,30.0,0.0,0.0,0.1
random_topk_23,30,5,10,6,0.0,30.0,157,157,0,144.0,16.065873690649667,42,0.5714285714285714,0.7498866213151927,combo_0006_c30_t0_l0_mu0p1_e0,30.0,0.0,0.0,0.1
random_topk_24,30,7,12,6,0.0,30.0,161,161,0,148.5,17.88504052236552,42,0.7857142857142857,0.8655328798185942,combo_0006_c30_t0_l0_mu0p1_e0,30.0,0.0,0.0,0.1
random_topk_25,30,6,10,6,0.0,30.0,163,163,0,150.75,17.222936229779084,42,0.7380952380952381,0.8437074829931972,combo_0006_c30_t0_l0_mu0p1_e0,30.0,0.0,0.0,0.1
random_topk_26,30,7,12,6,0.0,30.0,157,157,0,143.5,16.150083031699968,42,0.5952380952380952,0.7735260770975058,combo_0006_c30_t0_l0_mu0p1_e0,30.0,0.0,0.0,0.1
random_topk_27,30,7,11,6,0.0,30.0,161,161,0,149.0,16.430377492202823,42,0.7142857142857143,0.8218820861678005,combo_0006_c30_t0_l0_mu0p1_e0,30.0,0.0,0.0,0.1
random_topk_28,30,7,12,6,0.0,30.0,161,161,0,148.5,16.364020505646916,42,0.8095238095238095,0.8814625850340136,combo_0006_c30_t0_l0_mu0p1_e0,30.0,0.0,0.0,0.1
random_topk_29,30,7,12,6,0.0,30.0,157,157,0,143.5,16.27131744013339,42,0.6666666666666666,0.8031179138321995,combo_0006_c30_t0_l0_mu0p1_e0,30.0,0.0,0.0,0.1
random_topk_30,30,7,12,6,0.0,30.0,161,161,0,148.0,16.1394698460721,42,0.7857142857142857,0.8616213151927438,combo_0006_c30_t0_l0_mu0p1_e0,30.0,0.0,0.0,0.1
aqf_full,27,7,11,6,0.5,30.0,148,148,0,136.75,18.370995388509836,42,0.8095238095238095,0.8373015873015872,combo_0007_c30_t0_l0_mu0p1_e0p5,30.0,0.0,0.0,0.1
aqf_topk_no_threshold,27,7,11,6,0.5,30.0,148,148,0,136.75,18.370995388509836,42,0.8095238095238095,0.8373015873015872,combo_0007_c30_t0_l0_mu0p1_e0p5,30.0,0.0,0.0,0.1
frequency_only,27,7,11,6,0.5,30.0,143,143,0,130.5,18.24619413164833,42,0.8571428571428571,0.8948979591836735,combo_0007_c30_t0_l0_mu0p1_e0p5,30.0,0.0,0.0,0.1
flattened_topk,27,1,1,6,0.5,30.0,148,148,0,136.75,18.370995388509836,42,0.8095238095238095,0.8373015873015872,combo_0007_c30_t0_l0_mu0p1_e0p5,30.0,0.0,0.0,0.1
no_operator_awareness,27,7,11,6,0.5,30.0,297,148,149,324.0,18.370995388509836,42,0.8095238095238095,0.8373015873015872,combo_0007_c30_t0_l0_mu0p1_e0p5,30.0,0.0,0.0,0.1
no_pruning,35,7,12,6,0.5,38.0,187,187,0,172.5,19.94819559939007,42,0.9523809523809524,0.9523809523809524,combo_0007_c30_t0_l0_mu0p1_e0p5,30.0,0.0,0.0,0.1
random_topk_1,27,7,11,6,0.5,30.0,141,141,0,130.25,14.979852894133469,42,0.5,0.6027210884353741,combo_0007_c30_t0_l0_mu0p1_e0p5,30.0,0.0,0.0,0.1
random_topk_2,27,6,11,6,0.5,30.0,142,142,0,130.0,14.408074700463636,42,0.7619047619047619,0.8286848072562358,combo_0007_c30_t0_l0_mu0p1_e0p5,30.0,0.0,0.0,0.1
random_topk_3,27,7,11,6,0.5,30.0,148,148,0,137.75,15.690905687866,42,0.6666666666666666,0.7765306122448979,combo_0007_c30_t0_l0_mu0p1_e0p5,30.0,0.0,0.0,0.1
random_topk_4,27,7,12,6,0.5,30.0,143,143,0,132.0,15.175972602154284,42,0.7619047619047619,0.8638321995464852,combo_0007_c30_t0_l0_mu0p1_e0p5,30.0,0.0,0.0,0.1
random_topk_5,27,6,11,6,0.5,30.0,139,139,0,126.5,14.841994683981044,42,0.5714285714285714,0.7755668934240363,combo_0007_c30_t0_l0_mu0p1_e0p5,30.0,0.0,0.0,0.1
random_topk_6,27,7,12,6,0.5,30.0,141,141,0,129.25,13.66351143655302,42,0.5,0.7073129251700679,combo_0007_c30_t0_l0_mu0p1_e0p5,30.0,0.0,0.0,0.1
random_topk_7,27,7,10,6,0.5,30.0,147,147,0,136.0,16.191867910260445,42,0.7142857142857143,0.7860544217687074,combo_0007_c30_t0_l0_mu0p1_e0p5,30.0,0.0,0.0,0.1
random_topk_8,27,7,12,6,0.5,30.0,141,141,0,129.25,14.686790388173357,42,0.7142857142857143,0.8341836734693877,combo_0007_c30_t0_l0_mu0p1_e0p5,30.0,0.0,0.0,0.1
random_topk_9,27,6,10,6,0.5,30.0,147,147,0,137.0,15.277758954197337,42,0.7619047619047619,0.8201814058956917,combo_0007_c30_t0_l0_mu0p1_e0p5,30.0,0.0,0.0,0.1
random_topk_10,27,7,11,6,0.5,30.0,143,143,0,132.5,15.875993444597215,42,0.6190476190476191,0.7335600907029478,combo_0007_c30_t0_l0_mu0p1_e0p5,30.0,0.0,0.0,0.1
random_topk_11,27,7,12,6,0.5,30.0,148,148,0,138.75,16.202059603327008,42,0.3333333333333333,0.5576530612244898,combo_0007_c30_t0_l0_mu0p1_e0p5,30.0,0.0,0.0,0.1
random_topk_12,27,7,12,6,0.5,30.0,146,146,0,135.5,13.987542183222777,42,0.5952380952380952,0.707936507936508,combo_0007_c30_t0_l0_mu0p1_e0p5,30.0,0.0,0.0,0.1
random_topk_13,27,7,10,6,0.5,30.0,145,145,0,134.75,16.147242402873736,42,0.5238095238095238,0.7007936507936507,combo_0007_c30_t0_l0_mu0p1_e0p5,30.0,0.0,0.0,0.1
random_topk_14,27,7,10,6,0.5,30.0,147,147,0,136.5,16.563677448923258,42,0.6666666666666666,0.7990929705215419,combo_0007_c30_t0_l0_mu0p1_e0p5,30.0,0.0,0.0,0.1
random_topk_15,27,7,12,6,0.5,30.0,146,146,0,135.0,15.29857405477847,42,0.4523809523809524,0.6784013605442177,combo_0007_c30_t0_l0_mu0p1_e0p5,30.0,0.0,0.0,0.1
random_topk_16,27,7,11,6,0.5,30.0,141,141,0,130.25,15.231799463486496,42,0.6666666666666666,0.8290249433106576,combo_0007_c30_t0_l0_mu0p1_e0p5,30.0,0.0,0.0,0.1
random_topk_17,27,7,10,5,0.5,29.5,148,148,0,137.75,15.669383886543118,42,0.5952380952380952,0.7182539682539683,combo_0007_c30_t0_l0_mu0p1_e0p5,30.0,0.0,0.0,0.1
random_topk_18,27,7,11,6,0.5,30.0,141,141,0,128.25,14.158262186769338,42,0.5,0.6688775510204081,combo_0007_c30_t0_l0_mu0p1_e0p5,30.0,0.0,0.0,0.1
random_topk_19,27,6,10,6,0.5,30.0,143,143,0,132.0,15.81063733224385,42,0.7857142857142857,0.8850340136054422,combo_0007_c30_t0_l0_mu0p1_e0p5,30.0,0.0,0.0,0.1
random_topk_20,27,6,11,6,0.5,30.0,146,146,0,135.0,15.205022110212033,42,0.7380952380952381,0.822562358276644,combo_0007_c30_t0_l0_mu0p1_e0p5,30.0,0.0,0.0,0.1
random_topk_21,27,7,11,6,0.5,30.0,142,142,0,130.0,15.042566009308455,42,0.5238095238095238,0.7090136054421768,combo_0007_c30_t0_l0_mu0p1_e0p5,30.0,0.0,0.0,0.1
random_topk_22,27,7,10,6,0.5,30.0,141,141,0,129.75,16.405746253542976,42,0.6666666666666666,0.8055555555555556,combo_0007_c30_t0_l0_mu0p1_e0p5,30.0,0.0,0.0,0.1
random_topk_23,27,5,10,6,0.5,30.0,143,143,0,131.5,13.577698780613437,42,0.4047619047619047,0.6284580498866214,combo_0007_c30_t0_l0_mu0p1_e0p5,30.0,0.0,0.0,0.1
random_topk_24,27,7,12,6,0.5,30.0,143,143,0,131.5,14.90787750256823,42,0.5714285714285714,0.7175736961451248,combo_0007_c30_t0_l0_mu0p1_e0p5,30.0,0.0,0.0,0.1
random_topk_25,27,6,10,6,0.5,30.0,145,145,0,133.75,15.454884961515631,42,0.5714285714285714,0.7581065759637189,combo_0007_c30_t0_l0_mu0p1_e0p5,30.0,0.0,0.0,0.1
random_topk_26,27,7,12,6,0.5,30.0,143,143,0,131.5,14.522949424145787,42,0.4285714285714285,0.6302154195011338,combo_0007_c30_t0_l0_mu0p1_e0p5,30.0,0.0,0.0,0.1
random_topk_27,27,7,11,6,0.5,30.0,149,149,0,139.25,14.52752494156302,42,0.5476190476190477,0.7028344671201814,combo_0007_c30_t0_l0_mu0p1_e0p5,30.0,0.0,0.0,0.1
random_topk_28,27,7,12,6,0.5,30.0,152,152,0,142.25,15.33982309916761,42,0.6190476190476191,0.7659297052154195,combo_0007_c30_t0_l0_mu0p1_e0p5,30.0,0.0,0.0,0.1
random_topk_29,27,7,12,6,0.5,30.0,139,139,0,127.0,14.228937029031751,42,0.5238095238095238,0.6319727891156462,combo_0007_c30_t0_l0_mu0p1_e0p5,30.0,0.0,0.0,0.1
random_topk_30,27,7,12,6,0.5,30.0,145,145,0,132.75,14.5310697355928,42,0.7142857142857143,0.8286281179138322,combo_0007_c30_t0_l0_mu0p1_e0p5,30.0,0.0,0.0,0.1
aqf_full,24,7,9,6,1.0,30.0,132,132,0,122.0,17.517113996202752,42,0.7142857142857143,0.7674603174603175,combo_0008_c30_t0_l0_mu0p1_e1,30.0,0.0,0.0,0.1
aqf_topk_no_threshold,24,7,9,6,1.0,30.0,132,132,0,122.0,17.517113996202752,42,0.7142857142857143,0.7674603174603175,combo_0008_c30_t0_l0_mu0p1_e1,30.0,0.0,0.0,0.1
frequency_only,24,7,9,6,1.0,30.0,129,129,0,118.5,17.38054335148396,42,0.7142857142857143,0.7924036281179138,combo_0008_c30_t0_l0_mu0p1_e1,30.0,0.0,0.0,0.1
flattened_topk,24,1,1,6,1.0,30.0,132,132,0,122.0,17.517113996202752,42,0.7142857142857143,0.7674603174603175,combo_0008_c30_t0_l0_mu0p1_e1,30.0,0.0,0.0,0.1
no_operator_awareness,24,7,9,6,1.0,30.0,264,132,132,288.0,17.517113996202752,42,0.7142857142857143,0.7674603174603175,combo_0008_c30_t0_l0_mu0p1_e1,30.0,0.0,0.0,0.1
no_pruning,35,7,12,6,1.0,41.0,187,187,0,172.5,19.94819559939007,42,0.9523809523809524,0.9523809523809524,combo_0008_c30_t0_l0_mu0p1_e1,30.0,0.0,0.0,0.1
random_topk_1,24,7,11,6,1.0,30.0,127,127,0,117.25,13.940319251368791,42,0.4523809523809524,0.5607709750566894,combo_0008_c30_t0_l0_mu0p1_e1,30.0,0.0,0.0,0.1
random_topk_2,24,6,11,6,1.0,30.0,128,128,0,117.5,13.188603569080978,42,0.5238095238095238,0.715249433106576,combo_0008_c30_t0_l0_mu0p1_e1,30.0,0.0,0.0,0.1
random_topk_3,24,7,11,6,1.0,30.0,130,130,0,120.75,13.284610090038717,42,0.3809523809523809,0.6170634920634921,combo_0008_c30_t0_l0_mu0p1_e1,30.0,0.0,0.0,0.1
random_topk_4,24,7,11,6,1.0,30.0,127,127,0,117.75,13.926198440468594,42,0.6190476190476191,0.7557823129251701,combo_0008_c30_t0_l0_mu0p1_e1,30.0,0.0,0.0,0.1
random_topk_5,24,6,11,6,1.0,30.0,121,121,0,110.0,13.269822933321086,42,0.4523809523809524,0.6683673469387755,combo_0008_c30_t0_l0_mu0p1_e1,30.0,0.0,0.0,0.1
random_topk_6,24,7,11,6,1.0,30.0,129,129,0,119.0,13.028560085398205,42,0.4761904761904761,0.6425736961451247,combo_0008_c30_t0_l0_mu0p1_e1,30.0,0.0,0.0,0.1
random_topk_7,24,6,9,6,1.0,30.0,129,129,0,118.0,13.883699968967564,42,0.5952380952380952,0.7175170068027211,combo_0008_c30_t0_l0_mu0p1_e1,30.0,0.0,0.0,0.1
random_topk_8,24,6,11,6,1.0,30.0,123,123,0,111.75,12.861231142532649,42,0.5952380952380952,0.7353174603174603,combo_0008_c30_t0_l0_mu0p1_e1,30.0,0.0,0.0,0.1
random_topk_9,24,6,10,6,1.0,30.0,131,131,0,122.75,13.76577686179467,42,0.6904761904761905,0.768140589569161,combo_0008_c30_t0_l0_mu0p1_e1,30.0,0.0,0.0,0.1
random_topk_10,24,7,10,6,1.0,30.0,129,129,0,120.5,14.62579528989494,42,0.3809523809523809,0.5556689342403628,combo_0008_c30_t0_l0_mu0p1_e1,30.0,0.0,0.0,0.1
random_topk_11,24,7,11,6,1.0,30.0,130,130,0,120.75,14.644344142380517,42,0.3095238095238095,0.4741496598639456,combo_0008_c30_t0_l0_mu0p1_e1,30.0,0.0,0.0,0.1
random_topk_12,24,7,11,6,1.0,30.0,130,130,0,120.25,12.959114063817104,42,0.5476190476190477,0.6766439909297052,combo_0008_c30_t0_l0_mu0p1_e1,30.0,0.0,0.0,0.1
random_topk_13,24,7,10,6,1.0,30.0,127,127,0,117.75,14.884972917581614,42,0.5238095238095238,0.6905895691609977,combo_0008_c30_t0_l0_mu0p1_e1,30.0,0.0,0.0,0.1
random_topk_14,24,7,10,6,1.0,30.0,136,136,0,127.5,14.224233238896495,42,0.5238095238095238,0.6674603174603175,combo_0008_c30_t0_l0_mu0p1_e1,30.0,0.0,0.0,0.1
random_topk_15,24,7,12,6,1.0,30.0,132,132,0,123.0,13.30467849216168,42,0.4047619047619047,0.6466553287981859,combo_0008_c30_t0_l0_mu0p1_e1,30.0,0.0,0.0,0.1
random_topk_16,26,7,9,4,1.0,30.0,137,137,0,127.0,15.136731244751516,42,0.5476190476190477,0.7479591836734694,combo_0008_c30_t0_l0_mu0p1_e1,30.0,0.0,0.0,0.1
random_topk_17,25,6,9,5,1.0,30.0,136,136,0,126.25,14.148348844767336,42,0.5714285714285714,0.7087301587301587,combo_0008_c30_t0_l0_mu0p1_e1,30.0,0.0,0.0,0.1
random_topk_18,24,7,11,6,1.0,30.0,127,127,0,115.25,12.800546725822846,42,0.5,0.6688775510204081,combo_0008_c30_t0_l0_mu0p1_e1,30.0,0.0,0.0,0.1
random_topk_19,24,6,10,6,1.0,30.0,125,125,0,115.5,13.781168647097417,42,0.5952380952380952,0.7956916099773242,combo_0008_c30_t0_l0_mu0p1_e1,30.0,0.0,0.0,0.1
random_topk_20,24,6,10,6,1.0,30.0,128,128,0,118.0,13.221819326797068,42,0.7142857142857143,0.8106575963718822,combo_0008_c30_t0_l0_mu0p1_e1,30.0,0.0,0.0,0.1
random_topk_21,24,7,10,6,1.0,30.0,124,124,0,112.5,13.85006793966631,42,0.4761904761904761,0.673639455782313,combo_0008_c30_t0_l0_mu0p1_e1,30.0,0.0,0.0,0.1
random_topk_22,24,6,9,6,1.0,30.0,125,125,0,115.0,14.367688026104243,42,0.6428571428571429,0.784126984126984,combo_0008_c30_t0_l0_mu0p1_e1,30.0,0.0,0.0,0.1
random_topk_23,24,5,10,6,1.0,30.0,129,129,0,119.0,12.64326227128728,42,0.3333333333333333,0.5883219954648526,combo_0008_c30_t0_l0_mu0p1_e1,30.0,0.0,0.0,0.1
random_topk_24,24,7,12,6,1.0,30.0,125,125,0,114.5,13.774030354378938,42,0.5714285714285714,0.7116213151927437,combo_0008_c30_t0_l0_mu0p1_e1,30.0,0.0,0.0,0.1
random_topk_25,24,6,10,6,1.0,30.0,127,127,0,117.25,13.784953000051988,42,0.3571428571428571,0.5869614512471655,combo_0008_c30_t0_l0_mu0p1_e1,30.0,0.0,0.0,0.1
random_topk_26,24,7,11,6,1.0,30.0,129,129,0,119.0,13.35499344427828,42,0.3571428571428571,0.576360544217687,combo_0008_c30_t0_l0_mu0p1_e1,30.0,0.0,0.0,0.1
random_topk_27,24,7,10,6,1.0,30.0,131,131,0,121.75,13.265255456270896,42,0.5476190476190477,0.6926303854875284,combo_0008_c30_t0_l0_mu0p1_e1,30.0,0.0,0.0,0.1
random_topk_28,24,6,11,6,1.0,30.0,134,134,0,124.75,14.046901961422185,42,0.5952380952380952,0.7353174603174603,combo_0008_c30_t0_l0_mu0p1_e1,30.0,0.0,0.0,0.1
random_topk_29,24,6,11,6,1.0,30.0,121,121,0,109.0,12.936015891286328,42,0.4761904761904761,0.601360544217687,combo_0008_c30_t0_l0_mu0p1_e1,30.0,0.0,0.0,0.1
random_topk_30,24,7,12,6,1.0,30.0,129,129,0,118.5,12.900905825008318,42,0.5476190476190477,0.7130952380952381,combo_0008_c30_t0_l0_mu0p1_e1,30.0,0.0,0.0,0.1
aqf_full,22,7,8,5,1.5,29.5,120,120,0,110.5,16.759858118298965,42,0.6666666666666666,0.7385487528344671,combo_0009_c30_t0_l0_mu0p1_e1p5,30.0,0.0,0.0,0.1
aqf_topk_no_threshold,22,7,8,5,1.5,29.5,120,120,0,110.5,16.759858118298965,42,0.6666666666666666,0.7385487528344671,combo_0009_c30_t0_l0_mu0p1_e1p5,30.0,0.0,0.0,0.1
frequency_only,22,7,8,5,1.5,29.5,120,120,0,110.5,16.759858118298965,42,0.6666666666666666,0.7385487528344671,combo_0009_c30_t0_l0_mu0p1_e1p5,30.0,0.0,0.0,0.1
flattened_topk,22,1,1,5,1.5,29.5,120,120,0,110.5,16.759858118298965,42,0.6666666666666666,0.7385487528344671,combo_0009_c30_t0_l0_mu0p1_e1p5,30.0,0.0,0.0,0.1
no_operator_awareness,22,7,8,5,1.5,29.5,242,120,122,264.0,16.759858118298965,42,0.6666666666666666,0.7385487528344671,combo_0009_c30_t0_l0_mu0p1_e1p5,30.0,0.0,0.0,0.1
no_pruning,35,7,12,6,1.5,44.0,187,187,0,172.5,19.94819559939007,42,0.9523809523809524,0.9523809523809524,combo_0009_c30_t0_l0_mu0p1_e1p5,30.0,0.0,0.0,0.1
random_topk_1,21,7,11,6,1.5,30.0,109,109,0,100.75,12.58523769474608,42,0.3809523809523809,0.5361111111111111,combo_0009_c30_t0_l0_mu0p1_e1p5,30.0,0.0,0.0,0.1
random_topk_2,21,6,10,6,1.5,30.0,112,112,0,102.75,11.310497919104533,42,0.5238095238095238,0.715249433106576,combo_0009_c30_t0_l0_mu0p1_e1p5,30.0,0.0,0.0,0.1
random_topk_3,21,6,9,6,1.5,30.0,114,114,0,105.5,11.991688952293291,42,0.3095238095238095,0.5531179138321995,combo_0009_c30_t0_l0_mu0p1_e1p5,30.0,0.0,0.0,0.1
random_topk_4,21,7,11,6,1.5,30.0,111,111,0,103.0,11.27183073831364,42,0.3809523809523809,0.5963151927437641,combo_0009_c30_t0_l0_mu0p1_e1p5,30.0,0.0,0.0,0.1
random_topk_5,21,6,11,6,1.5,30.0,107,107,0,97.5,11.042594037370964,42,0.4285714285714285,0.6366213151927438,combo_0009_c30_t0_l0_mu0p1_e1p5,30.0,0.0,0.0,0.1
random_topk_6,21,7,11,6,1.5,30.0,111,111,0,102.0,11.72275389109433,42,0.3571428571428571,0.5345238095238095,combo_0009_c30_t0_l0_mu0p1_e1p5,30.0,0.0,0.0,0.1
random_topk_7,21,6,8,6,1.5,30.0,111,111,0,101.5,12.167163852219266,42,0.3333333333333333,0.5213151927437641,combo_0009_c30_t0_l0_mu0p1_e1p5,30.0,0.0,0.0,0.1
random_topk_8,21,6,11,6,1.5,30.0,109,109,0,99.75,10.81885073143101,42,0.3095238095238095,0.5539115646258503,combo_0009_c30_t0_l0_mu0p1_e1p5,30.0,0.0,0.0,0.1
random_topk_9,21,5,9,6,1.5,30.0,113,113,0,105.25,11.957608920501787,42,0.6428571428571429,0.7348072562358277,combo_0009_c30_t0_l0_mu0p1_e1p5,30.0,0.0,0.0,0.1
random_topk_10,21,7,10,6,1.5,30.0,113,113,0,105.25,12.620076959165717,42,0.3571428571428571,0.5311791383219955,combo_0009_c30_t0_l0_mu0p1_e1p5,30.0,0.0,0.0,0.1
random_topk_11,21,6,9,6,1.5,30.0,112,112,0,102.75,11.907753863984802,42,0.2619047619047619,0.3981859410430839,combo_0009_c30_t0_l0_mu0p1_e1p5,30.0,0.0,0.0,0.1
random_topk_12,21,7,10,6,1.5,30.0,112,112,0,102.75,11.06876049497533,42,0.3571428571428571,0.573015873015873,combo_0009_c30_t0_l0_mu0p1_e1p5,30.0,0.0,0.0,0.1
random_topk_13,21,6,9,6,1.5,30.0,115,115,0,107.5,12.813938548759994,42,0.4523809523809524,0.6350340136054422,combo_0009_c30_t0_l0_mu0p1_e1p5,30.0,0.0,0.0,0.1
random_topk_14,21,7,9,6,1.5,30.0,118,118,0,110.0,13.443877223818497,42,0.5,0.6385487528344671,combo_0009_c30_t0_l0_mu0p1_e1p5,30.0,0.0,0.0,0.1
random_topk_15,21,7,12,6,1.5,30.0,114,114,0,106.0,12.037498010639055,42,0.3095238095238095,0.5712585034013605,combo_0009_c30_t0_l0_mu0p1_e1p5,30.0,0.0,0.0,0.1
random_topk_16,24,7,9,4,1.5,30.0,125,125,0,115.5,14.256683662745992,42,0.5476190476190477,0.7479591836734694,combo_0009_c30_t0_l0_mu0p1_e1p5,30.0,0.0,0.0,0.1
random_topk_17,22,6,9,5,1.5,29.5,122,122,0,113.75,11.784851600849516,42,0.4285714285714285,0.5770975056689343,combo_0009_c30_t0_l0_mu0p1_e1p5,30.0,0.0,0.0,0.1
random_topk_18,21,7,9,6,1.5,30.0,111,111,0,100.5,11.927708016989063,42,0.4047619047619047,0.5854308390022676,combo_0009_c30_t0_l0_mu0p1_e1p5,30.0,0.0,0.0,0.1
random_topk_19,21,6,9,6,1.5,30.0,107,107,0,97.5,12.11398816557479,42,0.5476190476190477,0.7223922902494332,combo_0009_c30_t0_l0_mu0p1_e1p5,30.0,0.0,0.0,0.1
random_topk_20,21,6,9,6,1.5,30.0,114,114,0,106.0,11.612986653501004,42,0.6666666666666666,0.7482993197278911,combo_0009_c30_t0_l0_mu0p1_e1p5,30.0,0.0,0.0,0.1
random_topk_21,21,7,10,6,1.5,30.0,108,108,0,97.75,11.594602843821372,42,0.3571428571428571,0.5982426303854875,combo_0009_c30_t0_l0_mu0p1_e1p5,30.0,0.0,0.0,0.1
random_topk_22,21,6,9,6,1.5,30.0,107,107,0,97.5,11.354095493790483,42,0.5476190476190477,0.7159863945578232,combo_0009_c30_t0_l0_mu0p1_e1p5,30.0,0.0,0.0,0.1
random_topk_23,21,5,9,6,1.5,30.0,111,111,0,101.5,11.713193649098736,42,0.2619047619047619,0.482766439909297,combo_0009_c30_t0_l0_mu0p1_e1p5,30.0,0.0,0.0,0.1
random_topk_24,21,7,11,6,1.5,30.0,107,107,0,98.0,12.0131670147849,42,0.5,0.6691043083900227,combo_0009_c30_t0_l0_mu0p1_e1p5,30.0,0.0,0.0,0.1
random_topk_25,21,6,9,6,1.5,30.0,115,115,0,107.0,12.387882232383513,42,0.2619047619047619,0.5290249433106575,combo_0009_c30_t0_l0_mu0p1_e1p5,30.0,0.0,0.0,0.1
random_topk_26,21,6,10,6,1.5,30.0,111,111,0,101.5,11.496458057254683,42,0.2619047619047619,0.4751133786848073,combo_0009_c30_t0_l0_mu0p1_e1p5,30.0,0.0,0.0,0.1
random_topk_27,21,7,9,6,1.5,30.0,116,116,0,108.25,12.519192994004968,42,0.4761904761904761,0.6346938775510205,combo_0009_c30_t0_l0_mu0p1_e1p5,30.0,0.0,0.0,0.1
random_topk_28,21,6,10,6,1.5,30.0,118,118,0,110.0,12.78777441300696,42,0.5476190476190477,0.7064058956916099,combo_0009_c30_t0_l0_mu0p1_e1p5,30.0,0.0,0.0,0.1
random_topk_29,21,5,10,6,1.5,30.0,109,109,0,98.75,11.327615780807028,42,0.4761904761904761,0.5894557823129252,combo_0009_c30_t0_l0_mu0p1_e1p5,30.0,0.0,0.0,0.1
random_topk_30,21,7,12,6,1.5,30.0,119,119,0,111.0,11.43819909492449,42,0.4047619047619047,0.5801020408163265,combo_0009_c30_t0_l0_mu0p1_e1p5,30.0,0.0,0.0,0.1
aqf_full,22,7,8,4,2.0,30.0,120,120,0,111.0,16.63143578119613,42,0.6904761904761905,0.7341269841269841,combo_0010_c30_t0_l0_mu0p1_e2,30.0,0.0,0.0,0.1
aqf_topk_no_threshold,22,7,8,4,2.0,30.0,120,120,0,111.0,16.63143578119613,42,0.6904761904761905,0.7341269841269841,combo_0010_c30_t0_l0_mu0p1_e2,30.0,0.0,0.0,0.1
frequency_only,22,7,7,4,2.0,30.0,117,117,0,107.0,16.61609954491076,42,0.6904761904761905,0.7634920634920636,combo_0010_c30_t0_l0_mu0p1_e2,30.0,0.0,0.0,0.1
flattened_topk,22,1,1,4,2.0,30.0,120,120,0,111.0,16.63143578119613,42,0.6904761904761905,0.7341269841269841,combo_0010_c30_t0_l0_mu0p1_e2,30.0,0.0,0.0,0.1
no_operator_awareness,22,7,8,4,2.0,30.0,242,120,122,264.0,16.63143578119613,42,0.6904761904761905,0.7341269841269841,combo_0010_c30_t0_l0_mu0p1_e2,30.0,0.0,0.0,0.1
no_pruning,35,7,12,6,2.0,47.0,187,187,0,172.5,19.94819559939007,42,0.9523809523809524,0.9523809523809524,combo_0010_c30_t0_l0_mu0p1_e2,30.0,0.0,0.0,0.1
random_topk_1,18,6,9,6,2.0,30.0,91,91,0,83.25,10.089469788663688,42,0.3571428571428571,0.5146825396825397,combo_0010_c30_t0_l0_mu0p1_e2,30.0,0.0,0.0,0.1
random_topk_2,18,6,9,6,2.0,30.0,94,94,0,86.25,9.499700455663325,42,0.4047619047619047,0.6608276643990929,combo_0010_c30_t0_l0_mu0p1_e2,30.0,0.0,0.0,0.1
random_topk_3,18,6,8,6,2.0,30.0,96,96,0,88.5,10.329772736043456,42,0.1904761904761904,0.4511904761904762,combo_0010_c30_t0_l0_mu0p1_e2,30.0,0.0,0.0,0.1
random_topk_4,18,7,11,6,2.0,30.0,93,93,0,86.0,8.86626452392958,42,0.2857142857142857,0.4807823129251701,combo_0010_c30_t0_l0_mu0p1_e2,30.0,0.0,0.0,0.1
random_topk_5,18,6,11,6,2.0,30.0,93,93,0,85.5,9.281202256533316,42,0.3571428571428571,0.5687074829931973,combo_0010_c30_t0_l0_mu0p1_e2,30.0,0.0,0.0,0.1
random_topk_6,18,7,11,6,2.0,30.0,93,93,0,84.5,9.816458293267049,42,0.3095238095238095,0.4312925170068027,combo_0010_c30_t0_l0_mu0p1_e2,30.0,0.0,0.0,0.1
random_topk_7,18,5,7,6,2.0,30.0,93,93,0,84.5,9.78545537787652,42,0.3095238095238095,0.4856009070294784,combo_0010_c30_t0_l0_mu0p1_e2,30.0,0.0,0.0,0.1
random_topk_8,18,5,10,6,2.0,30.0,93,93,0,84.5,9.79042261202534,42,0.2857142857142857,0.5335034013605442,combo_0010_c30_t0_l0_mu0p1_e2,30.0,0.0,0.0,0.1
random_topk_9,18,5,9,6,2.0,30.0,98,98,0,91.25,10.415229695840663,42,0.4523809523809524,0.6110544217687075,combo_0010_c30_t0_l0_mu0p1_e2,30.0,0.0,0.0,0.1
random_topk_10,18,7,10,6,2.0,30.0,95,95,0,88.75,10.930513904157932,42,0.3095238095238095,0.4895124716553288,combo_0010_c30_t0_l0_mu0p1_e2,30.0,0.0,0.0,0.1
random_topk_11,18,6,9,6,2.0,30.0,98,98,0,89.75,10.05297341767267,42,0.2142857142857142,0.3545351473922902,combo_0010_c30_t0_l0_mu0p1_e2,30.0,0.0,0.0,0.1
random_topk_12,18,7,10,6,2.0,30.0,96,96,0,88.0,9.005263251057512,42,0.2142857142857142,0.398469387755102,combo_0010_c30_t0_l0_mu0p1_e2,30.0,0.0,0.0,0.1
random_topk_13,18,6,9,6,2.0,30.0,97,97,0,90.0,10.42358497991822,42,0.2619047619047619,0.4894557823129252,combo_0010_c30_t0_l0_mu0p1_e2,30.0,0.0,0.0,0.1
random_topk_14,18,7,9,6,2.0,30.0,104,104,0,98.0,11.90727859568818,42,0.4761904761904761,0.5829931972789115,combo_0010_c30_t0_l0_mu0p1_e2,30.0,0.0,0.0,0.1
random_topk_15,18,6,11,6,2.0,30.0,96,96,0,88.5,10.214535746145105,42,0.238095238095238,0.4850907029478458,combo_0010_c30_t0_l0_mu0p1_e2,30.0,0.0,0.0,0.1
random_topk_16,22,7,8,4,2.0,30.0,113,113,0,103.5,13.043302747407134,42,0.5476190476190477,0.7336734693877551,combo_0010_c30_t0_l0_mu0p1_e2,30.0,0.0,0.0,0.1
random_topk_17,20,6,9,5,2.0,30.0,110,110,0,102.25,10.999117524268607,42,0.3809523809523809,0.5441043083900227,combo_0010_c30_t0_l0_mu0p1_e2,30.0,0.0,0.0,0.1
random_topk_18,18,7,8,6,2.0,30.0,97,97,0,88.0,10.88817437422439,42,0.3571428571428571,0.5434807256235827,combo_0010_c30_t0_l0_mu0p1_e2,30.0,0.0,0.0,0.1
random_topk_19,18,6,8,6,2.0,30.0,91,91,0,82.75,9.584906843688694,42,0.3095238095238095,0.5358843537414966,combo_0010_c30_t0_l0_mu0p1_e2,30.0,0.0,0.0,0.1
random_topk_20,22,6,8,4,2.0,30.0,118,118,0,108.75,12.493315163570918,42,0.6666666666666666,0.7380952380952381,combo_0010_c30_t0_l0_mu0p1_e2,30.0,0.0,0.0,0.1
random_topk_21,18,7,10,6,2.0,30.0,92,92,0,83.0,10.146016924637744,42,0.2619047619047619,0.4950113378684807,combo_0010_c30_t0_l0_mu0p1_e2,30.0,0.0,0.0,0.1
random_topk_22,18,6,9,6,2.0,30.0,91,91,0,82.75,9.996485897145176,42,0.3333333333333333,0.6055555555555555,combo_0010_c30_t0_l0_mu0p1_e2,30.0,0.0,0.0,0.1
random_topk_23,18,5,9,6,2.0,30.0,93,93,0,84.5,9.452330309504696,42,0.1904761904761904,0.4050453514739229,combo_0010_c30_t0_l0_mu0p1_e2,30.0,0.0,0.0,0.1
random_topk_24,18,7,11,6,2.0,30.0,91,91,0,83.75,10.4678515890489,42,0.3571428571428571,0.4793083900226757,combo_0010_c30_t0_l0_mu0p1_e2,30.0,0.0,0.0,0.1
random_topk_25,18,6,9,6,2.0,30.0,97,97,0,90.0,9.492537394404405,42,0.1904761904761904,0.3985260770975056,combo_0010_c30_t0_l0_mu0p1_e2,30.0,0.0,0.0,0.1
random_topk_26,18,6,9,6,2.0,30.0,93,93,0,84.0,10.362610909065394,42,0.2619047619047619,0.4608276643990929,combo_0010_c30_t0_l0_mu0p1_e2,30.0,0.0,0.0,0.1
random_topk_27,18,7,9,6,2.0,30.0,100,100,0,94.0,11.00497111240599,42,0.2142857142857142,0.401984126984127,combo_0010_c30_t0_l0_mu0p1_e2,30.0,0.0,0.0,0.1
random_topk_28,18,6,10,6,2.0,30.0,100,100,0,93.0,10.652416859064582,42,0.4761904761904761,0.65640589569161,combo_0010_c30_t0_l0_mu0p1_e2,30.0,0.0,0.0,0.1
random_topk_29,18,5,9,6,2.0,30.0,93,93,0,84.5,9.964900015277015,42,0.2619047619047619,0.4528344671201814,combo_0010_c30_t0_l0_mu0p1_e2,30.0,0.0,0.0,0.1
random_topk_30,18,7,11,6,2.0,30.0,103,103,0,96.25,10.150593347832148,42,0.3809523809523809,0.5579931972789116,combo_0010_c30_t0_l0_mu0p1_e2,30.0,0.0,0.0,0.1
aqf_full,30,7,11,6,0.0,30.0,163,163,0,150.25,37.317660773055294,42,0.8809523809523809,0.8809523809523809,combo_0011_c30_t0_l0_mu0p25_e0,30.0,0.0,0.0,0.25
aqf_topk_no_threshold,30,7,11,6,0.0,30.0,163,163,0,150.25,37.317660773055294,42,0.8809523809523809,0.8809523809523809,combo_0011_c30_t0_l0_mu0p25_e0,30.0,0.0,0.0,0.25
frequency_only,30,7,11,6,0.0,30.0,157,157,0,142.5,37.10366900350797,42,0.8809523809523809,0.9068027210884354,combo_0011_c30_t0_l0_mu0p25_e0,30.0,0.0,0.0,0.25
flattened_topk,30,1,1,6,0.0,30.0,163,163,0,150.25,37.317660773055294,42,0.8809523809523809,0.8809523809523809,combo_0011_c30_t0_l0_mu0p25_e0,30.0,0.0,0.0,0.25
no_operator_awareness,30,7,11,6,0.0,30.0,330,163,167,360.0,37.317660773055294,42,0.8809523809523809,0.8809523809523809,combo_0011_c30_t0_l0_mu0p25_e0,30.0,0.0,0.0,0.25
no_pruning,35,7,12,6,0.0,35.0,187,187,0,172.5,38.95106070014661,42,0.9523809523809524,0.9523809523809524,combo_0011_c30_t0_l0_mu0p25_e0,30.0,0.0,0.0,0.25
random_topk_1,30,7,11,6,0.0,30.0,157,157,0,145.0,33.41480566933584,42,0.5714285714285714,0.7649659863945578,combo_0011_c30_t0_l0_mu0p25_e0,30.0,0.0,0.0,0.25
random_topk_2,30,7,12,6,0.0,30.0,160,160,0,148.0,32.85687667461135,42,0.7857142857142857,0.8524943310657596,combo_0011_c30_t0_l0_mu0p25_e0,30.0,0.0,0.0,0.25
random_topk_3,30,7,11,6,0.0,30.0,162,162,0,150.25,34.51227179757539,42,0.7142857142857143,0.8082766439909298,combo_0011_c30_t0_l0_mu0p25_e0,30.0,0.0,0.0,0.25
random_topk_4,30,7,12,6,0.0,30.0,161,161,0,149.0,33.633920198798954,42,0.7619047619047619,0.8638321995464852,combo_0011_c30_t0_l0_mu0p25_e0,30.0,0.0,0.0,0.25
random_topk_5,30,6,11,6,0.0,30.0,157,157,0,143.0,32.93234186613698,42,0.7857142857142857,0.873639455782313,combo_0011_c30_t0_l0_mu0p25_e0,30.0,0.0,0.0,0.25
random_topk_6,30,7,12,6,0.0,30.0,159,159,0,145.75,32.52316693345632,42,0.6428571428571429,0.7827097505668935,combo_0011_c30_t0_l0_mu0p25_e0,30.0,0.0,0.0,0.25
random_topk_7,30,7,11,6,0.0,30.0,163,163,0,150.75,34.36197021205073,42,0.7619047619047619,0.819047619047619,combo_0011_c30_t0_l0_mu0p25_e0,30.0,0.0,0.0,0.25
random_topk_8,30,7,12,6,0.0,30.0,157,157,0,143.5,32.14760136491689,42,0.7142857142857143,0.8341836734693877,combo_0011_c30_t0_l0_mu0p25_e0,30.0,0.0,0.0,0.25
random_topk_9,30,7,11,6,0.0,30.0,163,163,0,151.25,33.58787425101956,42,0.8571428571428571,0.8944444444444445,combo_0011_c30_t0_l0_mu0p25_e0,30.0,0.0,0.0,0.25
random_topk_10,30,7,11,6,0.0,30.0,161,161,0,149.0,33.57922360066198,42,0.7380952380952381,0.8252834467120183,combo_0011_c30_t0_l0_mu0p25_e0,30.0,0.0,0.0,0.25
random_topk_11,30,7,12,6,0.0,30.0,163,163,0,151.75,33.72098651412614,42,0.5,0.7093537414965987,combo_0011_c30_t0_l0_mu0p25_e0,30.0,0.0,0.0,0.25
random_topk_12,30,7,12,6,0.0,30.0,161,161,0,149.0,31.66160166599212,42,0.6904761904761905,0.7658730158730158,combo_0011_c30_t0_l0_mu0p25_e0,30.0,0.0,0.0,0.25
random_topk_13,30,7,12,6,0.0,30.0,161,161,0,149.0,33.77242684334424,42,0.6428571428571429,0.7869614512471654,combo_0011_c30_t0_l0_mu0p25_e0,30.0,0.0,0.0,0.25
random_topk_14,30,7,10,6,0.0,30.0,163,163,0,150.75,35.83023003391242,42,0.8095238095238095,0.8733560090702949,combo_0011_c30_t0_l0_mu0p25_e0,30.0,0.0,0.0,0.25
random_topk_15,30,7,12,6,0.0,30.0,161,161,0,148.0,33.41046584853301,42,0.7619047619047619,0.849092970521542,combo_0011_c30_t0_l0_mu0p25_e0,30.0,0.0,0.0,0.25
random_topk_16,30,7,12,6,0.0,30.0,159,159,0,146.75,32.500488386118775,42,0.6666666666666666,0.8290249433106576,combo_0011_c30_t0_l0_mu0p25_e0,30.0,0.0,0.0,0.25
random_topk_17,30,7,11,6,0.0,30.0,159,159,0,146.75,32.92590999509158,42,0.6666666666666666,0.8038548752834467,combo_0011_c30_t0_l0_mu0p25_e0,30.0,0.0,0.0,0.25
random_topk_18,30,7,11,6,0.0,30.0,157,157,0,143.0,32.31632082085099,42,0.5952380952380952,0.7232993197278912,combo_0011_c30_t0_l0_mu0p25_e0,30.0,0.0,0.0,0.25
random_topk_19,30,7,12,6,0.0,30.0,161,161,0,149.5,33.70210201698077,42,0.8333333333333334,0.9047619047619048,combo_0011_c30_t0_l0_mu0p25_e0,30.0,0.0,0.0,0.25
random_topk_20,30,7,12,6,0.0,30.0,164,164,0,152.5,34.405618848329844,42,0.7619047619047619,0.8463718820861679,combo_0011_c30_t0_l0_mu0p25_e0,30.0,0.0,0.0,0.25
random_topk_21,30,7,11,6,0.0,30.0,160,160,0,147.5,32.23026527629872,42,0.6666666666666666,0.7934807256235827,combo_0011_c30_t0_l0_mu0p25_e0,30.0,0.0,0.0,0.25
random_topk_22,30,7,11,6,0.0,30.0,157,157,0,144.5,34.49398548013685,42,0.7857142857142857,0.8679138321995464,combo_0011_c30_t0_l0_mu0p25_e0,30.0,0.0,0.0,0.25
random_topk_23,30,5,10,6,0.0,30.0,157,157,0,144.0,31.239036444454648,42,0.5714285714285714,0.7498866213151927,combo_0011_c30_t0_l0_mu0p25_e0,30.0,0.0,0.0,0.25
random_topk_24,30,7,12,6,0.0,30.0,161,161,0,148.5,34.62145583586808,42,0.7857142857142857,0.8655328798185942,combo_0011_c30_t0_l0_mu0p25_e0,30.0,0.0,0.0,0.25
random_topk_25,30,6,10,6,0.0,30.0,163,163,0,150.75,34.27189920422373,42,0.7380952380952381,0.8437074829931972,combo_0011_c30_t0_l0_mu0p25_e0,30.0,0.0,0.0,0.25
random_topk_26,30,7,12,6,0.0,30.0,157,157,0,143.5,32.44466816981026,42,0.5952380952380952,0.7735260770975058,combo_0011_c30_t0_l0_mu0p25_e0,30.0,0.0,0.0,0.25
random_topk_27,30,7,11,6,0.0,30.0,161,161,0,149.0,32.50399017965324,42,0.7142857142857143,0.8218820861678005,combo_0011_c30_t0_l0_mu0p25_e0,30.0,0.0,0.0,0.25
random_topk_28,30,7,12,6,0.0,30.0,161,161,0,148.5,32.04870377386954,42,0.8095238095238095,0.8814625850340136,combo_0011_c30_t0_l0_mu0p25_e0,30.0,0.0,0.0,0.25
random_topk_29,30,7,12,6,0.0,30.0,157,157,0,143.5,32.70330974644937,42,0.6666666666666666,0.8031179138321995,combo_0011_c30_t0_l0_mu0p25_e0,30.0,0.0,0.0,0.25
random_topk_30,30,7,12,6,0.0,30.0,161,161,0,148.0,31.845803189930308,42,0.7857142857142857,0.8616213151927438,combo_0011_c30_t0_l0_mu0p25_e0,30.0,0.0,0.0,0.25
aqf_full,27,7,11,6,0.5,30.0,145,145,0,133.25,36.080830693343714,42,0.8571428571428571,0.8690476190476191,combo_0012_c30_t0_l0_mu0p25_e0p5,30.0,0.0,0.0,0.25
aqf_topk_no_threshold,27,7,11,6,0.5,30.0,145,145,0,133.25,36.080830693343714,42,0.8571428571428571,0.8690476190476191,combo_0012_c30_t0_l0_mu0p25_e0p5,30.0,0.0,0.0,0.25
frequency_only,27,7,11,6,0.5,30.0,143,143,0,130.5,35.973834808570054,42,0.8571428571428571,0.8948979591836735,combo_0012_c30_t0_l0_mu0p25_e0p5,30.0,0.0,0.0,0.25
flattened_topk,27,1,1,6,0.5,30.0,145,145,0,133.25,36.080830693343714,42,0.8571428571428571,0.8690476190476191,combo_0012_c30_t0_l0_mu0p25_e0p5,30.0,0.0,0.0,0.25
no_operator_awareness,27,7,11,6,0.5,30.0,297,145,152,324.0,36.080830693343714,42,0.8571428571428571,0.8690476190476191,combo_0012_c30_t0_l0_mu0p25_e0p5,30.0,0.0,0.0,0.25
no_pruning,35,7,12,6,0.5,38.0,187,187,0,172.5,38.95106070014661,42,0.9523809523809524,0.9523809523809524,combo_0012_c30_t0_l0_mu0p25_e0p5,30.0,0.0,0.0,0.25
random_topk_1,27,7,11,6,0.5,30.0,141,141,0,130.25,28.86221974728179,42,0.5,0.6027210884353741,combo_0012_c30_t0_l0_mu0p25_e0p5,30.0,0.0,0.0,0.25
random_topk_2,27,6,11,6,0.5,30.0,142,142,0,130.0,29.290300936490667,42,0.7619047619047619,0.8286848072562358,combo_0012_c30_t0_l0_mu0p25_e0p5,30.0,0.0,0.0,0.25
random_topk_3,27,7,11,6,0.5,30.0,148,148,0,137.75,29.858340971841493,42,0.6666666666666666,0.7765306122448979,combo_0012_c30_t0_l0_mu0p25_e0p5,30.0,0.0,0.0,0.25
random_topk_4,27,7,12,6,0.5,30.0,143,143,0,132.0,28.99261563569132,42,0.7619047619047619,0.8638321995464852,combo_0012_c30_t0_l0_mu0p25_e0p5,30.0,0.0,0.0,0.25
random_topk_5,27,6,11,6,0.5,30.0,139,139,0,126.5,29.458324435029464,42,0.5714285714285714,0.7755668934240363,combo_0012_c30_t0_l0_mu0p25_e0p5,30.0,0.0,0.0,0.25
random_topk_6,27,7,12,6,0.5,30.0,141,141,0,129.25,27.90843241865786,42,0.5,0.7073129251700679,combo_0012_c30_t0_l0_mu0p25_e0p5,30.0,0.0,0.0,0.25
random_topk_7,27,7,10,6,0.5,30.0,147,147,0,136.0,32.10468592176701,42,0.7142857142857143,0.7860544217687074,combo_0012_c30_t0_l0_mu0p25_e0p5,30.0,0.0,0.0,0.25
random_topk_8,27,7,12,6,0.5,30.0,141,141,0,129.25,28.966629797708705,42,0.7142857142857143,0.8341836734693877,combo_0012_c30_t0_l0_mu0p25_e0p5,30.0,0.0,0.0,0.25
random_topk_9,27,6,10,6,0.5,30.0,147,147,0,137.0,29.492140804336504,42,0.7619047619047619,0.8201814058956917,combo_0012_c30_t0_l0_mu0p25_e0p5,30.0,0.0,0.0,0.25
random_topk_10,27,7,11,6,0.5,30.0,143,143,0,132.5,30.14934319195236,42,0.6190476190476191,0.7335600907029478,combo_0012_c30_t0_l0_mu0p25_e0p5,30.0,0.0,0.0,0.25
random_topk_11,27,7,12,6,0.5,30.0,148,148,0,138.75,31.01268601521514,42,0.3333333333333333,0.5576530612244898,combo_0012_c30_t0_l0_mu0p25_e0p5,30.0,0.0,0.0,0.25
random_topk_12,27,7,12,6,0.5,30.0,146,146,0,135.5,27.86396383078679,42,0.5952380952380952,0.707936507936508,combo_0012_c30_t0_l0_mu0p25_e0p5,30.0,0.0,0.0,0.25
random_topk_13,27,7,10,6,0.5,30.0,145,145,0,134.75,30.96887972905781,42,0.5238095238095238,0.7007936507936507,combo_0012_c30_t0_l0_mu0p25_e0p5,30.0,0.0,0.0,0.25
random_topk_14,27,7,10,6,0.5,30.0,147,147,0,136.5,31.68168451589878,42,0.6666666666666666,0.7990929705215419,combo_0012_c30_t0_l0_mu0p25_e0p5,30.0,0.0,0.0,0.25
random_topk_15,27,7,12,6,0.5,30.0,146,146,0,135.0,29.87751188912267,42,0.4523809523809524,0.6784013605442177,combo_0012_c30_t0_l0_mu0p25_e0p5,30.0,0.0,0.0,0.25
random_topk_16,27,7,11,6,0.5,30.0,141,141,0,130.25,28.91369354879348,42,0.6666666666666666,0.8290249433106576,combo_0012_c30_t0_l0_mu0p25_e0p5,30.0,0.0,0.0,0.25
random_topk_17,27,7,10,5,0.5,29.5,148,148,0,137.75,30.240395054392877,42,0.5952380952380952,0.7182539682539683,combo_0012_c30_t0_l0_mu0p25_e0p5,30.0,0.0,0.0,0.25
random_topk_18,27,7,11,6,0.5,30.0,141,141,0,128.25,28.894101564730057,42,0.5,0.6688775510204081,combo_0012_c30_t0_l0_mu0p25_e0p5,30.0,0.0,0.0,0.25
random_topk_19,27,6,10,6,0.5,30.0,143,143,0,132.0,30.85467853043395,42,0.7857142857142857,0.8850340136054422,combo_0012_c30_t0_l0_mu0p25_e0p5,30.0,0.0,0.0,0.25
random_topk_20,27,6,11,6,0.5,30.0,146,146,0,135.0,29.796810875003068,42,0.7380952380952381,0.822562358276644,combo_0012_c30_t0_l0_mu0p25_e0p5,30.0,0.0,0.0,0.25
random_topk_21,27,7,11,6,0.5,30.0,142,142,0,130.0,30.04557258352844,42,0.5238095238095238,0.7090136054421768,combo_0012_c30_t0_l0_mu0p25_e0p5,30.0,0.0,0.0,0.25
random_topk_22,27,7,10,6,0.5,30.0,141,141,0,129.75,31.900383097496388,42,0.6666666666666666,0.8055555555555556,combo_0012_c30_t0_l0_mu0p25_e0p5,30.0,0.0,0.0,0.25
random_topk_23,27,5,10,6,0.5,30.0,143,143,0,131.5,26.54385169461659,42,0.4047619047619047,0.6284580498866214,combo_0012_c30_t0_l0_mu0p25_e0p5,30.0,0.0,0.0,0.25
random_topk_24,27,7,12,6,0.5,30.0,143,143,0,131.5,29.342579906928204,42,0.5714285714285714,0.7175736961451248,combo_0012_c30_t0_l0_mu0p25_e0p5,30.0,0.0,0.0,0.25
random_topk_25,27,6,10,6,0.5,30.0,145,145,0,133.75,30.573993255787325,42,0.5714285714285714,0.7581065759637189,combo_0012_c30_t0_l0_mu0p25_e0p5,30.0,0.0,0.0,0.25
random_topk_26,27,7,12,6,0.5,30.0,143,143,0,131.5,29.038450312540963,42,0.4285714285714285,0.6302154195011338,combo_0012_c30_t0_l0_mu0p25_e0p5,30.0,0.0,0.0,0.25
random_topk_27,27,7,11,6,0.5,30.0,149,149,0,139.25,28.327666883861824,42,0.5476190476190477,0.7028344671201814,combo_0012_c30_t0_l0_mu0p25_e0p5,30.0,0.0,0.0,0.25
random_topk_28,27,7,12,6,0.5,30.0,152,152,0,142.25,29.735685005146024,42,0.6190476190476191,0.7659297052154195,combo_0012_c30_t0_l0_mu0p25_e0p5,30.0,0.0,0.0,0.25
random_topk_29,27,7,12,6,0.5,30.0,139,139,0,127.0,28.20341932475588,42,0.5238095238095238,0.6319727891156462,combo_0012_c30_t0_l0_mu0p25_e0p5,30.0,0.0,0.0,0.25
random_topk_30,27,7,12,6,0.5,30.0,145,145,0,132.75,28.660661499590645,42,0.7142857142857143,0.8286281179138322,combo_0012_c30_t0_l0_mu0p25_e0p5,30.0,0.0,0.0,0.25
aqf_full,24,7,9,6,1.0,30.0,132,132,0,122.0,34.48446780328944,42,0.7142857142857143,0.7674603174603175,combo_0013_c30_t0_l0_mu0p25_e1,30.0,0.0,0.0,0.25
aqf_topk_no_threshold,24,7,9,6,1.0,30.0,132,132,0,122.0,34.48446780328944,42,0.7142857142857143,0.7674603174603175,combo_0013_c30_t0_l0_mu0p25_e1,30.0,0.0,0.0,0.25
frequency_only,24,7,9,6,1.0,30.0,129,129,0,118.5,34.354152302603566,42,0.7142857142857143,0.7924036281179138,combo_0013_c30_t0_l0_mu0p25_e1,30.0,0.0,0.0,0.25
flattened_topk,24,1,1,6,1.0,30.0,132,132,0,122.0,34.48446780328944,42,0.7142857142857143,0.7674603174603175,combo_0013_c30_t0_l0_mu0p25_e1,30.0,0.0,0.0,0.25
no_operator_awareness,24,7,9,6,1.0,30.0,264,132,132,288.0,34.48446780328944,42,0.7142857142857143,0.7674603174603175,combo_0013_c30_t0_l0_mu0p25_e1,30.0,0.0,0.0,0.25
no_pruning,35,7,12,6,1.0,41.0,187,187,0,172.5,38.95106070014661,42,0.9523809523809524,0.9523809523809524,combo_0013_c30_t0_l0_mu0p25_e1,30.0,0.0,0.0,0.25
random_topk_1,24,7,11,6,1.0,30.0,127,127,0,117.25,26.67752705451152,42,0.4523809523809524,0.5607709750566894,combo_0013_c30_t0_l0_mu0p25_e1,30.0,0.0,0.0,0.25
random_topk_2,24,6,11,6,1.0,30.0,128,128,0,117.5,26.797178663589577,42,0.5238095238095238,0.715249433106576,combo_0013_c30_t0_l0_mu0p25_e1,30.0,0.0,0.0,0.25
random_topk_3,24,7,11,6,1.0,30.0,130,130,0,120.75,25.78704642171773,42,0.3809523809523809,0.6170634920634921,combo_0013_c30_t0_l0_mu0p25_e1,30.0,0.0,0.0,0.25
random_topk_4,24,7,11,6,1.0,30.0,127,127,0,117.75,26.474240837537703,42,0.6190476190476191,0.7557823129251701,combo_0013_c30_t0_l0_mu0p25_e1,30.0,0.0,0.0,0.25
random_topk_5,24,6,11,6,1.0,30.0,121,121,0,110.0,26.08213309087847,42,0.4523809523809524,0.6683673469387755,combo_0013_c30_t0_l0_mu0p25_e1,30.0,0.0,0.0,0.25
random_topk_6,24,7,11,6,1.0,30.0,129,129,0,119.0,26.65438737410415,42,0.4761904761904761,0.6425736961451247,combo_0013_c30_t0_l0_mu0p25_e1,30.0,0.0,0.0,0.25
random_topk_7,24,6,9,6,1.0,30.0,129,129,0,118.0,28.301586329972707,42,0.5952380952380952,0.7175170068027211,combo_0013_c30_t0_l0_mu0p25_e1,30.0,0.0,0.0,0.25
random_topk_8,24,6,11,6,1.0,30.0,123,123,0,111.75,25.56570411895788,42,0.5952380952380952,0.7353174603174603,combo_0013_c30_t0_l0_mu0p25_e1,30.0,0.0,0.0,0.25
random_topk_9,24,6,10,6,1.0,30.0,131,131,0,122.75,26.18188254302681,42,0.6904761904761905,0.768140589569161,combo_0013_c30_t0_l0_mu0p25_e1,30.0,0.0,0.0,0.25
random_topk_10,24,7,10,6,1.0,30.0,129,129,0,120.5,27.634958916307784,42,0.3809523809523809,0.5556689342403628,combo_0013_c30_t0_l0_mu0p25_e1,30.0,0.0,0.0,0.25
random_topk_11,24,7,11,6,1.0,30.0,130,130,0,120.75,28.39617514062669,42,0.3095238095238095,0.4741496598639456,combo_0013_c30_t0_l0_mu0p25_e1,30.0,0.0,0.0,0.25
random_topk_12,24,7,11,6,1.0,30.0,130,130,0,120.25,25.73733797671706,42,0.5476190476190477,0.6766439909297052,combo_0013_c30_t0_l0_mu0p25_e1,30.0,0.0,0.0,0.25
random_topk_13,24,7,10,6,1.0,30.0,127,127,0,117.75,28.42431712693861,42,0.5238095238095238,0.6905895691609977,combo_0013_c30_t0_l0_mu0p25_e1,30.0,0.0,0.0,0.25
random_topk_14,24,7,10,6,1.0,30.0,136,136,0,127.5,27.524993182751068,42,0.5238095238095238,0.6674603174603175,combo_0013_c30_t0_l0_mu0p25_e1,30.0,0.0,0.0,0.25
random_topk_15,24,7,12,6,1.0,30.0,132,132,0,123.0,25.418025507833217,42,0.4047619047619047,0.6466553287981859,combo_0013_c30_t0_l0_mu0p25_e1,30.0,0.0,0.0,0.25
random_topk_16,26,7,9,4,1.0,30.0,137,137,0,127.0,29.05380077973381,42,0.5476190476190477,0.7479591836734694,combo_0013_c30_t0_l0_mu0p25_e1,30.0,0.0,0.0,0.25
random_topk_17,25,6,9,5,1.0,30.0,136,136,0,126.25,27.294016600280216,42,0.5714285714285714,0.7087301587301587,combo_0013_c30_t0_l0_mu0p25_e1,30.0,0.0,0.0,0.25
random_topk_18,24,7,11,6,1.0,30.0,127,127,0,115.25,26.44425735680827,42,0.5,0.6688775510204081,combo_0013_c30_t0_l0_mu0p25_e1,30.0,0.0,0.0,0.25
random_topk_19,24,6,10,6,1.0,30.0,125,125,0,115.5,26.3655478803698,42,0.5952380952380952,0.7956916099773242,combo_0013_c30_t0_l0_mu0p25_e1,30.0,0.0,0.0,0.25
random_topk_20,24,6,10,6,1.0,30.0,128,128,0,118.0,25.919611997273737,42,0.7142857142857143,0.8106575963718822,combo_0013_c30_t0_l0_mu0p25_e1,30.0,0.0,0.0,0.25
random_topk_21,24,7,10,6,1.0,30.0,124,124,0,112.5,27.733409535026944,42,0.4761904761904761,0.673639455782313,combo_0013_c30_t0_l0_mu0p25_e1,30.0,0.0,0.0,0.25
random_topk_22,24,6,9,6,1.0,30.0,125,125,0,115.0,27.797810315589988,42,0.6428571428571429,0.784126984126984,combo_0013_c30_t0_l0_mu0p25_e1,30.0,0.0,0.0,0.25
random_topk_23,24,5,10,6,1.0,30.0,129,129,0,119.0,24.652204865745645,42,0.3333333333333333,0.5883219954648526,combo_0013_c30_t0_l0_mu0p25_e1,30.0,0.0,0.0,0.25
random_topk_24,24,7,12,6,1.0,30.0,125,125,0,114.5,27.06351759201053,42,0.5714285714285714,0.7116213151927437,combo_0013_c30_t0_l0_mu0p25_e1,30.0,0.0,0.0,0.25
random_topk_25,24,6,10,6,1.0,30.0,127,127,0,117.25,27.116335069299925,42,0.3571428571428571,0.5869614512471655,combo_0013_c30_t0_l0_mu0p25_e1,30.0,0.0,0.0,0.25
random_topk_26,24,7,11,6,1.0,30.0,129,129,0,119.0,26.588257332569164,42,0.3571428571428571,0.576360544217687,combo_0013_c30_t0_l0_mu0p25_e1,30.0,0.0,0.0,0.25
random_topk_27,24,7,10,6,1.0,30.0,131,131,0,121.75,25.783104281742624,42,0.5476190476190477,0.6926303854875284,combo_0013_c30_t0_l0_mu0p25_e1,30.0,0.0,0.0,0.25
random_topk_28,24,6,11,6,1.0,30.0,134,134,0,124.75,27.526257977775927,42,0.5952380952380952,0.7353174603174603,combo_0013_c30_t0_l0_mu0p25_e1,30.0,0.0,0.0,0.25
random_topk_29,24,6,11,6,1.0,30.0,121,121,0,109.0,25.99399229738578,42,0.4761904761904761,0.601360544217687,combo_0013_c30_t0_l0_mu0p25_e1,30.0,0.0,0.0,0.25
random_topk_30,24,7,12,6,1.0,30.0,129,129,0,118.5,25.2519183897961,42,0.5476190476190477,0.7130952380952381,combo_0013_c30_t0_l0_mu0p25_e1,30.0,0.0,0.0,0.25
aqf_full,22,7,8,5,1.5,29.5,120,120,0,110.5,33.13577255297441,42,0.6666666666666666,0.7385487528344671,combo_0014_c30_t0_l0_mu0p25_e1p5,30.0,0.0,0.0,0.25
aqf_topk_no_threshold,22,7,8,5,1.5,29.5,120,120,0,110.5,33.13577255297441,42,0.6666666666666666,0.7385487528344671,combo_0014_c30_t0_l0_mu0p25_e1p5,30.0,0.0,0.0,0.25
frequency_only,22,7,8,5,1.5,29.5,120,120,0,110.5,33.13577255297441,42,0.6666666666666666,0.7385487528344671,combo_0014_c30_t0_l0_mu0p25_e1p5,30.0,0.0,0.0,0.25
flattened_topk,22,1,1,5,1.5,29.5,120,120,0,110.5,33.13577255297441,42,0.6666666666666666,0.7385487528344671,combo_0014_c30_t0_l0_mu0p25_e1p5,30.0,0.0,0.0,0.25
no_operator_awareness,22,7,8,5,1.5,29.5,242,120,122,264.0,33.13577255297441,42,0.6666666666666666,0.7385487528344671,combo_0014_c30_t0_l0_mu0p25_e1p5,30.0,0.0,0.0,0.25
no_pruning,35,7,12,6,1.5,44.0,187,187,0,172.5,38.95106070014661,42,0.9523809523809524,0.9523809523809524,combo_0014_c30_t0_l0_mu0p25_e1p5,30.0,0.0,0.0,0.25
random_topk_1,21,7,11,6,1.5,30.0,109,109,0,100.75,24.0564898296214,42,0.3809523809523809,0.5361111111111111,combo_0014_c30_t0_l0_mu0p25_e1p5,30.0,0.0,0.0,0.25
random_topk_2,21,6,10,6,1.5,30.0,112,112,0,102.75,23.21302564975957,42,0.5238095238095238,0.715249433106576,combo_0014_c30_t0_l0_mu0p25_e1p5,30.0,0.0,0.0,0.25
random_topk_3,21,6,9,6,1.5,30.0,114,114,0,105.5,23.577619394347632,42,0.3095238095238095,0.5531179138321995,combo_0014_c30_t0_l0_mu0p25_e1p5,30.0,0.0,0.0,0.25
random_topk_4,21,7,11,6,1.5,30.0,111,111,0,103.0,21.671654915483654,42,0.3809523809523809,0.5963151927437641,combo_0014_c30_t0_l0_mu0p25_e1p5,30.0,0.0,0.0,0.25
random_topk_5,21,6,11,6,1.5,30.0,107,107,0,97.5,21.428202265144577,42,0.4285714285714285,0.6366213151927438,combo_0014_c30_t0_l0_mu0p25_e1p5,30.0,0.0,0.0,0.25
random_topk_6,21,7,11,6,1.5,30.0,111,111,0,102.0,24.0744129511464,42,0.3571428571428571,0.5345238095238095,combo_0014_c30_t0_l0_mu0p25_e1p5,30.0,0.0,0.0,0.25
random_topk_7,21,6,8,6,1.5,30.0,111,111,0,101.5,24.6466096744656,42,0.3333333333333333,0.5213151927437641,combo_0014_c30_t0_l0_mu0p25_e1p5,30.0,0.0,0.0,0.25
random_topk_8,21,6,11,6,1.5,30.0,109,109,0,99.75,21.065813697264392,42,0.3095238095238095,0.5539115646258503,combo_0014_c30_t0_l0_mu0p25_e1p5,30.0,0.0,0.0,0.25
random_topk_9,21,5,9,6,1.5,30.0,113,113,0,105.25,22.795449617899177,42,0.6428571428571429,0.7348072562358277,combo_0014_c30_t0_l0_mu0p25_e1p5,30.0,0.0,0.0,0.25
random_topk_10,21,7,10,6,1.5,30.0,113,113,0,105.25,24.12066308948472,42,0.3571428571428571,0.5311791383219955,combo_0014_c30_t0_l0_mu0p25_e1p5,30.0,0.0,0.0,0.25
random_topk_11,21,6,9,6,1.5,30.0,112,112,0,102.75,24.077575261630862,42,0.2619047619047619,0.3981859410430839,combo_0014_c30_t0_l0_mu0p25_e1p5,30.0,0.0,0.0,0.25
random_topk_12,21,7,10,6,1.5,30.0,112,112,0,102.75,22.095995117414557,42,0.3571428571428571,0.573015873015873,combo_0014_c30_t0_l0_mu0p25_e1p5,30.0,0.0,0.0,0.25
random_topk_13,21,6,9,6,1.5,30.0,115,115,0,107.5,24.107842315995672,42,0.4523809523809524,0.6350340136054422,combo_0014_c30_t0_l0_mu0p25_e1p5,30.0,0.0,0.0,0.25
random_topk_14,21,7,9,6,1.5,30.0,118,118,0,110.0,26.12965870061162,42,0.5,0.6385487528344671,combo_0014_c30_t0_l0_mu0p25_e1p5,30.0,0.0,0.0,0.25
random_topk_15,21,7,12,6,1.5,30.0,114,114,0,106.0,23.02785208180444,42,0.3095238095238095,0.5712585034013605,combo_0014_c30_t0_l0_mu0p25_e1p5,30.0,0.0,0.0,0.25
random_topk_16,24,7,9,4,1.5,30.0,125,125,0,115.5,27.18701515805333,42,0.5476190476190477,0.7479591836734694,combo_0014_c30_t0_l0_mu0p25_e1p5,30.0,0.0,0.0,0.25
random_topk_17,22,6,9,5,1.5,29.5,122,122,0,113.75,23.27416237937456,42,0.4285714285714285,0.5770975056689343,combo_0014_c30_t0_l0_mu0p25_e1p5,30.0,0.0,0.0,0.25
random_topk_18,21,7,9,6,1.5,30.0,111,111,0,100.5,24.81771614027937,42,0.4047619047619047,0.5854308390022676,combo_0014_c30_t0_l0_mu0p25_e1p5,30.0,0.0,0.0,0.25
random_topk_19,21,6,9,6,1.5,30.0,107,107,0,97.5,23.642041121007683,42,0.5476190476190477,0.7223922902494332,combo_0014_c30_t0_l0_mu0p25_e1p5,30.0,0.0,0.0,0.25
random_topk_20,21,6,9,6,1.5,30.0,114,114,0,106.0,22.56419698070025,42,0.6666666666666666,0.7482993197278911,combo_0014_c30_t0_l0_mu0p25_e1p5,30.0,0.0,0.0,0.25
random_topk_21,21,7,10,6,1.5,30.0,108,108,0,97.75,23.261413462081265,42,0.3571428571428571,0.5982426303854875,combo_0014_c30_t0_l0_mu0p25_e1p5,30.0,0.0,0.0,0.25
random_topk_22,21,6,9,6,1.5,30.0,107,107,0,97.5,22.488576459553062,42,0.5476190476190477,0.7159863945578232,combo_0014_c30_t0_l0_mu0p25_e1p5,30.0,0.0,0.0,0.25
random_topk_23,21,5,9,6,1.5,30.0,111,111,0,101.5,22.57450805774904,42,0.2619047619047619,0.482766439909297,combo_0014_c30_t0_l0_mu0p25_e1p5,30.0,0.0,0.0,0.25
random_topk_24,21,7,11,6,1.5,30.0,107,107,0,98.0,23.372470354136546,42,0.5,0.6691043083900227,combo_0014_c30_t0_l0_mu0p25_e1p5,30.0,0.0,0.0,0.25
random_topk_25,21,6,9,6,1.5,30.0,115,115,0,107.0,24.093355119825706,42,0.2619047619047619,0.5290249433106575,combo_0014_c30_t0_l0_mu0p25_e1p5,30.0,0.0,0.0,0.25
random_topk_26,21,6,10,6,1.5,30.0,111,111,0,101.5,22.973429624781808,42,0.2619047619047619,0.4751133786848073,combo_0014_c30_t0_l0_mu0p25_e1p5,30.0,0.0,0.0,0.25
random_topk_27,21,7,9,6,1.5,30.0,116,116,0,108.25,24.417948126077803,42,0.4761904761904761,0.6346938775510205,combo_0014_c30_t0_l0_mu0p25_e1p5,30.0,0.0,0.0,0.25
random_topk_28,21,6,10,6,1.5,30.0,118,118,0,110.0,25.03399466229342,42,0.5476190476190477,0.7064058956916099,combo_0014_c30_t0_l0_mu0p25_e1p5,30.0,0.0,0.0,0.25
random_topk_29,21,5,10,6,1.5,30.0,109,109,0,98.75,22.808850607046114,42,0.4761904761904761,0.5894557823129252,combo_0014_c30_t0_l0_mu0p25_e1p5,30.0,0.0,0.0,0.25
random_topk_30,21,7,12,6,1.5,30.0,119,119,0,111.0,21.98272293041877,42,0.4047619047619047,0.5801020408163265,combo_0014_c30_t0_l0_mu0p25_e1p5,30.0,0.0,0.0,0.25
aqf_full,22,7,7,4,2.0,30.0,117,117,0,107.0,32.99859834172612,42,0.6904761904761905,0.7634920634920636,combo_0015_c30_t0_l0_mu0p25_e2,30.0,0.0,0.0,0.25
aqf_topk_no_threshold,22,7,7,4,2.0,30.0,117,117,0,107.0,32.99859834172612,42,0.6904761904761905,0.7634920634920636,combo_0015_c30_t0_l0_mu0p25_e2,30.0,0.0,0.0,0.25
frequency_only,22,7,7,4,2.0,30.0,117,117,0,107.0,32.99859834172612,42,0.6904761904761905,0.7634920634920636,combo_0015_c30_t0_l0_mu0p25_e2,30.0,0.0,0.0,0.25
flattened_topk,22,1,1,4,2.0,30.0,117,117,0,107.0,32.99859834172612,42,0.6904761904761905,0.7634920634920636,combo_0015_c30_t0_l0_mu0p25_e2,30.0,0.0,0.0,0.25
no_operator_awareness,22,7,7,4,2.0,30.0,242,117,125,264.0,32.99859834172612,42,0.6904761904761905,0.7634920634920636,combo_0015_c30_t0_l0_mu0p25_e2,30.0,0.0,0.0,0.25
no_pruning,35,7,12,6,2.0,47.0,187,187,0,172.5,38.95106070014661,42,0.9523809523809524,0.9523809523809524,combo_0015_c30_t0_l0_mu0p25_e2,30.0,0.0,0.0,0.25
random_topk_1,18,6,9,6,2.0,30.0,91,91,0,83.25,19.365198406661417,42,0.3571428571428571,0.5146825396825397,combo_0015_c30_t0_l0_mu0p25_e2,30.0,0.0,0.0,0.25
random_topk_2,18,6,9,6,2.0,30.0,94,94,0,86.25,19.480366642012942,42,0.4047619047619047,0.6608276643990929,combo_0015_c30_t0_l0_mu0p25_e2,30.0,0.0,0.0,0.25
random_topk_3,18,6,8,6,2.0,30.0,96,96,0,88.5,20.142416029831963,42,0.1904761904761904,0.4511904761904762,combo_0015_c30_t0_l0_mu0p25_e2,30.0,0.0,0.0,0.25
random_topk_4,18,7,11,6,2.0,30.0,93,93,0,86.0,17.04531074535574,42,0.2857142857142857,0.4807823129251701,combo_0015_c30_t0_l0_mu0p25_e2,30.0,0.0,0.0,0.25
random_topk_5,18,6,11,6,2.0,30.0,93,93,0,85.5,17.57522786355551,42,0.3571428571428571,0.5687074829931973,combo_0015_c30_t0_l0_mu0p25_e2,30.0,0.0,0.0,0.25
random_topk_6,18,7,11,6,2.0,30.0,93,93,0,84.5,20.4197850676893,42,0.3095238095238095,0.4312925170068027,combo_0015_c30_t0_l0_mu0p25_e2,30.0,0.0,0.0,0.25
random_topk_7,18,5,7,6,2.0,30.0,93,93,0,84.5,19.86394586673785,42,0.3095238095238095,0.4856009070294784,combo_0015_c30_t0_l0_mu0p25_e2,30.0,0.0,0.0,0.25
random_topk_8,18,5,10,6,2.0,30.0,93,93,0,84.5,18.939187843194663,42,0.2857142857142857,0.5335034013605442,combo_0015_c30_t0_l0_mu0p25_e2,30.0,0.0,0.0,0.25
random_topk_9,18,5,9,6,2.0,30.0,98,98,0,91.25,20.05061266735748,42,0.4523809523809524,0.6110544217687075,combo_0015_c30_t0_l0_mu0p25_e2,30.0,0.0,0.0,0.25
random_topk_10,18,7,10,6,2.0,30.0,95,95,0,88.75,20.64664565837721,42,0.3095238095238095,0.4895124716553288,combo_0015_c30_t0_l0_mu0p25_e2,30.0,0.0,0.0,0.25
random_topk_11,18,6,9,6,2.0,30.0,98,98,0,89.75,20.46587667110306,42,0.2142857142857142,0.3545351473922902,combo_0015_c30_t0_l0_mu0p25_e2,30.0,0.0,0.0,0.25
random_topk_12,18,7,10,6,2.0,30.0,96,96,0,88.0,18.3261408965089,42,0.2142857142857142,0.398469387755102,combo_0015_c30_t0_l0_mu0p25_e2,30.0,0.0,0.0,0.25
random_topk_13,18,6,9,6,2.0,30.0,97,97,0,90.0,20.0498327900265,42,0.2619047619047619,0.4894557823129252,combo_0015_c30_t0_l0_mu0p25_e2,30.0,0.0,0.0,0.25
random_topk_14,18,7,9,6,2.0,30.0,104,104,0,98.0,22.783111625235332,42,0.4761904761904761,0.5829931972789115,combo_0015_c30_t0_l0_mu0p25_e2,30.0,0.0,0.0,0.25
random_topk_15,18,6,11,6,2.0,30.0,96,96,0,88.5,19.442668642791784,42,0.238095238095238,0.4850907029478458,combo_0015_c30_t0_l0_mu0p25_e2,30.0,0.0,0.0,0.25
random_topk_16,22,7,8,4,2.0,30.0,113,113,0,103.5,25.042451758595075,42,0.5476190476190477,0.7336734693877551,combo_0015_c30_t0_l0_mu0p25_e2,30.0,0.0,0.0,0.25
random_topk_17,20,6,9,5,2.0,30.0,110,110,0,102.25,21.50174637984148,42,0.3809523809523809,0.5441043083900227,combo_0015_c30_t0_l0_mu0p25_e2,30.0,0.0,0.0,0.25
random_topk_18,18,7,8,6,2.0,30.0,97,97,0,88.0,22.633023447509096,42,0.3571428571428571,0.5434807256235827,combo_0015_c30_t0_l0_mu0p25_e2,30.0,0.0,0.0,0.25
random_topk_19,18,6,8,6,2.0,30.0,91,91,0,82.75,19.314287311241937,42,0.3095238095238095,0.5358843537414966,combo_0015_c30_t0_l0_mu0p25_e2,30.0,0.0,0.0,0.25
random_topk_20,22,6,8,4,2.0,30.0,118,118,0,108.75,24.598351589208367,42,0.6666666666666666,0.7380952380952381,combo_0015_c30_t0_l0_mu0p25_e2,30.0,0.0,0.0,0.25
random_topk_21,18,7,10,6,2.0,30.0,92,92,0,83.0,20.195504219677755,42,0.2619047619047619,0.4950113378684807,combo_0015_c30_t0_l0_mu0p25_e2,30.0,0.0,0.0,0.25
random_topk_22,18,6,9,6,2.0,30.0,91,91,0,82.75,19.51242686407506,42,0.3333333333333333,0.6055555555555555,combo_0015_c30_t0_l0_mu0p25_e2,30.0,0.0,0.0,0.25
random_topk_23,18,5,9,6,2.0,30.0,93,93,0,84.5,18.46679415320838,42,0.1904761904761904,0.4050453514739229,combo_0015_c30_t0_l0_mu0p25_e2,30.0,0.0,0.0,0.25
random_topk_24,18,7,11,6,2.0,30.0,91,91,0,83.75,20.034434315049072,42,0.3571428571428571,0.4793083900226757,combo_0015_c30_t0_l0_mu0p25_e2,30.0,0.0,0.0,0.25
random_topk_25,18,6,9,6,2.0,30.0,97,97,0,90.0,18.882661009067657,42,0.1904761904761904,0.3985260770975056,combo_0015_c30_t0_l0_mu0p25_e2,30.0,0.0,0.0,0.25
random_topk_26,18,6,9,6,2.0,30.0,93,93,0,84.0,20.694367309864138,42,0.2619047619047619,0.4608276643990929,combo_0015_c30_t0_l0_mu0p25_e2,30.0,0.0,0.0,0.25
random_topk_27,18,7,9,6,2.0,30.0,100,100,0,94.0,21.10582337377118,42,0.2142857142857142,0.401984126984127,combo_0015_c30_t0_l0_mu0p25_e2,30.0,0.0,0.0,0.25
random_topk_28,18,6,10,6,2.0,30.0,100,100,0,93.0,21.364682903041334,42,0.4761904761904761,0.65640589569161,combo_0015_c30_t0_l0_mu0p25_e2,30.0,0.0,0.0,0.25
random_topk_29,18,5,9,6,2.0,30.0,93,93,0,84.5,20.02731371847361,42,0.2619047619047619,0.4528344671201814,combo_0015_c30_t0_l0_mu0p25_e2,30.0,0.0,0.0,0.25
random_topk_30,18,7,11,6,2.0,30.0,103,103,0,96.25,19.06673886571821,42,0.3809523809523809,0.5579931972789116,combo_0015_c30_t0_l0_mu0p25_e2,30.0,0.0,0.0,0.25
aqf_full,30,7,11,6,0.0,30.0,163,163,0,150.25,67.65199897685453,42,0.8809523809523809,0.8809523809523809,combo_0016_c30_t0_l0_mu0p5_e0,30.0,0.0,0.0,0.5
aqf_topk_no_threshold,30,7,11,6,0.0,30.0,163,163,0,150.25,67.65199897685453,42,0.8809523809523809,0.8809523809523809,combo_0016_c30_t0_l0_mu0p5_e0,30.0,0.0,0.0,0.5
frequency_only,30,7,11,6,0.0,30.0,157,157,0,142.5,67.44623765998209,42,0.8809523809523809,0.9068027210884354,combo_0016_c30_t0_l0_mu0p5_e0,30.0,0.0,0.0,0.5
flattened_topk,30,1,1,6,0.0,30.0,163,163,0,150.25,67.65199897685453,42,0.8809523809523809,0.8809523809523809,combo_0016_c30_t0_l0_mu0p5_e0,30.0,0.0,0.0,0.5
no_operator_awareness,30,7,11,6,0.0,30.0,330,163,167,360.0,67.65199897685453,42,0.8809523809523809,0.8809523809523809,combo_0016_c30_t0_l0_mu0p5_e0,30.0,0.0,0.0,0.5
no_pruning,35,7,12,6,0.0,35.0,187,187,0,172.5,70.62250253474086,42,0.9523809523809524,0.9523809523809524,combo_0016_c30_t0_l0_mu0p5_e0,30.0,0.0,0.0,0.5
random_topk_1,30,7,11,6,0.0,30.0,157,157,0,145.0,60.21578079108154,42,0.5714285714285714,0.7649659863945578,combo_0016_c30_t0_l0_mu0p5_e0,30.0,0.0,0.0,0.5
random_topk_2,30,7,12,6,0.0,30.0,160,160,0,148.0,59.87857892811478,42,0.7857142857142857,0.8524943310657596,combo_0016_c30_t0_l0_mu0p5_e0,30.0,0.0,0.0,0.5
random_topk_3,30,7,11,6,0.0,30.0,162,162,0,150.25,62.16916715384083,42,0.7142857142857143,0.8082766439909298,combo_0016_c30_t0_l0_mu0p5_e0,30.0,0.0,0.0,0.5
random_topk_4,30,7,12,6,0.0,30.0,161,161,0,149.0,60.71037055854239,42,0.7619047619047619,0.8638321995464852,combo_0016_c30_t0_l0_mu0p5_e0,30.0,0.0,0.0,0.5
random_topk_5,30,6,11,6,0.0,30.0,157,157,0,143.0,60.26698207805056,42,0.7857142857142857,0.873639455782313,combo_0016_c30_t0_l0_mu0p5_e0,30.0,0.0,0.0,0.5
random_topk_6,30,7,12,6,0.0,30.0,159,159,0,145.75,60.32227055691582,42,0.6428571428571429,0.7827097505668935,combo_0016_c30_t0_l0_mu0p5_e0,30.0,0.0,0.0,0.5
random_topk_7,30,7,11,6,0.0,30.0,163,163,0,150.75,62.70358081780834,42,0.7619047619047619,0.819047619047619,combo_0016_c30_t0_l0_mu0p5_e0,30.0,0.0,0.0,0.5
random_topk_8,30,7,12,6,0.0,30.0,157,157,0,143.5,58.608176456874006,42,0.7142857142857143,0.8341836734693877,combo_0016_c30_t0_l0_mu0p5_e0,30.0,0.0,0.0,0.5
random_topk_9,30,7,11,6,0.0,30.0,163,163,0,151.25,61.09814983850695,42,0.8571428571428571,0.8944444444444445,combo_0016_c30_t0_l0_mu0p5_e0,30.0,0.0,0.0,0.5
random_topk_10,30,7,11,6,0.0,30.0,161,161,0,149.0,60.35694281388607,42,0.7380952380952381,0.8252834467120183,combo_0016_c30_t0_l0_mu0p5_e0,30.0,0.0,0.0,0.5
random_topk_11,30,7,12,6,0.0,30.0,163,163,0,151.75,60.76841476876051,42,0.5,0.7093537414965987,combo_0016_c30_t0_l0_mu0p5_e0,30.0,0.0,0.0,0.5
random_topk_12,30,7,12,6,0.0,30.0,161,161,0,149.0,57.584998607846,42,0.6904761904761905,0.7658730158730158,combo_0016_c30_t0_l0_mu0p5_e0,30.0,0.0,0.0,0.5
random_topk_13,30,7,12,6,0.0,30.0,161,161,0,149.0,60.83425839015969,42,0.6428571428571429,0.7869614512471654,combo_0016_c30_t0_l0_mu0p5_e0,30.0,0.0,0.0,0.5
random_topk_14,30,7,10,6,0.0,30.0,163,163,0,150.75,64.82528564671692,42,0.8095238095238095,0.8733560090702949,combo_0016_c30_t0_l0_mu0p5_e0,30.0,0.0,0.0,0.5
random_topk_15,30,7,12,6,0.0,30.0,161,161,0,148.0,60.94535323555405,42,0.7619047619047619,0.849092970521542,combo_0016_c30_t0_l0_mu0p5_e0,30.0,0.0,0.0,0.5
random_topk_16,30,7,12,6,0.0,30.0,159,159,0,146.75,58.55710669895571,42,0.6666666666666666,0.8290249433106576,combo_0016_c30_t0_l0_mu0p5_e0,30.0,0.0,0.0,0.5
random_topk_17,30,7,11,6,0.0,30.0,159,159,0,146.75,59.5833122357419,42,0.6666666666666666,0.8038548752834467,combo_0016_c30_t0_l0_mu0p5_e0,30.0,0.0,0.0,0.5
random_topk_18,30,7,11,6,0.0,30.0,157,157,0,143.0,59.4834575587583,42,0.5952380952380952,0.7232993197278912,combo_0016_c30_t0_l0_mu0p5_e0,30.0,0.0,0.0,0.5
random_topk_19,30,7,12,6,0.0,30.0,161,161,0,149.5,60.75582510399693,42,0.8333333333333334,0.9047619047619048,combo_0016_c30_t0_l0_mu0p5_e0,30.0,0.0,0.0,0.5
random_topk_20,30,7,12,6,0.0,30.0,164,164,0,152.5,62.059564959053446,42,0.7619047619047619,0.8463718820861679,combo_0016_c30_t0_l0_mu0p5_e0,30.0,0.0,0.0,0.5
random_topk_21,30,7,11,6,0.0,30.0,160,160,0,147.5,59.14387465000802,42,0.6666666666666666,0.7934807256235827,combo_0016_c30_t0_l0_mu0p5_e0,30.0,0.0,0.0,0.5
random_topk_22,30,7,11,6,0.0,30.0,157,157,0,144.5,62.43050112121818,42,0.7857142857142857,0.8679138321995464,combo_0016_c30_t0_l0_mu0p5_e0,30.0,0.0,0.0,0.5
random_topk_23,30,5,10,6,0.0,30.0,157,157,0,144.0,56.527641034129616,42,0.5714285714285714,0.7498866213151927,combo_0016_c30_t0_l0_mu0p5_e0,30.0,0.0,0.0,0.5
random_topk_24,30,7,12,6,0.0,30.0,161,161,0,148.5,62.515481358372334,42,0.7857142857142857,0.8655328798185942,combo_0016_c30_t0_l0_mu0p5_e0,30.0,0.0,0.0,0.5
random_topk_25,30,6,10,6,0.0,30.0,163,163,0,150.75,62.686837494964806,42,0.7380952380952381,0.8437074829931972,combo_0016_c30_t0_l0_mu0p5_e0,30.0,0.0,0.0,0.5
random_topk_26,30,7,12,6,0.0,30.0,157,157,0,143.5,59.602310066660735,42,0.5952380952380952,0.7735260770975058,combo_0016_c30_t0_l0_mu0p5_e0,30.0,0.0,0.0,0.5
random_topk_27,30,7,11,6,0.0,30.0,161,161,0,149.0,59.29334465873729,42,0.7142857142857143,0.8218820861678005,combo_0016_c30_t0_l0_mu0p5_e0,30.0,0.0,0.0,0.5
random_topk_28,30,7,12,6,0.0,30.0,161,161,0,148.5,58.189842554240585,42,0.8095238095238095,0.8814625850340136,combo_0016_c30_t0_l0_mu0p5_e0,30.0,0.0,0.0,0.5
random_topk_29,30,7,12,6,0.0,30.0,157,157,0,143.5,60.08996359030933,42,0.6666666666666666,0.8031179138321995,combo_0016_c30_t0_l0_mu0p5_e0,30.0,0.0,0.0,0.5
random_topk_30,30,7,12,6,0.0,30.0,161,161,0,148.0,58.02302542969399,42,0.7857142857142857,0.8616213151927438,combo_0016_c30_t0_l0_mu0p5_e0,30.0,0.0,0.0,0.5
aqf_full,27,7,11,6,0.5,30.0,145,145,0,133.25,65.62278326187581,42,0.8571428571428571,0.8690476190476191,combo_0017_c30_t0_l0_mu0p5_e0p5,30.0,0.0,0.0,0.5
aqf_topk_no_threshold,27,7,11,6,0.5,30.0,145,145,0,133.25,65.62278326187581,42,0.8571428571428571,0.8690476190476191,combo_0017_c30_t0_l0_mu0p5_e0p5,30.0,0.0,0.0,0.5
frequency_only,27,7,11,6,0.5,30.0,143,143,0,130.5,65.51990260343959,42,0.8571428571428571,0.8948979591836735,combo_0017_c30_t0_l0_mu0p5_e0p5,30.0,0.0,0.0,0.5
flattened_topk,27,1,1,6,0.5,30.0,145,145,0,133.25,65.62278326187581,42,0.8571428571428571,0.8690476190476191,combo_0017_c30_t0_l0_mu0p5_e0p5,30.0,0.0,0.0,0.5
no_operator_awareness,27,7,11,6,0.5,30.0,297,145,152,324.0,65.62278326187581,42,0.8571428571428571,0.8690476190476191,combo_0017_c30_t0_l0_mu0p5_e0p5,30.0,0.0,0.0,0.5
no_pruning,35,7,12,6,0.5,38.0,187,187,0,172.5,70.62250253474086,42,0.9523809523809524,0.9523809523809524,combo_0017_c30_t0_l0_mu0p5_e0p5,30.0,0.0,0.0,0.5
random_topk_1,27,7,11,6,0.5,30.0,141,141,0,130.25,51.999497835862336,42,0.5,0.6027210884353741,combo_0017_c30_t0_l0_mu0p5_e0p5,30.0,0.0,0.0,0.5
random_topk_2,27,6,11,6,0.5,30.0,142,142,0,130.0,54.094011329869055,42,0.7619047619047619,0.8286848072562358,combo_0017_c30_t0_l0_mu0p5_e0p5,30.0,0.0,0.0,0.5
random_topk_3,27,7,11,6,0.5,30.0,148,148,0,137.75,53.47073311180065,42,0.6666666666666666,0.7765306122448979,combo_0017_c30_t0_l0_mu0p5_e0p5,30.0,0.0,0.0,0.5
random_topk_4,27,7,12,6,0.5,30.0,143,143,0,132.0,52.02035402491972,42,0.7619047619047619,0.8638321995464852,combo_0017_c30_t0_l0_mu0p5_e0p5,30.0,0.0,0.0,0.5
random_topk_5,27,6,11,6,0.5,30.0,139,139,0,126.5,53.818874020110165,42,0.5714285714285714,0.7755668934240363,combo_0017_c30_t0_l0_mu0p5_e0p5,30.0,0.0,0.0,0.5
random_topk_6,27,7,12,6,0.5,30.0,141,141,0,129.25,51.64996738883259,42,0.5,0.7073129251700679,combo_0017_c30_t0_l0_mu0p5_e0p5,30.0,0.0,0.0,0.5
random_topk_7,27,7,10,6,0.5,30.0,147,147,0,136.0,58.62604927427794,42,0.7142857142857143,0.7860544217687074,combo_0017_c30_t0_l0_mu0p5_e0p5,30.0,0.0,0.0,0.5
random_topk_8,27,7,12,6,0.5,30.0,141,141,0,129.25,52.76636214693428,42,0.7142857142857143,0.8341836734693877,combo_0017_c30_t0_l0_mu0p5_e0p5,30.0,0.0,0.0,0.5
random_topk_9,27,6,10,6,0.5,30.0,147,147,0,137.0,53.18277722123511,42,0.7619047619047619,0.8201814058956917,combo_0017_c30_t0_l0_mu0p5_e0p5,30.0,0.0,0.0,0.5
random_topk_10,27,7,11,6,0.5,30.0,143,143,0,132.5,53.93825943754428,42,0.6190476190476191,0.7335600907029478,combo_0017_c30_t0_l0_mu0p5_e0p5,30.0,0.0,0.0,0.5
random_topk_11,27,7,12,6,0.5,30.0,148,148,0,138.75,55.69706336836203,42,0.3333333333333333,0.5576530612244898,combo_0017_c30_t0_l0_mu0p5_e0p5,30.0,0.0,0.0,0.5
random_topk_12,27,7,12,6,0.5,30.0,146,146,0,135.5,50.99133324339349,42,0.5952380952380952,0.707936507936508,combo_0017_c30_t0_l0_mu0p5_e0p5,30.0,0.0,0.0,0.5
random_topk_13,27,7,10,6,0.5,30.0,145,145,0,134.75,55.67160860603126,42,0.5238095238095238,0.7007936507936507,combo_0017_c30_t0_l0_mu0p5_e0p5,30.0,0.0,0.0,0.5
random_topk_14,27,7,10,6,0.5,30.0,147,147,0,136.5,56.878362960857984,42,0.6666666666666666,0.7990929705215419,combo_0017_c30_t0_l0_mu0p5_e0p5,30.0,0.0,0.0,0.5
random_topk_15,27,7,12,6,0.5,30.0,146,146,0,135.0,54.17574161302967,42,0.4523809523809524,0.6784013605442177,combo_0017_c30_t0_l0_mu0p5_e0p5,30.0,0.0,0.0,0.5
random_topk_16,27,7,11,6,0.5,30.0,141,141,0,130.25,51.716850357638464,42,0.6666666666666666,0.8290249433106576,combo_0017_c30_t0_l0_mu0p5_e0p5,30.0,0.0,0.0,0.5
random_topk_17,27,7,10,5,0.5,29.5,148,148,0,137.75,54.5254136674758,42,0.5952380952380952,0.7182539682539683,combo_0017_c30_t0_l0_mu0p5_e0p5,30.0,0.0,0.0,0.5
random_topk_18,27,7,11,6,0.5,30.0,141,141,0,128.25,53.453833861331255,42,0.5,0.6688775510204081,combo_0017_c30_t0_l0_mu0p5_e0p5,30.0,0.0,0.0,0.5
random_topk_19,27,6,10,6,0.5,30.0,143,143,0,132.0,55.92808052741746,42,0.7857142857142857,0.8850340136054422,combo_0017_c30_t0_l0_mu0p5_e0p5,30.0,0.0,0.0,0.5
random_topk_20,27,6,11,6,0.5,30.0,146,146,0,135.0,54.11645881632147,42,0.7380952380952381,0.822562358276644,combo_0017_c30_t0_l0_mu0p5_e0p5,30.0,0.0,0.0,0.5
random_topk_21,27,7,11,6,0.5,30.0,142,142,0,130.0,55.05058354056175,42,0.5238095238095238,0.7090136054421768,combo_0017_c30_t0_l0_mu0p5_e0p5,30.0,0.0,0.0,0.5
random_topk_22,27,7,10,6,0.5,30.0,141,141,0,129.75,57.72477783741874,42,0.6666666666666666,0.8055555555555556,combo_0017_c30_t0_l0_mu0p5_e0p5,30.0,0.0,0.0,0.5
random_topk_23,27,5,10,6,0.5,30.0,143,143,0,131.5,48.154106551288514,42,0.4047619047619047,0.6284580498866214,combo_0017_c30_t0_l0_mu0p5_e0p5,30.0,0.0,0.0,0.5
random_topk_24,27,7,12,6,0.5,30.0,143,143,0,131.5,53.40041724752817,42,0.5714285714285714,0.7175736961451248,combo_0017_c30_t0_l0_mu0p5_e0p5,30.0,0.0,0.0,0.5
random_topk_25,27,6,10,6,0.5,30.0,145,145,0,133.75,55.77250707957348,42,0.5714285714285714,0.7581065759637189,combo_0017_c30_t0_l0_mu0p5_e0p5,30.0,0.0,0.0,0.5
random_topk_26,27,7,12,6,0.5,30.0,143,143,0,131.5,53.23095179319959,42,0.4285714285714285,0.6302154195011338,combo_0017_c30_t0_l0_mu0p5_e0p5,30.0,0.0,0.0,0.5
random_topk_27,27,7,11,6,0.5,30.0,149,149,0,139.25,51.32790345435984,42,0.5476190476190477,0.7028344671201814,combo_0017_c30_t0_l0_mu0p5_e0p5,30.0,0.0,0.0,0.5
random_topk_28,27,7,12,6,0.5,30.0,152,152,0,142.25,53.72878818177672,42,0.6190476190476191,0.7659297052154195,combo_0017_c30_t0_l0_mu0p5_e0p5,30.0,0.0,0.0,0.5
random_topk_29,27,7,12,6,0.5,30.0,139,139,0,127.0,51.49422315096275,42,0.5238095238095238,0.6319727891156462,combo_0017_c30_t0_l0_mu0p5_e0p5,30.0,0.0,0.0,0.5
random_topk_30,27,7,12,6,0.5,30.0,145,145,0,132.75,52.20998110625372,42,0.7142857142857143,0.8286281179138322,combo_0017_c30_t0_l0_mu0p5_e0p5,30.0,0.0,0.0,0.5
aqf_full,24,7,9,6,1.0,30.0,132,132,0,122.0,62.76339081510058,42,0.7142857142857143,0.7674603174603175,combo_0018_c30_t0_l0_mu0p5_e1,30.0,0.0,0.0,0.5
aqf_topk_no_threshold,24,7,9,6,1.0,30.0,132,132,0,122.0,62.76339081510058,42,0.7142857142857143,0.7674603174603175,combo_0018_c30_t0_l0_mu0p5_e1,30.0,0.0,0.0,0.5
frequency_only,24,7,9,6,1.0,30.0,129,129,0,118.5,62.64350055446958,42,0.7142857142857143,0.7924036281179138,combo_0018_c30_t0_l0_mu0p5_e1,30.0,0.0,0.0,0.5
flattened_topk,24,1,1,6,1.0,30.0,132,132,0,122.0,62.76339081510058,42,0.7142857142857143,0.7674603174603175,combo_0018_c30_t0_l0_mu0p5_e1,30.0,0.0,0.0,0.5
no_operator_awareness,24,7,9,6,1.0,30.0,264,132,132,288.0,62.76339081510058,42,0.7142857142857143,0.7674603174603175,combo_0018_c30_t0_l0_mu0p5_e1,30.0,0.0,0.0,0.5
no_pruning,35,7,12,6,1.0,41.0,187,187,0,172.5,70.62250253474086,42,0.9523809523809524,0.9523809523809524,combo_0018_c30_t0_l0_mu0p5_e1,30.0,0.0,0.0,0.5
random_topk_1,24,7,11,6,1.0,30.0,127,127,0,117.25,47.90620672641607,42,0.4523809523809524,0.5607709750566894,combo_0018_c30_t0_l0_mu0p5_e1,30.0,0.0,0.0,0.5
random_topk_2,24,6,11,6,1.0,30.0,128,128,0,117.5,49.47813715443724,42,0.5238095238095238,0.715249433106576,combo_0018_c30_t0_l0_mu0p5_e1,30.0,0.0,0.0,0.5
random_topk_3,24,7,11,6,1.0,30.0,130,130,0,120.75,46.62444030784942,42,0.3809523809523809,0.6170634920634921,combo_0018_c30_t0_l0_mu0p5_e1,30.0,0.0,0.0,0.5
random_topk_4,24,7,11,6,1.0,30.0,127,127,0,117.75,47.38764483265288,42,0.6190476190476191,0.7557823129251701,combo_0018_c30_t0_l0_mu0p5_e1,30.0,0.0,0.0,0.5
random_topk_5,24,6,11,6,1.0,30.0,121,121,0,110.0,47.435983353474114,42,0.4523809523809524,0.6683673469387755,combo_0018_c30_t0_l0_mu0p5_e1,30.0,0.0,0.0,0.5
random_topk_6,24,7,11,6,1.0,30.0,129,129,0,119.0,49.3640995219474,42,0.4761904761904761,0.6425736961451247,combo_0018_c30_t0_l0_mu0p5_e1,30.0,0.0,0.0,0.5
random_topk_7,24,6,9,6,1.0,30.0,129,129,0,118.0,52.33139693164795,42,0.5952380952380952,0.7175170068027211,combo_0018_c30_t0_l0_mu0p5_e1,30.0,0.0,0.0,0.5
random_topk_8,24,6,11,6,1.0,30.0,123,123,0,111.75,46.73982574633328,42,0.5952380952380952,0.7353174603174603,combo_0018_c30_t0_l0_mu0p5_e1,30.0,0.0,0.0,0.5
random_topk_9,24,6,10,6,1.0,30.0,131,131,0,122.75,46.87539201174704,42,0.6904761904761905,0.768140589569161,combo_0018_c30_t0_l0_mu0p5_e1,30.0,0.0,0.0,0.5
random_topk_10,24,7,10,6,1.0,30.0,129,129,0,120.5,49.316898293662526,42,0.3809523809523809,0.5556689342403628,combo_0018_c30_t0_l0_mu0p5_e1,30.0,0.0,0.0,0.5
random_topk_11,24,7,11,6,1.0,30.0,130,130,0,120.75,51.31589347103698,42,0.3095238095238095,0.4741496598639456,combo_0018_c30_t0_l0_mu0p5_e1,30.0,0.0,0.0,0.5
random_topk_12,24,7,11,6,1.0,30.0,130,130,0,120.25,47.03437783155032,42,0.5476190476190477,0.6766439909297052,combo_0018_c30_t0_l0_mu0p5_e1,30.0,0.0,0.0,0.5
random_topk_13,24,7,10,6,1.0,30.0,127,127,0,117.75,50.98989080920028,42,0.5238095238095238,0.6905895691609977,combo_0018_c30_t0_l0_mu0p5_e1,30.0,0.0,0.0,0.5
random_topk_14,24,7,10,6,1.0,30.0,136,136,0,127.5,49.69292642250869,42,0.5238095238095238,0.6674603174603175,combo_0018_c30_t0_l0_mu0p5_e1,30.0,0.0,0.0,0.5
random_topk_15,24,7,12,6,1.0,30.0,132,132,0,123.0,45.60693720061912,42,0.4047619047619047,0.6466553287981859,combo_0018_c30_t0_l0_mu0p5_e1,30.0,0.0,0.0,0.5
random_topk_16,26,7,9,4,1.0,30.0,137,137,0,127.0,52.24891667137096,42,0.5476190476190477,0.7479591836734694,combo_0018_c30_t0_l0_mu0p5_e1,30.0,0.0,0.0,0.5
random_topk_17,25,6,9,5,1.0,30.0,136,136,0,126.25,49.20346285946835,42,0.5714285714285714,0.7087301587301587,combo_0018_c30_t0_l0_mu0p5_e1,30.0,0.0,0.0,0.5
random_topk_18,24,7,11,6,1.0,30.0,127,127,0,115.25,49.18377507511731,42,0.5,0.6688775510204081,combo_0018_c30_t0_l0_mu0p5_e1,30.0,0.0,0.0,0.5
random_topk_19,24,6,10,6,1.0,30.0,125,125,0,115.5,47.33951326915711,42,0.5952380952380952,0.7956916099773242,combo_0018_c30_t0_l0_mu0p5_e1,30.0,0.0,0.0,0.5
random_topk_20,24,6,10,6,1.0,30.0,128,128,0,118.0,47.08259978140153,42,0.7142857142857143,0.8106575963718822,combo_0018_c30_t0_l0_mu0p5_e1,30.0,0.0,0.0,0.5
random_topk_21,24,7,10,6,1.0,30.0,124,124,0,112.5,50.872312193961335,42,0.4761904761904761,0.673639455782313,combo_0018_c30_t0_l0_mu0p5_e1,30.0,0.0,0.0,0.5
random_topk_22,24,6,9,6,1.0,30.0,125,125,0,115.0,50.181347464732895,42,0.6428571428571429,0.784126984126984,combo_0018_c30_t0_l0_mu0p5_e1,30.0,0.0,0.0,0.5
random_topk_23,24,5,10,6,1.0,30.0,129,129,0,119.0,44.66710918984292,42,0.3333333333333333,0.5883219954648526,combo_0018_c30_t0_l0_mu0p5_e1,30.0,0.0,0.0,0.5
random_topk_24,24,7,12,6,1.0,30.0,125,125,0,114.5,49.2126629880632,42,0.5714285714285714,0.7116213151927437,combo_0018_c30_t0_l0_mu0p5_e1,30.0,0.0,0.0,0.5
random_topk_25,24,6,10,6,1.0,30.0,127,127,0,117.25,49.33530518471316,42,0.3571428571428571,0.5869614512471655,combo_0018_c30_t0_l0_mu0p5_e1,30.0,0.0,0.0,0.5
random_topk_26,24,7,11,6,1.0,30.0,129,129,0,119.0,48.6436971463873,42,0.3571428571428571,0.576360544217687,combo_0018_c30_t0_l0_mu0p5_e1,30.0,0.0,0.0,0.5
random_topk_27,24,7,10,6,1.0,30.0,131,131,0,121.75,46.64618565752884,42,0.5476190476190477,0.6926303854875284,combo_0018_c30_t0_l0_mu0p5_e1,30.0,0.0,0.0,0.5
random_topk_28,24,6,11,6,1.0,30.0,134,134,0,124.75,49.9918513383655,42,0.5952380952380952,0.7353174603174603,combo_0018_c30_t0_l0_mu0p5_e1,30.0,0.0,0.0,0.5
random_topk_29,24,6,11,6,1.0,30.0,121,121,0,109.0,47.75728630755153,42,0.4761904761904761,0.601360544217687,combo_0018_c30_t0_l0_mu0p5_e1,30.0,0.0,0.0,0.5
random_topk_30,24,7,12,6,1.0,30.0,129,129,0,118.5,45.83693933110908,42,0.5476190476190477,0.7130952380952381,combo_0018_c30_t0_l0_mu0p5_e1,30.0,0.0,0.0,0.5
aqf_full,22,7,8,5,1.5,29.5,120,120,0,110.5,60.42896327743349,42,0.6666666666666666,0.7385487528344671,combo_0019_c30_t0_l0_mu0p5_e1p5,30.0,0.0,0.0,0.5
aqf_topk_no_threshold,22,7,8,5,1.5,29.5,120,120,0,110.5,60.42896327743349,42,0.6666666666666666,0.7385487528344671,combo_0019_c30_t0_l0_mu0p5_e1p5,30.0,0.0,0.0,0.5
frequency_only,22,7,8,5,1.5,29.5,120,120,0,110.5,60.42896327743349,42,0.6666666666666666,0.7385487528344671,combo_0019_c30_t0_l0_mu0p5_e1p5,30.0,0.0,0.0,0.5
flattened_topk,22,1,1,5,1.5,29.5,120,120,0,110.5,60.42896327743349,42,0.6666666666666666,0.7385487528344671,combo_0019_c30_t0_l0_mu0p5_e1p5,30.0,0.0,0.0,0.5
no_operator_awareness,22,7,8,5,1.5,29.5,242,120,122,264.0,60.42896327743349,42,0.6666666666666666,0.7385487528344671,combo_0019_c30_t0_l0_mu0p5_e1p5,30.0,0.0,0.0,0.5
no_pruning,35,7,12,6,1.5,44.0,187,187,0,172.5,70.62250253474086,42,0.9523809523809524,0.9523809523809524,combo_0019_c30_t0_l0_mu0p5_e1p5,30.0,0.0,0.0,0.5
random_topk_1,21,7,11,6,1.5,30.0,109,109,0,100.75,43.17524338774694,42,0.3809523809523809,0.5361111111111111,combo_0019_c30_t0_l0_mu0p5_e1p5,30.0,0.0,0.0,0.5
random_topk_2,21,6,10,6,1.5,30.0,112,112,0,102.75,43.05057186751797,42,0.5238095238095238,0.715249433106576,combo_0019_c30_t0_l0_mu0p5_e1p5,30.0,0.0,0.0,0.5
random_topk_3,21,6,9,6,1.5,30.0,114,114,0,105.5,42.8875034644382,42,0.3095238095238095,0.5531179138321995,combo_0019_c30_t0_l0_mu0p5_e1p5,30.0,0.0,0.0,0.5
random_topk_4,21,7,11,6,1.5,30.0,111,111,0,103.0,39.00469521076701,42,0.3809523809523809,0.5963151927437641,combo_0019_c30_t0_l0_mu0p5_e1p5,30.0,0.0,0.0,0.5
random_topk_5,21,6,11,6,1.5,30.0,107,107,0,97.5,38.73754931143394,42,0.4285714285714285,0.6366213151927438,combo_0019_c30_t0_l0_mu0p5_e1p5,30.0,0.0,0.0,0.5
random_topk_6,21,7,11,6,1.5,30.0,111,111,0,102.0,44.66051138456651,42,0.3571428571428571,0.5345238095238095,combo_0019_c30_t0_l0_mu0p5_e1p5,30.0,0.0,0.0,0.5
random_topk_7,21,6,8,6,1.5,30.0,111,111,0,101.5,45.44568604487616,42,0.3333333333333333,0.5213151927437641,combo_0019_c30_t0_l0_mu0p5_e1p5,30.0,0.0,0.0,0.5
random_topk_8,21,6,11,6,1.5,30.0,109,109,0,99.75,38.144085306986696,42,0.3095238095238095,0.5539115646258503,combo_0019_c30_t0_l0_mu0p5_e1p5,30.0,0.0,0.0,0.5
random_topk_9,21,5,9,6,1.5,30.0,113,113,0,105.25,40.85851744689483,42,0.6428571428571429,0.7348072562358277,combo_0019_c30_t0_l0_mu0p5_e1p5,30.0,0.0,0.0,0.5
random_topk_10,21,7,10,6,1.5,30.0,113,113,0,105.25,43.28830664001641,42,0.3571428571428571,0.5311791383219955,combo_0019_c30_t0_l0_mu0p5_e1p5,30.0,0.0,0.0,0.5
random_topk_11,21,6,9,6,1.5,30.0,112,112,0,102.75,44.36061092437431,42,0.2619047619047619,0.3981859410430839,combo_0019_c30_t0_l0_mu0p5_e1p5,30.0,0.0,0.0,0.5
random_topk_12,21,7,10,6,1.5,30.0,112,112,0,102.75,40.4747194881466,42,0.3571428571428571,0.573015873015873,combo_0019_c30_t0_l0_mu0p5_e1p5,30.0,0.0,0.0,0.5
random_topk_13,21,6,9,6,1.5,30.0,115,115,0,107.5,42.93101526138848,42,0.4523809523809524,0.6350340136054422,combo_0019_c30_t0_l0_mu0p5_e1p5,30.0,0.0,0.0,0.5
random_topk_14,21,7,9,6,1.5,30.0,118,118,0,110.0,47.27262782860017,42,0.5,0.6385487528344671,combo_0019_c30_t0_l0_mu0p5_e1p5,30.0,0.0,0.0,0.5
random_topk_15,21,7,12,6,1.5,30.0,114,114,0,106.0,41.34510886708007,42,0.3095238095238095,0.5712585034013605,combo_0019_c30_t0_l0_mu0p5_e1p5,30.0,0.0,0.0,0.5
random_topk_16,24,7,9,4,1.5,30.0,125,125,0,115.5,48.73756765023224,42,0.5476190476190477,0.7479591836734694,combo_0019_c30_t0_l0_mu0p5_e1p5,30.0,0.0,0.0,0.5
random_topk_17,22,6,9,5,1.5,29.5,122,122,0,113.75,42.4230136769163,42,0.4285714285714285,0.5770975056689343,combo_0019_c30_t0_l0_mu0p5_e1p5,30.0,0.0,0.0,0.5
random_topk_18,21,7,9,6,1.5,30.0,111,111,0,100.5,46.30106301242988,42,0.4047619047619047,0.5854308390022676,combo_0019_c30_t0_l0_mu0p5_e1p5,30.0,0.0,0.0,0.5
random_topk_19,21,6,9,6,1.5,30.0,107,107,0,97.5,42.85546271339584,42,0.5476190476190477,0.7223922902494332,combo_0019_c30_t0_l0_mu0p5_e1p5,30.0,0.0,0.0,0.5
random_topk_20,21,6,9,6,1.5,30.0,114,114,0,106.0,40.816214192698986,42,0.6666666666666666,0.7482993197278911,combo_0019_c30_t0_l0_mu0p5_e1p5,30.0,0.0,0.0,0.5
random_topk_21,21,7,10,6,1.5,30.0,108,108,0,97.75,42.70609782584776,42,0.3571428571428571,0.5982426303854875,combo_0019_c30_t0_l0_mu0p5_e1p5,30.0,0.0,0.0,0.5
random_topk_22,21,6,9,6,1.5,30.0,107,107,0,97.5,41.046044735824026,42,0.5476190476190477,0.7159863945578232,combo_0019_c30_t0_l0_mu0p5_e1p5,30.0,0.0,0.0,0.5
random_topk_23,21,5,9,6,1.5,30.0,111,111,0,101.5,40.67669873883287,42,0.2619047619047619,0.482766439909297,combo_0019_c30_t0_l0_mu0p5_e1p5,30.0,0.0,0.0,0.5
random_topk_24,21,7,11,6,1.5,30.0,107,107,0,98.0,42.30464258638929,42,0.5,0.6691043083900227,combo_0019_c30_t0_l0_mu0p5_e1p5,30.0,0.0,0.0,0.5
random_topk_25,21,6,9,6,1.5,30.0,115,115,0,107.0,43.60247659889603,42,0.2619047619047619,0.5290249433106575,combo_0019_c30_t0_l0_mu0p5_e1p5,30.0,0.0,0.0,0.5
random_topk_26,21,6,10,6,1.5,30.0,111,111,0,101.5,42.101715570660346,42,0.2619047619047619,0.4751133786848073,combo_0019_c30_t0_l0_mu0p5_e1p5,30.0,0.0,0.0,0.5
random_topk_27,21,7,9,6,1.5,30.0,116,116,0,108.25,44.24920667953253,42,0.4761904761904761,0.6346938775510205,combo_0019_c30_t0_l0_mu0p5_e1p5,30.0,0.0,0.0,0.5
random_topk_28,21,6,10,6,1.5,30.0,118,118,0,110.0,45.44436174443752,42,0.5476190476190477,0.7064058956916099,combo_0019_c30_t0_l0_mu0p5_e1p5,30.0,0.0,0.0,0.5
random_topk_29,21,5,10,6,1.5,30.0,109,109,0,98.75,41.94424198411127,42,0.4761904761904761,0.5894557823129252,combo_0019_c30_t0_l0_mu0p5_e1p5,30.0,0.0,0.0,0.5
random_topk_30,21,7,12,6,1.5,30.0,119,119,0,111.0,39.55692932290924,42,0.4047619047619047,0.5801020408163265,combo_0019_c30_t0_l0_mu0p5_e1p5,30.0,0.0,0.0,0.5
aqf_full,22,7,7,4,2.0,30.0,117,117,0,107.0,60.30276300308506,42,0.6904761904761905,0.7634920634920636,combo_0020_c30_t0_l0_mu0p5_e2,30.0,0.0,0.0,0.5
aqf_topk_no_threshold,22,7,7,4,2.0,30.0,117,117,0,107.0,60.30276300308506,42,0.6904761904761905,0.7634920634920636,combo_0020_c30_t0_l0_mu0p5_e2,30.0,0.0,0.0,0.5
frequency_only,22,7,7,4,2.0,30.0,117,117,0,107.0,60.30276300308506,42,0.6904761904761905,0.7634920634920636,combo_0020_c30_t0_l0_mu0p5_e2,30.0,0.0,0.0,0.5
flattened_topk,22,1,1,4,2.0,30.0,117,117,0,107.0,60.30276300308506,42,0.6904761904761905,0.7634920634920636,combo_0020_c30_t0_l0_mu0p5_e2,30.0,0.0,0.0,0.5
no_operator_awareness,22,7,7,4,2.0,30.0,242,117,125,264.0,60.30276300308506,42,0.6904761904761905,0.7634920634920636,combo_0020_c30_t0_l0_mu0p5_e2,30.0,0.0,0.0,0.5
no_pruning,35,7,12,6,2.0,47.0,187,187,0,172.5,70.62250253474086,42,0.9523809523809524,0.9523809523809524,combo_0020_c30_t0_l0_mu0p5_e2,30.0,0.0,0.0,0.5
random_topk_1,18,6,9,6,2.0,30.0,91,91,0,83.25,34.824746103324294,42,0.3571428571428571,0.5146825396825397,combo_0020_c30_t0_l0_mu0p5_e2,30.0,0.0,0.0,0.5
random_topk_2,18,6,9,6,2.0,30.0,94,94,0,86.25,36.114810285928975,42,0.4047619047619047,0.6608276643990929,combo_0020_c30_t0_l0_mu0p5_e2,30.0,0.0,0.0,0.5
random_topk_3,18,6,8,6,2.0,30.0,96,96,0,88.5,36.49682151947947,42,0.1904761904761904,0.4511904761904762,combo_0020_c30_t0_l0_mu0p5_e2,30.0,0.0,0.0,0.5
random_topk_4,18,7,11,6,2.0,30.0,93,93,0,86.0,30.67705444773267,42,0.2857142857142857,0.4807823129251701,combo_0020_c30_t0_l0_mu0p5_e2,30.0,0.0,0.0,0.5
random_topk_5,18,6,11,6,2.0,30.0,93,93,0,85.5,31.398603875259173,42,0.3571428571428571,0.5687074829931973,combo_0020_c30_t0_l0_mu0p5_e2,30.0,0.0,0.0,0.5
random_topk_6,18,7,11,6,2.0,30.0,93,93,0,84.5,38.09199635839306,42,0.3095238095238095,0.4312925170068027,combo_0020_c30_t0_l0_mu0p5_e2,30.0,0.0,0.0,0.5
random_topk_7,18,5,7,6,2.0,30.0,93,93,0,84.5,36.66143001484007,42,0.3095238095238095,0.4856009070294784,combo_0020_c30_t0_l0_mu0p5_e2,30.0,0.0,0.0,0.5
random_topk_8,18,5,10,6,2.0,30.0,93,93,0,84.5,34.187129895143535,42,0.2857142857142857,0.5335034013605442,combo_0020_c30_t0_l0_mu0p5_e2,30.0,0.0,0.0,0.5
random_topk_9,18,5,9,6,2.0,30.0,98,98,0,91.25,36.10958428655218,42,0.4523809523809524,0.6110544217687075,combo_0020_c30_t0_l0_mu0p5_e2,30.0,0.0,0.0,0.5
random_topk_10,18,7,10,6,2.0,30.0,95,95,0,88.75,36.840198582076006,42,0.3095238095238095,0.4895124716553288,combo_0020_c30_t0_l0_mu0p5_e2,30.0,0.0,0.0,0.5
random_topk_11,18,6,9,6,2.0,30.0,98,98,0,89.75,37.82071542682038,42,0.2142857142857142,0.3545351473922902,combo_0020_c30_t0_l0_mu0p5_e2,30.0,0.0,0.0,0.5
random_topk_12,18,7,10,6,2.0,30.0,96,96,0,88.0,33.860936972261214,42,0.2142857142857142,0.398469387755102,combo_0020_c30_t0_l0_mu0p5_e2,30.0,0.0,0.0,0.5
random_topk_13,18,6,9,6,2.0,30.0,97,97,0,90.0,36.09357914020697,42,0.2619047619047619,0.4894557823129252,combo_0020_c30_t0_l0_mu0p5_e2,30.0,0.0,0.0,0.5
random_topk_14,18,7,9,6,2.0,30.0,104,104,0,98.0,40.909500007813925,42,0.4761904761904761,0.5829931972789115,combo_0020_c30_t0_l0_mu0p5_e2,30.0,0.0,0.0,0.5
random_topk_15,18,6,11,6,2.0,30.0,96,96,0,88.5,34.82289013720291,42,0.238095238095238,0.4850907029478458,combo_0020_c30_t0_l0_mu0p5_e2,30.0,0.0,0.0,0.5
random_topk_16,22,7,8,4,2.0,30.0,113,113,0,103.5,45.04103344390831,42,0.5476190476190477,0.7336734693877551,combo_0020_c30_t0_l0_mu0p5_e2,30.0,0.0,0.0,0.5
random_topk_17,20,6,9,5,2.0,30.0,110,110,0,102.25,39.00612780579628,42,0.3809523809523809,0.5441043083900227,combo_0020_c30_t0_l0_mu0p5_e2,30.0,0.0,0.0,0.5
random_topk_18,18,7,8,6,2.0,30.0,97,97,0,88.0,42.20777190298361,42,0.3571428571428571,0.5434807256235827,combo_0020_c30_t0_l0_mu0p5_e2,30.0,0.0,0.0,0.5
random_topk_19,18,6,8,6,2.0,30.0,91,91,0,82.75,35.52992142383068,42,0.3095238095238095,0.5358843537414966,combo_0020_c30_t0_l0_mu0p5_e2,30.0,0.0,0.0,0.5
random_topk_20,22,6,8,4,2.0,30.0,118,118,0,108.75,44.773412298604114,42,0.6666666666666666,0.7380952380952381,combo_0020_c30_t0_l0_mu0p5_e2,30.0,0.0,0.0,0.5
random_topk_21,18,7,10,6,2.0,30.0,92,92,0,83.0,36.9446497114111,42,0.2619047619047619,0.4950113378684807,combo_0020_c30_t0_l0_mu0p5_e2,30.0,0.0,0.0,0.5
random_topk_22,18,6,9,6,2.0,30.0,91,91,0,82.75,35.37232847562487,42,0.3333333333333333,0.6055555555555555,combo_0020_c30_t0_l0_mu0p5_e2,30.0,0.0,0.0,0.5
random_topk_23,18,5,9,6,2.0,30.0,93,93,0,84.5,33.49090055938119,42,0.1904761904761904,0.4050453514739229,combo_0020_c30_t0_l0_mu0p5_e2,30.0,0.0,0.0,0.5
random_topk_24,18,7,11,6,2.0,30.0,91,91,0,83.75,35.9787388583827,42,0.3571428571428571,0.4793083900226757,combo_0020_c30_t0_l0_mu0p5_e2,30.0,0.0,0.0,0.5
random_topk_25,18,6,9,6,2.0,30.0,97,97,0,90.0,34.53286703350642,42,0.1904761904761904,0.3985260770975056,combo_0020_c30_t0_l0_mu0p5_e2,30.0,0.0,0.0,0.5
random_topk_26,18,6,9,6,2.0,30.0,93,93,0,84.0,37.91396131119537,42,0.2619047619047619,0.4608276643990929,combo_0020_c30_t0_l0_mu0p5_e2,30.0,0.0,0.0,0.5
random_topk_27,18,7,9,6,2.0,30.0,100,100,0,94.0,37.94057714271317,42,0.2142857142857142,0.401984126984127,combo_0020_c30_t0_l0_mu0p5_e2,30.0,0.0,0.0,0.5
random_topk_28,18,6,10,6,2.0,30.0,100,100,0,93.0,39.2184596430026,42,0.4761904761904761,0.65640589569161,combo_0020_c30_t0_l0_mu0p5_e2,30.0,0.0,0.0,0.5
random_topk_29,18,5,9,6,2.0,30.0,93,93,0,84.5,36.79800322380128,42,0.2619047619047619,0.4528344671201814,combo_0020_c30_t0_l0_mu0p5_e2,30.0,0.0,0.0,0.5
random_topk_30,18,7,11,6,2.0,30.0,103,103,0,96.25,33.92698139552833,42,0.3809523809523809,0.5579931972789116,combo_0020_c30_t0_l0_mu0p5_e2,30.0,0.0,0.0,0.5
