query_id,workload,difficulty,strict_supported,partial_score,missing_fields,missing_operators,failure_type,match_audit,method
Q1,W1_HCPA_EXPERT,Easy,True,1.0,[],[],SUPPORTED,"[{""component"": ""filter"", ""query_field"": ""State"", ""matched_field"": ""State"", ""match_type"": ""exact_label"", ""score"": 1.0}, {""component"": ""output"", ""query_field"": ""State"", ""matched_field"": ""State"", ""match_type"": ""reuse_filter_match"", ""score"": 1.0}]",aqf_full
Q2,W1_HCPA_EXPERT,Easy,True,1.0,[],[],SUPPORTED,"[{""component"": ""filter"", ""query_field"": ""State"", ""matched_field"": ""State"", ""match_type"": ""exact_label"", ""score"": 1.0}, {""component"": ""output"", ""query_field"": ""State"", ""matched_field"": ""State"", ""match_type"": ""reuse_filter_match"", ""score"": 1.0}, {""component"": ""output"", ""query_field"": ""reason for encounter"", ""matched_field"": ""reason for encounter"", ""match_type"": ""exact_label"", ""score"": 1.0}]",aqf_full
Q3,W1_HCPA_EXPERT,Easy,True,1.0,[],[],SUPPORTED,"[{""component"": ""filter"", ""query_field"": ""reason for encounter"", ""matched_field"": ""reason for encounter"", ""match_type"": ""exact_label"", ""score"": 1.0}, {""component"": ""output"", ""query_field"": ""reason for encounter"", ""matched_field"": ""reason for encounter"", ""match_type"": ""reuse_filter_match"", ""score"": 1.0}]",aqf_full
Q4,W1_HCPA_EXPERT,Easy,True,1.0,[],[],SUPPORTED,"[{""component"": ""filter"", ""query_field"": ""reason for encounter"", ""matched_field"": ""reason for encounter"", ""match_type"": ""exact_label"", ""score"": 1.0}, {""component"": ""output"", ""query_field"": ""reason for encounter"", ""matched_field"": ""reason for encounter"", ""match_type"": ""reuse_filter_match"", ""score"": 1.0}, {""component"": ""output"", ""query_field"": ""State"", ""matched_field"": ""State"", ""match_type"": ""exact_label"", ""score"": 1.0}, {""component"": ""output"", ""query_field"": ""patient age"", ""matched_field"": ""patient age"", ""match_type"": ""exact_label"", ""score"": 1.0}]",aqf_full
Q5,W1_HCPA_EXPERT,Easy,True,1.0,[],[],SUPPORTED,"[{""component"": ""filter"", ""query_field"": ""patient age"", ""matched_field"": ""patient age"", ""match_type"": ""exact_label"", ""score"": 1.0}, {""component"": ""output"", ""query_field"": ""patient age"", ""matched_field"": ""patient age"", ""match_type"": ""reuse_filter_match"", ""score"": 1.0}, {""component"": ""sort"", ""query_field"": ""patient age"", ""matched_field"": ""patient age"", ""match_type"": ""reuse_filter_match"", ""score"": 1.0}]",aqf_full
Q6,W1_HCPA_EXPERT,Easy,True,1.0,[],[],SUPPORTED,"[{""component"": ""filter"", ""query_field"": ""schema"", ""matched_field"": ""schema"", ""match_type"": ""exact_label"", ""score"": 1.0}, {""component"": ""output"", ""query_field"": ""schema"", ""matched_field"": ""schema"", ""match_type"": ""reuse_filter_match"", ""score"": 1.0}]",aqf_full
Q7,W1_HCPA_EXPERT,Easy,True,1.0,[],[],SUPPORTED,"[{""component"": ""filter"", ""query_field"": ""Procedure"", ""matched_field"": ""Procedure"", ""match_type"": ""exact_label"", ""score"": 1.0}, {""component"": ""output"", ""query_field"": ""Procedure"", ""matched_field"": ""Procedure"", ""match_type"": ""reuse_filter_match"", ""score"": 1.0}]",aqf_full
Q8,W1_HCPA_EXPERT,Easy,True,1.0,[],[],SUPPORTED,"[{""component"": ""filter"", ""query_field"": ""Problem"", ""matched_field"": ""Problem"", ""match_type"": ""exact_label"", ""score"": 1.0}, {""component"": ""output"", ""query_field"": ""Problem"", ""matched_field"": ""Problem"", ""match_type"": ""reuse_filter_match"", ""score"": 1.0}]",aqf_full
Q9,W1_HCPA_EXPERT,Easy,True,1.0,[],[],SUPPORTED,"[{""component"": ""filter"", ""query_field"": ""Clinical staging"", ""matched_field"": ""Clinical staging"", ""match_type"": ""exact_label"", ""score"": 1.0}, {""component"": ""output"", ""query_field"": ""Clinical staging"", ""matched_field"": ""Clinical staging"", ""match_type"": ""reuse_filter_match"", ""score"": 1.0}]",aqf_full
Q10,W1_HCPA_EXPERT,Easy,True,1.0,[],[],SUPPORTED,"[{""component"": ""filter"", ""query_field"": ""invaded regional lymph nodes"", ""matched_field"": ""Invaded regional linphonodes"", ""match_type"": ""exact_label"", ""score"": 1.0}, {""component"": ""output"", ""query_field"": ""invaded regional lymph nodes"", ""matched_field"": ""Invaded regional linphonodes"", ""match_type"": ""reuse_filter_match"", ""score"": 1.0}]",aqf_full
Q11,W1_HCPA_EXPERT,Medium,True,1.0,[],[],SUPPORTED,"[{""component"": ""filter"", ""query_field"": ""State"", ""matched_field"": ""State"", ""match_type"": ""exact_label"", ""score"": 1.0}, {""component"": ""filter"", ""query_field"": ""reason for encounter"", ""matched_field"": ""reason for encounter"", ""match_type"": ""exact_label"", ""score"": 1.0}, {""component"": ""output"", ""query_field"": ""State"", ""matched_field"": ""State"", ""match_type"": ""reuse_filter_match"", ""score"": 1.0}, {""component"": ""output"", ""query_field"": ""reason for encounter"", ""matched_field"": ""reason for encounter"", ""match_type"": ""reuse_filter_match"", ""score"": 1.0}]",aqf_full
Q12,W1_HCPA_EXPERT,Medium,True,1.0,[],[],SUPPORTED,"[{""component"": ""filter"", ""query_field"": ""State"", ""matched_field"": ""State"", ""match_type"": ""exact_label"", ""score"": 1.0}, {""component"": ""filter"", ""query_field"": ""reason for encounter"", ""matched_field"": ""reason for encounter"", ""match_type"": ""exact_label"", ""score"": 1.0}, {""component"": ""output"", ""query_field"": ""State"", ""matched_field"": ""State"", ""match_type"": ""reuse_filter_match"", ""score"": 1.0}, {""component"": ""output"", ""query_field"": ""reason for encounter"", ""matched_field"": ""reason for encounter"", ""match_type"": ""reuse_filter_match"", ""score"": 1.0}, {""component"": ""output"", ""query_field"": ""patient age"", ""matched_field"": ""patient age"", ""match_type"": ""exact_label"", ""score"": 1.0}]",aqf_full
Q13,W1_HCPA_EXPERT,Medium,True,1.0,[],[],SUPPORTED,"[{""component"": ""filter"", ""query_field"": ""patient age"", ""matched_field"": ""patient age"", ""match_type"": ""exact_label"", ""score"": 1.0}, {""component"": ""filter"", ""query_field"": ""State"", ""matched_field"": ""State"", ""match_type"": ""exact_label"", ""score"": 1.0}, {""component"": ""output"", ""query_field"": ""patient age"", ""matched_field"": ""patient age"", ""match_type"": ""reuse_filter_match"", ""score"": 1.0}, {""component"": ""output"", ""query_field"": ""State"", ""matched_field"": ""State"", ""match_type"": ""reuse_filter_match"", ""score"": 1.0}, {""component"": ""sort"", ""query_field"": ""patient age"", ""matched_field"": ""patient age"", ""match_type"": ""reuse_filter_match"", ""score"": 1.0}]",aqf_full
Q14,W1_HCPA_EXPERT,Medium,True,1.0,[],[],SUPPORTED,"[{""component"": ""filter"", ""query_field"": ""schema"", ""matched_field"": ""schema"", ""match_type"": ""exact_label"", ""score"": 1.0}, {""component"": ""filter"", ""query_field"": ""duration of treatment"", ""matched_field"": ""duration of treatment"", ""match_type"": ""exact_label"", ""score"": 1.0}, {""component"": ""output"", ""query_field"": ""schema"", ""matched_field"": ""schema"", ""match_type"": ""reuse_filter_match"", ""score"": 1.0}, {""component"": ""output"", ""query_field"": ""duration of treatment"", ""matched_field"": ""duration of treatment"", ""match_type"": ""reuse_filter_match"", ""score"": 1.0}, {""component"": ""sort"", ""query_field"": ""duration of treatment"", ""matched_field"": ""duration of treatment"", ""match_type"": ""reuse_filter_match"", ""score"": 1.0}]",aqf_full
Q15,W1_HCPA_EXPERT,Medium,True,1.0,[],[],SUPPORTED,"[{""component"": ""filter"", ""query_field"": ""Problem"", ""matched_field"": ""Problem"", ""match_type"": ""exact_label"", ""score"": 1.0}, {""component"": ""filter"", ""query_field"": ""Clinical staging"", ""matched_field"": ""Clinical staging"", ""match_type"": ""exact_label"", ""score"": 1.0}, {""component"": ""output"", ""query_field"": ""Problem"", ""matched_field"": ""Problem"", ""match_type"": ""reuse_filter_match"", ""score"": 1.0}, {""component"": ""output"", ""query_field"": ""Clinical staging"", ""matched_field"": ""Clinical staging"", ""match_type"": ""reuse_filter_match"", ""score"": 1.0}]",aqf_full
Q16,W1_HCPA_EXPERT,Medium,True,1.0,[],[],SUPPORTED,"[{""component"": ""filter"", ""query_field"": ""Problem"", ""matched_field"": ""Problem"", ""match_type"": ""exact_label"", ""score"": 1.0}, {""component"": ""filter"", ""query_field"": ""Procedure"", ""matched_field"": ""Procedure"", ""match_type"": ""exact_label"", ""score"": 1.0}, {""component"": ""output"", ""query_field"": ""Problem"", ""matched_field"": ""Problem"", ""match_type"": ""reuse_filter_match"", ""score"": 1.0}, {""component"": ""output"", ""query_field"": ""Procedure"", ""matched_field"": ""Procedure"", ""match_type"": ""reuse_filter_match"", ""score"": 1.0}]",aqf_full
Q17,W1_HCPA_EXPERT,Medium,True,1.0,[],[],SUPPORTED,"[{""component"": ""filter"", ""query_field"": ""reason for discharge"", ""matched_field"": ""reason for discharge"", ""match_type"": ""exact_label"", ""score"": 1.0}, {""component"": ""filter"", ""query_field"": ""State"", ""matched_field"": ""State"", ""match_type"": ""exact_label"", ""score"": 1.0}, {""component"": ""output"", ""query_field"": ""reason for discharge"", ""matched_field"": ""reason for discharge"", ""match_type"": ""reuse_filter_match"", ""score"": 1.0}, {""component"": ""output"", ""query_field"": ""State"", ""matched_field"": ""State"", ""match_type"": ""reuse_filter_match"", ""score"": 1.0}]",aqf_full
Q18,W1_HCPA_EXPERT,Medium,True,1.0,[],[],SUPPORTED,"[{""component"": ""filter"", ""query_field"": ""histopathological grading"", ""matched_field"": ""Histopathological grading (G)"", ""match_type"": ""exact_label"", ""score"": 1.0}, {""component"": ""filter"", ""query_field"": ""Problem"", ""matched_field"": ""Problem"", ""match_type"": ""exact_label"", ""score"": 1.0}, {""component"": ""output"", ""query_field"": ""histopathological grading"", ""matched_field"": ""Histopathological grading (G)"", ""match_type"": ""reuse_filter_match"", ""score"": 1.0}, {""component"": ""output"", ""query_field"": ""Problem"", ""matched_field"": ""Problem"", ""match_type"": ""reuse_filter_match"", ""score"": 1.0}]",aqf_full
Q19,W1_HCPA_EXPERT,Medium,True,1.0,[],[],SUPPORTED,"[{""component"": ""filter"", ""query_field"": ""tumour topography"", ""matched_field"": ""topography"", ""match_type"": ""exact_label"", ""score"": 1.0}, {""component"": ""filter"", ""query_field"": ""invaded regional lymph nodes"", ""matched_field"": ""Invaded regional linphonodes"", ""match_type"": ""exact_label"", ""score"": 1.0}, {""component"": ""output"", ""query_field"": ""tumour topography"", ""matched_field"": ""topography"", ""match_type"": ""reuse_filter_match"", ""score"": 1.0}, {""component"": ""output"", ""query_field"": ""invaded regional lymph nodes"", ""matched_field"": ""Invaded regional linphonodes"", ""match_type"": ""reuse_filter_match"", ""score"": 1.0}]",aqf_full
Q20,W1_HCPA_EXPERT,Medium,True,1.0,[],[],SUPPORTED,"[{""component"": ""filter"", ""query_field"": ""reason for encounter"", ""matched_field"": ""reason for encounter"", ""match_type"": ""exact_label"", ""score"": 1.0}, {""component"": ""filter"", ""query_field"": ""date of beginning of radiotherapy"", ""matched_field"": ""date of beginning of radiotherapy"", ""match_type"": ""exact_label"", ""score"": 1.0}, {""component"": ""output"", ""query_field"": ""reason for encounter"", ""matched_field"": ""reason for encounter"", ""match_type"": ""reuse_filter_match"", ""score"": 1.0}, {""component"": ""output"", ""query_field"": ""date of beginning of radiotherapy"", ""matched_field"": ""date of beginning of radiotherapy"", ""match_type"": ""reuse_filter_match"", ""score"": 1.0}, {""component"": ""sort"", ""query_field"": ""date of beginning of radiotherapy"", ""matched_field"": ""date of beginning of radiotherapy"", ""match_type"": ""reuse_filter_match"", ""score"": 1.0}]",aqf_full
Q21,W1_HCPA_EXPERT,Hard,False,0.0,"[""Nephrology / indicator of transplantation"", ""Nephrology / number of transplantations"", ""indicator of transplantation"", ""number of transplantations""]",[],ABSENT_OR_PRUNED_OR_MATCH_FAILED,"[{""component"": ""filter"", ""query_field"": ""indicator of transplantation"", ""matched_field"": null, ""match_type"": ""no_match"", ""score"": 0.0}, {""component"": ""filter"", ""query_field"": ""number of transplantations"", ""matched_field"": null, ""match_type"": ""no_match"", ""score"": 0.0}, {""component"": ""output"", ""query_field"": ""indicator of transplantation"", ""matched_field"": null, ""match_type"": ""no_match"", ""score"": 0.0}, {""component"": ""output"", ""query_field"": ""number of transplantations"", ""matched_field"": null, ""match_type"": ""no_match"", ""score"": 0.0}]",aqf_full
Q22,W1_HCPA_EXPERT,Hard,False,0.0,"[""Dialysis / date of first dialysis"", ""Imaging / abdominal ultrasonography"", ""date of first dialysis"", ""abdominal ultrasonography"", ""date of first dialysis""]",[],ABSENT_OR_PRUNED_OR_MATCH_FAILED,"[{""component"": ""filter"", ""query_field"": ""date of first dialysis"", ""matched_field"": null, ""match_type"": ""no_match"", ""score"": 0.0}, {""component"": ""filter"", ""query_field"": ""abdominal ultrasonography"", ""matched_field"": null, ""match_type"": ""no_match"", ""score"": 0.0}, {""component"": ""output"", ""query_field"": ""date of first dialysis"", ""matched_field"": null, ""match_type"": ""no_match"", ""score"": 0.0}, {""component"": ""output"", ""query_field"": ""abdominal ultrasonography"", ""matched_field"": null, ""match_type"": ""no_match"", ""score"": 0.0}, {""component"": ""sort"", ""query_field"": ""date of first dialysis"", ""matched_field"": null, ""match_type"": ""no_match"", ""score"": 0.0}]",aqf_full
Q23,W1_HCPA_EXPERT,Hard,True,1.0,[],[],SUPPORTED,"[{""component"": ""filter"", ""query_field"": ""duration of follow-up months"", ""matched_field"": ""duration of follow-up (months)"", ""match_type"": ""exact_label"", ""score"": 1.0}, {""component"": ""filter"", ""query_field"": ""body mass index"", ""matched_field"": ""Body Mass Index"", ""match_type"": ""exact_label"", ""score"": 1.0}, {""component"": ""output"", ""query_field"": ""duration of follow-up months"", ""matched_field"": ""duration of follow-up (months)"", ""match_type"": ""reuse_filter_match"", ""score"": 1.0}, {""component"": ""output"", ""query_field"": ""body mass index"", ""matched_field"": ""Body Mass Index"", ""match_type"": ""reuse_filter_match"", ""score"": 1.0}, {""component"": ""sort"", ""query_field"": ""duration of follow-up months"", ""matched_field"": ""duration of follow-up (months)"", ""match_type"": ""reuse_filter_match"", ""score"": 1.0}]",aqf_full
Q24,W1_HCPA_EXPERT,Hard,True,1.0,[],[],SUPPORTED,"[{""component"": ""filter"", ""query_field"": ""State"", ""matched_field"": ""State"", ""match_type"": ""exact_label"", ""score"": 1.0}, {""component"": ""filter"", ""query_field"": ""reason for encounter"", ""matched_field"": ""reason for encounter"", ""match_type"": ""exact_label"", ""score"": 1.0}, {""component"": ""filter"", ""query_field"": ""patient age"", ""matched_field"": ""patient age"", ""match_type"": ""exact_label"", ""score"": 1.0}, {""component"": ""output"", ""query_field"": ""State"", ""matched_field"": ""State"", ""match_type"": ""reuse_filter_match"", ""score"": 1.0}, {""component"": ""output"", ""query_field"": ""reason for encounter"", ""matched_field"": ""reason for encounter"", ""match_type"": ""reuse_filter_match"", ""score"": 1.0}, {""component"": ""output"", ""query_field"": ""patient age"", ""matched_field"": ""patient age"", ""match_type"": ""reuse_filter_match"", ""score"": 1.0}, {""component"": ""sort"", ""query_field"": ""patient age"", ""matched_field"": ""patient age"", ""match_type"": ""reuse_filter_match"", ""score"": 1.0}]",aqf_full
Q25,W1_HCPA_EXPERT,Hard,True,1.0,[],[],SUPPORTED,"[{""component"": ""filter"", ""query_field"": ""State"", ""matched_field"": ""State"", ""match_type"": ""exact_label"", ""score"": 1.0}, {""component"": ""filter"", ""query_field"": ""reason for encounter"", ""matched_field"": ""reason for encounter"", ""match_type"": ""exact_label"", ""score"": 1.0}, {""component"": ""filter"", ""query_field"": ""Problem"", ""matched_field"": ""Problem"", ""match_type"": ""exact_label"", ""score"": 1.0}, {""component"": ""output"", ""query_field"": ""State"", ""matched_field"": ""State"", ""match_type"": ""reuse_filter_match"", ""score"": 1.0}, {""component"": ""output"", ""query_field"": ""reason for encounter"", ""matched_field"": ""reason for encounter"", ""match_type"": ""reuse_filter_match"", ""score"": 1.0}, {""component"": ""output"", ""query_field"": ""Problem"", ""matched_field"": ""Problem"", ""match_type"": ""reuse_filter_match"", ""score"": 1.0}]",aqf_full
Q26,W1_HCPA_EXPERT,Hard,True,1.0,[],[],SUPPORTED,"[{""component"": ""filter"", ""query_field"": ""Problem"", ""matched_field"": ""Problem"", ""match_type"": ""exact_label"", ""score"": 1.0}, {""component"": ""filter"", ""query_field"": ""Clinical staging"", ""matched_field"": ""Clinical staging"", ""match_type"": ""exact_label"", ""score"": 1.0}, {""component"": ""filter"", ""query_field"": ""invaded regional lymph nodes"", ""matched_field"": ""Invaded regional linphonodes"", ""match_type"": ""exact_label"", ""score"": 1.0}, {""component"": ""output"", ""query_field"": ""Problem"", ""matched_field"": ""Problem"", ""match_type"": ""reuse_filter_match"", ""score"": 1.0}, {""component"": ""output"", ""query_field"": ""Clinical staging"", ""matched_field"": ""Clinical staging"", ""match_type"": ""reuse_filter_match"", ""score"": 1.0}, {""component"": ""output"", ""query_field"": ""invaded regional lymph nodes"", ""matched_field"": ""Invaded regional linphonodes"", ""match_type"": ""reuse_filter_match"", ""score"": 1.0}]",aqf_full
Q27,W1_HCPA_EXPERT,Hard,True,1.0,[],[],SUPPORTED,"[{""component"": ""filter"", ""query_field"": ""schema"", ""matched_field"": ""schema"", ""match_type"": ""exact_label"", ""score"": 1.0}, {""component"": ""filter"", ""query_field"": ""duration of treatment"", ""matched_field"": ""duration of treatment"", ""match_type"": ""exact_label"", ""score"": 1.0}, {""component"": ""filter"", ""query_field"": ""date of beginning of chemotherapy"", ""matched_field"": ""date of beginning of chemotherapy"", ""match_type"": ""exact_label"", ""score"": 1.0}, {""component"": ""output"", ""query_field"": ""schema"", ""matched_field"": ""schema"", ""match_type"": ""reuse_filter_match"", ""score"": 1.0}, {""component"": ""output"", ""query_field"": ""duration of treatment"", ""matched_field"": ""duration of treatment"", ""match_type"": ""reuse_filter_match"", ""score"": 1.0}, {""component"": ""output"", ""query_field"": ""date of beginning of chemotherapy"", ""matched_field"": ""date of beginning of chemotherapy"", ""match_type"": ""reuse_filter_match"", ""score"": 1.0}, {""component"": ""sort"", ""query_field"": ""date of beginning of chemotherapy"", ""matched_field"": ""date of beginning of chemotherapy"", ""match_type"": ""reuse_filter_match"", ""score"": 1.0}]",aqf_full
Q28,W1_HCPA_EXPERT,Hard,True,1.0,[],[],SUPPORTED,"[{""component"": ""filter"", ""query_field"": ""Procedure"", ""matched_field"": ""Procedure"", ""match_type"": ""exact_label"", ""score"": 1.0}, {""component"": ""filter"", ""query_field"": ""irradiated area 1"", ""matched_field"": ""irradiated area 1"", ""match_type"": ""exact_label"", ""score"": 1.0}, {""component"": ""output"", ""query_field"": ""Procedure"", ""matched_field"": ""Procedure"", ""match_type"": ""reuse_filter_match"", ""score"": 1.0}, {""component"": ""output"", ""query_field"": ""irradiated area 1"", ""matched_field"": ""irradiated area 1"", ""match_type"": ""reuse_filter_match"", ""score"": 1.0}]",aqf_full
Q29,W1_HCPA_EXPERT,Hard,True,1.0,[],[],SUPPORTED,"[{""component"": ""filter"", ""query_field"": ""date of discharge"", ""matched_field"": ""date of discharge"", ""match_type"": ""exact_label"", ""score"": 1.0}, {""component"": ""filter"", ""query_field"": ""reason for discharge"", ""matched_field"": ""reason for discharge"", ""match_type"": ""exact_label"", ""score"": 1.0}, {""component"": ""output"", ""query_field"": ""date of discharge"", ""matched_field"": ""date of discharge"", ""match_type"": ""reuse_filter_match"", ""score"": 1.0}, {""component"": ""output"", ""query_field"": ""reason for discharge"", ""matched_field"": ""reason for discharge"", ""match_type"": ""reuse_filter_match"", ""score"": 1.0}]",aqf_full
Q30,W1_HCPA_EXPERT,Hard,True,1.0,[],[],SUPPORTED,"[{""component"": ""filter"", ""query_field"": ""tumour topography"", ""matched_field"": ""topography"", ""match_type"": ""exact_label"", ""score"": 1.0}, {""component"": ""filter"", ""query_field"": ""histopathological grading"", ""matched_field"": ""Histopathological grading (G)"", ""match_type"": ""exact_label"", ""score"": 1.0}, {""component"": ""filter"", ""query_field"": ""date of pathological identification"", ""matched_field"": ""date of pathological identification"", ""match_type"": ""exact_label"", ""score"": 1.0}, {""component"": ""output"", ""query_field"": ""tumour topography"", ""matched_field"": ""topography"", ""match_type"": ""reuse_filter_match"", ""score"": 1.0}, {""component"": ""output"", ""query_field"": ""histopathological grading"", ""matched_field"": ""Histopathological grading (G)"", ""match_type"": ""reuse_filter_match"", ""score"": 1.0}, {""component"": ""output"", ""query_field"": ""date of pathological identification"", ""matched_field"": ""date of pathological identification"", ""match_type"": ""reuse_filter_match"", ""score"": 1.0}, {""component"": ""sort"", ""query_field"": ""date of pathological identification"", ""matched_field"": ""date of pathological identification"", ""match_type"": ""reuse_filter_match"", ""score"": 1.0}]",aqf_full
D1,W2_DEMOGRAPHIC_EXPERT,Easy,True,1.0,[],[],SUPPORTED,"[{""component"": ""filter"", ""query_field"": ""gender"", ""matched_field"": ""gender"", ""match_type"": ""exact_path"", ""score"": 1.0}, {""component"": ""output"", ""query_field"": ""gender"", ""matched_field"": ""gender"", ""match_type"": ""reuse_filter_match"", ""score"": 1.0}]",aqf_full
D2,W2_DEMOGRAPHIC_EXPERT,Easy,True,1.0,[],[],SUPPORTED,"[{""component"": ""filter"", ""query_field"": ""gender"", ""matched_field"": ""gender"", ""match_type"": ""exact_path"", ""score"": 1.0}, {""component"": ""output"", ""query_field"": ""gender"", ""matched_field"": ""gender"", ""match_type"": ""reuse_filter_match"", ""score"": 1.0}, {""component"": ""output"", ""query_field"": ""birth date"", ""matched_field"": ""birth date"", ""match_type"": ""exact_label"", ""score"": 1.0}]",aqf_full
D3,W2_DEMOGRAPHIC_EXPERT,Easy,True,1.0,[],[],SUPPORTED,"[{""component"": ""filter"", ""query_field"": ""nationality"", ""matched_field"": ""nationality"", ""match_type"": ""exact_path"", ""score"": 1.0}, {""component"": ""output"", ""query_field"": ""nationality"", ""matched_field"": ""nationality"", ""match_type"": ""reuse_filter_match"", ""score"": 1.0}]",aqf_full
D4,W2_DEMOGRAPHIC_EXPERT,Easy,True,1.0,[],[],SUPPORTED,"[{""component"": ""filter"", ""query_field"": ""race"", ""matched_field"": ""race"", ""match_type"": ""exact_path"", ""score"": 1.0}, {""component"": ""output"", ""query_field"": ""race"", ""matched_field"": ""race"", ""match_type"": ""reuse_filter_match"", ""score"": 1.0}]",aqf_full
D5,W2_DEMOGRAPHIC_EXPERT,Easy,True,1.0,[],[],SUPPORTED,"[{""component"": ""filter"", ""query_field"": ""ethnic group"", ""matched_field"": ""ethnic group"", ""match_type"": ""exact_path"", ""score"": 1.0}, {""component"": ""output"", ""query_field"": ""ethnic group"", ""matched_field"": ""ethnic group"", ""match_type"": ""reuse_filter_match"", ""score"": 1.0}]",aqf_full
D6,W2_DEMOGRAPHIC_EXPERT,Easy,True,1.0,[],[],SUPPORTED,"[{""component"": ""filter"", ""query_field"": ""birth date"", ""matched_field"": ""birth date"", ""match_type"": ""exact_path"", ""score"": 1.0}, {""component"": ""output"", ""query_field"": ""birth date"", ""matched_field"": ""birth date"", ""match_type"": ""reuse_filter_match"", ""score"": 1.0}]",aqf_full
D7,W2_DEMOGRAPHIC_EXPERT,Medium,True,1.0,[],[],SUPPORTED,"[{""component"": ""filter"", ""query_field"": ""gender"", ""matched_field"": ""gender"", ""match_type"": ""exact_path"", ""score"": 1.0}, {""component"": ""filter"", ""query_field"": ""nationality"", ""matched_field"": ""nationality"", ""match_type"": ""exact_path"", ""score"": 1.0}, {""component"": ""output"", ""query_field"": ""gender"", ""matched_field"": ""gender"", ""match_type"": ""reuse_filter_match"", ""score"": 1.0}, {""component"": ""output"", ""query_field"": ""nationality"", ""matched_field"": ""nationality"", ""match_type"": ""reuse_filter_match"", ""score"": 1.0}]",aqf_full
D8,W2_DEMOGRAPHIC_EXPERT,Medium,True,1.0,[],[],SUPPORTED,"[{""component"": ""filter"", ""query_field"": ""birth date"", ""matched_field"": ""birth date"", ""match_type"": ""exact_path"", ""score"": 1.0}, {""component"": ""filter"", ""query_field"": ""gender"", ""matched_field"": ""gender"", ""match_type"": ""exact_path"", ""score"": 1.0}, {""component"": ""output"", ""query_field"": ""birth date"", ""matched_field"": ""birth date"", ""match_type"": ""reuse_filter_match"", ""score"": 1.0}, {""component"": ""output"", ""query_field"": ""gender"", ""matched_field"": ""gender"", ""match_type"": ""reuse_filter_match"", ""score"": 1.0}, {""component"": ""sort"", ""query_field"": ""birth date"", ""matched_field"": ""birth date"", ""match_type"": ""reuse_filter_match"", ""score"": 1.0}]",aqf_full
D9,W2_DEMOGRAPHIC_EXPERT,Medium,True,1.0,[],[],SUPPORTED,"[{""component"": ""filter"", ""query_field"": ""educational level"", ""matched_field"": ""educational level"", ""match_type"": ""exact_path"", ""score"": 1.0}, {""component"": ""filter"", ""query_field"": ""nationality"", ""matched_field"": ""nationality"", ""match_type"": ""exact_path"", ""score"": 1.0}, {""component"": ""output"", ""query_field"": ""educational level"", ""matched_field"": ""educational level"", ""match_type"": ""reuse_filter_match"", ""score"": 1.0}, {""component"": ""output"", ""query_field"": ""nationality"", ""matched_field"": ""nationality"", ""match_type"": ""reuse_filter_match"", ""score"": 1.0}]",aqf_full
D10,W2_DEMOGRAPHIC_EXPERT,Medium,True,1.0,[],[],SUPPORTED,"[{""component"": ""filter"", ""query_field"": ""race"", ""matched_field"": ""race"", ""match_type"": ""exact_path"", ""score"": 1.0}, {""component"": ""filter"", ""query_field"": ""nationality"", ""matched_field"": ""nationality"", ""match_type"": ""exact_path"", ""score"": 1.0}, {""component"": ""output"", ""query_field"": ""race"", ""matched_field"": ""race"", ""match_type"": ""reuse_filter_match"", ""score"": 1.0}, {""component"": ""output"", ""query_field"": ""nationality"", ""matched_field"": ""nationality"", ""match_type"": ""reuse_filter_match"", ""score"": 1.0}]",aqf_full
D11,W2_DEMOGRAPHIC_EXPERT,Hard,True,1.0,[],[],SUPPORTED,"[{""component"": ""filter"", ""query_field"": ""race"", ""matched_field"": ""race"", ""match_type"": ""exact_path"", ""score"": 1.0}, {""component"": ""filter"", ""query_field"": ""ethnic group"", ""matched_field"": ""ethnic group"", ""match_type"": ""exact_path"", ""score"": 1.0}, {""component"": ""filter"", ""query_field"": ""nationality"", ""matched_field"": ""nationality"", ""match_type"": ""exact_path"", ""score"": 1.0}, {""component"": ""output"", ""query_field"": ""race"", ""matched_field"": ""race"", ""match_type"": ""reuse_filter_match"", ""score"": 1.0}, {""component"": ""output"", ""query_field"": ""ethnic group"", ""matched_field"": ""ethnic group"", ""match_type"": ""reuse_filter_match"", ""score"": 1.0}, {""component"": ""output"", ""query_field"": ""nationality"", ""matched_field"": ""nationality"", ""match_type"": ""reuse_filter_match"", ""score"": 1.0}]",aqf_full
D12,W2_DEMOGRAPHIC_EXPERT,Hard,True,1.0,[],[],SUPPORTED,"[{""component"": ""filter"", ""query_field"": ""birth date"", ""matched_field"": ""birth date"", ""match_type"": ""exact_path"", ""score"": 1.0}, {""component"": ""filter"", ""query_field"": ""gender"", ""matched_field"": ""gender"", ""match_type"": ""exact_path"", ""score"": 1.0}, {""component"": ""filter"", ""query_field"": ""nationality"", ""matched_field"": ""nationality"", ""match_type"": ""exact_path"", ""score"": 1.0}, {""component"": ""output"", ""query_field"": ""birth date"", ""matched_field"": ""birth date"", ""match_type"": ""reuse_filter_match"", ""score"": 1.0}, {""component"": ""output"", ""query_field"": ""gender"", ""matched_field"": ""gender"", ""match_type"": ""reuse_filter_match"", ""score"": 1.0}, {""component"": ""output"", ""query_field"": ""nationality"", ""matched_field"": ""nationality"", ""match_type"": ""reuse_filter_match"", ""score"": 1.0}, {""component"": ""sort"", ""query_field"": ""birth date"", ""matched_field"": ""birth date"", ""match_type"": ""reuse_filter_match"", ""score"": 1.0}]",aqf_full
H1,W3_HOSPITALISATION_EXPERT,Easy,True,1.0,[],[],SUPPORTED,"[{""component"": ""filter"", ""query_field"": ""Admission type"", ""matched_field"": ""Admission type"", ""match_type"": ""exact_path"", ""score"": 1.0}, {""component"": ""output"", ""query_field"": ""Admission type"", ""matched_field"": ""Admission type"", ""match_type"": ""reuse_filter_match"", ""score"": 1.0}]",aqf_full
H2,W3_HOSPITALISATION_EXPERT,Easy,True,1.0,[],[],SUPPORTED,"[{""component"": ""filter"", ""query_field"": ""Hospital service"", ""matched_field"": ""Hospital service"", ""match_type"": ""exact_path"", ""score"": 1.0}, {""component"": ""output"", ""query_field"": ""Hospital service"", ""matched_field"": ""Hospital service"", ""match_type"": ""reuse_filter_match"", ""score"": 1.0}]",aqf_full
H3,W3_HOSPITALISATION_EXPERT,Easy,True,1.0,[],[],SUPPORTED,"[{""component"": ""filter"", ""query_field"": ""ICU - Total"", ""matched_field"": ""ICU - Total"", ""match_type"": ""exact_path"", ""score"": 1.0}, {""component"": ""output"", ""query_field"": ""ICU - Total"", ""matched_field"": ""ICU - Total"", ""match_type"": ""reuse_filter_match"", ""score"": 1.0}, {""component"": ""sort"", ""query_field"": ""ICU - Total"", ""matched_field"": ""ICU - Total"", ""match_type"": ""reuse_filter_match"", ""score"": 1.0}]",aqf_full
H4,W3_HOSPITALISATION_EXPERT,Easy,True,1.0,[],[],SUPPORTED,"[{""component"": ""filter"", ""query_field"": ""death indicator"", ""matched_field"": ""death indicator"", ""match_type"": ""exact_path"", ""score"": 1.0}, {""component"": ""output"", ""query_field"": ""death indicator"", ""matched_field"": ""death indicator"", ""match_type"": ""reuse_filter_match"", ""score"": 1.0}]",aqf_full
H5,W3_HOSPITALISATION_EXPERT,Easy,True,1.0,[],[],SUPPORTED,"[{""component"": ""filter"", ""query_field"": ""hospital infection"", ""matched_field"": ""hospital infection"", ""match_type"": ""exact_path"", ""score"": 1.0}, {""component"": ""output"", ""query_field"": ""hospital infection"", ""matched_field"": ""hospital infection"", ""match_type"": ""reuse_filter_match"", ""score"": 1.0}]",aqf_full
H6,W3_HOSPITALISATION_EXPERT,Easy,True,1.0,[],[],SUPPORTED,"[{""component"": ""filter"", ""query_field"": ""Universal ID"", ""matched_field"": ""Universal ID"", ""match_type"": ""exact_path"", ""score"": 1.0}, {""component"": ""output"", ""query_field"": ""Universal ID"", ""matched_field"": ""Universal ID"", ""match_type"": ""reuse_filter_match"", ""score"": 1.0}]",aqf_full
H7,W3_HOSPITALISATION_EXPERT,Medium,True,1.0,[],[],SUPPORTED,"[{""component"": ""filter"", ""query_field"": ""Admission type"", ""matched_field"": ""Admission type"", ""match_type"": ""exact_path"", ""score"": 1.0}, {""component"": ""filter"", ""query_field"": ""Hospital service"", ""matched_field"": ""Hospital service"", ""match_type"": ""exact_path"", ""score"": 1.0}, {""component"": ""output"", ""query_field"": ""Admission type"", ""matched_field"": ""Admission type"", ""match_type"": ""reuse_filter_match"", ""score"": 1.0}, {""component"": ""output"", ""query_field"": ""Hospital service"", ""matched_field"": ""Hospital service"", ""match_type"": ""reuse_filter_match"", ""score"": 1.0}]",aqf_full
H8,W3_HOSPITALISATION_EXPERT,Medium,True,1.0,[],[],SUPPORTED,"[{""component"": ""filter"", ""query_field"": ""Admit date/time"", ""matched_field"": ""Admit date/time"", ""match_type"": ""exact_path"", ""score"": 1.0}, {""component"": ""filter"", ""query_field"": ""State/province"", ""matched_field"": ""State/province"", ""match_type"": ""exact_path"", ""score"": 1.0}, {""component"": ""output"", ""query_field"": ""Admit date/time"", ""matched_field"": ""Admit date/time"", ""match_type"": ""reuse_filter_match"", ""score"": 1.0}, {""component"": ""output"", ""query_field"": ""State/province"", ""matched_field"": ""State/province"", ""match_type"": ""reuse_filter_match"", ""score"": 1.0}, {""component"": ""sort"", ""query_field"": ""Admit date/time"", ""matched_field"": ""Admit date/time"", ""match_type"": ""reuse_filter_match"", ""score"": 1.0}]",aqf_full
H9,W3_HOSPITALISATION_EXPERT,Medium,True,1.0,[],[],SUPPORTED,"[{""component"": ""filter"", ""query_field"": ""claim reason"", ""matched_field"": ""claim reason"", ""match_type"": ""exact_path"", ""score"": 1.0}, {""component"": ""filter"", ""query_field"": ""death indicator"", ""matched_field"": ""death indicator"", ""match_type"": ""exact_path"", ""score"": 1.0}, {""component"": ""output"", ""query_field"": ""claim reason"", ""matched_field"": ""claim reason"", ""match_type"": ""reuse_filter_match"", ""score"": 1.0}, {""component"": ""output"", ""query_field"": ""death indicator"", ""matched_field"": ""death indicator"", ""match_type"": ""reuse_filter_match"", ""score"": 1.0}]",aqf_full
H10,W3_HOSPITALISATION_EXPERT,Medium,True,1.0,[],[],SUPPORTED,"[{""component"": ""filter"", ""query_field"": ""Patient class"", ""matched_field"": ""Patient class"", ""match_type"": ""exact_path"", ""score"": 1.0}, {""component"": ""output"", ""query_field"": ""Patient class"", ""matched_field"": ""Patient class"", ""match_type"": ""reuse_filter_match"", ""score"": 1.0}, {""component"": ""output"", ""query_field"": ""Admission type"", ""matched_field"": ""Admission type"", ""match_type"": ""exact_label"", ""score"": 1.0}]",aqf_full
H11,W3_HOSPITALISATION_EXPERT,Hard,True,1.0,[],[],SUPPORTED,"[{""component"": ""filter"", ""query_field"": ""Problem"", ""matched_field"": ""Problem"", ""match_type"": ""exact_path"", ""score"": 1.0}, {""component"": ""filter"", ""query_field"": ""Procedure"", ""matched_field"": ""Procedure"", ""match_type"": ""exact_path"", ""score"": 1.0}, {""component"": ""output"", ""query_field"": ""Problem"", ""matched_field"": ""Problem"", ""match_type"": ""reuse_filter_match"", ""score"": 1.0}, {""component"": ""output"", ""query_field"": ""Procedure"", ""matched_field"": ""Procedure"", ""match_type"": ""reuse_filter_match"", ""score"": 1.0}]",aqf_full
H12,W3_HOSPITALISATION_EXPERT,Hard,True,1.0,[],[],SUPPORTED,"[{""component"": ""filter"", ""query_field"": ""Admit date/time"", ""matched_field"": ""Admit date/time"", ""match_type"": ""exact_path"", ""score"": 1.0}, {""component"": ""filter"", ""query_field"": ""claim reason"", ""matched_field"": ""claim reason"", ""match_type"": ""exact_path"", ""score"": 1.0}, {""component"": ""output"", ""query_field"": ""Admit date/time"", ""matched_field"": ""Admit date/time"", ""match_type"": ""reuse_filter_match"", ""score"": 1.0}, {""component"": ""output"", ""query_field"": ""Admission type"", ""matched_field"": ""Admission type"", ""match_type"": ""exact_label"", ""score"": 1.0}, {""component"": ""output"", ""query_field"": ""Hospital service"", ""matched_field"": ""Hospital service"", ""match_type"": ""exact_label"", ""score"": 1.0}, {""component"": ""output"", ""query_field"": ""ICU - Total"", ""matched_field"": ""ICU - Total"", ""match_type"": ""exact_label"", ""score"": 1.0}, {""component"": ""output"", ""query_field"": ""claim reason"", ""matched_field"": ""claim reason"", ""match_type"": ""reuse_filter_match"", ""score"": 1.0}, {""component"": ""output"", ""query_field"": ""death indicator"", ""matched_field"": ""death indicator"", ""match_type"": ""exact_label"", ""score"": 1.0}, {""component"": ""sort"", ""query_field"": ""Admit date/time"", ""matched_field"": ""Admit date/time"", ""match_type"": ""reuse_filter_match"", ""score"": 1.0}]",aqf_full
Q1,W1_HCPA_EXPERT,Easy,True,1.0,[],[],SUPPORTED,"[{""component"": ""filter"", ""query_field"": ""State"", ""matched_field"": ""State"", ""match_type"": ""exact_label"", ""score"": 1.0}, {""component"": ""output"", ""query_field"": ""State"", ""matched_field"": ""State"", ""match_type"": ""reuse_filter_match"", ""score"": 1.0}]",aqf_topk_no_threshold
Q2,W1_HCPA_EXPERT,Easy,True,1.0,[],[],SUPPORTED,"[{""component"": ""filter"", ""query_field"": ""State"", ""matched_field"": ""State"", ""match_type"": ""exact_label"", ""score"": 1.0}, {""component"": ""output"", ""query_field"": ""State"", ""matched_field"": ""State"", ""match_type"": ""reuse_filter_match"", ""score"": 1.0}, {""component"": ""output"", ""query_field"": ""reason for encounter"", ""matched_field"": ""reason for encounter"", ""match_type"": ""exact_label"", ""score"": 1.0}]",aqf_topk_no_threshold
Q3,W1_HCPA_EXPERT,Easy,True,1.0,[],[],SUPPORTED,"[{""component"": ""filter"", ""query_field"": ""reason for encounter"", ""matched_field"": ""reason for encounter"", ""match_type"": ""exact_label"", ""score"": 1.0}, {""component"": ""output"", ""query_field"": ""reason for encounter"", ""matched_field"": ""reason for encounter"", ""match_type"": ""reuse_filter_match"", ""score"": 1.0}]",aqf_topk_no_threshold
Q4,W1_HCPA_EXPERT,Easy,True,1.0,[],[],SUPPORTED,"[{""component"": ""filter"", ""query_field"": ""reason for encounter"", ""matched_field"": ""reason for encounter"", ""match_type"": ""exact_label"", ""score"": 1.0}, {""component"": ""output"", ""query_field"": ""reason for encounter"", ""matched_field"": ""reason for encounter"", ""match_type"": ""reuse_filter_match"", ""score"": 1.0}, {""component"": ""output"", ""query_field"": ""State"", ""matched_field"": ""State"", ""match_type"": ""exact_label"", ""score"": 1.0}, {""component"": ""output"", ""query_field"": ""patient age"", ""matched_field"": ""patient age"", ""match_type"": ""exact_label"", ""score"": 1.0}]",aqf_topk_no_threshold
Q5,W1_HCPA_EXPERT,Easy,True,1.0,[],[],SUPPORTED,"[{""component"": ""filter"", ""query_field"": ""patient age"", ""matched_field"": ""patient age"", ""match_type"": ""exact_label"", ""score"": 1.0}, {""component"": ""output"", ""query_field"": ""patient age"", ""matched_field"": ""patient age"", ""match_type"": ""reuse_filter_match"", ""score"": 1.0}, {""component"": ""sort"", ""query_field"": ""patient age"", ""matched_field"": ""patient age"", ""match_type"": ""reuse_filter_match"", ""score"": 1.0}]",aqf_topk_no_threshold
Q6,W1_HCPA_EXPERT,Easy,True,1.0,[],[],SUPPORTED,"[{""component"": ""filter"", ""query_field"": ""schema"", ""matched_field"": ""schema"", ""match_type"": ""exact_label"", ""score"": 1.0}, {""component"": ""output"", ""query_field"": ""schema"", ""matched_field"": ""schema"", ""match_type"": ""reuse_filter_match"", ""score"": 1.0}]",aqf_topk_no_threshold
Q7,W1_HCPA_EXPERT,Easy,True,1.0,[],[],SUPPORTED,"[{""component"": ""filter"", ""query_field"": ""Procedure"", ""matched_field"": ""Procedure"", ""match_type"": ""exact_label"", ""score"": 1.0}, {""component"": ""output"", ""query_field"": ""Procedure"", ""matched_field"": ""Procedure"", ""match_type"": ""reuse_filter_match"", ""score"": 1.0}]",aqf_topk_no_threshold
Q8,W1_HCPA_EXPERT,Easy,True,1.0,[],[],SUPPORTED,"[{""component"": ""filter"", ""query_field"": ""Problem"", ""matched_field"": ""Problem"", ""match_type"": ""exact_label"", ""score"": 1.0}, {""component"": ""output"", ""query_field"": ""Problem"", ""matched_field"": ""Problem"", ""match_type"": ""reuse_filter_match"", ""score"": 1.0}]",aqf_topk_no_threshold
Q9,W1_HCPA_EXPERT,Easy,True,1.0,[],[],SUPPORTED,"[{""component"": ""filter"", ""query_field"": ""Clinical staging"", ""matched_field"": ""Clinical staging"", ""match_type"": ""exact_label"", ""score"": 1.0}, {""component"": ""output"", ""query_field"": ""Clinical staging"", ""matched_field"": ""Clinical staging"", ""match_type"": ""reuse_filter_match"", ""score"": 1.0}]",aqf_topk_no_threshold
Q10,W1_HCPA_EXPERT,Easy,True,1.0,[],[],SUPPORTED,"[{""component"": ""filter"", ""query_field"": ""invaded regional lymph nodes"", ""matched_field"": ""Invaded regional linphonodes"", ""match_type"": ""exact_label"", ""score"": 1.0}, {""component"": ""output"", ""query_field"": ""invaded regional lymph nodes"", ""matched_field"": ""Invaded regional linphonodes"", ""match_type"": ""reuse_filter_match"", ""score"": 1.0}]",aqf_topk_no_threshold
Q11,W1_HCPA_EXPERT,Medium,True,1.0,[],[],SUPPORTED,"[{""component"": ""filter"", ""query_field"": ""State"", ""matched_field"": ""State"", ""match_type"": ""exact_label"", ""score"": 1.0}, {""component"": ""filter"", ""query_field"": ""reason for encounter"", ""matched_field"": ""reason for encounter"", ""match_type"": ""exact_label"", ""score"": 1.0}, {""component"": ""output"", ""query_field"": ""State"", ""matched_field"": ""State"", ""match_type"": ""reuse_filter_match"", ""score"": 1.0}, {""component"": ""output"", ""query_field"": ""reason for encounter"", ""matched_field"": ""reason for encounter"", ""match_type"": ""reuse_filter_match"", ""score"": 1.0}]",aqf_topk_no_threshold
Q12,W1_HCPA_EXPERT,Medium,True,1.0,[],[],SUPPORTED,"[{""component"": ""filter"", ""query_field"": ""State"", ""matched_field"": ""State"", ""match_type"": ""exact_label"", ""score"": 1.0}, {""component"": ""filter"", ""query_field"": ""reason for encounter"", ""matched_field"": ""reason for encounter"", ""match_type"": ""exact_label"", ""score"": 1.0}, {""component"": ""output"", ""query_field"": ""State"", ""matched_field"": ""State"", ""match_type"": ""reuse_filter_match"", ""score"": 1.0}, {""component"": ""output"", ""query_field"": ""reason for encounter"", ""matched_field"": ""reason for encounter"", ""match_type"": ""reuse_filter_match"", ""score"": 1.0}, {""component"": ""output"", ""query_field"": ""patient age"", ""matched_field"": ""patient age"", ""match_type"": ""exact_label"", ""score"": 1.0}]",aqf_topk_no_threshold
Q13,W1_HCPA_EXPERT,Medium,True,1.0,[],[],SUPPORTED,"[{""component"": ""filter"", ""query_field"": ""patient age"", ""matched_field"": ""patient age"", ""match_type"": ""exact_label"", ""score"": 1.0}, {""component"": ""filter"", ""query_field"": ""State"", ""matched_field"": ""State"", ""match_type"": ""exact_label"", ""score"": 1.0}, {""component"": ""output"", ""query_field"": ""patient age"", ""matched_field"": ""patient age"", ""match_type"": ""reuse_filter_match"", ""score"": 1.0}, {""component"": ""output"", ""query_field"": ""State"", ""matched_field"": ""State"", ""match_type"": ""reuse_filter_match"", ""score"": 1.0}, {""component"": ""sort"", ""query_field"": ""patient age"", ""matched_field"": ""patient age"", ""match_type"": ""reuse_filter_match"", ""score"": 1.0}]",aqf_topk_no_threshold
Q14,W1_HCPA_EXPERT,Medium,True,1.0,[],[],SUPPORTED,"[{""component"": ""filter"", ""query_field"": ""schema"", ""matched_field"": ""schema"", ""match_type"": ""exact_label"", ""score"": 1.0}, {""component"": ""filter"", ""query_field"": ""duration of treatment"", ""matched_field"": ""duration of treatment"", ""match_type"": ""exact_label"", ""score"": 1.0}, {""component"": ""output"", ""query_field"": ""schema"", ""matched_field"": ""schema"", ""match_type"": ""reuse_filter_match"", ""score"": 1.0}, {""component"": ""output"", ""query_field"": ""duration of treatment"", ""matched_field"": ""duration of treatment"", ""match_type"": ""reuse_filter_match"", ""score"": 1.0}, {""component"": ""sort"", ""query_field"": ""duration of treatment"", ""matched_field"": ""duration of treatment"", ""match_type"": ""reuse_filter_match"", ""score"": 1.0}]",aqf_topk_no_threshold
Q15,W1_HCPA_EXPERT,Medium,True,1.0,[],[],SUPPORTED,"[{""component"": ""filter"", ""query_field"": ""Problem"", ""matched_field"": ""Problem"", ""match_type"": ""exact_label"", ""score"": 1.0}, {""component"": ""filter"", ""query_field"": ""Clinical staging"", ""matched_field"": ""Clinical staging"", ""match_type"": ""exact_label"", ""score"": 1.0}, {""component"": ""output"", ""query_field"": ""Problem"", ""matched_field"": ""Problem"", ""match_type"": ""reuse_filter_match"", ""score"": 1.0}, {""component"": ""output"", ""query_field"": ""Clinical staging"", ""matched_field"": ""Clinical staging"", ""match_type"": ""reuse_filter_match"", ""score"": 1.0}]",aqf_topk_no_threshold
Q16,W1_HCPA_EXPERT,Medium,True,1.0,[],[],SUPPORTED,"[{""component"": ""filter"", ""query_field"": ""Problem"", ""matched_field"": ""Problem"", ""match_type"": ""exact_label"", ""score"": 1.0}, {""component"": ""filter"", ""query_field"": ""Procedure"", ""matched_field"": ""Procedure"", ""match_type"": ""exact_label"", ""score"": 1.0}, {""component"": ""output"", ""query_field"": ""Problem"", ""matched_field"": ""Problem"", ""match_type"": ""reuse_filter_match"", ""score"": 1.0}, {""component"": ""output"", ""query_field"": ""Procedure"", ""matched_field"": ""Procedure"", ""match_type"": ""reuse_filter_match"", ""score"": 1.0}]",aqf_topk_no_threshold
Q17,W1_HCPA_EXPERT,Medium,True,1.0,[],[],SUPPORTED,"[{""component"": ""filter"", ""query_field"": ""reason for discharge"", ""matched_field"": ""reason for discharge"", ""match_type"": ""exact_label"", ""score"": 1.0}, {""component"": ""filter"", ""query_field"": ""State"", ""matched_field"": ""State"", ""match_type"": ""exact_label"", ""score"": 1.0}, {""component"": ""output"", ""query_field"": ""reason for discharge"", ""matched_field"": ""reason for discharge"", ""match_type"": ""reuse_filter_match"", ""score"": 1.0}, {""component"": ""output"", ""query_field"": ""State"", ""matched_field"": ""State"", ""match_type"": ""reuse_filter_match"", ""score"": 1.0}]",aqf_topk_no_threshold
Q18,W1_HCPA_EXPERT,Medium,True,1.0,[],[],SUPPORTED,"[{""component"": ""filter"", ""query_field"": ""histopathological grading"", ""matched_field"": ""Histopathological grading (G)"", ""match_type"": ""exact_label"", ""score"": 1.0}, {""component"": ""filter"", ""query_field"": ""Problem"", ""matched_field"": ""Problem"", ""match_type"": ""exact_label"", ""score"": 1.0}, {""component"": ""output"", ""query_field"": ""histopathological grading"", ""matched_field"": ""Histopathological grading (G)"", ""match_type"": ""reuse_filter_match"", ""score"": 1.0}, {""component"": ""output"", ""query_field"": ""Problem"", ""matched_field"": ""Problem"", ""match_type"": ""reuse_filter_match"", ""score"": 1.0}]",aqf_topk_no_threshold
Q19,W1_HCPA_EXPERT,Medium,True,1.0,[],[],SUPPORTED,"[{""component"": ""filter"", ""query_field"": ""tumour topography"", ""matched_field"": ""topography"", ""match_type"": ""exact_label"", ""score"": 1.0}, {""component"": ""filter"", ""query_field"": ""invaded regional lymph nodes"", ""matched_field"": ""Invaded regional linphonodes"", ""match_type"": ""exact_label"", ""score"": 1.0}, {""component"": ""output"", ""query_field"": ""tumour topography"", ""matched_field"": ""topography"", ""match_type"": ""reuse_filter_match"", ""score"": 1.0}, {""component"": ""output"", ""query_field"": ""invaded regional lymph nodes"", ""matched_field"": ""Invaded regional linphonodes"", ""match_type"": ""reuse_filter_match"", ""score"": 1.0}]",aqf_topk_no_threshold
Q20,W1_HCPA_EXPERT,Medium,True,1.0,[],[],SUPPORTED,"[{""component"": ""filter"", ""query_field"": ""reason for encounter"", ""matched_field"": ""reason for encounter"", ""match_type"": ""exact_label"", ""score"": 1.0}, {""component"": ""filter"", ""query_field"": ""date of beginning of radiotherapy"", ""matched_field"": ""date of beginning of radiotherapy"", ""match_type"": ""exact_label"", ""score"": 1.0}, {""component"": ""output"", ""query_field"": ""reason for encounter"", ""matched_field"": ""reason for encounter"", ""match_type"": ""reuse_filter_match"", ""score"": 1.0}, {""component"": ""output"", ""query_field"": ""date of beginning of radiotherapy"", ""matched_field"": ""date of beginning of radiotherapy"", ""match_type"": ""reuse_filter_match"", ""score"": 1.0}, {""component"": ""sort"", ""query_field"": ""date of beginning of radiotherapy"", ""matched_field"": ""date of beginning of radiotherapy"", ""match_type"": ""reuse_filter_match"", ""score"": 1.0}]",aqf_topk_no_threshold
Q21,W1_HCPA_EXPERT,Hard,False,0.0,"[""Nephrology / indicator of transplantation"", ""Nephrology / number of transplantations"", ""indicator of transplantation"", ""number of transplantations""]",[],ABSENT_OR_PRUNED_OR_MATCH_FAILED,"[{""component"": ""filter"", ""query_field"": ""indicator of transplantation"", ""matched_field"": null, ""match_type"": ""no_match"", ""score"": 0.0}, {""component"": ""filter"", ""query_field"": ""number of transplantations"", ""matched_field"": null, ""match_type"": ""no_match"", ""score"": 0.0}, {""component"": ""output"", ""query_field"": ""indicator of transplantation"", ""matched_field"": null, ""match_type"": ""no_match"", ""score"": 0.0}, {""component"": ""output"", ""query_field"": ""number of transplantations"", ""matched_field"": null, ""match_type"": ""no_match"", ""score"": 0.0}]",aqf_topk_no_threshold
Q22,W1_HCPA_EXPERT,Hard,False,0.0,"[""Dialysis / date of first dialysis"", ""Imaging / abdominal ultrasonography"", ""date of first dialysis"", ""abdominal ultrasonography"", ""date of first dialysis""]",[],ABSENT_OR_PRUNED_OR_MATCH_FAILED,"[{""component"": ""filter"", ""query_field"": ""date of first dialysis"", ""matched_field"": null, ""match_type"": ""no_match"", ""score"": 0.0}, {""component"": ""filter"", ""query_field"": ""abdominal ultrasonography"", ""matched_field"": null, ""match_type"": ""no_match"", ""score"": 0.0}, {""component"": ""output"", ""query_field"": ""date of first dialysis"", ""matched_field"": null, ""match_type"": ""no_match"", ""score"": 0.0}, {""component"": ""output"", ""query_field"": ""abdominal ultrasonography"", ""matched_field"": null, ""match_type"": ""no_match"", ""score"": 0.0}, {""component"": ""sort"", ""query_field"": ""date of first dialysis"", ""matched_field"": null, ""match_type"": ""no_match"", ""score"": 0.0}]",aqf_topk_no_threshold
Q23,W1_HCPA_EXPERT,Hard,True,1.0,[],[],SUPPORTED,"[{""component"": ""filter"", ""query_field"": ""duration of follow-up months"", ""matched_field"": ""duration of follow-up (months)"", ""match_type"": ""exact_label"", ""score"": 1.0}, {""component"": ""filter"", ""query_field"": ""body mass index"", ""matched_field"": ""Body Mass Index"", ""match_type"": ""exact_label"", ""score"": 1.0}, {""component"": ""output"", ""query_field"": ""duration of follow-up months"", ""matched_field"": ""duration of follow-up (months)"", ""match_type"": ""reuse_filter_match"", ""score"": 1.0}, {""component"": ""output"", ""query_field"": ""body mass index"", ""matched_field"": ""Body Mass Index"", ""match_type"": ""reuse_filter_match"", ""score"": 1.0}, {""component"": ""sort"", ""query_field"": ""duration of follow-up months"", ""matched_field"": ""duration of follow-up (months)"", ""match_type"": ""reuse_filter_match"", ""score"": 1.0}]",aqf_topk_no_threshold
Q24,W1_HCPA_EXPERT,Hard,True,1.0,[],[],SUPPORTED,"[{""component"": ""filter"", ""query_field"": ""State"", ""matched_field"": ""State"", ""match_type"": ""exact_label"", ""score"": 1.0}, {""component"": ""filter"", ""query_field"": ""reason for encounter"", ""matched_field"": ""reason for encounter"", ""match_type"": ""exact_label"", ""score"": 1.0}, {""component"": ""filter"", ""query_field"": ""patient age"", ""matched_field"": ""patient age"", ""match_type"": ""exact_label"", ""score"": 1.0}, {""component"": ""output"", ""query_field"": ""State"", ""matched_field"": ""State"", ""match_type"": ""reuse_filter_match"", ""score"": 1.0}, {""component"": ""output"", ""query_field"": ""reason for encounter"", ""matched_field"": ""reason for encounter"", ""match_type"": ""reuse_filter_match"", ""score"": 1.0}, {""component"": ""output"", ""query_field"": ""patient age"", ""matched_field"": ""patient age"", ""match_type"": ""reuse_filter_match"", ""score"": 1.0}, {""component"": ""sort"", ""query_field"": ""patient age"", ""matched_field"": ""patient age"", ""match_type"": ""reuse_filter_match"", ""score"": 1.0}]",aqf_topk_no_threshold
Q25,W1_HCPA_EXPERT,Hard,True,1.0,[],[],SUPPORTED,"[{""component"": ""filter"", ""query_field"": ""State"", ""matched_field"": ""State"", ""match_type"": ""exact_label"", ""score"": 1.0}, {""component"": ""filter"", ""query_field"": ""reason for encounter"", ""matched_field"": ""reason for encounter"", ""match_type"": ""exact_label"", ""score"": 1.0}, {""component"": ""filter"", ""query_field"": ""Problem"", ""matched_field"": ""Problem"", ""match_type"": ""exact_label"", ""score"": 1.0}, {""component"": ""output"", ""query_field"": ""State"", ""matched_field"": ""State"", ""match_type"": ""reuse_filter_match"", ""score"": 1.0}, {""component"": ""output"", ""query_field"": ""reason for encounter"", ""matched_field"": ""reason for encounter"", ""match_type"": ""reuse_filter_match"", ""score"": 1.0}, {""component"": ""output"", ""query_field"": ""Problem"", ""matched_field"": ""Problem"", ""match_type"": ""reuse_filter_match"", ""score"": 1.0}]",aqf_topk_no_threshold
Q26,W1_HCPA_EXPERT,Hard,True,1.0,[],[],SUPPORTED,"[{""component"": ""filter"", ""query_field"": ""Problem"", ""matched_field"": ""Problem"", ""match_type"": ""exact_label"", ""score"": 1.0}, {""component"": ""filter"", ""query_field"": ""Clinical staging"", ""matched_field"": ""Clinical staging"", ""match_type"": ""exact_label"", ""score"": 1.0}, {""component"": ""filter"", ""query_field"": ""invaded regional lymph nodes"", ""matched_field"": ""Invaded regional linphonodes"", ""match_type"": ""exact_label"", ""score"": 1.0}, {""component"": ""output"", ""query_field"": ""Problem"", ""matched_field"": ""Problem"", ""match_type"": ""reuse_filter_match"", ""score"": 1.0}, {""component"": ""output"", ""query_field"": ""Clinical staging"", ""matched_field"": ""Clinical staging"", ""match_type"": ""reuse_filter_match"", ""score"": 1.0}, {""component"": ""output"", ""query_field"": ""invaded regional lymph nodes"", ""matched_field"": ""Invaded regional linphonodes"", ""match_type"": ""reuse_filter_match"", ""score"": 1.0}]",aqf_topk_no_threshold
Q27,W1_HCPA_EXPERT,Hard,True,1.0,[],[],SUPPORTED,"[{""component"": ""filter"", ""query_field"": ""schema"", ""matched_field"": ""schema"", ""match_type"": ""exact_label"", ""score"": 1.0}, {""component"": ""filter"", ""query_field"": ""duration of treatment"", ""matched_field"": ""duration of treatment"", ""match_type"": ""exact_label"", ""score"": 1.0}, {""component"": ""filter"", ""query_field"": ""date of beginning of chemotherapy"", ""matched_field"": ""date of beginning of chemotherapy"", ""match_type"": ""exact_label"", ""score"": 1.0}, {""component"": ""output"", ""query_field"": ""schema"", ""matched_field"": ""schema"", ""match_type"": ""reuse_filter_match"", ""score"": 1.0}, {""component"": ""output"", ""query_field"": ""duration of treatment"", ""matched_field"": ""duration of treatment"", ""match_type"": ""reuse_filter_match"", ""score"": 1.0}, {""component"": ""output"", ""query_field"": ""date of beginning of chemotherapy"", ""matched_field"": ""date of beginning of chemotherapy"", ""match_type"": ""reuse_filter_match"", ""score"": 1.0}, {""component"": ""sort"", ""query_field"": ""date of beginning of chemotherapy"", ""matched_field"": ""date of beginning of chemotherapy"", ""match_type"": ""reuse_filter_match"", ""score"": 1.0}]",aqf_topk_no_threshold
Q28,W1_HCPA_EXPERT,Hard,True,1.0,[],[],SUPPORTED,"[{""component"": ""filter"", ""query_field"": ""Procedure"", ""matched_field"": ""Procedure"", ""match_type"": ""exact_label"", ""score"": 1.0}, {""component"": ""filter"", ""query_field"": ""irradiated area 1"", ""matched_field"": ""irradiated area 1"", ""match_type"": ""exact_label"", ""score"": 1.0}, {""component"": ""output"", ""query_field"": ""Procedure"", ""matched_field"": ""Procedure"", ""match_type"": ""reuse_filter_match"", ""score"": 1.0}, {""component"": ""output"", ""query_field"": ""irradiated area 1"", ""matched_field"": ""irradiated area 1"", ""match_type"": ""reuse_filter_match"", ""score"": 1.0}]",aqf_topk_no_threshold
Q29,W1_HCPA_EXPERT,Hard,True,1.0,[],[],SUPPORTED,"[{""component"": ""filter"", ""query_field"": ""date of discharge"", ""matched_field"": ""date of discharge"", ""match_type"": ""exact_label"", ""score"": 1.0}, {""component"": ""filter"", ""query_field"": ""reason for discharge"", ""matched_field"": ""reason for discharge"", ""match_type"": ""exact_label"", ""score"": 1.0}, {""component"": ""output"", ""query_field"": ""date of discharge"", ""matched_field"": ""date of discharge"", ""match_type"": ""reuse_filter_match"", ""score"": 1.0}, {""component"": ""output"", ""query_field"": ""reason for discharge"", ""matched_field"": ""reason for discharge"", ""match_type"": ""reuse_filter_match"", ""score"": 1.0}]",aqf_topk_no_threshold
Q30,W1_HCPA_EXPERT,Hard,True,1.0,[],[],SUPPORTED,"[{""component"": ""filter"", ""query_field"": ""tumour topography"", ""matched_field"": ""topography"", ""match_type"": ""exact_label"", ""score"": 1.0}, {""component"": ""filter"", ""query_field"": ""histopathological grading"", ""matched_field"": ""Histopathological grading (G)"", ""match_type"": ""exact_label"", ""score"": 1.0}, {""component"": ""filter"", ""query_field"": ""date of pathological identification"", ""matched_field"": ""date of pathological identification"", ""match_type"": ""exact_label"", ""score"": 1.0}, {""component"": ""output"", ""query_field"": ""tumour topography"", ""matched_field"": ""topography"", ""match_type"": ""reuse_filter_match"", ""score"": 1.0}, {""component"": ""output"", ""query_field"": ""histopathological grading"", ""matched_field"": ""Histopathological grading (G)"", ""match_type"": ""reuse_filter_match"", ""score"": 1.0}, {""component"": ""output"", ""query_field"": ""date of pathological identification"", ""matched_field"": ""date of pathological identification"", ""match_type"": ""reuse_filter_match"", ""score"": 1.0}, {""component"": ""sort"", ""query_field"": ""date of pathological identification"", ""matched_field"": ""date of pathological identification"", ""match_type"": ""reuse_filter_match"", ""score"": 1.0}]",aqf_topk_no_threshold
D1,W2_DEMOGRAPHIC_EXPERT,Easy,True,1.0,[],[],SUPPORTED,"[{""component"": ""filter"", ""query_field"": ""gender"", ""matched_field"": ""gender"", ""match_type"": ""exact_path"", ""score"": 1.0}, {""component"": ""output"", ""query_field"": ""gender"", ""matched_field"": ""gender"", ""match_type"": ""reuse_filter_match"", ""score"": 1.0}]",aqf_topk_no_threshold
D2,W2_DEMOGRAPHIC_EXPERT,Easy,True,1.0,[],[],SUPPORTED,"[{""component"": ""filter"", ""query_field"": ""gender"", ""matched_field"": ""gender"", ""match_type"": ""exact_path"", ""score"": 1.0}, {""component"": ""output"", ""query_field"": ""gender"", ""matched_field"": ""gender"", ""match_type"": ""reuse_filter_match"", ""score"": 1.0}, {""component"": ""output"", ""query_field"": ""birth date"", ""matched_field"": ""birth date"", ""match_type"": ""exact_label"", ""score"": 1.0}]",aqf_topk_no_threshold
D3,W2_DEMOGRAPHIC_EXPERT,Easy,True,1.0,[],[],SUPPORTED,"[{""component"": ""filter"", ""query_field"": ""nationality"", ""matched_field"": ""nationality"", ""match_type"": ""exact_path"", ""score"": 1.0}, {""component"": ""output"", ""query_field"": ""nationality"", ""matched_field"": ""nationality"", ""match_type"": ""reuse_filter_match"", ""score"": 1.0}]",aqf_topk_no_threshold
D4,W2_DEMOGRAPHIC_EXPERT,Easy,True,1.0,[],[],SUPPORTED,"[{""component"": ""filter"", ""query_field"": ""race"", ""matched_field"": ""race"", ""match_type"": ""exact_path"", ""score"": 1.0}, {""component"": ""output"", ""query_field"": ""race"", ""matched_field"": ""race"", ""match_type"": ""reuse_filter_match"", ""score"": 1.0}]",aqf_topk_no_threshold
D5,W2_DEMOGRAPHIC_EXPERT,Easy,True,1.0,[],[],SUPPORTED,"[{""component"": ""filter"", ""query_field"": ""ethnic group"", ""matched_field"": ""ethnic group"", ""match_type"": ""exact_path"", ""score"": 1.0}, {""component"": ""output"", ""query_field"": ""ethnic group"", ""matched_field"": ""ethnic group"", ""match_type"": ""reuse_filter_match"", ""score"": 1.0}]",aqf_topk_no_threshold
D6,W2_DEMOGRAPHIC_EXPERT,Easy,True,1.0,[],[],SUPPORTED,"[{""component"": ""filter"", ""query_field"": ""birth date"", ""matched_field"": ""birth date"", ""match_type"": ""exact_path"", ""score"": 1.0}, {""component"": ""output"", ""query_field"": ""birth date"", ""matched_field"": ""birth date"", ""match_type"": ""reuse_filter_match"", ""score"": 1.0}]",aqf_topk_no_threshold
D7,W2_DEMOGRAPHIC_EXPERT,Medium,True,1.0,[],[],SUPPORTED,"[{""component"": ""filter"", ""query_field"": ""gender"", ""matched_field"": ""gender"", ""match_type"": ""exact_path"", ""score"": 1.0}, {""component"": ""filter"", ""query_field"": ""nationality"", ""matched_field"": ""nationality"", ""match_type"": ""exact_path"", ""score"": 1.0}, {""component"": ""output"", ""query_field"": ""gender"", ""matched_field"": ""gender"", ""match_type"": ""reuse_filter_match"", ""score"": 1.0}, {""component"": ""output"", ""query_field"": ""nationality"", ""matched_field"": ""nationality"", ""match_type"": ""reuse_filter_match"", ""score"": 1.0}]",aqf_topk_no_threshold
D8,W2_DEMOGRAPHIC_EXPERT,Medium,True,1.0,[],[],SUPPORTED,"[{""component"": ""filter"", ""query_field"": ""birth date"", ""matched_field"": ""birth date"", ""match_type"": ""exact_path"", ""score"": 1.0}, {""component"": ""filter"", ""query_field"": ""gender"", ""matched_field"": ""gender"", ""match_type"": ""exact_path"", ""score"": 1.0}, {""component"": ""output"", ""query_field"": ""birth date"", ""matched_field"": ""birth date"", ""match_type"": ""reuse_filter_match"", ""score"": 1.0}, {""component"": ""output"", ""query_field"": ""gender"", ""matched_field"": ""gender"", ""match_type"": ""reuse_filter_match"", ""score"": 1.0}, {""component"": ""sort"", ""query_field"": ""birth date"", ""matched_field"": ""birth date"", ""match_type"": ""reuse_filter_match"", ""score"": 1.0}]",aqf_topk_no_threshold
D9,W2_DEMOGRAPHIC_EXPERT,Medium,True,1.0,[],[],SUPPORTED,"[{""component"": ""filter"", ""query_field"": ""educational level"", ""matched_field"": ""educational level"", ""match_type"": ""exact_path"", ""score"": 1.0}, {""component"": ""filter"", ""query_field"": ""nationality"", ""matched_field"": ""nationality"", ""match_type"": ""exact_path"", ""score"": 1.0}, {""component"": ""output"", ""query_field"": ""educational level"", ""matched_field"": ""educational level"", ""match_type"": ""reuse_filter_match"", ""score"": 1.0}, {""component"": ""output"", ""query_field"": ""nationality"", ""matched_field"": ""nationality"", ""match_type"": ""reuse_filter_match"", ""score"": 1.0}]",aqf_topk_no_threshold
D10,W2_DEMOGRAPHIC_EXPERT,Medium,True,1.0,[],[],SUPPORTED,"[{""component"": ""filter"", ""query_field"": ""race"", ""matched_field"": ""race"", ""match_type"": ""exact_path"", ""score"": 1.0}, {""component"": ""filter"", ""query_field"": ""nationality"", ""matched_field"": ""nationality"", ""match_type"": ""exact_path"", ""score"": 1.0}, {""component"": ""output"", ""query_field"": ""race"", ""matched_field"": ""race"", ""match_type"": ""reuse_filter_match"", ""score"": 1.0}, {""component"": ""output"", ""query_field"": ""nationality"", ""matched_field"": ""nationality"", ""match_type"": ""reuse_filter_match"", ""score"": 1.0}]",aqf_topk_no_threshold
D11,W2_DEMOGRAPHIC_EXPERT,Hard,True,1.0,[],[],SUPPORTED,"[{""component"": ""filter"", ""query_field"": ""race"", ""matched_field"": ""race"", ""match_type"": ""exact_path"", ""score"": 1.0}, {""component"": ""filter"", ""query_field"": ""ethnic group"", ""matched_field"": ""ethnic group"", ""match_type"": ""exact_path"", ""score"": 1.0}, {""component"": ""filter"", ""query_field"": ""nationality"", ""matched_field"": ""nationality"", ""match_type"": ""exact_path"", ""score"": 1.0}, {""component"": ""output"", ""query_field"": ""race"", ""matched_field"": ""race"", ""match_type"": ""reuse_filter_match"", ""score"": 1.0}, {""component"": ""output"", ""query_field"": ""ethnic group"", ""matched_field"": ""ethnic group"", ""match_type"": ""reuse_filter_match"", ""score"": 1.0}, {""component"": ""output"", ""query_field"": ""nationality"", ""matched_field"": ""nationality"", ""match_type"": ""reuse_filter_match"", ""score"": 1.0}]",aqf_topk_no_threshold
D12,W2_DEMOGRAPHIC_EXPERT,Hard,True,1.0,[],[],SUPPORTED,"[{""component"": ""filter"", ""query_field"": ""birth date"", ""matched_field"": ""birth date"", ""match_type"": ""exact_path"", ""score"": 1.0}, {""component"": ""filter"", ""query_field"": ""gender"", ""matched_field"": ""gender"", ""match_type"": ""exact_path"", ""score"": 1.0}, {""component"": ""filter"", ""query_field"": ""nationality"", ""matched_field"": ""nationality"", ""match_type"": ""exact_path"", ""score"": 1.0}, {""component"": ""output"", ""query_field"": ""birth date"", ""matched_field"": ""birth date"", ""match_type"": ""reuse_filter_match"", ""score"": 1.0}, {""component"": ""output"", ""query_field"": ""gender"", ""matched_field"": ""gender"", ""match_type"": ""reuse_filter_match"", ""score"": 1.0}, {""component"": ""output"", ""query_field"": ""nationality"", ""matched_field"": ""nationality"", ""match_type"": ""reuse_filter_match"", ""score"": 1.0}, {""component"": ""sort"", ""query_field"": ""birth date"", ""matched_field"": ""birth date"", ""match_type"": ""reuse_filter_match"", ""score"": 1.0}]",aqf_topk_no_threshold
H1,W3_HOSPITALISATION_EXPERT,Easy,True,1.0,[],[],SUPPORTED,"[{""component"": ""filter"", ""query_field"": ""Admission type"", ""matched_field"": ""Admission type"", ""match_type"": ""exact_path"", ""score"": 1.0}, {""component"": ""output"", ""query_field"": ""Admission type"", ""matched_field"": ""Admission type"", ""match_type"": ""reuse_filter_match"", ""score"": 1.0}]",aqf_topk_no_threshold
H2,W3_HOSPITALISATION_EXPERT,Easy,True,1.0,[],[],SUPPORTED,"[{""component"": ""filter"", ""query_field"": ""Hospital service"", ""matched_field"": ""Hospital service"", ""match_type"": ""exact_path"", ""score"": 1.0}, {""component"": ""output"", ""query_field"": ""Hospital service"", ""matched_field"": ""Hospital service"", ""match_type"": ""reuse_filter_match"", ""score"": 1.0}]",aqf_topk_no_threshold
H3,W3_HOSPITALISATION_EXPERT,Easy,True,1.0,[],[],SUPPORTED,"[{""component"": ""filter"", ""query_field"": ""ICU - Total"", ""matched_field"": ""ICU - Total"", ""match_type"": ""exact_path"", ""score"": 1.0}, {""component"": ""output"", ""query_field"": ""ICU - Total"", ""matched_field"": ""ICU - Total"", ""match_type"": ""reuse_filter_match"", ""score"": 1.0}, {""component"": ""sort"", ""query_field"": ""ICU - Total"", ""matched_field"": ""ICU - Total"", ""match_type"": ""reuse_filter_match"", ""score"": 1.0}]",aqf_topk_no_threshold
H4,W3_HOSPITALISATION_EXPERT,Easy,True,1.0,[],[],SUPPORTED,"[{""component"": ""filter"", ""query_field"": ""death indicator"", ""matched_field"": ""death indicator"", ""match_type"": ""exact_path"", ""score"": 1.0}, {""component"": ""output"", ""query_field"": ""death indicator"", ""matched_field"": ""death indicator"", ""match_type"": ""reuse_filter_match"", ""score"": 1.0}]",aqf_topk_no_threshold
H5,W3_HOSPITALISATION_EXPERT,Easy,True,1.0,[],[],SUPPORTED,"[{""component"": ""filter"", ""query_field"": ""hospital infection"", ""matched_field"": ""hospital infection"", ""match_type"": ""exact_path"", ""score"": 1.0}, {""component"": ""output"", ""query_field"": ""hospital infection"", ""matched_field"": ""hospital infection"", ""match_type"": ""reuse_filter_match"", ""score"": 1.0}]",aqf_topk_no_threshold
H6,W3_HOSPITALISATION_EXPERT,Easy,True,1.0,[],[],SUPPORTED,"[{""component"": ""filter"", ""query_field"": ""Universal ID"", ""matched_field"": ""Universal ID"", ""match_type"": ""exact_path"", ""score"": 1.0}, {""component"": ""output"", ""query_field"": ""Universal ID"", ""matched_field"": ""Universal ID"", ""match_type"": ""reuse_filter_match"", ""score"": 1.0}]",aqf_topk_no_threshold
H7,W3_HOSPITALISATION_EXPERT,Medium,True,1.0,[],[],SUPPORTED,"[{""component"": ""filter"", ""query_field"": ""Admission type"", ""matched_field"": ""Admission type"", ""match_type"": ""exact_path"", ""score"": 1.0}, {""component"": ""filter"", ""query_field"": ""Hospital service"", ""matched_field"": ""Hospital service"", ""match_type"": ""exact_path"", ""score"": 1.0}, {""component"": ""output"", ""query_field"": ""Admission type"", ""matched_field"": ""Admission type"", ""match_type"": ""reuse_filter_match"", ""score"": 1.0}, {""component"": ""output"", ""query_field"": ""Hospital service"", ""matched_field"": ""Hospital service"", ""match_type"": ""reuse_filter_match"", ""score"": 1.0}]",aqf_topk_no_threshold
H8,W3_HOSPITALISATION_EXPERT,Medium,True,1.0,[],[],SUPPORTED,"[{""component"": ""filter"", ""query_field"": ""Admit date/time"", ""matched_field"": ""Admit date/time"", ""match_type"": ""exact_path"", ""score"": 1.0}, {""component"": ""filter"", ""query_field"": ""State/province"", ""matched_field"": ""State/province"", ""match_type"": ""exact_path"", ""score"": 1.0}, {""component"": ""output"", ""query_field"": ""Admit date/time"", ""matched_field"": ""Admit date/time"", ""match_type"": ""reuse_filter_match"", ""score"": 1.0}, {""component"": ""output"", ""query_field"": ""State/province"", ""matched_field"": ""State/province"", ""match_type"": ""reuse_filter_match"", ""score"": 1.0}, {""component"": ""sort"", ""query_field"": ""Admit date/time"", ""matched_field"": ""Admit date/time"", ""match_type"": ""reuse_filter_match"", ""score"": 1.0}]",aqf_topk_no_threshold
H9,W3_HOSPITALISATION_EXPERT,Medium,True,1.0,[],[],SUPPORTED,"[{""component"": ""filter"", ""query_field"": ""claim reason"", ""matched_field"": ""claim reason"", ""match_type"": ""exact_path"", ""score"": 1.0}, {""component"": ""filter"", ""query_field"": ""death indicator"", ""matched_field"": ""death indicator"", ""match_type"": ""exact_path"", ""score"": 1.0}, {""component"": ""output"", ""query_field"": ""claim reason"", ""matched_field"": ""claim reason"", ""match_type"": ""reuse_filter_match"", ""score"": 1.0}, {""component"": ""output"", ""query_field"": ""death indicator"", ""matched_field"": ""death indicator"", ""match_type"": ""reuse_filter_match"", ""score"": 1.0}]",aqf_topk_no_threshold
H10,W3_HOSPITALISATION_EXPERT,Medium,True,1.0,[],[],SUPPORTED,"[{""component"": ""filter"", ""query_field"": ""Patient class"", ""matched_field"": ""Patient class"", ""match_type"": ""exact_path"", ""score"": 1.0}, {""component"": ""output"", ""query_field"": ""Patient class"", ""matched_field"": ""Patient class"", ""match_type"": ""reuse_filter_match"", ""score"": 1.0}, {""component"": ""output"", ""query_field"": ""Admission type"", ""matched_field"": ""Admission type"", ""match_type"": ""exact_label"", ""score"": 1.0}]",aqf_topk_no_threshold
H11,W3_HOSPITALISATION_EXPERT,Hard,True,1.0,[],[],SUPPORTED,"[{""component"": ""filter"", ""query_field"": ""Problem"", ""matched_field"": ""Problem"", ""match_type"": ""exact_path"", ""score"": 1.0}, {""component"": ""filter"", ""query_field"": ""Procedure"", ""matched_field"": ""Procedure"", ""match_type"": ""exact_path"", ""score"": 1.0}, {""component"": ""output"", ""query_field"": ""Problem"", ""matched_field"": ""Problem"", ""match_type"": ""reuse_filter_match"", ""score"": 1.0}, {""component"": ""output"", ""query_field"": ""Procedure"", ""matched_field"": ""Procedure"", ""match_type"": ""reuse_filter_match"", ""score"": 1.0}]",aqf_topk_no_threshold
H12,W3_HOSPITALISATION_EXPERT,Hard,True,1.0,[],[],SUPPORTED,"[{""component"": ""filter"", ""query_field"": ""Admit date/time"", ""matched_field"": ""Admit date/time"", ""match_type"": ""exact_path"", ""score"": 1.0}, {""component"": ""filter"", ""query_field"": ""claim reason"", ""matched_field"": ""claim reason"", ""match_type"": ""exact_path"", ""score"": 1.0}, {""component"": ""output"", ""query_field"": ""Admit date/time"", ""matched_field"": ""Admit date/time"", ""match_type"": ""reuse_filter_match"", ""score"": 1.0}, {""component"": ""output"", ""query_field"": ""Admission type"", ""matched_field"": ""Admission type"", ""match_type"": ""exact_label"", ""score"": 1.0}, {""component"": ""output"", ""query_field"": ""Hospital service"", ""matched_field"": ""Hospital service"", ""match_type"": ""exact_label"", ""score"": 1.0}, {""component"": ""output"", ""query_field"": ""ICU - Total"", ""matched_field"": ""ICU - Total"", ""match_type"": ""exact_label"", ""score"": 1.0}, {""component"": ""output"", ""query_field"": ""claim reason"", ""matched_field"": ""claim reason"", ""match_type"": ""reuse_filter_match"", ""score"": 1.0}, {""component"": ""output"", ""query_field"": ""death indicator"", ""matched_field"": ""death indicator"", ""match_type"": ""exact_label"", ""score"": 1.0}, {""component"": ""sort"", ""query_field"": ""Admit date/time"", ""matched_field"": ""Admit date/time"", ""match_type"": ""reuse_filter_match"", ""score"": 1.0}]",aqf_topk_no_threshold
Q1,W1_HCPA_EXPERT,Easy,True,1.0,[],[],SUPPORTED,"[{""component"": ""filter"", ""query_field"": ""State"", ""matched_field"": ""State"", ""match_type"": ""exact_label"", ""score"": 1.0}, {""component"": ""output"", ""query_field"": ""State"", ""matched_field"": ""State"", ""match_type"": ""reuse_filter_match"", ""score"": 1.0}]",frequency_only
Q2,W1_HCPA_EXPERT,Easy,True,1.0,[],[],SUPPORTED,"[{""component"": ""filter"", ""query_field"": ""State"", ""matched_field"": ""State"", ""match_type"": ""exact_label"", ""score"": 1.0}, {""component"": ""output"", ""query_field"": ""State"", ""matched_field"": ""State"", ""match_type"": ""reuse_filter_match"", ""score"": 1.0}, {""component"": ""output"", ""query_field"": ""reason for encounter"", ""matched_field"": ""reason for encounter"", ""match_type"": ""exact_label"", ""score"": 1.0}]",frequency_only
Q3,W1_HCPA_EXPERT,Easy,True,1.0,[],[],SUPPORTED,"[{""component"": ""filter"", ""query_field"": ""reason for encounter"", ""matched_field"": ""reason for encounter"", ""match_type"": ""exact_label"", ""score"": 1.0}, {""component"": ""output"", ""query_field"": ""reason for encounter"", ""matched_field"": ""reason for encounter"", ""match_type"": ""reuse_filter_match"", ""score"": 1.0}]",frequency_only
Q4,W1_HCPA_EXPERT,Easy,True,1.0,[],[],SUPPORTED,"[{""component"": ""filter"", ""query_field"": ""reason for encounter"", ""matched_field"": ""reason for encounter"", ""match_type"": ""exact_label"", ""score"": 1.0}, {""component"": ""output"", ""query_field"": ""reason for encounter"", ""matched_field"": ""reason for encounter"", ""match_type"": ""reuse_filter_match"", ""score"": 1.0}, {""component"": ""output"", ""query_field"": ""State"", ""matched_field"": ""State"", ""match_type"": ""exact_label"", ""score"": 1.0}, {""component"": ""output"", ""query_field"": ""patient age"", ""matched_field"": ""patient age"", ""match_type"": ""exact_label"", ""score"": 1.0}]",frequency_only
Q5,W1_HCPA_EXPERT,Easy,True,1.0,[],[],SUPPORTED,"[{""component"": ""filter"", ""query_field"": ""patient age"", ""matched_field"": ""patient age"", ""match_type"": ""exact_label"", ""score"": 1.0}, {""component"": ""output"", ""query_field"": ""patient age"", ""matched_field"": ""patient age"", ""match_type"": ""reuse_filter_match"", ""score"": 1.0}, {""component"": ""sort"", ""query_field"": ""patient age"", ""matched_field"": ""patient age"", ""match_type"": ""reuse_filter_match"", ""score"": 1.0}]",frequency_only
Q6,W1_HCPA_EXPERT,Easy,True,1.0,[],[],SUPPORTED,"[{""component"": ""filter"", ""query_field"": ""schema"", ""matched_field"": ""schema"", ""match_type"": ""exact_label"", ""score"": 1.0}, {""component"": ""output"", ""query_field"": ""schema"", ""matched_field"": ""schema"", ""match_type"": ""reuse_filter_match"", ""score"": 1.0}]",frequency_only
Q7,W1_HCPA_EXPERT,Easy,True,1.0,[],[],SUPPORTED,"[{""component"": ""filter"", ""query_field"": ""Procedure"", ""matched_field"": ""Procedure"", ""match_type"": ""exact_label"", ""score"": 1.0}, {""component"": ""output"", ""query_field"": ""Procedure"", ""matched_field"": ""Procedure"", ""match_type"": ""reuse_filter_match"", ""score"": 1.0}]",frequency_only
Q8,W1_HCPA_EXPERT,Easy,True,1.0,[],[],SUPPORTED,"[{""component"": ""filter"", ""query_field"": ""Problem"", ""matched_field"": ""Problem"", ""match_type"": ""exact_label"", ""score"": 1.0}, {""component"": ""output"", ""query_field"": ""Problem"", ""matched_field"": ""Problem"", ""match_type"": ""reuse_filter_match"", ""score"": 1.0}]",frequency_only
Q9,W1_HCPA_EXPERT,Easy,True,1.0,[],[],SUPPORTED,"[{""component"": ""filter"", ""query_field"": ""Clinical staging"", ""matched_field"": ""Clinical staging"", ""match_type"": ""exact_label"", ""score"": 1.0}, {""component"": ""output"", ""query_field"": ""Clinical staging"", ""matched_field"": ""Clinical staging"", ""match_type"": ""reuse_filter_match"", ""score"": 1.0}]",frequency_only
Q10,W1_HCPA_EXPERT,Easy,True,1.0,[],[],SUPPORTED,"[{""component"": ""filter"", ""query_field"": ""invaded regional lymph nodes"", ""matched_field"": ""Invaded regional linphonodes"", ""match_type"": ""exact_label"", ""score"": 1.0}, {""component"": ""output"", ""query_field"": ""invaded regional lymph nodes"", ""matched_field"": ""Invaded regional linphonodes"", ""match_type"": ""reuse_filter_match"", ""score"": 1.0}]",frequency_only
Q11,W1_HCPA_EXPERT,Medium,True,1.0,[],[],SUPPORTED,"[{""component"": ""filter"", ""query_field"": ""State"", ""matched_field"": ""State"", ""match_type"": ""exact_label"", ""score"": 1.0}, {""component"": ""filter"", ""query_field"": ""reason for encounter"", ""matched_field"": ""reason for encounter"", ""match_type"": ""exact_label"", ""score"": 1.0}, {""component"": ""output"", ""query_field"": ""State"", ""matched_field"": ""State"", ""match_type"": ""reuse_filter_match"", ""score"": 1.0}, {""component"": ""output"", ""query_field"": ""reason for encounter"", ""matched_field"": ""reason for encounter"", ""match_type"": ""reuse_filter_match"", ""score"": 1.0}]",frequency_only
Q12,W1_HCPA_EXPERT,Medium,True,1.0,[],[],SUPPORTED,"[{""component"": ""filter"", ""query_field"": ""State"", ""matched_field"": ""State"", ""match_type"": ""exact_label"", ""score"": 1.0}, {""component"": ""filter"", ""query_field"": ""reason for encounter"", ""matched_field"": ""reason for encounter"", ""match_type"": ""exact_label"", ""score"": 1.0}, {""component"": ""output"", ""query_field"": ""State"", ""matched_field"": ""State"", ""match_type"": ""reuse_filter_match"", ""score"": 1.0}, {""component"": ""output"", ""query_field"": ""reason for encounter"", ""matched_field"": ""reason for encounter"", ""match_type"": ""reuse_filter_match"", ""score"": 1.0}, {""component"": ""output"", ""query_field"": ""patient age"", ""matched_field"": ""patient age"", ""match_type"": ""exact_label"", ""score"": 1.0}]",frequency_only
Q13,W1_HCPA_EXPERT,Medium,True,1.0,[],[],SUPPORTED,"[{""component"": ""filter"", ""query_field"": ""patient age"", ""matched_field"": ""patient age"", ""match_type"": ""exact_label"", ""score"": 1.0}, {""component"": ""filter"", ""query_field"": ""State"", ""matched_field"": ""State"", ""match_type"": ""exact_label"", ""score"": 1.0}, {""component"": ""output"", ""query_field"": ""patient age"", ""matched_field"": ""patient age"", ""match_type"": ""reuse_filter_match"", ""score"": 1.0}, {""component"": ""output"", ""query_field"": ""State"", ""matched_field"": ""State"", ""match_type"": ""reuse_filter_match"", ""score"": 1.0}, {""component"": ""sort"", ""query_field"": ""patient age"", ""matched_field"": ""patient age"", ""match_type"": ""reuse_filter_match"", ""score"": 1.0}]",frequency_only
Q14,W1_HCPA_EXPERT,Medium,True,1.0,[],[],SUPPORTED,"[{""component"": ""filter"", ""query_field"": ""schema"", ""matched_field"": ""schema"", ""match_type"": ""exact_label"", ""score"": 1.0}, {""component"": ""filter"", ""query_field"": ""duration of treatment"", ""matched_field"": ""duration of treatment"", ""match_type"": ""exact_label"", ""score"": 1.0}, {""component"": ""output"", ""query_field"": ""schema"", ""matched_field"": ""schema"", ""match_type"": ""reuse_filter_match"", ""score"": 1.0}, {""component"": ""output"", ""query_field"": ""duration of treatment"", ""matched_field"": ""duration of treatment"", ""match_type"": ""reuse_filter_match"", ""score"": 1.0}, {""component"": ""sort"", ""query_field"": ""duration of treatment"", ""matched_field"": ""duration of treatment"", ""match_type"": ""reuse_filter_match"", ""score"": 1.0}]",frequency_only
Q15,W1_HCPA_EXPERT,Medium,True,1.0,[],[],SUPPORTED,"[{""component"": ""filter"", ""query_field"": ""Problem"", ""matched_field"": ""Problem"", ""match_type"": ""exact_label"", ""score"": 1.0}, {""component"": ""filter"", ""query_field"": ""Clinical staging"", ""matched_field"": ""Clinical staging"", ""match_type"": ""exact_label"", ""score"": 1.0}, {""component"": ""output"", ""query_field"": ""Problem"", ""matched_field"": ""Problem"", ""match_type"": ""reuse_filter_match"", ""score"": 1.0}, {""component"": ""output"", ""query_field"": ""Clinical staging"", ""matched_field"": ""Clinical staging"", ""match_type"": ""reuse_filter_match"", ""score"": 1.0}]",frequency_only
Q16,W1_HCPA_EXPERT,Medium,True,1.0,[],[],SUPPORTED,"[{""component"": ""filter"", ""query_field"": ""Problem"", ""matched_field"": ""Problem"", ""match_type"": ""exact_label"", ""score"": 1.0}, {""component"": ""filter"", ""query_field"": ""Procedure"", ""matched_field"": ""Procedure"", ""match_type"": ""exact_label"", ""score"": 1.0}, {""component"": ""output"", ""query_field"": ""Problem"", ""matched_field"": ""Problem"", ""match_type"": ""reuse_filter_match"", ""score"": 1.0}, {""component"": ""output"", ""query_field"": ""Procedure"", ""matched_field"": ""Procedure"", ""match_type"": ""reuse_filter_match"", ""score"": 1.0}]",frequency_only
Q17,W1_HCPA_EXPERT,Medium,True,1.0,[],[],SUPPORTED,"[{""component"": ""filter"", ""query_field"": ""reason for discharge"", ""matched_field"": ""reason for discharge"", ""match_type"": ""exact_label"", ""score"": 1.0}, {""component"": ""filter"", ""query_field"": ""State"", ""matched_field"": ""State"", ""match_type"": ""exact_label"", ""score"": 1.0}, {""component"": ""output"", ""query_field"": ""reason for discharge"", ""matched_field"": ""reason for discharge"", ""match_type"": ""reuse_filter_match"", ""score"": 1.0}, {""component"": ""output"", ""query_field"": ""State"", ""matched_field"": ""State"", ""match_type"": ""reuse_filter_match"", ""score"": 1.0}]",frequency_only
Q18,W1_HCPA_EXPERT,Medium,True,1.0,[],[],SUPPORTED,"[{""component"": ""filter"", ""query_field"": ""histopathological grading"", ""matched_field"": ""Histopathological grading (G)"", ""match_type"": ""exact_label"", ""score"": 1.0}, {""component"": ""filter"", ""query_field"": ""Problem"", ""matched_field"": ""Problem"", ""match_type"": ""exact_label"", ""score"": 1.0}, {""component"": ""output"", ""query_field"": ""histopathological grading"", ""matched_field"": ""Histopathological grading (G)"", ""match_type"": ""reuse_filter_match"", ""score"": 1.0}, {""component"": ""output"", ""query_field"": ""Problem"", ""matched_field"": ""Problem"", ""match_type"": ""reuse_filter_match"", ""score"": 1.0}]",frequency_only
Q19,W1_HCPA_EXPERT,Medium,True,1.0,[],[],SUPPORTED,"[{""component"": ""filter"", ""query_field"": ""tumour topography"", ""matched_field"": ""topography"", ""match_type"": ""exact_label"", ""score"": 1.0}, {""component"": ""filter"", ""query_field"": ""invaded regional lymph nodes"", ""matched_field"": ""Invaded regional linphonodes"", ""match_type"": ""exact_label"", ""score"": 1.0}, {""component"": ""output"", ""query_field"": ""tumour topography"", ""matched_field"": ""topography"", ""match_type"": ""reuse_filter_match"", ""score"": 1.0}, {""component"": ""output"", ""query_field"": ""invaded regional lymph nodes"", ""matched_field"": ""Invaded regional linphonodes"", ""match_type"": ""reuse_filter_match"", ""score"": 1.0}]",frequency_only
Q20,W1_HCPA_EXPERT,Medium,True,1.0,[],[],SUPPORTED,"[{""component"": ""filter"", ""query_field"": ""reason for encounter"", ""matched_field"": ""reason for encounter"", ""match_type"": ""exact_label"", ""score"": 1.0}, {""component"": ""filter"", ""query_field"": ""date of beginning of radiotherapy"", ""matched_field"": ""date of beginning of radiotherapy"", ""match_type"": ""exact_label"", ""score"": 1.0}, {""component"": ""output"", ""query_field"": ""reason for encounter"", ""matched_field"": ""reason for encounter"", ""match_type"": ""reuse_filter_match"", ""score"": 1.0}, {""component"": ""output"", ""query_field"": ""date of beginning of radiotherapy"", ""matched_field"": ""date of beginning of radiotherapy"", ""match_type"": ""reuse_filter_match"", ""score"": 1.0}, {""component"": ""sort"", ""query_field"": ""date of beginning of radiotherapy"", ""matched_field"": ""date of beginning of radiotherapy"", ""match_type"": ""reuse_filter_match"", ""score"": 1.0}]",frequency_only
Q21,W1_HCPA_EXPERT,Hard,True,1.0,[],[],SUPPORTED,"[{""component"": ""filter"", ""query_field"": ""indicator of transplantation"", ""matched_field"": ""indicator of transplantation"", ""match_type"": ""exact_label"", ""score"": 1.0}, {""component"": ""filter"", ""query_field"": ""number of transplantations"", ""matched_field"": ""number of transplantations"", ""match_type"": ""exact_label"", ""score"": 1.0}, {""component"": ""output"", ""query_field"": ""indicator of transplantation"", ""matched_field"": ""indicator of transplantation"", ""match_type"": ""reuse_filter_match"", ""score"": 1.0}, {""component"": ""output"", ""query_field"": ""number of transplantations"", ""matched_field"": ""number of transplantations"", ""match_type"": ""reuse_filter_match"", ""score"": 1.0}]",frequency_only
Q22,W1_HCPA_EXPERT,Hard,False,0.0,"[""Dialysis / date of first dialysis"", ""Imaging / abdominal ultrasonography"", ""date of first dialysis"", ""abdominal ultrasonography"", ""date of first dialysis""]",[],ABSENT_OR_PRUNED_OR_MATCH_FAILED,"[{""component"": ""filter"", ""query_field"": ""date of first dialysis"", ""matched_field"": null, ""match_type"": ""no_match"", ""score"": 0.0}, {""component"": ""filter"", ""query_field"": ""abdominal ultrasonography"", ""matched_field"": null, ""match_type"": ""no_match"", ""score"": 0.0}, {""component"": ""output"", ""query_field"": ""date of first dialysis"", ""matched_field"": null, ""match_type"": ""no_match"", ""score"": 0.0}, {""component"": ""output"", ""query_field"": ""abdominal ultrasonography"", ""matched_field"": null, ""match_type"": ""no_match"", ""score"": 0.0}, {""component"": ""sort"", ""query_field"": ""date of first dialysis"", ""matched_field"": null, ""match_type"": ""no_match"", ""score"": 0.0}]",frequency_only
Q23,W1_HCPA_EXPERT,Hard,True,1.0,[],[],SUPPORTED,"[{""component"": ""filter"", ""query_field"": ""duration of follow-up months"", ""matched_field"": ""duration of follow-up (months)"", ""match_type"": ""exact_label"", ""score"": 1.0}, {""component"": ""filter"", ""query_field"": ""body mass index"", ""matched_field"": ""Body Mass Index"", ""match_type"": ""exact_label"", ""score"": 1.0}, {""component"": ""output"", ""query_field"": ""duration of follow-up months"", ""matched_field"": ""duration of follow-up (months)"", ""match_type"": ""reuse_filter_match"", ""score"": 1.0}, {""component"": ""output"", ""query_field"": ""body mass index"", ""matched_field"": ""Body Mass Index"", ""match_type"": ""reuse_filter_match"", ""score"": 1.0}, {""component"": ""sort"", ""query_field"": ""duration of follow-up months"", ""matched_field"": ""duration of follow-up (months)"", ""match_type"": ""reuse_filter_match"", ""score"": 1.0}]",frequency_only
Q24,W1_HCPA_EXPERT,Hard,True,1.0,[],[],SUPPORTED,"[{""component"": ""filter"", ""query_field"": ""State"", ""matched_field"": ""State"", ""match_type"": ""exact_label"", ""score"": 1.0}, {""component"": ""filter"", ""query_field"": ""reason for encounter"", ""matched_field"": ""reason for encounter"", ""match_type"": ""exact_label"", ""score"": 1.0}, {""component"": ""filter"", ""query_field"": ""patient age"", ""matched_field"": ""patient age"", ""match_type"": ""exact_label"", ""score"": 1.0}, {""component"": ""output"", ""query_field"": ""State"", ""matched_field"": ""State"", ""match_type"": ""reuse_filter_match"", ""score"": 1.0}, {""component"": ""output"", ""query_field"": ""reason for encounter"", ""matched_field"": ""reason for encounter"", ""match_type"": ""reuse_filter_match"", ""score"": 1.0}, {""component"": ""output"", ""query_field"": ""patient age"", ""matched_field"": ""patient age"", ""match_type"": ""reuse_filter_match"", ""score"": 1.0}, {""component"": ""sort"", ""query_field"": ""patient age"", ""matched_field"": ""patient age"", ""match_type"": ""reuse_filter_match"", ""score"": 1.0}]",frequency_only
Q25,W1_HCPA_EXPERT,Hard,True,1.0,[],[],SUPPORTED,"[{""component"": ""filter"", ""query_field"": ""State"", ""matched_field"": ""State"", ""match_type"": ""exact_label"", ""score"": 1.0}, {""component"": ""filter"", ""query_field"": ""reason for encounter"", ""matched_field"": ""reason for encounter"", ""match_type"": ""exact_label"", ""score"": 1.0}, {""component"": ""filter"", ""query_field"": ""Problem"", ""matched_field"": ""Problem"", ""match_type"": ""exact_label"", ""score"": 1.0}, {""component"": ""output"", ""query_field"": ""State"", ""matched_field"": ""State"", ""match_type"": ""reuse_filter_match"", ""score"": 1.0}, {""component"": ""output"", ""query_field"": ""reason for encounter"", ""matched_field"": ""reason for encounter"", ""match_type"": ""reuse_filter_match"", ""score"": 1.0}, {""component"": ""output"", ""query_field"": ""Problem"", ""matched_field"": ""Problem"", ""match_type"": ""reuse_filter_match"", ""score"": 1.0}]",frequency_only
Q26,W1_HCPA_EXPERT,Hard,True,1.0,[],[],SUPPORTED,"[{""component"": ""filter"", ""query_field"": ""Problem"", ""matched_field"": ""Problem"", ""match_type"": ""exact_label"", ""score"": 1.0}, {""component"": ""filter"", ""query_field"": ""Clinical staging"", ""matched_field"": ""Clinical staging"", ""match_type"": ""exact_label"", ""score"": 1.0}, {""component"": ""filter"", ""query_field"": ""invaded regional lymph nodes"", ""matched_field"": ""Invaded regional linphonodes"", ""match_type"": ""exact_label"", ""score"": 1.0}, {""component"": ""output"", ""query_field"": ""Problem"", ""matched_field"": ""Problem"", ""match_type"": ""reuse_filter_match"", ""score"": 1.0}, {""component"": ""output"", ""query_field"": ""Clinical staging"", ""matched_field"": ""Clinical staging"", ""match_type"": ""reuse_filter_match"", ""score"": 1.0}, {""component"": ""output"", ""query_field"": ""invaded regional lymph nodes"", ""matched_field"": ""Invaded regional linphonodes"", ""match_type"": ""reuse_filter_match"", ""score"": 1.0}]",frequency_only
Q27,W1_HCPA_EXPERT,Hard,True,1.0,[],[],SUPPORTED,"[{""component"": ""filter"", ""query_field"": ""schema"", ""matched_field"": ""schema"", ""match_type"": ""exact_label"", ""score"": 1.0}, {""component"": ""filter"", ""query_field"": ""duration of treatment"", ""matched_field"": ""duration of treatment"", ""match_type"": ""exact_label"", ""score"": 1.0}, {""component"": ""filter"", ""query_field"": ""date of beginning of chemotherapy"", ""matched_field"": ""date of beginning of chemotherapy"", ""match_type"": ""exact_label"", ""score"": 1.0}, {""component"": ""output"", ""query_field"": ""schema"", ""matched_field"": ""schema"", ""match_type"": ""reuse_filter_match"", ""score"": 1.0}, {""component"": ""output"", ""query_field"": ""duration of treatment"", ""matched_field"": ""duration of treatment"", ""match_type"": ""reuse_filter_match"", ""score"": 1.0}, {""component"": ""output"", ""query_field"": ""date of beginning of chemotherapy"", ""matched_field"": ""date of beginning of chemotherapy"", ""match_type"": ""reuse_filter_match"", ""score"": 1.0}, {""component"": ""sort"", ""query_field"": ""date of beginning of chemotherapy"", ""matched_field"": ""date of beginning of chemotherapy"", ""match_type"": ""reuse_filter_match"", ""score"": 1.0}]",frequency_only
Q28,W1_HCPA_EXPERT,Hard,True,1.0,[],[],SUPPORTED,"[{""component"": ""filter"", ""query_field"": ""Procedure"", ""matched_field"": ""Procedure"", ""match_type"": ""exact_label"", ""score"": 1.0}, {""component"": ""filter"", ""query_field"": ""irradiated area 1"", ""matched_field"": ""irradiated area 1"", ""match_type"": ""exact_label"", ""score"": 1.0}, {""component"": ""output"", ""query_field"": ""Procedure"", ""matched_field"": ""Procedure"", ""match_type"": ""reuse_filter_match"", ""score"": 1.0}, {""component"": ""output"", ""query_field"": ""irradiated area 1"", ""matched_field"": ""irradiated area 1"", ""match_type"": ""reuse_filter_match"", ""score"": 1.0}]",frequency_only
Q29,W1_HCPA_EXPERT,Hard,True,1.0,[],[],SUPPORTED,"[{""component"": ""filter"", ""query_field"": ""date of discharge"", ""matched_field"": ""date of discharge"", ""match_type"": ""exact_label"", ""score"": 1.0}, {""component"": ""filter"", ""query_field"": ""reason for discharge"", ""matched_field"": ""reason for discharge"", ""match_type"": ""exact_label"", ""score"": 1.0}, {""component"": ""output"", ""query_field"": ""date of discharge"", ""matched_field"": ""date of discharge"", ""match_type"": ""reuse_filter_match"", ""score"": 1.0}, {""component"": ""output"", ""query_field"": ""reason for discharge"", ""matched_field"": ""reason for discharge"", ""match_type"": ""reuse_filter_match"", ""score"": 1.0}]",frequency_only
Q30,W1_HCPA_EXPERT,Hard,True,1.0,[],[],SUPPORTED,"[{""component"": ""filter"", ""query_field"": ""tumour topography"", ""matched_field"": ""topography"", ""match_type"": ""exact_label"", ""score"": 1.0}, {""component"": ""filter"", ""query_field"": ""histopathological grading"", ""matched_field"": ""Histopathological grading (G)"", ""match_type"": ""exact_label"", ""score"": 1.0}, {""component"": ""filter"", ""query_field"": ""date of pathological identification"", ""matched_field"": ""date of pathological identification"", ""match_type"": ""exact_label"", ""score"": 1.0}, {""component"": ""output"", ""query_field"": ""tumour topography"", ""matched_field"": ""topography"", ""match_type"": ""reuse_filter_match"", ""score"": 1.0}, {""component"": ""output"", ""query_field"": ""histopathological grading"", ""matched_field"": ""Histopathological grading (G)"", ""match_type"": ""reuse_filter_match"", ""score"": 1.0}, {""component"": ""output"", ""query_field"": ""date of pathological identification"", ""matched_field"": ""date of pathological identification"", ""match_type"": ""reuse_filter_match"", ""score"": 1.0}, {""component"": ""sort"", ""query_field"": ""date of pathological identification"", ""matched_field"": ""date of pathological identification"", ""match_type"": ""reuse_filter_match"", ""score"": 1.0}]",frequency_only
D1,W2_DEMOGRAPHIC_EXPERT,Easy,True,1.0,[],[],SUPPORTED,"[{""component"": ""filter"", ""query_field"": ""gender"", ""matched_field"": ""gender"", ""match_type"": ""exact_path"", ""score"": 1.0}, {""component"": ""output"", ""query_field"": ""gender"", ""matched_field"": ""gender"", ""match_type"": ""reuse_filter_match"", ""score"": 1.0}]",frequency_only
D2,W2_DEMOGRAPHIC_EXPERT,Easy,True,1.0,[],[],SUPPORTED,"[{""component"": ""filter"", ""query_field"": ""gender"", ""matched_field"": ""gender"", ""match_type"": ""exact_path"", ""score"": 1.0}, {""component"": ""output"", ""query_field"": ""gender"", ""matched_field"": ""gender"", ""match_type"": ""reuse_filter_match"", ""score"": 1.0}, {""component"": ""output"", ""query_field"": ""birth date"", ""matched_field"": ""birth date"", ""match_type"": ""exact_label"", ""score"": 1.0}]",frequency_only
D3,W2_DEMOGRAPHIC_EXPERT,Easy,True,1.0,[],[],SUPPORTED,"[{""component"": ""filter"", ""query_field"": ""nationality"", ""matched_field"": ""nationality"", ""match_type"": ""exact_path"", ""score"": 1.0}, {""component"": ""output"", ""query_field"": ""nationality"", ""matched_field"": ""nationality"", ""match_type"": ""reuse_filter_match"", ""score"": 1.0}]",frequency_only
D4,W2_DEMOGRAPHIC_EXPERT,Easy,True,1.0,[],[],SUPPORTED,"[{""component"": ""filter"", ""query_field"": ""race"", ""matched_field"": ""race"", ""match_type"": ""exact_path"", ""score"": 1.0}, {""component"": ""output"", ""query_field"": ""race"", ""matched_field"": ""race"", ""match_type"": ""reuse_filter_match"", ""score"": 1.0}]",frequency_only
D5,W2_DEMOGRAPHIC_EXPERT,Easy,True,1.0,[],[],SUPPORTED,"[{""component"": ""filter"", ""query_field"": ""ethnic group"", ""matched_field"": ""ethnic group"", ""match_type"": ""exact_path"", ""score"": 1.0}, {""component"": ""output"", ""query_field"": ""ethnic group"", ""matched_field"": ""ethnic group"", ""match_type"": ""reuse_filter_match"", ""score"": 1.0}]",frequency_only
D6,W2_DEMOGRAPHIC_EXPERT,Easy,True,1.0,[],[],SUPPORTED,"[{""component"": ""filter"", ""query_field"": ""birth date"", ""matched_field"": ""birth date"", ""match_type"": ""exact_path"", ""score"": 1.0}, {""component"": ""output"", ""query_field"": ""birth date"", ""matched_field"": ""birth date"", ""match_type"": ""reuse_filter_match"", ""score"": 1.0}]",frequency_only
D7,W2_DEMOGRAPHIC_EXPERT,Medium,True,1.0,[],[],SUPPORTED,"[{""component"": ""filter"", ""query_field"": ""gender"", ""matched_field"": ""gender"", ""match_type"": ""exact_path"", ""score"": 1.0}, {""component"": ""filter"", ""query_field"": ""nationality"", ""matched_field"": ""nationality"", ""match_type"": ""exact_path"", ""score"": 1.0}, {""component"": ""output"", ""query_field"": ""gender"", ""matched_field"": ""gender"", ""match_type"": ""reuse_filter_match"", ""score"": 1.0}, {""component"": ""output"", ""query_field"": ""nationality"", ""matched_field"": ""nationality"", ""match_type"": ""reuse_filter_match"", ""score"": 1.0}]",frequency_only
D8,W2_DEMOGRAPHIC_EXPERT,Medium,True,1.0,[],[],SUPPORTED,"[{""component"": ""filter"", ""query_field"": ""birth date"", ""matched_field"": ""birth date"", ""match_type"": ""exact_path"", ""score"": 1.0}, {""component"": ""filter"", ""query_field"": ""gender"", ""matched_field"": ""gender"", ""match_type"": ""exact_path"", ""score"": 1.0}, {""component"": ""output"", ""query_field"": ""birth date"", ""matched_field"": ""birth date"", ""match_type"": ""reuse_filter_match"", ""score"": 1.0}, {""component"": ""output"", ""query_field"": ""gender"", ""matched_field"": ""gender"", ""match_type"": ""reuse_filter_match"", ""score"": 1.0}, {""component"": ""sort"", ""query_field"": ""birth date"", ""matched_field"": ""birth date"", ""match_type"": ""reuse_filter_match"", ""score"": 1.0}]",frequency_only
D9,W2_DEMOGRAPHIC_EXPERT,Medium,True,1.0,[],[],SUPPORTED,"[{""component"": ""filter"", ""query_field"": ""educational level"", ""matched_field"": ""educational level"", ""match_type"": ""exact_path"", ""score"": 1.0}, {""component"": ""filter"", ""query_field"": ""nationality"", ""matched_field"": ""nationality"", ""match_type"": ""exact_path"", ""score"": 1.0}, {""component"": ""output"", ""query_field"": ""educational level"", ""matched_field"": ""educational level"", ""match_type"": ""reuse_filter_match"", ""score"": 1.0}, {""component"": ""output"", ""query_field"": ""nationality"", ""matched_field"": ""nationality"", ""match_type"": ""reuse_filter_match"", ""score"": 1.0}]",frequency_only
D10,W2_DEMOGRAPHIC_EXPERT,Medium,True,1.0,[],[],SUPPORTED,"[{""component"": ""filter"", ""query_field"": ""race"", ""matched_field"": ""race"", ""match_type"": ""exact_path"", ""score"": 1.0}, {""component"": ""filter"", ""query_field"": ""nationality"", ""matched_field"": ""nationality"", ""match_type"": ""exact_path"", ""score"": 1.0}, {""component"": ""output"", ""query_field"": ""race"", ""matched_field"": ""race"", ""match_type"": ""reuse_filter_match"", ""score"": 1.0}, {""component"": ""output"", ""query_field"": ""nationality"", ""matched_field"": ""nationality"", ""match_type"": ""reuse_filter_match"", ""score"": 1.0}]",frequency_only
D11,W2_DEMOGRAPHIC_EXPERT,Hard,True,1.0,[],[],SUPPORTED,"[{""component"": ""filter"", ""query_field"": ""race"", ""matched_field"": ""race"", ""match_type"": ""exact_path"", ""score"": 1.0}, {""component"": ""filter"", ""query_field"": ""ethnic group"", ""matched_field"": ""ethnic group"", ""match_type"": ""exact_path"", ""score"": 1.0}, {""component"": ""filter"", ""query_field"": ""nationality"", ""matched_field"": ""nationality"", ""match_type"": ""exact_path"", ""score"": 1.0}, {""component"": ""output"", ""query_field"": ""race"", ""matched_field"": ""race"", ""match_type"": ""reuse_filter_match"", ""score"": 1.0}, {""component"": ""output"", ""query_field"": ""ethnic group"", ""matched_field"": ""ethnic group"", ""match_type"": ""reuse_filter_match"", ""score"": 1.0}, {""component"": ""output"", ""query_field"": ""nationality"", ""matched_field"": ""nationality"", ""match_type"": ""reuse_filter_match"", ""score"": 1.0}]",frequency_only
D12,W2_DEMOGRAPHIC_EXPERT,Hard,True,1.0,[],[],SUPPORTED,"[{""component"": ""filter"", ""query_field"": ""birth date"", ""matched_field"": ""birth date"", ""match_type"": ""exact_path"", ""score"": 1.0}, {""component"": ""filter"", ""query_field"": ""gender"", ""matched_field"": ""gender"", ""match_type"": ""exact_path"", ""score"": 1.0}, {""component"": ""filter"", ""query_field"": ""nationality"", ""matched_field"": ""nationality"", ""match_type"": ""exact_path"", ""score"": 1.0}, {""component"": ""output"", ""query_field"": ""birth date"", ""matched_field"": ""birth date"", ""match_type"": ""reuse_filter_match"", ""score"": 1.0}, {""component"": ""output"", ""query_field"": ""gender"", ""matched_field"": ""gender"", ""match_type"": ""reuse_filter_match"", ""score"": 1.0}, {""component"": ""output"", ""query_field"": ""nationality"", ""matched_field"": ""nationality"", ""match_type"": ""reuse_filter_match"", ""score"": 1.0}, {""component"": ""sort"", ""query_field"": ""birth date"", ""matched_field"": ""birth date"", ""match_type"": ""reuse_filter_match"", ""score"": 1.0}]",frequency_only
H1,W3_HOSPITALISATION_EXPERT,Easy,True,1.0,[],[],SUPPORTED,"[{""component"": ""filter"", ""query_field"": ""Admission type"", ""matched_field"": ""Admission type"", ""match_type"": ""exact_path"", ""score"": 1.0}, {""component"": ""output"", ""query_field"": ""Admission type"", ""matched_field"": ""Admission type"", ""match_type"": ""reuse_filter_match"", ""score"": 1.0}]",frequency_only
H2,W3_HOSPITALISATION_EXPERT,Easy,True,1.0,[],[],SUPPORTED,"[{""component"": ""filter"", ""query_field"": ""Hospital service"", ""matched_field"": ""Hospital service"", ""match_type"": ""exact_path"", ""score"": 1.0}, {""component"": ""output"", ""query_field"": ""Hospital service"", ""matched_field"": ""Hospital service"", ""match_type"": ""reuse_filter_match"", ""score"": 1.0}]",frequency_only
H3,W3_HOSPITALISATION_EXPERT,Easy,True,1.0,[],[],SUPPORTED,"[{""component"": ""filter"", ""query_field"": ""ICU - Total"", ""matched_field"": ""ICU - Total"", ""match_type"": ""exact_path"", ""score"": 1.0}, {""component"": ""output"", ""query_field"": ""ICU - Total"", ""matched_field"": ""ICU - Total"", ""match_type"": ""reuse_filter_match"", ""score"": 1.0}, {""component"": ""sort"", ""query_field"": ""ICU - Total"", ""matched_field"": ""ICU - Total"", ""match_type"": ""reuse_filter_match"", ""score"": 1.0}]",frequency_only
H4,W3_HOSPITALISATION_EXPERT,Easy,True,1.0,[],[],SUPPORTED,"[{""component"": ""filter"", ""query_field"": ""death indicator"", ""matched_field"": ""death indicator"", ""match_type"": ""exact_path"", ""score"": 1.0}, {""component"": ""output"", ""query_field"": ""death indicator"", ""matched_field"": ""death indicator"", ""match_type"": ""reuse_filter_match"", ""score"": 1.0}]",frequency_only
H5,W3_HOSPITALISATION_EXPERT,Easy,True,1.0,[],[],SUPPORTED,"[{""component"": ""filter"", ""query_field"": ""hospital infection"", ""matched_field"": ""hospital infection"", ""match_type"": ""exact_path"", ""score"": 1.0}, {""component"": ""output"", ""query_field"": ""hospital infection"", ""matched_field"": ""hospital infection"", ""match_type"": ""reuse_filter_match"", ""score"": 1.0}]",frequency_only
H6,W3_HOSPITALISATION_EXPERT,Easy,True,1.0,[],[],SUPPORTED,"[{""component"": ""filter"", ""query_field"": ""Universal ID"", ""matched_field"": ""Universal ID"", ""match_type"": ""exact_path"", ""score"": 1.0}, {""component"": ""output"", ""query_field"": ""Universal ID"", ""matched_field"": ""Universal ID"", ""match_type"": ""reuse_filter_match"", ""score"": 1.0}]",frequency_only
H7,W3_HOSPITALISATION_EXPERT,Medium,True,1.0,[],[],SUPPORTED,"[{""component"": ""filter"", ""query_field"": ""Admission type"", ""matched_field"": ""Admission type"", ""match_type"": ""exact_path"", ""score"": 1.0}, {""component"": ""filter"", ""query_field"": ""Hospital service"", ""matched_field"": ""Hospital service"", ""match_type"": ""exact_path"", ""score"": 1.0}, {""component"": ""output"", ""query_field"": ""Admission type"", ""matched_field"": ""Admission type"", ""match_type"": ""reuse_filter_match"", ""score"": 1.0}, {""component"": ""output"", ""query_field"": ""Hospital service"", ""matched_field"": ""Hospital service"", ""match_type"": ""reuse_filter_match"", ""score"": 1.0}]",frequency_only
H8,W3_HOSPITALISATION_EXPERT,Medium,True,1.0,[],[],SUPPORTED,"[{""component"": ""filter"", ""query_field"": ""Admit date/time"", ""matched_field"": ""Admit date/time"", ""match_type"": ""exact_path"", ""score"": 1.0}, {""component"": ""filter"", ""query_field"": ""State/province"", ""matched_field"": ""State/province"", ""match_type"": ""exact_path"", ""score"": 1.0}, {""component"": ""output"", ""query_field"": ""Admit date/time"", ""matched_field"": ""Admit date/time"", ""match_type"": ""reuse_filter_match"", ""score"": 1.0}, {""component"": ""output"", ""query_field"": ""State/province"", ""matched_field"": ""State/province"", ""match_type"": ""reuse_filter_match"", ""score"": 1.0}, {""component"": ""sort"", ""query_field"": ""Admit date/time"", ""matched_field"": ""Admit date/time"", ""match_type"": ""reuse_filter_match"", ""score"": 1.0}]",frequency_only
H9,W3_HOSPITALISATION_EXPERT,Medium,True,1.0,[],[],SUPPORTED,"[{""component"": ""filter"", ""query_field"": ""claim reason"", ""matched_field"": ""claim reason"", ""match_type"": ""exact_path"", ""score"": 1.0}, {""component"": ""filter"", ""query_field"": ""death indicator"", ""matched_field"": ""death indicator"", ""match_type"": ""exact_path"", ""score"": 1.0}, {""component"": ""output"", ""query_field"": ""claim reason"", ""matched_field"": ""claim reason"", ""match_type"": ""reuse_filter_match"", ""score"": 1.0}, {""component"": ""output"", ""query_field"": ""death indicator"", ""matched_field"": ""death indicator"", ""match_type"": ""reuse_filter_match"", ""score"": 1.0}]",frequency_only
H10,W3_HOSPITALISATION_EXPERT,Medium,True,1.0,[],[],SUPPORTED,"[{""component"": ""filter"", ""query_field"": ""Patient class"", ""matched_field"": ""Patient class"", ""match_type"": ""exact_path"", ""score"": 1.0}, {""component"": ""output"", ""query_field"": ""Patient class"", ""matched_field"": ""Patient class"", ""match_type"": ""reuse_filter_match"", ""score"": 1.0}, {""component"": ""output"", ""query_field"": ""Admission type"", ""matched_field"": ""Admission type"", ""match_type"": ""exact_label"", ""score"": 1.0}]",frequency_only
H11,W3_HOSPITALISATION_EXPERT,Hard,True,1.0,[],[],SUPPORTED,"[{""component"": ""filter"", ""query_field"": ""Problem"", ""matched_field"": ""Problem"", ""match_type"": ""exact_path"", ""score"": 1.0}, {""component"": ""filter"", ""query_field"": ""Procedure"", ""matched_field"": ""Procedure"", ""match_type"": ""exact_path"", ""score"": 1.0}, {""component"": ""output"", ""query_field"": ""Problem"", ""matched_field"": ""Problem"", ""match_type"": ""reuse_filter_match"", ""score"": 1.0}, {""component"": ""output"", ""query_field"": ""Procedure"", ""matched_field"": ""Procedure"", ""match_type"": ""reuse_filter_match"", ""score"": 1.0}]",frequency_only
H12,W3_HOSPITALISATION_EXPERT,Hard,True,1.0,[],[],SUPPORTED,"[{""component"": ""filter"", ""query_field"": ""Admit date/time"", ""matched_field"": ""Admit date/time"", ""match_type"": ""exact_path"", ""score"": 1.0}, {""component"": ""filter"", ""query_field"": ""claim reason"", ""matched_field"": ""claim reason"", ""match_type"": ""exact_path"", ""score"": 1.0}, {""component"": ""output"", ""query_field"": ""Admit date/time"", ""matched_field"": ""Admit date/time"", ""match_type"": ""reuse_filter_match"", ""score"": 1.0}, {""component"": ""output"", ""query_field"": ""Admission type"", ""matched_field"": ""Admission type"", ""match_type"": ""exact_label"", ""score"": 1.0}, {""component"": ""output"", ""query_field"": ""Hospital service"", ""matched_field"": ""Hospital service"", ""match_type"": ""exact_label"", ""score"": 1.0}, {""component"": ""output"", ""query_field"": ""ICU - Total"", ""matched_field"": ""ICU - Total"", ""match_type"": ""exact_label"", ""score"": 1.0}, {""component"": ""output"", ""query_field"": ""claim reason"", ""matched_field"": ""claim reason"", ""match_type"": ""reuse_filter_match"", ""score"": 1.0}, {""component"": ""output"", ""query_field"": ""death indicator"", ""matched_field"": ""death indicator"", ""match_type"": ""exact_label"", ""score"": 1.0}, {""component"": ""sort"", ""query_field"": ""Admit date/time"", ""matched_field"": ""Admit date/time"", ""match_type"": ""reuse_filter_match"", ""score"": 1.0}]",frequency_only
Q1,W1_HCPA_EXPERT,Easy,True,1.0,[],[],SUPPORTED,"[{""component"": ""filter"", ""query_field"": ""State"", ""matched_field"": ""State"", ""match_type"": ""exact_label"", ""score"": 1.0}, {""component"": ""output"", ""query_field"": ""State"", ""matched_field"": ""State"", ""match_type"": ""reuse_filter_match"", ""score"": 1.0}]",flattened_topk
Q2,W1_HCPA_EXPERT,Easy,True,1.0,[],[],SUPPORTED,"[{""component"": ""filter"", ""query_field"": ""State"", ""matched_field"": ""State"", ""match_type"": ""exact_label"", ""score"": 1.0}, {""component"": ""output"", ""query_field"": ""State"", ""matched_field"": ""State"", ""match_type"": ""reuse_filter_match"", ""score"": 1.0}, {""component"": ""output"", ""query_field"": ""reason for encounter"", ""matched_field"": ""reason for encounter"", ""match_type"": ""exact_label"", ""score"": 1.0}]",flattened_topk
Q3,W1_HCPA_EXPERT,Easy,True,1.0,[],[],SUPPORTED,"[{""component"": ""filter"", ""query_field"": ""reason for encounter"", ""matched_field"": ""reason for encounter"", ""match_type"": ""exact_label"", ""score"": 1.0}, {""component"": ""output"", ""query_field"": ""reason for encounter"", ""matched_field"": ""reason for encounter"", ""match_type"": ""reuse_filter_match"", ""score"": 1.0}]",flattened_topk
Q4,W1_HCPA_EXPERT,Easy,True,1.0,[],[],SUPPORTED,"[{""component"": ""filter"", ""query_field"": ""reason for encounter"", ""matched_field"": ""reason for encounter"", ""match_type"": ""exact_label"", ""score"": 1.0}, {""component"": ""output"", ""query_field"": ""reason for encounter"", ""matched_field"": ""reason for encounter"", ""match_type"": ""reuse_filter_match"", ""score"": 1.0}, {""component"": ""output"", ""query_field"": ""State"", ""matched_field"": ""State"", ""match_type"": ""exact_label"", ""score"": 1.0}, {""component"": ""output"", ""query_field"": ""patient age"", ""matched_field"": ""patient age"", ""match_type"": ""exact_label"", ""score"": 1.0}]",flattened_topk
Q5,W1_HCPA_EXPERT,Easy,True,1.0,[],[],SUPPORTED,"[{""component"": ""filter"", ""query_field"": ""patient age"", ""matched_field"": ""patient age"", ""match_type"": ""exact_label"", ""score"": 1.0}, {""component"": ""output"", ""query_field"": ""patient age"", ""matched_field"": ""patient age"", ""match_type"": ""reuse_filter_match"", ""score"": 1.0}, {""component"": ""sort"", ""query_field"": ""patient age"", ""matched_field"": ""patient age"", ""match_type"": ""reuse_filter_match"", ""score"": 1.0}]",flattened_topk
Q6,W1_HCPA_EXPERT,Easy,True,1.0,[],[],SUPPORTED,"[{""component"": ""filter"", ""query_field"": ""schema"", ""matched_field"": ""schema"", ""match_type"": ""exact_label"", ""score"": 1.0}, {""component"": ""output"", ""query_field"": ""schema"", ""matched_field"": ""schema"", ""match_type"": ""reuse_filter_match"", ""score"": 1.0}]",flattened_topk
Q7,W1_HCPA_EXPERT,Easy,True,1.0,[],[],SUPPORTED,"[{""component"": ""filter"", ""query_field"": ""Procedure"", ""matched_field"": ""Procedure"", ""match_type"": ""exact_label"", ""score"": 1.0}, {""component"": ""output"", ""query_field"": ""Procedure"", ""matched_field"": ""Procedure"", ""match_type"": ""reuse_filter_match"", ""score"": 1.0}]",flattened_topk
Q8,W1_HCPA_EXPERT,Easy,True,1.0,[],[],SUPPORTED,"[{""component"": ""filter"", ""query_field"": ""Problem"", ""matched_field"": ""Problem"", ""match_type"": ""exact_label"", ""score"": 1.0}, {""component"": ""output"", ""query_field"": ""Problem"", ""matched_field"": ""Problem"", ""match_type"": ""reuse_filter_match"", ""score"": 1.0}]",flattened_topk
Q9,W1_HCPA_EXPERT,Easy,True,1.0,[],[],SUPPORTED,"[{""component"": ""filter"", ""query_field"": ""Clinical staging"", ""matched_field"": ""Clinical staging"", ""match_type"": ""exact_label"", ""score"": 1.0}, {""component"": ""output"", ""query_field"": ""Clinical staging"", ""matched_field"": ""Clinical staging"", ""match_type"": ""reuse_filter_match"", ""score"": 1.0}]",flattened_topk
Q10,W1_HCPA_EXPERT,Easy,True,1.0,[],[],SUPPORTED,"[{""component"": ""filter"", ""query_field"": ""invaded regional lymph nodes"", ""matched_field"": ""Invaded regional linphonodes"", ""match_type"": ""exact_label"", ""score"": 1.0}, {""component"": ""output"", ""query_field"": ""invaded regional lymph nodes"", ""matched_field"": ""Invaded regional linphonodes"", ""match_type"": ""reuse_filter_match"", ""score"": 1.0}]",flattened_topk
Q11,W1_HCPA_EXPERT,Medium,True,1.0,[],[],SUPPORTED,"[{""component"": ""filter"", ""query_field"": ""State"", ""matched_field"": ""State"", ""match_type"": ""exact_label"", ""score"": 1.0}, {""component"": ""filter"", ""query_field"": ""reason for encounter"", ""matched_field"": ""reason for encounter"", ""match_type"": ""exact_label"", ""score"": 1.0}, {""component"": ""output"", ""query_field"": ""State"", ""matched_field"": ""State"", ""match_type"": ""reuse_filter_match"", ""score"": 1.0}, {""component"": ""output"", ""query_field"": ""reason for encounter"", ""matched_field"": ""reason for encounter"", ""match_type"": ""reuse_filter_match"", ""score"": 1.0}]",flattened_topk
Q12,W1_HCPA_EXPERT,Medium,True,1.0,[],[],SUPPORTED,"[{""component"": ""filter"", ""query_field"": ""State"", ""matched_field"": ""State"", ""match_type"": ""exact_label"", ""score"": 1.0}, {""component"": ""filter"", ""query_field"": ""reason for encounter"", ""matched_field"": ""reason for encounter"", ""match_type"": ""exact_label"", ""score"": 1.0}, {""component"": ""output"", ""query_field"": ""State"", ""matched_field"": ""State"", ""match_type"": ""reuse_filter_match"", ""score"": 1.0}, {""component"": ""output"", ""query_field"": ""reason for encounter"", ""matched_field"": ""reason for encounter"", ""match_type"": ""reuse_filter_match"", ""score"": 1.0}, {""component"": ""output"", ""query_field"": ""patient age"", ""matched_field"": ""patient age"", ""match_type"": ""exact_label"", ""score"": 1.0}]",flattened_topk
Q13,W1_HCPA_EXPERT,Medium,True,1.0,[],[],SUPPORTED,"[{""component"": ""filter"", ""query_field"": ""patient age"", ""matched_field"": ""patient age"", ""match_type"": ""exact_label"", ""score"": 1.0}, {""component"": ""filter"", ""query_field"": ""State"", ""matched_field"": ""State"", ""match_type"": ""exact_label"", ""score"": 1.0}, {""component"": ""output"", ""query_field"": ""patient age"", ""matched_field"": ""patient age"", ""match_type"": ""reuse_filter_match"", ""score"": 1.0}, {""component"": ""output"", ""query_field"": ""State"", ""matched_field"": ""State"", ""match_type"": ""reuse_filter_match"", ""score"": 1.0}, {""component"": ""sort"", ""query_field"": ""patient age"", ""matched_field"": ""patient age"", ""match_type"": ""reuse_filter_match"", ""score"": 1.0}]",flattened_topk
Q14,W1_HCPA_EXPERT,Medium,True,1.0,[],[],SUPPORTED,"[{""component"": ""filter"", ""query_field"": ""schema"", ""matched_field"": ""schema"", ""match_type"": ""exact_label"", ""score"": 1.0}, {""component"": ""filter"", ""query_field"": ""duration of treatment"", ""matched_field"": ""duration of treatment"", ""match_type"": ""exact_label"", ""score"": 1.0}, {""component"": ""output"", ""query_field"": ""schema"", ""matched_field"": ""schema"", ""match_type"": ""reuse_filter_match"", ""score"": 1.0}, {""component"": ""output"", ""query_field"": ""duration of treatment"", ""matched_field"": ""duration of treatment"", ""match_type"": ""reuse_filter_match"", ""score"": 1.0}, {""component"": ""sort"", ""query_field"": ""duration of treatment"", ""matched_field"": ""duration of treatment"", ""match_type"": ""reuse_filter_match"", ""score"": 1.0}]",flattened_topk
Q15,W1_HCPA_EXPERT,Medium,True,1.0,[],[],SUPPORTED,"[{""component"": ""filter"", ""query_field"": ""Problem"", ""matched_field"": ""Problem"", ""match_type"": ""exact_label"", ""score"": 1.0}, {""component"": ""filter"", ""query_field"": ""Clinical staging"", ""matched_field"": ""Clinical staging"", ""match_type"": ""exact_label"", ""score"": 1.0}, {""component"": ""output"", ""query_field"": ""Problem"", ""matched_field"": ""Problem"", ""match_type"": ""reuse_filter_match"", ""score"": 1.0}, {""component"": ""output"", ""query_field"": ""Clinical staging"", ""matched_field"": ""Clinical staging"", ""match_type"": ""reuse_filter_match"", ""score"": 1.0}]",flattened_topk
Q16,W1_HCPA_EXPERT,Medium,True,1.0,[],[],SUPPORTED,"[{""component"": ""filter"", ""query_field"": ""Problem"", ""matched_field"": ""Problem"", ""match_type"": ""exact_label"", ""score"": 1.0}, {""component"": ""filter"", ""query_field"": ""Procedure"", ""matched_field"": ""Procedure"", ""match_type"": ""exact_label"", ""score"": 1.0}, {""component"": ""output"", ""query_field"": ""Problem"", ""matched_field"": ""Problem"", ""match_type"": ""reuse_filter_match"", ""score"": 1.0}, {""component"": ""output"", ""query_field"": ""Procedure"", ""matched_field"": ""Procedure"", ""match_type"": ""reuse_filter_match"", ""score"": 1.0}]",flattened_topk
Q17,W1_HCPA_EXPERT,Medium,True,1.0,[],[],SUPPORTED,"[{""component"": ""filter"", ""query_field"": ""reason for discharge"", ""matched_field"": ""reason for discharge"", ""match_type"": ""exact_label"", ""score"": 1.0}, {""component"": ""filter"", ""query_field"": ""State"", ""matched_field"": ""State"", ""match_type"": ""exact_label"", ""score"": 1.0}, {""component"": ""output"", ""query_field"": ""reason for discharge"", ""matched_field"": ""reason for discharge"", ""match_type"": ""reuse_filter_match"", ""score"": 1.0}, {""component"": ""output"", ""query_field"": ""State"", ""matched_field"": ""State"", ""match_type"": ""reuse_filter_match"", ""score"": 1.0}]",flattened_topk
Q18,W1_HCPA_EXPERT,Medium,True,1.0,[],[],SUPPORTED,"[{""component"": ""filter"", ""query_field"": ""histopathological grading"", ""matched_field"": ""Histopathological grading (G)"", ""match_type"": ""exact_label"", ""score"": 1.0}, {""component"": ""filter"", ""query_field"": ""Problem"", ""matched_field"": ""Problem"", ""match_type"": ""exact_label"", ""score"": 1.0}, {""component"": ""output"", ""query_field"": ""histopathological grading"", ""matched_field"": ""Histopathological grading (G)"", ""match_type"": ""reuse_filter_match"", ""score"": 1.0}, {""component"": ""output"", ""query_field"": ""Problem"", ""matched_field"": ""Problem"", ""match_type"": ""reuse_filter_match"", ""score"": 1.0}]",flattened_topk
Q19,W1_HCPA_EXPERT,Medium,True,1.0,[],[],SUPPORTED,"[{""component"": ""filter"", ""query_field"": ""tumour topography"", ""matched_field"": ""topography"", ""match_type"": ""exact_label"", ""score"": 1.0}, {""component"": ""filter"", ""query_field"": ""invaded regional lymph nodes"", ""matched_field"": ""Invaded regional linphonodes"", ""match_type"": ""exact_label"", ""score"": 1.0}, {""component"": ""output"", ""query_field"": ""tumour topography"", ""matched_field"": ""topography"", ""match_type"": ""reuse_filter_match"", ""score"": 1.0}, {""component"": ""output"", ""query_field"": ""invaded regional lymph nodes"", ""matched_field"": ""Invaded regional linphonodes"", ""match_type"": ""reuse_filter_match"", ""score"": 1.0}]",flattened_topk
Q20,W1_HCPA_EXPERT,Medium,True,1.0,[],[],SUPPORTED,"[{""component"": ""filter"", ""query_field"": ""reason for encounter"", ""matched_field"": ""reason for encounter"", ""match_type"": ""exact_label"", ""score"": 1.0}, {""component"": ""filter"", ""query_field"": ""date of beginning of radiotherapy"", ""matched_field"": ""date of beginning of radiotherapy"", ""match_type"": ""exact_label"", ""score"": 1.0}, {""component"": ""output"", ""query_field"": ""reason for encounter"", ""matched_field"": ""reason for encounter"", ""match_type"": ""reuse_filter_match"", ""score"": 1.0}, {""component"": ""output"", ""query_field"": ""date of beginning of radiotherapy"", ""matched_field"": ""date of beginning of radiotherapy"", ""match_type"": ""reuse_filter_match"", ""score"": 1.0}, {""component"": ""sort"", ""query_field"": ""date of beginning of radiotherapy"", ""matched_field"": ""date of beginning of radiotherapy"", ""match_type"": ""reuse_filter_match"", ""score"": 1.0}]",flattened_topk
Q21,W1_HCPA_EXPERT,Hard,False,0.0,"[""Nephrology / indicator of transplantation"", ""Nephrology / number of transplantations"", ""indicator of transplantation"", ""number of transplantations""]",[],ABSENT_OR_PRUNED_OR_MATCH_FAILED,"[{""component"": ""filter"", ""query_field"": ""indicator of transplantation"", ""matched_field"": null, ""match_type"": ""no_match"", ""score"": 0.0}, {""component"": ""filter"", ""query_field"": ""number of transplantations"", ""matched_field"": null, ""match_type"": ""no_match"", ""score"": 0.0}, {""component"": ""output"", ""query_field"": ""indicator of transplantation"", ""matched_field"": null, ""match_type"": ""no_match"", ""score"": 0.0}, {""component"": ""output"", ""query_field"": ""number of transplantations"", ""matched_field"": null, ""match_type"": ""no_match"", ""score"": 0.0}]",flattened_topk
Q22,W1_HCPA_EXPERT,Hard,False,0.0,"[""Dialysis / date of first dialysis"", ""Imaging / abdominal ultrasonography"", ""date of first dialysis"", ""abdominal ultrasonography"", ""date of first dialysis""]",[],ABSENT_OR_PRUNED_OR_MATCH_FAILED,"[{""component"": ""filter"", ""query_field"": ""date of first dialysis"", ""matched_field"": null, ""match_type"": ""no_match"", ""score"": 0.0}, {""component"": ""filter"", ""query_field"": ""abdominal ultrasonography"", ""matched_field"": null, ""match_type"": ""no_match"", ""score"": 0.0}, {""component"": ""output"", ""query_field"": ""date of first dialysis"", ""matched_field"": null, ""match_type"": ""no_match"", ""score"": 0.0}, {""component"": ""output"", ""query_field"": ""abdominal ultrasonography"", ""matched_field"": null, ""match_type"": ""no_match"", ""score"": 0.0}, {""component"": ""sort"", ""query_field"": ""date of first dialysis"", ""matched_field"": null, ""match_type"": ""no_match"", ""score"": 0.0}]",flattened_topk
Q23,W1_HCPA_EXPERT,Hard,True,1.0,[],[],SUPPORTED,"[{""component"": ""filter"", ""query_field"": ""duration of follow-up months"", ""matched_field"": ""duration of follow-up (months)"", ""match_type"": ""exact_label"", ""score"": 1.0}, {""component"": ""filter"", ""query_field"": ""body mass index"", ""matched_field"": ""Body Mass Index"", ""match_type"": ""exact_label"", ""score"": 1.0}, {""component"": ""output"", ""query_field"": ""duration of follow-up months"", ""matched_field"": ""duration of follow-up (months)"", ""match_type"": ""reuse_filter_match"", ""score"": 1.0}, {""component"": ""output"", ""query_field"": ""body mass index"", ""matched_field"": ""Body Mass Index"", ""match_type"": ""reuse_filter_match"", ""score"": 1.0}, {""component"": ""sort"", ""query_field"": ""duration of follow-up months"", ""matched_field"": ""duration of follow-up (months)"", ""match_type"": ""reuse_filter_match"", ""score"": 1.0}]",flattened_topk
Q24,W1_HCPA_EXPERT,Hard,True,1.0,[],[],SUPPORTED,"[{""component"": ""filter"", ""query_field"": ""State"", ""matched_field"": ""State"", ""match_type"": ""exact_label"", ""score"": 1.0}, {""component"": ""filter"", ""query_field"": ""reason for encounter"", ""matched_field"": ""reason for encounter"", ""match_type"": ""exact_label"", ""score"": 1.0}, {""component"": ""filter"", ""query_field"": ""patient age"", ""matched_field"": ""patient age"", ""match_type"": ""exact_label"", ""score"": 1.0}, {""component"": ""output"", ""query_field"": ""State"", ""matched_field"": ""State"", ""match_type"": ""reuse_filter_match"", ""score"": 1.0}, {""component"": ""output"", ""query_field"": ""reason for encounter"", ""matched_field"": ""reason for encounter"", ""match_type"": ""reuse_filter_match"", ""score"": 1.0}, {""component"": ""output"", ""query_field"": ""patient age"", ""matched_field"": ""patient age"", ""match_type"": ""reuse_filter_match"", ""score"": 1.0}, {""component"": ""sort"", ""query_field"": ""patient age"", ""matched_field"": ""patient age"", ""match_type"": ""reuse_filter_match"", ""score"": 1.0}]",flattened_topk
Q25,W1_HCPA_EXPERT,Hard,True,1.0,[],[],SUPPORTED,"[{""component"": ""filter"", ""query_field"": ""State"", ""matched_field"": ""State"", ""match_type"": ""exact_label"", ""score"": 1.0}, {""component"": ""filter"", ""query_field"": ""reason for encounter"", ""matched_field"": ""reason for encounter"", ""match_type"": ""exact_label"", ""score"": 1.0}, {""component"": ""filter"", ""query_field"": ""Problem"", ""matched_field"": ""Problem"", ""match_type"": ""exact_label"", ""score"": 1.0}, {""component"": ""output"", ""query_field"": ""State"", ""matched_field"": ""State"", ""match_type"": ""reuse_filter_match"", ""score"": 1.0}, {""component"": ""output"", ""query_field"": ""reason for encounter"", ""matched_field"": ""reason for encounter"", ""match_type"": ""reuse_filter_match"", ""score"": 1.0}, {""component"": ""output"", ""query_field"": ""Problem"", ""matched_field"": ""Problem"", ""match_type"": ""reuse_filter_match"", ""score"": 1.0}]",flattened_topk
Q26,W1_HCPA_EXPERT,Hard,True,1.0,[],[],SUPPORTED,"[{""component"": ""filter"", ""query_field"": ""Problem"", ""matched_field"": ""Problem"", ""match_type"": ""exact_label"", ""score"": 1.0}, {""component"": ""filter"", ""query_field"": ""Clinical staging"", ""matched_field"": ""Clinical staging"", ""match_type"": ""exact_label"", ""score"": 1.0}, {""component"": ""filter"", ""query_field"": ""invaded regional lymph nodes"", ""matched_field"": ""Invaded regional linphonodes"", ""match_type"": ""exact_label"", ""score"": 1.0}, {""component"": ""output"", ""query_field"": ""Problem"", ""matched_field"": ""Problem"", ""match_type"": ""reuse_filter_match"", ""score"": 1.0}, {""component"": ""output"", ""query_field"": ""Clinical staging"", ""matched_field"": ""Clinical staging"", ""match_type"": ""reuse_filter_match"", ""score"": 1.0}, {""component"": ""output"", ""query_field"": ""invaded regional lymph nodes"", ""matched_field"": ""Invaded regional linphonodes"", ""match_type"": ""reuse_filter_match"", ""score"": 1.0}]",flattened_topk
Q27,W1_HCPA_EXPERT,Hard,True,1.0,[],[],SUPPORTED,"[{""component"": ""filter"", ""query_field"": ""schema"", ""matched_field"": ""schema"", ""match_type"": ""exact_label"", ""score"": 1.0}, {""component"": ""filter"", ""query_field"": ""duration of treatment"", ""matched_field"": ""duration of treatment"", ""match_type"": ""exact_label"", ""score"": 1.0}, {""component"": ""filter"", ""query_field"": ""date of beginning of chemotherapy"", ""matched_field"": ""date of beginning of chemotherapy"", ""match_type"": ""exact_label"", ""score"": 1.0}, {""component"": ""output"", ""query_field"": ""schema"", ""matched_field"": ""schema"", ""match_type"": ""reuse_filter_match"", ""score"": 1.0}, {""component"": ""output"", ""query_field"": ""duration of treatment"", ""matched_field"": ""duration of treatment"", ""match_type"": ""reuse_filter_match"", ""score"": 1.0}, {""component"": ""output"", ""query_field"": ""date of beginning of chemotherapy"", ""matched_field"": ""date of beginning of chemotherapy"", ""match_type"": ""reuse_filter_match"", ""score"": 1.0}, {""component"": ""sort"", ""query_field"": ""date of beginning of chemotherapy"", ""matched_field"": ""date of beginning of chemotherapy"", ""match_type"": ""reuse_filter_match"", ""score"": 1.0}]",flattened_topk
Q28,W1_HCPA_EXPERT,Hard,True,1.0,[],[],SUPPORTED,"[{""component"": ""filter"", ""query_field"": ""Procedure"", ""matched_field"": ""Procedure"", ""match_type"": ""exact_label"", ""score"": 1.0}, {""component"": ""filter"", ""query_field"": ""irradiated area 1"", ""matched_field"": ""irradiated area 1"", ""match_type"": ""exact_label"", ""score"": 1.0}, {""component"": ""output"", ""query_field"": ""Procedure"", ""matched_field"": ""Procedure"", ""match_type"": ""reuse_filter_match"", ""score"": 1.0}, {""component"": ""output"", ""query_field"": ""irradiated area 1"", ""matched_field"": ""irradiated area 1"", ""match_type"": ""reuse_filter_match"", ""score"": 1.0}]",flattened_topk
Q29,W1_HCPA_EXPERT,Hard,True,1.0,[],[],SUPPORTED,"[{""component"": ""filter"", ""query_field"": ""date of discharge"", ""matched_field"": ""date of discharge"", ""match_type"": ""exact_label"", ""score"": 1.0}, {""component"": ""filter"", ""query_field"": ""reason for discharge"", ""matched_field"": ""reason for discharge"", ""match_type"": ""exact_label"", ""score"": 1.0}, {""component"": ""output"", ""query_field"": ""date of discharge"", ""matched_field"": ""date of discharge"", ""match_type"": ""reuse_filter_match"", ""score"": 1.0}, {""component"": ""output"", ""query_field"": ""reason for discharge"", ""matched_field"": ""reason for discharge"", ""match_type"": ""reuse_filter_match"", ""score"": 1.0}]",flattened_topk
Q30,W1_HCPA_EXPERT,Hard,True,1.0,[],[],SUPPORTED,"[{""component"": ""filter"", ""query_field"": ""tumour topography"", ""matched_field"": ""topography"", ""match_type"": ""exact_label"", ""score"": 1.0}, {""component"": ""filter"", ""query_field"": ""histopathological grading"", ""matched_field"": ""Histopathological grading (G)"", ""match_type"": ""exact_label"", ""score"": 1.0}, {""component"": ""filter"", ""query_field"": ""date of pathological identification"", ""matched_field"": ""date of pathological identification"", ""match_type"": ""exact_label"", ""score"": 1.0}, {""component"": ""output"", ""query_field"": ""tumour topography"", ""matched_field"": ""topography"", ""match_type"": ""reuse_filter_match"", ""score"": 1.0}, {""component"": ""output"", ""query_field"": ""histopathological grading"", ""matched_field"": ""Histopathological grading (G)"", ""match_type"": ""reuse_filter_match"", ""score"": 1.0}, {""component"": ""output"", ""query_field"": ""date of pathological identification"", ""matched_field"": ""date of pathological identification"", ""match_type"": ""reuse_filter_match"", ""score"": 1.0}, {""component"": ""sort"", ""query_field"": ""date of pathological identification"", ""matched_field"": ""date of pathological identification"", ""match_type"": ""reuse_filter_match"", ""score"": 1.0}]",flattened_topk
D1,W2_DEMOGRAPHIC_EXPERT,Easy,True,1.0,[],[],SUPPORTED,"[{""component"": ""filter"", ""query_field"": ""gender"", ""matched_field"": ""gender"", ""match_type"": ""exact_path"", ""score"": 1.0}, {""component"": ""output"", ""query_field"": ""gender"", ""matched_field"": ""gender"", ""match_type"": ""reuse_filter_match"", ""score"": 1.0}]",flattened_topk
D2,W2_DEMOGRAPHIC_EXPERT,Easy,True,1.0,[],[],SUPPORTED,"[{""component"": ""filter"", ""query_field"": ""gender"", ""matched_field"": ""gender"", ""match_type"": ""exact_path"", ""score"": 1.0}, {""component"": ""output"", ""query_field"": ""gender"", ""matched_field"": ""gender"", ""match_type"": ""reuse_filter_match"", ""score"": 1.0}, {""component"": ""output"", ""query_field"": ""birth date"", ""matched_field"": ""birth date"", ""match_type"": ""exact_label"", ""score"": 1.0}]",flattened_topk
D3,W2_DEMOGRAPHIC_EXPERT,Easy,True,1.0,[],[],SUPPORTED,"[{""component"": ""filter"", ""query_field"": ""nationality"", ""matched_field"": ""nationality"", ""match_type"": ""exact_path"", ""score"": 1.0}, {""component"": ""output"", ""query_field"": ""nationality"", ""matched_field"": ""nationality"", ""match_type"": ""reuse_filter_match"", ""score"": 1.0}]",flattened_topk
D4,W2_DEMOGRAPHIC_EXPERT,Easy,True,1.0,[],[],SUPPORTED,"[{""component"": ""filter"", ""query_field"": ""race"", ""matched_field"": ""race"", ""match_type"": ""exact_path"", ""score"": 1.0}, {""component"": ""output"", ""query_field"": ""race"", ""matched_field"": ""race"", ""match_type"": ""reuse_filter_match"", ""score"": 1.0}]",flattened_topk
D5,W2_DEMOGRAPHIC_EXPERT,Easy,True,1.0,[],[],SUPPORTED,"[{""component"": ""filter"", ""query_field"": ""ethnic group"", ""matched_field"": ""ethnic group"", ""match_type"": ""exact_path"", ""score"": 1.0}, {""component"": ""output"", ""query_field"": ""ethnic group"", ""matched_field"": ""ethnic group"", ""match_type"": ""reuse_filter_match"", ""score"": 1.0}]",flattened_topk
D6,W2_DEMOGRAPHIC_EXPERT,Easy,True,1.0,[],[],SUPPORTED,"[{""component"": ""filter"", ""query_field"": ""birth date"", ""matched_field"": ""birth date"", ""match_type"": ""exact_path"", ""score"": 1.0}, {""component"": ""output"", ""query_field"": ""birth date"", ""matched_field"": ""birth date"", ""match_type"": ""reuse_filter_match"", ""score"": 1.0}]",flattened_topk
D7,W2_DEMOGRAPHIC_EXPERT,Medium,True,1.0,[],[],SUPPORTED,"[{""component"": ""filter"", ""query_field"": ""gender"", ""matched_field"": ""gender"", ""match_type"": ""exact_path"", ""score"": 1.0}, {""component"": ""filter"", ""query_field"": ""nationality"", ""matched_field"": ""nationality"", ""match_type"": ""exact_path"", ""score"": 1.0}, {""component"": ""output"", ""query_field"": ""gender"", ""matched_field"": ""gender"", ""match_type"": ""reuse_filter_match"", ""score"": 1.0}, {""component"": ""output"", ""query_field"": ""nationality"", ""matched_field"": ""nationality"", ""match_type"": ""reuse_filter_match"", ""score"": 1.0}]",flattened_topk
D8,W2_DEMOGRAPHIC_EXPERT,Medium,True,1.0,[],[],SUPPORTED,"[{""component"": ""filter"", ""query_field"": ""birth date"", ""matched_field"": ""birth date"", ""match_type"": ""exact_path"", ""score"": 1.0}, {""component"": ""filter"", ""query_field"": ""gender"", ""matched_field"": ""gender"", ""match_type"": ""exact_path"", ""score"": 1.0}, {""component"": ""output"", ""query_field"": ""birth date"", ""matched_field"": ""birth date"", ""match_type"": ""reuse_filter_match"", ""score"": 1.0}, {""component"": ""output"", ""query_field"": ""gender"", ""matched_field"": ""gender"", ""match_type"": ""reuse_filter_match"", ""score"": 1.0}, {""component"": ""sort"", ""query_field"": ""birth date"", ""matched_field"": ""birth date"", ""match_type"": ""reuse_filter_match"", ""score"": 1.0}]",flattened_topk
D9,W2_DEMOGRAPHIC_EXPERT,Medium,True,1.0,[],[],SUPPORTED,"[{""component"": ""filter"", ""query_field"": ""educational level"", ""matched_field"": ""educational level"", ""match_type"": ""exact_path"", ""score"": 1.0}, {""component"": ""filter"", ""query_field"": ""nationality"", ""matched_field"": ""nationality"", ""match_type"": ""exact_path"", ""score"": 1.0}, {""component"": ""output"", ""query_field"": ""educational level"", ""matched_field"": ""educational level"", ""match_type"": ""reuse_filter_match"", ""score"": 1.0}, {""component"": ""output"", ""query_field"": ""nationality"", ""matched_field"": ""nationality"", ""match_type"": ""reuse_filter_match"", ""score"": 1.0}]",flattened_topk
D10,W2_DEMOGRAPHIC_EXPERT,Medium,True,1.0,[],[],SUPPORTED,"[{""component"": ""filter"", ""query_field"": ""race"", ""matched_field"": ""race"", ""match_type"": ""exact_path"", ""score"": 1.0}, {""component"": ""filter"", ""query_field"": ""nationality"", ""matched_field"": ""nationality"", ""match_type"": ""exact_path"", ""score"": 1.0}, {""component"": ""output"", ""query_field"": ""race"", ""matched_field"": ""race"", ""match_type"": ""reuse_filter_match"", ""score"": 1.0}, {""component"": ""output"", ""query_field"": ""nationality"", ""matched_field"": ""nationality"", ""match_type"": ""reuse_filter_match"", ""score"": 1.0}]",flattened_topk
D11,W2_DEMOGRAPHIC_EXPERT,Hard,True,1.0,[],[],SUPPORTED,"[{""component"": ""filter"", ""query_field"": ""race"", ""matched_field"": ""race"", ""match_type"": ""exact_path"", ""score"": 1.0}, {""component"": ""filter"", ""query_field"": ""ethnic group"", ""matched_field"": ""ethnic group"", ""match_type"": ""exact_path"", ""score"": 1.0}, {""component"": ""filter"", ""query_field"": ""nationality"", ""matched_field"": ""nationality"", ""match_type"": ""exact_path"", ""score"": 1.0}, {""component"": ""output"", ""query_field"": ""race"", ""matched_field"": ""race"", ""match_type"": ""reuse_filter_match"", ""score"": 1.0}, {""component"": ""output"", ""query_field"": ""ethnic group"", ""matched_field"": ""ethnic group"", ""match_type"": ""reuse_filter_match"", ""score"": 1.0}, {""component"": ""output"", ""query_field"": ""nationality"", ""matched_field"": ""nationality"", ""match_type"": ""reuse_filter_match"", ""score"": 1.0}]",flattened_topk
D12,W2_DEMOGRAPHIC_EXPERT,Hard,True,1.0,[],[],SUPPORTED,"[{""component"": ""filter"", ""query_field"": ""birth date"", ""matched_field"": ""birth date"", ""match_type"": ""exact_path"", ""score"": 1.0}, {""component"": ""filter"", ""query_field"": ""gender"", ""matched_field"": ""gender"", ""match_type"": ""exact_path"", ""score"": 1.0}, {""component"": ""filter"", ""query_field"": ""nationality"", ""matched_field"": ""nationality"", ""match_type"": ""exact_path"", ""score"": 1.0}, {""component"": ""output"", ""query_field"": ""birth date"", ""matched_field"": ""birth date"", ""match_type"": ""reuse_filter_match"", ""score"": 1.0}, {""component"": ""output"", ""query_field"": ""gender"", ""matched_field"": ""gender"", ""match_type"": ""reuse_filter_match"", ""score"": 1.0}, {""component"": ""output"", ""query_field"": ""nationality"", ""matched_field"": ""nationality"", ""match_type"": ""reuse_filter_match"", ""score"": 1.0}, {""component"": ""sort"", ""query_field"": ""birth date"", ""matched_field"": ""birth date"", ""match_type"": ""reuse_filter_match"", ""score"": 1.0}]",flattened_topk
H1,W3_HOSPITALISATION_EXPERT,Easy,True,1.0,[],[],SUPPORTED,"[{""component"": ""filter"", ""query_field"": ""Admission type"", ""matched_field"": ""Admission type"", ""match_type"": ""exact_path"", ""score"": 1.0}, {""component"": ""output"", ""query_field"": ""Admission type"", ""matched_field"": ""Admission type"", ""match_type"": ""reuse_filter_match"", ""score"": 1.0}]",flattened_topk
H2,W3_HOSPITALISATION_EXPERT,Easy,True,1.0,[],[],SUPPORTED,"[{""component"": ""filter"", ""query_field"": ""Hospital service"", ""matched_field"": ""Hospital service"", ""match_type"": ""exact_path"", ""score"": 1.0}, {""component"": ""output"", ""query_field"": ""Hospital service"", ""matched_field"": ""Hospital service"", ""match_type"": ""reuse_filter_match"", ""score"": 1.0}]",flattened_topk
H3,W3_HOSPITALISATION_EXPERT,Easy,True,1.0,[],[],SUPPORTED,"[{""component"": ""filter"", ""query_field"": ""ICU - Total"", ""matched_field"": ""ICU - Total"", ""match_type"": ""exact_path"", ""score"": 1.0}, {""component"": ""output"", ""query_field"": ""ICU - Total"", ""matched_field"": ""ICU - Total"", ""match_type"": ""reuse_filter_match"", ""score"": 1.0}, {""component"": ""sort"", ""query_field"": ""ICU - Total"", ""matched_field"": ""ICU - Total"", ""match_type"": ""reuse_filter_match"", ""score"": 1.0}]",flattened_topk
H4,W3_HOSPITALISATION_EXPERT,Easy,True,1.0,[],[],SUPPORTED,"[{""component"": ""filter"", ""query_field"": ""death indicator"", ""matched_field"": ""death indicator"", ""match_type"": ""exact_path"", ""score"": 1.0}, {""component"": ""output"", ""query_field"": ""death indicator"", ""matched_field"": ""death indicator"", ""match_type"": ""reuse_filter_match"", ""score"": 1.0}]",flattened_topk
H5,W3_HOSPITALISATION_EXPERT,Easy,True,1.0,[],[],SUPPORTED,"[{""component"": ""filter"", ""query_field"": ""hospital infection"", ""matched_field"": ""hospital infection"", ""match_type"": ""exact_path"", ""score"": 1.0}, {""component"": ""output"", ""query_field"": ""hospital infection"", ""matched_field"": ""hospital infection"", ""match_type"": ""reuse_filter_match"", ""score"": 1.0}]",flattened_topk
H6,W3_HOSPITALISATION_EXPERT,Easy,True,1.0,[],[],SUPPORTED,"[{""component"": ""filter"", ""query_field"": ""Universal ID"", ""matched_field"": ""Universal ID"", ""match_type"": ""exact_path"", ""score"": 1.0}, {""component"": ""output"", ""query_field"": ""Universal ID"", ""matched_field"": ""Universal ID"", ""match_type"": ""reuse_filter_match"", ""score"": 1.0}]",flattened_topk
H7,W3_HOSPITALISATION_EXPERT,Medium,True,1.0,[],[],SUPPORTED,"[{""component"": ""filter"", ""query_field"": ""Admission type"", ""matched_field"": ""Admission type"", ""match_type"": ""exact_path"", ""score"": 1.0}, {""component"": ""filter"", ""query_field"": ""Hospital service"", ""matched_field"": ""Hospital service"", ""match_type"": ""exact_path"", ""score"": 1.0}, {""component"": ""output"", ""query_field"": ""Admission type"", ""matched_field"": ""Admission type"", ""match_type"": ""reuse_filter_match"", ""score"": 1.0}, {""component"": ""output"", ""query_field"": ""Hospital service"", ""matched_field"": ""Hospital service"", ""match_type"": ""reuse_filter_match"", ""score"": 1.0}]",flattened_topk
H8,W3_HOSPITALISATION_EXPERT,Medium,True,1.0,[],[],SUPPORTED,"[{""component"": ""filter"", ""query_field"": ""Admit date/time"", ""matched_field"": ""Admit date/time"", ""match_type"": ""exact_path"", ""score"": 1.0}, {""component"": ""filter"", ""query_field"": ""State/province"", ""matched_field"": ""State/province"", ""match_type"": ""exact_path"", ""score"": 1.0}, {""component"": ""output"", ""query_field"": ""Admit date/time"", ""matched_field"": ""Admit date/time"", ""match_type"": ""reuse_filter_match"", ""score"": 1.0}, {""component"": ""output"", ""query_field"": ""State/province"", ""matched_field"": ""State/province"", ""match_type"": ""reuse_filter_match"", ""score"": 1.0}, {""component"": ""sort"", ""query_field"": ""Admit date/time"", ""matched_field"": ""Admit date/time"", ""match_type"": ""reuse_filter_match"", ""score"": 1.0}]",flattened_topk
H9,W3_HOSPITALISATION_EXPERT,Medium,True,1.0,[],[],SUPPORTED,"[{""component"": ""filter"", ""query_field"": ""claim reason"", ""matched_field"": ""claim reason"", ""match_type"": ""exact_path"", ""score"": 1.0}, {""component"": ""filter"", ""query_field"": ""death indicator"", ""matched_field"": ""death indicator"", ""match_type"": ""exact_path"", ""score"": 1.0}, {""component"": ""output"", ""query_field"": ""claim reason"", ""matched_field"": ""claim reason"", ""match_type"": ""reuse_filter_match"", ""score"": 1.0}, {""component"": ""output"", ""query_field"": ""death indicator"", ""matched_field"": ""death indicator"", ""match_type"": ""reuse_filter_match"", ""score"": 1.0}]",flattened_topk
H10,W3_HOSPITALISATION_EXPERT,Medium,True,1.0,[],[],SUPPORTED,"[{""component"": ""filter"", ""query_field"": ""Patient class"", ""matched_field"": ""Patient class"", ""match_type"": ""exact_path"", ""score"": 1.0}, {""component"": ""output"", ""query_field"": ""Patient class"", ""matched_field"": ""Patient class"", ""match_type"": ""reuse_filter_match"", ""score"": 1.0}, {""component"": ""output"", ""query_field"": ""Admission type"", ""matched_field"": ""Admission type"", ""match_type"": ""exact_label"", ""score"": 1.0}]",flattened_topk
H11,W3_HOSPITALISATION_EXPERT,Hard,True,1.0,[],[],SUPPORTED,"[{""component"": ""filter"", ""query_field"": ""Problem"", ""matched_field"": ""Problem"", ""match_type"": ""exact_path"", ""score"": 1.0}, {""component"": ""filter"", ""query_field"": ""Procedure"", ""matched_field"": ""Procedure"", ""match_type"": ""exact_path"", ""score"": 1.0}, {""component"": ""output"", ""query_field"": ""Problem"", ""matched_field"": ""Problem"", ""match_type"": ""reuse_filter_match"", ""score"": 1.0}, {""component"": ""output"", ""query_field"": ""Procedure"", ""matched_field"": ""Procedure"", ""match_type"": ""reuse_filter_match"", ""score"": 1.0}]",flattened_topk
H12,W3_HOSPITALISATION_EXPERT,Hard,True,1.0,[],[],SUPPORTED,"[{""component"": ""filter"", ""query_field"": ""Admit date/time"", ""matched_field"": ""Admit date/time"", ""match_type"": ""exact_path"", ""score"": 1.0}, {""component"": ""filter"", ""query_field"": ""claim reason"", ""matched_field"": ""claim reason"", ""match_type"": ""exact_path"", ""score"": 1.0}, {""component"": ""output"", ""query_field"": ""Admit date/time"", ""matched_field"": ""Admit date/time"", ""match_type"": ""reuse_filter_match"", ""score"": 1.0}, {""component"": ""output"", ""query_field"": ""Admission type"", ""matched_field"": ""Admission type"", ""match_type"": ""exact_label"", ""score"": 1.0}, {""component"": ""output"", ""query_field"": ""Hospital service"", ""matched_field"": ""Hospital service"", ""match_type"": ""exact_label"", ""score"": 1.0}, {""component"": ""output"", ""query_field"": ""ICU - Total"", ""matched_field"": ""ICU - Total"", ""match_type"": ""exact_label"", ""score"": 1.0}, {""component"": ""output"", ""query_field"": ""claim reason"", ""matched_field"": ""claim reason"", ""match_type"": ""reuse_filter_match"", ""score"": 1.0}, {""component"": ""output"", ""query_field"": ""death indicator"", ""matched_field"": ""death indicator"", ""match_type"": ""exact_label"", ""score"": 1.0}, {""component"": ""sort"", ""query_field"": ""Admit date/time"", ""matched_field"": ""Admit date/time"", ""match_type"": ""reuse_filter_match"", ""score"": 1.0}]",flattened_topk
Q1,W1_HCPA_EXPERT,Easy,True,1.0,[],[],SUPPORTED,"[{""component"": ""filter"", ""query_field"": ""State"", ""matched_field"": ""State"", ""match_type"": ""exact_label"", ""score"": 1.0}, {""component"": ""output"", ""query_field"": ""State"", ""matched_field"": ""State"", ""match_type"": ""reuse_filter_match"", ""score"": 1.0}]",no_operator_awareness
Q2,W1_HCPA_EXPERT,Easy,True,1.0,[],[],SUPPORTED,"[{""component"": ""filter"", ""query_field"": ""State"", ""matched_field"": ""State"", ""match_type"": ""exact_label"", ""score"": 1.0}, {""component"": ""output"", ""query_field"": ""State"", ""matched_field"": ""State"", ""match_type"": ""reuse_filter_match"", ""score"": 1.0}, {""component"": ""output"", ""query_field"": ""reason for encounter"", ""matched_field"": ""reason for encounter"", ""match_type"": ""exact_label"", ""score"": 1.0}]",no_operator_awareness
Q3,W1_HCPA_EXPERT,Easy,True,1.0,[],[],SUPPORTED,"[{""component"": ""filter"", ""query_field"": ""reason for encounter"", ""matched_field"": ""reason for encounter"", ""match_type"": ""exact_label"", ""score"": 1.0}, {""component"": ""output"", ""query_field"": ""reason for encounter"", ""matched_field"": ""reason for encounter"", ""match_type"": ""reuse_filter_match"", ""score"": 1.0}]",no_operator_awareness
Q4,W1_HCPA_EXPERT,Easy,True,1.0,[],[],SUPPORTED,"[{""component"": ""filter"", ""query_field"": ""reason for encounter"", ""matched_field"": ""reason for encounter"", ""match_type"": ""exact_label"", ""score"": 1.0}, {""component"": ""output"", ""query_field"": ""reason for encounter"", ""matched_field"": ""reason for encounter"", ""match_type"": ""reuse_filter_match"", ""score"": 1.0}, {""component"": ""output"", ""query_field"": ""State"", ""matched_field"": ""State"", ""match_type"": ""exact_label"", ""score"": 1.0}, {""component"": ""output"", ""query_field"": ""patient age"", ""matched_field"": ""patient age"", ""match_type"": ""exact_label"", ""score"": 1.0}]",no_operator_awareness
Q5,W1_HCPA_EXPERT,Easy,True,1.0,[],[],SUPPORTED,"[{""component"": ""filter"", ""query_field"": ""patient age"", ""matched_field"": ""patient age"", ""match_type"": ""exact_label"", ""score"": 1.0}, {""component"": ""output"", ""query_field"": ""patient age"", ""matched_field"": ""patient age"", ""match_type"": ""reuse_filter_match"", ""score"": 1.0}, {""component"": ""sort"", ""query_field"": ""patient age"", ""matched_field"": ""patient age"", ""match_type"": ""reuse_filter_match"", ""score"": 1.0}]",no_operator_awareness
Q6,W1_HCPA_EXPERT,Easy,True,1.0,[],[],SUPPORTED,"[{""component"": ""filter"", ""query_field"": ""schema"", ""matched_field"": ""schema"", ""match_type"": ""exact_label"", ""score"": 1.0}, {""component"": ""output"", ""query_field"": ""schema"", ""matched_field"": ""schema"", ""match_type"": ""reuse_filter_match"", ""score"": 1.0}]",no_operator_awareness
Q7,W1_HCPA_EXPERT,Easy,True,1.0,[],[],SUPPORTED,"[{""component"": ""filter"", ""query_field"": ""Procedure"", ""matched_field"": ""Procedure"", ""match_type"": ""exact_label"", ""score"": 1.0}, {""component"": ""output"", ""query_field"": ""Procedure"", ""matched_field"": ""Procedure"", ""match_type"": ""reuse_filter_match"", ""score"": 1.0}]",no_operator_awareness
Q8,W1_HCPA_EXPERT,Easy,True,1.0,[],[],SUPPORTED,"[{""component"": ""filter"", ""query_field"": ""Problem"", ""matched_field"": ""Problem"", ""match_type"": ""exact_label"", ""score"": 1.0}, {""component"": ""output"", ""query_field"": ""Problem"", ""matched_field"": ""Problem"", ""match_type"": ""reuse_filter_match"", ""score"": 1.0}]",no_operator_awareness
Q9,W1_HCPA_EXPERT,Easy,True,1.0,[],[],SUPPORTED,"[{""component"": ""filter"", ""query_field"": ""Clinical staging"", ""matched_field"": ""Clinical staging"", ""match_type"": ""exact_label"", ""score"": 1.0}, {""component"": ""output"", ""query_field"": ""Clinical staging"", ""matched_field"": ""Clinical staging"", ""match_type"": ""reuse_filter_match"", ""score"": 1.0}]",no_operator_awareness
Q10,W1_HCPA_EXPERT,Easy,True,1.0,[],[],SUPPORTED,"[{""component"": ""filter"", ""query_field"": ""invaded regional lymph nodes"", ""matched_field"": ""Invaded regional linphonodes"", ""match_type"": ""exact_label"", ""score"": 1.0}, {""component"": ""output"", ""query_field"": ""invaded regional lymph nodes"", ""matched_field"": ""Invaded regional linphonodes"", ""match_type"": ""reuse_filter_match"", ""score"": 1.0}]",no_operator_awareness
Q11,W1_HCPA_EXPERT,Medium,True,1.0,[],[],SUPPORTED,"[{""component"": ""filter"", ""query_field"": ""State"", ""matched_field"": ""State"", ""match_type"": ""exact_label"", ""score"": 1.0}, {""component"": ""filter"", ""query_field"": ""reason for encounter"", ""matched_field"": ""reason for encounter"", ""match_type"": ""exact_label"", ""score"": 1.0}, {""component"": ""output"", ""query_field"": ""State"", ""matched_field"": ""State"", ""match_type"": ""reuse_filter_match"", ""score"": 1.0}, {""component"": ""output"", ""query_field"": ""reason for encounter"", ""matched_field"": ""reason for encounter"", ""match_type"": ""reuse_filter_match"", ""score"": 1.0}]",no_operator_awareness
Q12,W1_HCPA_EXPERT,Medium,True,1.0,[],[],SUPPORTED,"[{""component"": ""filter"", ""query_field"": ""State"", ""matched_field"": ""State"", ""match_type"": ""exact_label"", ""score"": 1.0}, {""component"": ""filter"", ""query_field"": ""reason for encounter"", ""matched_field"": ""reason for encounter"", ""match_type"": ""exact_label"", ""score"": 1.0}, {""component"": ""output"", ""query_field"": ""State"", ""matched_field"": ""State"", ""match_type"": ""reuse_filter_match"", ""score"": 1.0}, {""component"": ""output"", ""query_field"": ""reason for encounter"", ""matched_field"": ""reason for encounter"", ""match_type"": ""reuse_filter_match"", ""score"": 1.0}, {""component"": ""output"", ""query_field"": ""patient age"", ""matched_field"": ""patient age"", ""match_type"": ""exact_label"", ""score"": 1.0}]",no_operator_awareness
Q13,W1_HCPA_EXPERT,Medium,True,1.0,[],[],SUPPORTED,"[{""component"": ""filter"", ""query_field"": ""patient age"", ""matched_field"": ""patient age"", ""match_type"": ""exact_label"", ""score"": 1.0}, {""component"": ""filter"", ""query_field"": ""State"", ""matched_field"": ""State"", ""match_type"": ""exact_label"", ""score"": 1.0}, {""component"": ""output"", ""query_field"": ""patient age"", ""matched_field"": ""patient age"", ""match_type"": ""reuse_filter_match"", ""score"": 1.0}, {""component"": ""output"", ""query_field"": ""State"", ""matched_field"": ""State"", ""match_type"": ""reuse_filter_match"", ""score"": 1.0}, {""component"": ""sort"", ""query_field"": ""patient age"", ""matched_field"": ""patient age"", ""match_type"": ""reuse_filter_match"", ""score"": 1.0}]",no_operator_awareness
Q14,W1_HCPA_EXPERT,Medium,True,1.0,[],[],SUPPORTED,"[{""component"": ""filter"", ""query_field"": ""schema"", ""matched_field"": ""schema"", ""match_type"": ""exact_label"", ""score"": 1.0}, {""component"": ""filter"", ""query_field"": ""duration of treatment"", ""matched_field"": ""duration of treatment"", ""match_type"": ""exact_label"", ""score"": 1.0}, {""component"": ""output"", ""query_field"": ""schema"", ""matched_field"": ""schema"", ""match_type"": ""reuse_filter_match"", ""score"": 1.0}, {""component"": ""output"", ""query_field"": ""duration of treatment"", ""matched_field"": ""duration of treatment"", ""match_type"": ""reuse_filter_match"", ""score"": 1.0}, {""component"": ""sort"", ""query_field"": ""duration of treatment"", ""matched_field"": ""duration of treatment"", ""match_type"": ""reuse_filter_match"", ""score"": 1.0}]",no_operator_awareness
Q15,W1_HCPA_EXPERT,Medium,True,1.0,[],[],SUPPORTED,"[{""component"": ""filter"", ""query_field"": ""Problem"", ""matched_field"": ""Problem"", ""match_type"": ""exact_label"", ""score"": 1.0}, {""component"": ""filter"", ""query_field"": ""Clinical staging"", ""matched_field"": ""Clinical staging"", ""match_type"": ""exact_label"", ""score"": 1.0}, {""component"": ""output"", ""query_field"": ""Problem"", ""matched_field"": ""Problem"", ""match_type"": ""reuse_filter_match"", ""score"": 1.0}, {""component"": ""output"", ""query_field"": ""Clinical staging"", ""matched_field"": ""Clinical staging"", ""match_type"": ""reuse_filter_match"", ""score"": 1.0}]",no_operator_awareness
Q16,W1_HCPA_EXPERT,Medium,True,1.0,[],[],SUPPORTED,"[{""component"": ""filter"", ""query_field"": ""Problem"", ""matched_field"": ""Problem"", ""match_type"": ""exact_label"", ""score"": 1.0}, {""component"": ""filter"", ""query_field"": ""Procedure"", ""matched_field"": ""Procedure"", ""match_type"": ""exact_label"", ""score"": 1.0}, {""component"": ""output"", ""query_field"": ""Problem"", ""matched_field"": ""Problem"", ""match_type"": ""reuse_filter_match"", ""score"": 1.0}, {""component"": ""output"", ""query_field"": ""Procedure"", ""matched_field"": ""Procedure"", ""match_type"": ""reuse_filter_match"", ""score"": 1.0}]",no_operator_awareness
Q17,W1_HCPA_EXPERT,Medium,True,1.0,[],[],SUPPORTED,"[{""component"": ""filter"", ""query_field"": ""reason for discharge"", ""matched_field"": ""reason for discharge"", ""match_type"": ""exact_label"", ""score"": 1.0}, {""component"": ""filter"", ""query_field"": ""State"", ""matched_field"": ""State"", ""match_type"": ""exact_label"", ""score"": 1.0}, {""component"": ""output"", ""query_field"": ""reason for discharge"", ""matched_field"": ""reason for discharge"", ""match_type"": ""reuse_filter_match"", ""score"": 1.0}, {""component"": ""output"", ""query_field"": ""State"", ""matched_field"": ""State"", ""match_type"": ""reuse_filter_match"", ""score"": 1.0}]",no_operator_awareness
Q18,W1_HCPA_EXPERT,Medium,True,1.0,[],[],SUPPORTED,"[{""component"": ""filter"", ""query_field"": ""histopathological grading"", ""matched_field"": ""Histopathological grading (G)"", ""match_type"": ""exact_label"", ""score"": 1.0}, {""component"": ""filter"", ""query_field"": ""Problem"", ""matched_field"": ""Problem"", ""match_type"": ""exact_label"", ""score"": 1.0}, {""component"": ""output"", ""query_field"": ""histopathological grading"", ""matched_field"": ""Histopathological grading (G)"", ""match_type"": ""reuse_filter_match"", ""score"": 1.0}, {""component"": ""output"", ""query_field"": ""Problem"", ""matched_field"": ""Problem"", ""match_type"": ""reuse_filter_match"", ""score"": 1.0}]",no_operator_awareness
Q19,W1_HCPA_EXPERT,Medium,True,1.0,[],[],SUPPORTED,"[{""component"": ""filter"", ""query_field"": ""tumour topography"", ""matched_field"": ""topography"", ""match_type"": ""exact_label"", ""score"": 1.0}, {""component"": ""filter"", ""query_field"": ""invaded regional lymph nodes"", ""matched_field"": ""Invaded regional linphonodes"", ""match_type"": ""exact_label"", ""score"": 1.0}, {""component"": ""output"", ""query_field"": ""tumour topography"", ""matched_field"": ""topography"", ""match_type"": ""reuse_filter_match"", ""score"": 1.0}, {""component"": ""output"", ""query_field"": ""invaded regional lymph nodes"", ""matched_field"": ""Invaded regional linphonodes"", ""match_type"": ""reuse_filter_match"", ""score"": 1.0}]",no_operator_awareness
Q20,W1_HCPA_EXPERT,Medium,True,1.0,[],[],SUPPORTED,"[{""component"": ""filter"", ""query_field"": ""reason for encounter"", ""matched_field"": ""reason for encounter"", ""match_type"": ""exact_label"", ""score"": 1.0}, {""component"": ""filter"", ""query_field"": ""date of beginning of radiotherapy"", ""matched_field"": ""date of beginning of radiotherapy"", ""match_type"": ""exact_label"", ""score"": 1.0}, {""component"": ""output"", ""query_field"": ""reason for encounter"", ""matched_field"": ""reason for encounter"", ""match_type"": ""reuse_filter_match"", ""score"": 1.0}, {""component"": ""output"", ""query_field"": ""date of beginning of radiotherapy"", ""matched_field"": ""date of beginning of radiotherapy"", ""match_type"": ""reuse_filter_match"", ""score"": 1.0}, {""component"": ""sort"", ""query_field"": ""date of beginning of radiotherapy"", ""matched_field"": ""date of beginning of radiotherapy"", ""match_type"": ""reuse_filter_match"", ""score"": 1.0}]",no_operator_awareness
Q21,W1_HCPA_EXPERT,Hard,False,0.0,"[""Nephrology / indicator of transplantation"", ""Nephrology / number of transplantations"", ""indicator of transplantation"", ""number of transplantations""]",[],ABSENT_OR_PRUNED_OR_MATCH_FAILED,"[{""component"": ""filter"", ""query_field"": ""indicator of transplantation"", ""matched_field"": null, ""match_type"": ""no_match"", ""score"": 0.0}, {""component"": ""filter"", ""query_field"": ""number of transplantations"", ""matched_field"": null, ""match_type"": ""no_match"", ""score"": 0.0}, {""component"": ""output"", ""query_field"": ""indicator of transplantation"", ""matched_field"": null, ""match_type"": ""no_match"", ""score"": 0.0}, {""component"": ""output"", ""query_field"": ""number of transplantations"", ""matched_field"": null, ""match_type"": ""no_match"", ""score"": 0.0}]",no_operator_awareness
Q22,W1_HCPA_EXPERT,Hard,False,0.0,"[""Dialysis / date of first dialysis"", ""Imaging / abdominal ultrasonography"", ""date of first dialysis"", ""abdominal ultrasonography"", ""date of first dialysis""]",[],ABSENT_OR_PRUNED_OR_MATCH_FAILED,"[{""component"": ""filter"", ""query_field"": ""date of first dialysis"", ""matched_field"": null, ""match_type"": ""no_match"", ""score"": 0.0}, {""component"": ""filter"", ""query_field"": ""abdominal ultrasonography"", ""matched_field"": null, ""match_type"": ""no_match"", ""score"": 0.0}, {""component"": ""output"", ""query_field"": ""date of first dialysis"", ""matched_field"": null, ""match_type"": ""no_match"", ""score"": 0.0}, {""component"": ""output"", ""query_field"": ""abdominal ultrasonography"", ""matched_field"": null, ""match_type"": ""no_match"", ""score"": 0.0}, {""component"": ""sort"", ""query_field"": ""date of first dialysis"", ""matched_field"": null, ""match_type"": ""no_match"", ""score"": 0.0}]",no_operator_awareness
Q23,W1_HCPA_EXPERT,Hard,True,1.0,[],[],SUPPORTED,"[{""component"": ""filter"", ""query_field"": ""duration of follow-up months"", ""matched_field"": ""duration of follow-up (months)"", ""match_type"": ""exact_label"", ""score"": 1.0}, {""component"": ""filter"", ""query_field"": ""body mass index"", ""matched_field"": ""Body Mass Index"", ""match_type"": ""exact_label"", ""score"": 1.0}, {""component"": ""output"", ""query_field"": ""duration of follow-up months"", ""matched_field"": ""duration of follow-up (months)"", ""match_type"": ""reuse_filter_match"", ""score"": 1.0}, {""component"": ""output"", ""query_field"": ""body mass index"", ""matched_field"": ""Body Mass Index"", ""match_type"": ""reuse_filter_match"", ""score"": 1.0}, {""component"": ""sort"", ""query_field"": ""duration of follow-up months"", ""matched_field"": ""duration of follow-up (months)"", ""match_type"": ""reuse_filter_match"", ""score"": 1.0}]",no_operator_awareness
Q24,W1_HCPA_EXPERT,Hard,True,1.0,[],[],SUPPORTED,"[{""component"": ""filter"", ""query_field"": ""State"", ""matched_field"": ""State"", ""match_type"": ""exact_label"", ""score"": 1.0}, {""component"": ""filter"", ""query_field"": ""reason for encounter"", ""matched_field"": ""reason for encounter"", ""match_type"": ""exact_label"", ""score"": 1.0}, {""component"": ""filter"", ""query_field"": ""patient age"", ""matched_field"": ""patient age"", ""match_type"": ""exact_label"", ""score"": 1.0}, {""component"": ""output"", ""query_field"": ""State"", ""matched_field"": ""State"", ""match_type"": ""reuse_filter_match"", ""score"": 1.0}, {""component"": ""output"", ""query_field"": ""reason for encounter"", ""matched_field"": ""reason for encounter"", ""match_type"": ""reuse_filter_match"", ""score"": 1.0}, {""component"": ""output"", ""query_field"": ""patient age"", ""matched_field"": ""patient age"", ""match_type"": ""reuse_filter_match"", ""score"": 1.0}, {""component"": ""sort"", ""query_field"": ""patient age"", ""matched_field"": ""patient age"", ""match_type"": ""reuse_filter_match"", ""score"": 1.0}]",no_operator_awareness
Q25,W1_HCPA_EXPERT,Hard,True,1.0,[],[],SUPPORTED,"[{""component"": ""filter"", ""query_field"": ""State"", ""matched_field"": ""State"", ""match_type"": ""exact_label"", ""score"": 1.0}, {""component"": ""filter"", ""query_field"": ""reason for encounter"", ""matched_field"": ""reason for encounter"", ""match_type"": ""exact_label"", ""score"": 1.0}, {""component"": ""filter"", ""query_field"": ""Problem"", ""matched_field"": ""Problem"", ""match_type"": ""exact_label"", ""score"": 1.0}, {""component"": ""output"", ""query_field"": ""State"", ""matched_field"": ""State"", ""match_type"": ""reuse_filter_match"", ""score"": 1.0}, {""component"": ""output"", ""query_field"": ""reason for encounter"", ""matched_field"": ""reason for encounter"", ""match_type"": ""reuse_filter_match"", ""score"": 1.0}, {""component"": ""output"", ""query_field"": ""Problem"", ""matched_field"": ""Problem"", ""match_type"": ""reuse_filter_match"", ""score"": 1.0}]",no_operator_awareness
Q26,W1_HCPA_EXPERT,Hard,True,1.0,[],[],SUPPORTED,"[{""component"": ""filter"", ""query_field"": ""Problem"", ""matched_field"": ""Problem"", ""match_type"": ""exact_label"", ""score"": 1.0}, {""component"": ""filter"", ""query_field"": ""Clinical staging"", ""matched_field"": ""Clinical staging"", ""match_type"": ""exact_label"", ""score"": 1.0}, {""component"": ""filter"", ""query_field"": ""invaded regional lymph nodes"", ""matched_field"": ""Invaded regional linphonodes"", ""match_type"": ""exact_label"", ""score"": 1.0}, {""component"": ""output"", ""query_field"": ""Problem"", ""matched_field"": ""Problem"", ""match_type"": ""reuse_filter_match"", ""score"": 1.0}, {""component"": ""output"", ""query_field"": ""Clinical staging"", ""matched_field"": ""Clinical staging"", ""match_type"": ""reuse_filter_match"", ""score"": 1.0}, {""component"": ""output"", ""query_field"": ""invaded regional lymph nodes"", ""matched_field"": ""Invaded regional linphonodes"", ""match_type"": ""reuse_filter_match"", ""score"": 1.0}]",no_operator_awareness
Q27,W1_HCPA_EXPERT,Hard,True,1.0,[],[],SUPPORTED,"[{""component"": ""filter"", ""query_field"": ""schema"", ""matched_field"": ""schema"", ""match_type"": ""exact_label"", ""score"": 1.0}, {""component"": ""filter"", ""query_field"": ""duration of treatment"", ""matched_field"": ""duration of treatment"", ""match_type"": ""exact_label"", ""score"": 1.0}, {""component"": ""filter"", ""query_field"": ""date of beginning of chemotherapy"", ""matched_field"": ""date of beginning of chemotherapy"", ""match_type"": ""exact_label"", ""score"": 1.0}, {""component"": ""output"", ""query_field"": ""schema"", ""matched_field"": ""schema"", ""match_type"": ""reuse_filter_match"", ""score"": 1.0}, {""component"": ""output"", ""query_field"": ""duration of treatment"", ""matched_field"": ""duration of treatment"", ""match_type"": ""reuse_filter_match"", ""score"": 1.0}, {""component"": ""output"", ""query_field"": ""date of beginning of chemotherapy"", ""matched_field"": ""date of beginning of chemotherapy"", ""match_type"": ""reuse_filter_match"", ""score"": 1.0}, {""component"": ""sort"", ""query_field"": ""date of beginning of chemotherapy"", ""matched_field"": ""date of beginning of chemotherapy"", ""match_type"": ""reuse_filter_match"", ""score"": 1.0}]",no_operator_awareness
Q28,W1_HCPA_EXPERT,Hard,True,1.0,[],[],SUPPORTED,"[{""component"": ""filter"", ""query_field"": ""Procedure"", ""matched_field"": ""Procedure"", ""match_type"": ""exact_label"", ""score"": 1.0}, {""component"": ""filter"", ""query_field"": ""irradiated area 1"", ""matched_field"": ""irradiated area 1"", ""match_type"": ""exact_label"", ""score"": 1.0}, {""component"": ""output"", ""query_field"": ""Procedure"", ""matched_field"": ""Procedure"", ""match_type"": ""reuse_filter_match"", ""score"": 1.0}, {""component"": ""output"", ""query_field"": ""irradiated area 1"", ""matched_field"": ""irradiated area 1"", ""match_type"": ""reuse_filter_match"", ""score"": 1.0}]",no_operator_awareness
Q29,W1_HCPA_EXPERT,Hard,True,1.0,[],[],SUPPORTED,"[{""component"": ""filter"", ""query_field"": ""date of discharge"", ""matched_field"": ""date of discharge"", ""match_type"": ""exact_label"", ""score"": 1.0}, {""component"": ""filter"", ""query_field"": ""reason for discharge"", ""matched_field"": ""reason for discharge"", ""match_type"": ""exact_label"", ""score"": 1.0}, {""component"": ""output"", ""query_field"": ""date of discharge"", ""matched_field"": ""date of discharge"", ""match_type"": ""reuse_filter_match"", ""score"": 1.0}, {""component"": ""output"", ""query_field"": ""reason for discharge"", ""matched_field"": ""reason for discharge"", ""match_type"": ""reuse_filter_match"", ""score"": 1.0}]",no_operator_awareness
Q30,W1_HCPA_EXPERT,Hard,True,1.0,[],[],SUPPORTED,"[{""component"": ""filter"", ""query_field"": ""tumour topography"", ""matched_field"": ""topography"", ""match_type"": ""exact_label"", ""score"": 1.0}, {""component"": ""filter"", ""query_field"": ""histopathological grading"", ""matched_field"": ""Histopathological grading (G)"", ""match_type"": ""exact_label"", ""score"": 1.0}, {""component"": ""filter"", ""query_field"": ""date of pathological identification"", ""matched_field"": ""date of pathological identification"", ""match_type"": ""exact_label"", ""score"": 1.0}, {""component"": ""output"", ""query_field"": ""tumour topography"", ""matched_field"": ""topography"", ""match_type"": ""reuse_filter_match"", ""score"": 1.0}, {""component"": ""output"", ""query_field"": ""histopathological grading"", ""matched_field"": ""Histopathological grading (G)"", ""match_type"": ""reuse_filter_match"", ""score"": 1.0}, {""component"": ""output"", ""query_field"": ""date of pathological identification"", ""matched_field"": ""date of pathological identification"", ""match_type"": ""reuse_filter_match"", ""score"": 1.0}, {""component"": ""sort"", ""query_field"": ""date of pathological identification"", ""matched_field"": ""date of pathological identification"", ""match_type"": ""reuse_filter_match"", ""score"": 1.0}]",no_operator_awareness
D1,W2_DEMOGRAPHIC_EXPERT,Easy,True,1.0,[],[],SUPPORTED,"[{""component"": ""filter"", ""query_field"": ""gender"", ""matched_field"": ""gender"", ""match_type"": ""exact_path"", ""score"": 1.0}, {""component"": ""output"", ""query_field"": ""gender"", ""matched_field"": ""gender"", ""match_type"": ""reuse_filter_match"", ""score"": 1.0}]",no_operator_awareness
D2,W2_DEMOGRAPHIC_EXPERT,Easy,True,1.0,[],[],SUPPORTED,"[{""component"": ""filter"", ""query_field"": ""gender"", ""matched_field"": ""gender"", ""match_type"": ""exact_path"", ""score"": 1.0}, {""component"": ""output"", ""query_field"": ""gender"", ""matched_field"": ""gender"", ""match_type"": ""reuse_filter_match"", ""score"": 1.0}, {""component"": ""output"", ""query_field"": ""birth date"", ""matched_field"": ""birth date"", ""match_type"": ""exact_label"", ""score"": 1.0}]",no_operator_awareness
D3,W2_DEMOGRAPHIC_EXPERT,Easy,True,1.0,[],[],SUPPORTED,"[{""component"": ""filter"", ""query_field"": ""nationality"", ""matched_field"": ""nationality"", ""match_type"": ""exact_path"", ""score"": 1.0}, {""component"": ""output"", ""query_field"": ""nationality"", ""matched_field"": ""nationality"", ""match_type"": ""reuse_filter_match"", ""score"": 1.0}]",no_operator_awareness
D4,W2_DEMOGRAPHIC_EXPERT,Easy,True,1.0,[],[],SUPPORTED,"[{""component"": ""filter"", ""query_field"": ""race"", ""matched_field"": ""race"", ""match_type"": ""exact_path"", ""score"": 1.0}, {""component"": ""output"", ""query_field"": ""race"", ""matched_field"": ""race"", ""match_type"": ""reuse_filter_match"", ""score"": 1.0}]",no_operator_awareness
D5,W2_DEMOGRAPHIC_EXPERT,Easy,True,1.0,[],[],SUPPORTED,"[{""component"": ""filter"", ""query_field"": ""ethnic group"", ""matched_field"": ""ethnic group"", ""match_type"": ""exact_path"", ""score"": 1.0}, {""component"": ""output"", ""query_field"": ""ethnic group"", ""matched_field"": ""ethnic group"", ""match_type"": ""reuse_filter_match"", ""score"": 1.0}]",no_operator_awareness
D6,W2_DEMOGRAPHIC_EXPERT,Easy,True,1.0,[],[],SUPPORTED,"[{""component"": ""filter"", ""query_field"": ""birth date"", ""matched_field"": ""birth date"", ""match_type"": ""exact_path"", ""score"": 1.0}, {""component"": ""output"", ""query_field"": ""birth date"", ""matched_field"": ""birth date"", ""match_type"": ""reuse_filter_match"", ""score"": 1.0}]",no_operator_awareness
D7,W2_DEMOGRAPHIC_EXPERT,Medium,True,1.0,[],[],SUPPORTED,"[{""component"": ""filter"", ""query_field"": ""gender"", ""matched_field"": ""gender"", ""match_type"": ""exact_path"", ""score"": 1.0}, {""component"": ""filter"", ""query_field"": ""nationality"", ""matched_field"": ""nationality"", ""match_type"": ""exact_path"", ""score"": 1.0}, {""component"": ""output"", ""query_field"": ""gender"", ""matched_field"": ""gender"", ""match_type"": ""reuse_filter_match"", ""score"": 1.0}, {""component"": ""output"", ""query_field"": ""nationality"", ""matched_field"": ""nationality"", ""match_type"": ""reuse_filter_match"", ""score"": 1.0}]",no_operator_awareness
D8,W2_DEMOGRAPHIC_EXPERT,Medium,True,1.0,[],[],SUPPORTED,"[{""component"": ""filter"", ""query_field"": ""birth date"", ""matched_field"": ""birth date"", ""match_type"": ""exact_path"", ""score"": 1.0}, {""component"": ""filter"", ""query_field"": ""gender"", ""matched_field"": ""gender"", ""match_type"": ""exact_path"", ""score"": 1.0}, {""component"": ""output"", ""query_field"": ""birth date"", ""matched_field"": ""birth date"", ""match_type"": ""reuse_filter_match"", ""score"": 1.0}, {""component"": ""output"", ""query_field"": ""gender"", ""matched_field"": ""gender"", ""match_type"": ""reuse_filter_match"", ""score"": 1.0}, {""component"": ""sort"", ""query_field"": ""birth date"", ""matched_field"": ""birth date"", ""match_type"": ""reuse_filter_match"", ""score"": 1.0}]",no_operator_awareness
D9,W2_DEMOGRAPHIC_EXPERT,Medium,True,1.0,[],[],SUPPORTED,"[{""component"": ""filter"", ""query_field"": ""educational level"", ""matched_field"": ""educational level"", ""match_type"": ""exact_path"", ""score"": 1.0}, {""component"": ""filter"", ""query_field"": ""nationality"", ""matched_field"": ""nationality"", ""match_type"": ""exact_path"", ""score"": 1.0}, {""component"": ""output"", ""query_field"": ""educational level"", ""matched_field"": ""educational level"", ""match_type"": ""reuse_filter_match"", ""score"": 1.0}, {""component"": ""output"", ""query_field"": ""nationality"", ""matched_field"": ""nationality"", ""match_type"": ""reuse_filter_match"", ""score"": 1.0}]",no_operator_awareness
D10,W2_DEMOGRAPHIC_EXPERT,Medium,True,1.0,[],[],SUPPORTED,"[{""component"": ""filter"", ""query_field"": ""race"", ""matched_field"": ""race"", ""match_type"": ""exact_path"", ""score"": 1.0}, {""component"": ""filter"", ""query_field"": ""nationality"", ""matched_field"": ""nationality"", ""match_type"": ""exact_path"", ""score"": 1.0}, {""component"": ""output"", ""query_field"": ""race"", ""matched_field"": ""race"", ""match_type"": ""reuse_filter_match"", ""score"": 1.0}, {""component"": ""output"", ""query_field"": ""nationality"", ""matched_field"": ""nationality"", ""match_type"": ""reuse_filter_match"", ""score"": 1.0}]",no_operator_awareness
D11,W2_DEMOGRAPHIC_EXPERT,Hard,True,1.0,[],[],SUPPORTED,"[{""component"": ""filter"", ""query_field"": ""race"", ""matched_field"": ""race"", ""match_type"": ""exact_path"", ""score"": 1.0}, {""component"": ""filter"", ""query_field"": ""ethnic group"", ""matched_field"": ""ethnic group"", ""match_type"": ""exact_path"", ""score"": 1.0}, {""component"": ""filter"", ""query_field"": ""nationality"", ""matched_field"": ""nationality"", ""match_type"": ""exact_path"", ""score"": 1.0}, {""component"": ""output"", ""query_field"": ""race"", ""matched_field"": ""race"", ""match_type"": ""reuse_filter_match"", ""score"": 1.0}, {""component"": ""output"", ""query_field"": ""ethnic group"", ""matched_field"": ""ethnic group"", ""match_type"": ""reuse_filter_match"", ""score"": 1.0}, {""component"": ""output"", ""query_field"": ""nationality"", ""matched_field"": ""nationality"", ""match_type"": ""reuse_filter_match"", ""score"": 1.0}]",no_operator_awareness
D12,W2_DEMOGRAPHIC_EXPERT,Hard,True,1.0,[],[],SUPPORTED,"[{""component"": ""filter"", ""query_field"": ""birth date"", ""matched_field"": ""birth date"", ""match_type"": ""exact_path"", ""score"": 1.0}, {""component"": ""filter"", ""query_field"": ""gender"", ""matched_field"": ""gender"", ""match_type"": ""exact_path"", ""score"": 1.0}, {""component"": ""filter"", ""query_field"": ""nationality"", ""matched_field"": ""nationality"", ""match_type"": ""exact_path"", ""score"": 1.0}, {""component"": ""output"", ""query_field"": ""birth date"", ""matched_field"": ""birth date"", ""match_type"": ""reuse_filter_match"", ""score"": 1.0}, {""component"": ""output"", ""query_field"": ""gender"", ""matched_field"": ""gender"", ""match_type"": ""reuse_filter_match"", ""score"": 1.0}, {""component"": ""output"", ""query_field"": ""nationality"", ""matched_field"": ""nationality"", ""match_type"": ""reuse_filter_match"", ""score"": 1.0}, {""component"": ""sort"", ""query_field"": ""birth date"", ""matched_field"": ""birth date"", ""match_type"": ""reuse_filter_match"", ""score"": 1.0}]",no_operator_awareness
H1,W3_HOSPITALISATION_EXPERT,Easy,True,1.0,[],[],SUPPORTED,"[{""component"": ""filter"", ""query_field"": ""Admission type"", ""matched_field"": ""Admission type"", ""match_type"": ""exact_path"", ""score"": 1.0}, {""component"": ""output"", ""query_field"": ""Admission type"", ""matched_field"": ""Admission type"", ""match_type"": ""reuse_filter_match"", ""score"": 1.0}]",no_operator_awareness
H2,W3_HOSPITALISATION_EXPERT,Easy,True,1.0,[],[],SUPPORTED,"[{""component"": ""filter"", ""query_field"": ""Hospital service"", ""matched_field"": ""Hospital service"", ""match_type"": ""exact_path"", ""score"": 1.0}, {""component"": ""output"", ""query_field"": ""Hospital service"", ""matched_field"": ""Hospital service"", ""match_type"": ""reuse_filter_match"", ""score"": 1.0}]",no_operator_awareness
H3,W3_HOSPITALISATION_EXPERT,Easy,True,1.0,[],[],SUPPORTED,"[{""component"": ""filter"", ""query_field"": ""ICU - Total"", ""matched_field"": ""ICU - Total"", ""match_type"": ""exact_path"", ""score"": 1.0}, {""component"": ""output"", ""query_field"": ""ICU - Total"", ""matched_field"": ""ICU - Total"", ""match_type"": ""reuse_filter_match"", ""score"": 1.0}, {""component"": ""sort"", ""query_field"": ""ICU - Total"", ""matched_field"": ""ICU - Total"", ""match_type"": ""reuse_filter_match"", ""score"": 1.0}]",no_operator_awareness
H4,W3_HOSPITALISATION_EXPERT,Easy,True,1.0,[],[],SUPPORTED,"[{""component"": ""filter"", ""query_field"": ""death indicator"", ""matched_field"": ""death indicator"", ""match_type"": ""exact_path"", ""score"": 1.0}, {""component"": ""output"", ""query_field"": ""death indicator"", ""matched_field"": ""death indicator"", ""match_type"": ""reuse_filter_match"", ""score"": 1.0}]",no_operator_awareness
H5,W3_HOSPITALISATION_EXPERT,Easy,True,1.0,[],[],SUPPORTED,"[{""component"": ""filter"", ""query_field"": ""hospital infection"", ""matched_field"": ""hospital infection"", ""match_type"": ""exact_path"", ""score"": 1.0}, {""component"": ""output"", ""query_field"": ""hospital infection"", ""matched_field"": ""hospital infection"", ""match_type"": ""reuse_filter_match"", ""score"": 1.0}]",no_operator_awareness
H6,W3_HOSPITALISATION_EXPERT,Easy,True,1.0,[],[],SUPPORTED,"[{""component"": ""filter"", ""query_field"": ""Universal ID"", ""matched_field"": ""Universal ID"", ""match_type"": ""exact_path"", ""score"": 1.0}, {""component"": ""output"", ""query_field"": ""Universal ID"", ""matched_field"": ""Universal ID"", ""match_type"": ""reuse_filter_match"", ""score"": 1.0}]",no_operator_awareness
H7,W3_HOSPITALISATION_EXPERT,Medium,True,1.0,[],[],SUPPORTED,"[{""component"": ""filter"", ""query_field"": ""Admission type"", ""matched_field"": ""Admission type"", ""match_type"": ""exact_path"", ""score"": 1.0}, {""component"": ""filter"", ""query_field"": ""Hospital service"", ""matched_field"": ""Hospital service"", ""match_type"": ""exact_path"", ""score"": 1.0}, {""component"": ""output"", ""query_field"": ""Admission type"", ""matched_field"": ""Admission type"", ""match_type"": ""reuse_filter_match"", ""score"": 1.0}, {""component"": ""output"", ""query_field"": ""Hospital service"", ""matched_field"": ""Hospital service"", ""match_type"": ""reuse_filter_match"", ""score"": 1.0}]",no_operator_awareness
H8,W3_HOSPITALISATION_EXPERT,Medium,True,1.0,[],[],SUPPORTED,"[{""component"": ""filter"", ""query_field"": ""Admit date/time"", ""matched_field"": ""Admit date/time"", ""match_type"": ""exact_path"", ""score"": 1.0}, {""component"": ""filter"", ""query_field"": ""State/province"", ""matched_field"": ""State/province"", ""match_type"": ""exact_path"", ""score"": 1.0}, {""component"": ""output"", ""query_field"": ""Admit date/time"", ""matched_field"": ""Admit date/time"", ""match_type"": ""reuse_filter_match"", ""score"": 1.0}, {""component"": ""output"", ""query_field"": ""State/province"", ""matched_field"": ""State/province"", ""match_type"": ""reuse_filter_match"", ""score"": 1.0}, {""component"": ""sort"", ""query_field"": ""Admit date/time"", ""matched_field"": ""Admit date/time"", ""match_type"": ""reuse_filter_match"", ""score"": 1.0}]",no_operator_awareness
H9,W3_HOSPITALISATION_EXPERT,Medium,True,1.0,[],[],SUPPORTED,"[{""component"": ""filter"", ""query_field"": ""claim reason"", ""matched_field"": ""claim reason"", ""match_type"": ""exact_path"", ""score"": 1.0}, {""component"": ""filter"", ""query_field"": ""death indicator"", ""matched_field"": ""death indicator"", ""match_type"": ""exact_path"", ""score"": 1.0}, {""component"": ""output"", ""query_field"": ""claim reason"", ""matched_field"": ""claim reason"", ""match_type"": ""reuse_filter_match"", ""score"": 1.0}, {""component"": ""output"", ""query_field"": ""death indicator"", ""matched_field"": ""death indicator"", ""match_type"": ""reuse_filter_match"", ""score"": 1.0}]",no_operator_awareness
H10,W3_HOSPITALISATION_EXPERT,Medium,True,1.0,[],[],SUPPORTED,"[{""component"": ""filter"", ""query_field"": ""Patient class"", ""matched_field"": ""Patient class"", ""match_type"": ""exact_path"", ""score"": 1.0}, {""component"": ""output"", ""query_field"": ""Patient class"", ""matched_field"": ""Patient class"", ""match_type"": ""reuse_filter_match"", ""score"": 1.0}, {""component"": ""output"", ""query_field"": ""Admission type"", ""matched_field"": ""Admission type"", ""match_type"": ""exact_label"", ""score"": 1.0}]",no_operator_awareness
H11,W3_HOSPITALISATION_EXPERT,Hard,True,1.0,[],[],SUPPORTED,"[{""component"": ""filter"", ""query_field"": ""Problem"", ""matched_field"": ""Problem"", ""match_type"": ""exact_path"", ""score"": 1.0}, {""component"": ""filter"", ""query_field"": ""Procedure"", ""matched_field"": ""Procedure"", ""match_type"": ""exact_path"", ""score"": 1.0}, {""component"": ""output"", ""query_field"": ""Problem"", ""matched_field"": ""Problem"", ""match_type"": ""reuse_filter_match"", ""score"": 1.0}, {""component"": ""output"", ""query_field"": ""Procedure"", ""matched_field"": ""Procedure"", ""match_type"": ""reuse_filter_match"", ""score"": 1.0}]",no_operator_awareness
H12,W3_HOSPITALISATION_EXPERT,Hard,True,1.0,[],[],SUPPORTED,"[{""component"": ""filter"", ""query_field"": ""Admit date/time"", ""matched_field"": ""Admit date/time"", ""match_type"": ""exact_path"", ""score"": 1.0}, {""component"": ""filter"", ""query_field"": ""claim reason"", ""matched_field"": ""claim reason"", ""match_type"": ""exact_path"", ""score"": 1.0}, {""component"": ""output"", ""query_field"": ""Admit date/time"", ""matched_field"": ""Admit date/time"", ""match_type"": ""reuse_filter_match"", ""score"": 1.0}, {""component"": ""output"", ""query_field"": ""Admission type"", ""matched_field"": ""Admission type"", ""match_type"": ""exact_label"", ""score"": 1.0}, {""component"": ""output"", ""query_field"": ""Hospital service"", ""matched_field"": ""Hospital service"", ""match_type"": ""exact_label"", ""score"": 1.0}, {""component"": ""output"", ""query_field"": ""ICU - Total"", ""matched_field"": ""ICU - Total"", ""match_type"": ""exact_label"", ""score"": 1.0}, {""component"": ""output"", ""query_field"": ""claim reason"", ""matched_field"": ""claim reason"", ""match_type"": ""reuse_filter_match"", ""score"": 1.0}, {""component"": ""output"", ""query_field"": ""death indicator"", ""matched_field"": ""death indicator"", ""match_type"": ""exact_label"", ""score"": 1.0}, {""component"": ""sort"", ""query_field"": ""Admit date/time"", ""matched_field"": ""Admit date/time"", ""match_type"": ""reuse_filter_match"", ""score"": 1.0}]",no_operator_awareness
Q1,W1_HCPA_EXPERT,Easy,True,1.0,[],[],SUPPORTED,"[{""component"": ""filter"", ""query_field"": ""State"", ""matched_field"": ""State"", ""match_type"": ""exact_label"", ""score"": 1.0}, {""component"": ""output"", ""query_field"": ""State"", ""matched_field"": ""State"", ""match_type"": ""reuse_filter_match"", ""score"": 1.0}]",no_pruning
Q2,W1_HCPA_EXPERT,Easy,True,1.0,[],[],SUPPORTED,"[{""component"": ""filter"", ""query_field"": ""State"", ""matched_field"": ""State"", ""match_type"": ""exact_label"", ""score"": 1.0}, {""component"": ""output"", ""query_field"": ""State"", ""matched_field"": ""State"", ""match_type"": ""reuse_filter_match"", ""score"": 1.0}, {""component"": ""output"", ""query_field"": ""reason for encounter"", ""matched_field"": ""reason for encounter"", ""match_type"": ""exact_label"", ""score"": 1.0}]",no_pruning
Q3,W1_HCPA_EXPERT,Easy,True,1.0,[],[],SUPPORTED,"[{""component"": ""filter"", ""query_field"": ""reason for encounter"", ""matched_field"": ""reason for encounter"", ""match_type"": ""exact_label"", ""score"": 1.0}, {""component"": ""output"", ""query_field"": ""reason for encounter"", ""matched_field"": ""reason for encounter"", ""match_type"": ""reuse_filter_match"", ""score"": 1.0}]",no_pruning
Q4,W1_HCPA_EXPERT,Easy,True,1.0,[],[],SUPPORTED,"[{""component"": ""filter"", ""query_field"": ""reason for encounter"", ""matched_field"": ""reason for encounter"", ""match_type"": ""exact_label"", ""score"": 1.0}, {""component"": ""output"", ""query_field"": ""reason for encounter"", ""matched_field"": ""reason for encounter"", ""match_type"": ""reuse_filter_match"", ""score"": 1.0}, {""component"": ""output"", ""query_field"": ""State"", ""matched_field"": ""State"", ""match_type"": ""exact_label"", ""score"": 1.0}, {""component"": ""output"", ""query_field"": ""patient age"", ""matched_field"": ""patient age"", ""match_type"": ""exact_label"", ""score"": 1.0}]",no_pruning
Q5,W1_HCPA_EXPERT,Easy,True,1.0,[],[],SUPPORTED,"[{""component"": ""filter"", ""query_field"": ""patient age"", ""matched_field"": ""patient age"", ""match_type"": ""exact_label"", ""score"": 1.0}, {""component"": ""output"", ""query_field"": ""patient age"", ""matched_field"": ""patient age"", ""match_type"": ""reuse_filter_match"", ""score"": 1.0}, {""component"": ""sort"", ""query_field"": ""patient age"", ""matched_field"": ""patient age"", ""match_type"": ""reuse_filter_match"", ""score"": 1.0}]",no_pruning
Q6,W1_HCPA_EXPERT,Easy,True,1.0,[],[],SUPPORTED,"[{""component"": ""filter"", ""query_field"": ""schema"", ""matched_field"": ""schema"", ""match_type"": ""exact_label"", ""score"": 1.0}, {""component"": ""output"", ""query_field"": ""schema"", ""matched_field"": ""schema"", ""match_type"": ""reuse_filter_match"", ""score"": 1.0}]",no_pruning
Q7,W1_HCPA_EXPERT,Easy,True,1.0,[],[],SUPPORTED,"[{""component"": ""filter"", ""query_field"": ""Procedure"", ""matched_field"": ""Procedure"", ""match_type"": ""exact_label"", ""score"": 1.0}, {""component"": ""output"", ""query_field"": ""Procedure"", ""matched_field"": ""Procedure"", ""match_type"": ""reuse_filter_match"", ""score"": 1.0}]",no_pruning
Q8,W1_HCPA_EXPERT,Easy,True,1.0,[],[],SUPPORTED,"[{""component"": ""filter"", ""query_field"": ""Problem"", ""matched_field"": ""Problem"", ""match_type"": ""exact_label"", ""score"": 1.0}, {""component"": ""output"", ""query_field"": ""Problem"", ""matched_field"": ""Problem"", ""match_type"": ""reuse_filter_match"", ""score"": 1.0}]",no_pruning
Q9,W1_HCPA_EXPERT,Easy,True,1.0,[],[],SUPPORTED,"[{""component"": ""filter"", ""query_field"": ""Clinical staging"", ""matched_field"": ""Clinical staging"", ""match_type"": ""exact_label"", ""score"": 1.0}, {""component"": ""output"", ""query_field"": ""Clinical staging"", ""matched_field"": ""Clinical staging"", ""match_type"": ""reuse_filter_match"", ""score"": 1.0}]",no_pruning
Q10,W1_HCPA_EXPERT,Easy,True,1.0,[],[],SUPPORTED,"[{""component"": ""filter"", ""query_field"": ""invaded regional lymph nodes"", ""matched_field"": ""Invaded regional linphonodes"", ""match_type"": ""exact_label"", ""score"": 1.0}, {""component"": ""output"", ""query_field"": ""invaded regional lymph nodes"", ""matched_field"": ""Invaded regional linphonodes"", ""match_type"": ""reuse_filter_match"", ""score"": 1.0}]",no_pruning
Q11,W1_HCPA_EXPERT,Medium,True,1.0,[],[],SUPPORTED,"[{""component"": ""filter"", ""query_field"": ""State"", ""matched_field"": ""State"", ""match_type"": ""exact_label"", ""score"": 1.0}, {""component"": ""filter"", ""query_field"": ""reason for encounter"", ""matched_field"": ""reason for encounter"", ""match_type"": ""exact_label"", ""score"": 1.0}, {""component"": ""output"", ""query_field"": ""State"", ""matched_field"": ""State"", ""match_type"": ""reuse_filter_match"", ""score"": 1.0}, {""component"": ""output"", ""query_field"": ""reason for encounter"", ""matched_field"": ""reason for encounter"", ""match_type"": ""reuse_filter_match"", ""score"": 1.0}]",no_pruning
Q12,W1_HCPA_EXPERT,Medium,True,1.0,[],[],SUPPORTED,"[{""component"": ""filter"", ""query_field"": ""State"", ""matched_field"": ""State"", ""match_type"": ""exact_label"", ""score"": 1.0}, {""component"": ""filter"", ""query_field"": ""reason for encounter"", ""matched_field"": ""reason for encounter"", ""match_type"": ""exact_label"", ""score"": 1.0}, {""component"": ""output"", ""query_field"": ""State"", ""matched_field"": ""State"", ""match_type"": ""reuse_filter_match"", ""score"": 1.0}, {""component"": ""output"", ""query_field"": ""reason for encounter"", ""matched_field"": ""reason for encounter"", ""match_type"": ""reuse_filter_match"", ""score"": 1.0}, {""component"": ""output"", ""query_field"": ""patient age"", ""matched_field"": ""patient age"", ""match_type"": ""exact_label"", ""score"": 1.0}]",no_pruning
Q13,W1_HCPA_EXPERT,Medium,True,1.0,[],[],SUPPORTED,"[{""component"": ""filter"", ""query_field"": ""patient age"", ""matched_field"": ""patient age"", ""match_type"": ""exact_label"", ""score"": 1.0}, {""component"": ""filter"", ""query_field"": ""State"", ""matched_field"": ""State"", ""match_type"": ""exact_label"", ""score"": 1.0}, {""component"": ""output"", ""query_field"": ""patient age"", ""matched_field"": ""patient age"", ""match_type"": ""reuse_filter_match"", ""score"": 1.0}, {""component"": ""output"", ""query_field"": ""State"", ""matched_field"": ""State"", ""match_type"": ""reuse_filter_match"", ""score"": 1.0}, {""component"": ""sort"", ""query_field"": ""patient age"", ""matched_field"": ""patient age"", ""match_type"": ""reuse_filter_match"", ""score"": 1.0}]",no_pruning
Q14,W1_HCPA_EXPERT,Medium,True,1.0,[],[],SUPPORTED,"[{""component"": ""filter"", ""query_field"": ""schema"", ""matched_field"": ""schema"", ""match_type"": ""exact_label"", ""score"": 1.0}, {""component"": ""filter"", ""query_field"": ""duration of treatment"", ""matched_field"": ""duration of treatment"", ""match_type"": ""exact_label"", ""score"": 1.0}, {""component"": ""output"", ""query_field"": ""schema"", ""matched_field"": ""schema"", ""match_type"": ""reuse_filter_match"", ""score"": 1.0}, {""component"": ""output"", ""query_field"": ""duration of treatment"", ""matched_field"": ""duration of treatment"", ""match_type"": ""reuse_filter_match"", ""score"": 1.0}, {""component"": ""sort"", ""query_field"": ""duration of treatment"", ""matched_field"": ""duration of treatment"", ""match_type"": ""reuse_filter_match"", ""score"": 1.0}]",no_pruning
Q15,W1_HCPA_EXPERT,Medium,True,1.0,[],[],SUPPORTED,"[{""component"": ""filter"", ""query_field"": ""Problem"", ""matched_field"": ""Problem"", ""match_type"": ""exact_label"", ""score"": 1.0}, {""component"": ""filter"", ""query_field"": ""Clinical staging"", ""matched_field"": ""Clinical staging"", ""match_type"": ""exact_label"", ""score"": 1.0}, {""component"": ""output"", ""query_field"": ""Problem"", ""matched_field"": ""Problem"", ""match_type"": ""reuse_filter_match"", ""score"": 1.0}, {""component"": ""output"", ""query_field"": ""Clinical staging"", ""matched_field"": ""Clinical staging"", ""match_type"": ""reuse_filter_match"", ""score"": 1.0}]",no_pruning
Q16,W1_HCPA_EXPERT,Medium,True,1.0,[],[],SUPPORTED,"[{""component"": ""filter"", ""query_field"": ""Problem"", ""matched_field"": ""Problem"", ""match_type"": ""exact_label"", ""score"": 1.0}, {""component"": ""filter"", ""query_field"": ""Procedure"", ""matched_field"": ""Procedure"", ""match_type"": ""exact_label"", ""score"": 1.0}, {""component"": ""output"", ""query_field"": ""Problem"", ""matched_field"": ""Problem"", ""match_type"": ""reuse_filter_match"", ""score"": 1.0}, {""component"": ""output"", ""query_field"": ""Procedure"", ""matched_field"": ""Procedure"", ""match_type"": ""reuse_filter_match"", ""score"": 1.0}]",no_pruning
Q17,W1_HCPA_EXPERT,Medium,True,1.0,[],[],SUPPORTED,"[{""component"": ""filter"", ""query_field"": ""reason for discharge"", ""matched_field"": ""reason for discharge"", ""match_type"": ""exact_label"", ""score"": 1.0}, {""component"": ""filter"", ""query_field"": ""State"", ""matched_field"": ""State"", ""match_type"": ""exact_label"", ""score"": 1.0}, {""component"": ""output"", ""query_field"": ""reason for discharge"", ""matched_field"": ""reason for discharge"", ""match_type"": ""reuse_filter_match"", ""score"": 1.0}, {""component"": ""output"", ""query_field"": ""State"", ""matched_field"": ""State"", ""match_type"": ""reuse_filter_match"", ""score"": 1.0}]",no_pruning
Q18,W1_HCPA_EXPERT,Medium,True,1.0,[],[],SUPPORTED,"[{""component"": ""filter"", ""query_field"": ""histopathological grading"", ""matched_field"": ""Histopathological grading (G)"", ""match_type"": ""exact_label"", ""score"": 1.0}, {""component"": ""filter"", ""query_field"": ""Problem"", ""matched_field"": ""Problem"", ""match_type"": ""exact_label"", ""score"": 1.0}, {""component"": ""output"", ""query_field"": ""histopathological grading"", ""matched_field"": ""Histopathological grading (G)"", ""match_type"": ""reuse_filter_match"", ""score"": 1.0}, {""component"": ""output"", ""query_field"": ""Problem"", ""matched_field"": ""Problem"", ""match_type"": ""reuse_filter_match"", ""score"": 1.0}]",no_pruning
Q19,W1_HCPA_EXPERT,Medium,True,1.0,[],[],SUPPORTED,"[{""component"": ""filter"", ""query_field"": ""tumour topography"", ""matched_field"": ""topography"", ""match_type"": ""exact_label"", ""score"": 1.0}, {""component"": ""filter"", ""query_field"": ""invaded regional lymph nodes"", ""matched_field"": ""Invaded regional linphonodes"", ""match_type"": ""exact_label"", ""score"": 1.0}, {""component"": ""output"", ""query_field"": ""tumour topography"", ""matched_field"": ""topography"", ""match_type"": ""reuse_filter_match"", ""score"": 1.0}, {""component"": ""output"", ""query_field"": ""invaded regional lymph nodes"", ""matched_field"": ""Invaded regional linphonodes"", ""match_type"": ""reuse_filter_match"", ""score"": 1.0}]",no_pruning
Q20,W1_HCPA_EXPERT,Medium,True,1.0,[],[],SUPPORTED,"[{""component"": ""filter"", ""query_field"": ""reason for encounter"", ""matched_field"": ""reason for encounter"", ""match_type"": ""exact_label"", ""score"": 1.0}, {""component"": ""filter"", ""query_field"": ""date of beginning of radiotherapy"", ""matched_field"": ""date of beginning of radiotherapy"", ""match_type"": ""exact_label"", ""score"": 1.0}, {""component"": ""output"", ""query_field"": ""reason for encounter"", ""matched_field"": ""reason for encounter"", ""match_type"": ""reuse_filter_match"", ""score"": 1.0}, {""component"": ""output"", ""query_field"": ""date of beginning of radiotherapy"", ""matched_field"": ""date of beginning of radiotherapy"", ""match_type"": ""reuse_filter_match"", ""score"": 1.0}, {""component"": ""sort"", ""query_field"": ""date of beginning of radiotherapy"", ""matched_field"": ""date of beginning of radiotherapy"", ""match_type"": ""reuse_filter_match"", ""score"": 1.0}]",no_pruning
Q21,W1_HCPA_EXPERT,Hard,True,1.0,[],[],SUPPORTED,"[{""component"": ""filter"", ""query_field"": ""indicator of transplantation"", ""matched_field"": ""indicator of transplantation"", ""match_type"": ""exact_label"", ""score"": 1.0}, {""component"": ""filter"", ""query_field"": ""number of transplantations"", ""matched_field"": ""number of transplantations"", ""match_type"": ""exact_label"", ""score"": 1.0}, {""component"": ""output"", ""query_field"": ""indicator of transplantation"", ""matched_field"": ""indicator of transplantation"", ""match_type"": ""reuse_filter_match"", ""score"": 1.0}, {""component"": ""output"", ""query_field"": ""number of transplantations"", ""matched_field"": ""number of transplantations"", ""match_type"": ""reuse_filter_match"", ""score"": 1.0}]",no_pruning
Q22,W1_HCPA_EXPERT,Hard,False,0.0,"[""Dialysis / date of first dialysis"", ""Imaging / abdominal ultrasonography"", ""date of first dialysis"", ""abdominal ultrasonography"", ""date of first dialysis""]",[],ABSENT_OR_PRUNED_OR_MATCH_FAILED,"[{""component"": ""filter"", ""query_field"": ""date of first dialysis"", ""matched_field"": null, ""match_type"": ""no_match"", ""score"": 0.0}, {""component"": ""filter"", ""query_field"": ""abdominal ultrasonography"", ""matched_field"": null, ""match_type"": ""no_match"", ""score"": 0.0}, {""component"": ""output"", ""query_field"": ""date of first dialysis"", ""matched_field"": null, ""match_type"": ""no_match"", ""score"": 0.0}, {""component"": ""output"", ""query_field"": ""abdominal ultrasonography"", ""matched_field"": null, ""match_type"": ""no_match"", ""score"": 0.0}, {""component"": ""sort"", ""query_field"": ""date of first dialysis"", ""matched_field"": null, ""match_type"": ""no_match"", ""score"": 0.0}]",no_pruning
Q23,W1_HCPA_EXPERT,Hard,True,1.0,[],[],SUPPORTED,"[{""component"": ""filter"", ""query_field"": ""duration of follow-up months"", ""matched_field"": ""duration of follow-up (months)"", ""match_type"": ""exact_label"", ""score"": 1.0}, {""component"": ""filter"", ""query_field"": ""body mass index"", ""matched_field"": ""Body Mass Index"", ""match_type"": ""exact_label"", ""score"": 1.0}, {""component"": ""output"", ""query_field"": ""duration of follow-up months"", ""matched_field"": ""duration of follow-up (months)"", ""match_type"": ""reuse_filter_match"", ""score"": 1.0}, {""component"": ""output"", ""query_field"": ""body mass index"", ""matched_field"": ""Body Mass Index"", ""match_type"": ""reuse_filter_match"", ""score"": 1.0}, {""component"": ""sort"", ""query_field"": ""duration of follow-up months"", ""matched_field"": ""duration of follow-up (months)"", ""match_type"": ""reuse_filter_match"", ""score"": 1.0}]",no_pruning
Q24,W1_HCPA_EXPERT,Hard,True,1.0,[],[],SUPPORTED,"[{""component"": ""filter"", ""query_field"": ""State"", ""matched_field"": ""State"", ""match_type"": ""exact_label"", ""score"": 1.0}, {""component"": ""filter"", ""query_field"": ""reason for encounter"", ""matched_field"": ""reason for encounter"", ""match_type"": ""exact_label"", ""score"": 1.0}, {""component"": ""filter"", ""query_field"": ""patient age"", ""matched_field"": ""patient age"", ""match_type"": ""exact_label"", ""score"": 1.0}, {""component"": ""output"", ""query_field"": ""State"", ""matched_field"": ""State"", ""match_type"": ""reuse_filter_match"", ""score"": 1.0}, {""component"": ""output"", ""query_field"": ""reason for encounter"", ""matched_field"": ""reason for encounter"", ""match_type"": ""reuse_filter_match"", ""score"": 1.0}, {""component"": ""output"", ""query_field"": ""patient age"", ""matched_field"": ""patient age"", ""match_type"": ""reuse_filter_match"", ""score"": 1.0}, {""component"": ""sort"", ""query_field"": ""patient age"", ""matched_field"": ""patient age"", ""match_type"": ""reuse_filter_match"", ""score"": 1.0}]",no_pruning
Q25,W1_HCPA_EXPERT,Hard,True,1.0,[],[],SUPPORTED,"[{""component"": ""filter"", ""query_field"": ""State"", ""matched_field"": ""State"", ""match_type"": ""exact_label"", ""score"": 1.0}, {""component"": ""filter"", ""query_field"": ""reason for encounter"", ""matched_field"": ""reason for encounter"", ""match_type"": ""exact_label"", ""score"": 1.0}, {""component"": ""filter"", ""query_field"": ""Problem"", ""matched_field"": ""Problem"", ""match_type"": ""exact_label"", ""score"": 1.0}, {""component"": ""output"", ""query_field"": ""State"", ""matched_field"": ""State"", ""match_type"": ""reuse_filter_match"", ""score"": 1.0}, {""component"": ""output"", ""query_field"": ""reason for encounter"", ""matched_field"": ""reason for encounter"", ""match_type"": ""reuse_filter_match"", ""score"": 1.0}, {""component"": ""output"", ""query_field"": ""Problem"", ""matched_field"": ""Problem"", ""match_type"": ""reuse_filter_match"", ""score"": 1.0}]",no_pruning
Q26,W1_HCPA_EXPERT,Hard,True,1.0,[],[],SUPPORTED,"[{""component"": ""filter"", ""query_field"": ""Problem"", ""matched_field"": ""Problem"", ""match_type"": ""exact_label"", ""score"": 1.0}, {""component"": ""filter"", ""query_field"": ""Clinical staging"", ""matched_field"": ""Clinical staging"", ""match_type"": ""exact_label"", ""score"": 1.0}, {""component"": ""filter"", ""query_field"": ""invaded regional lymph nodes"", ""matched_field"": ""Invaded regional linphonodes"", ""match_type"": ""exact_label"", ""score"": 1.0}, {""component"": ""output"", ""query_field"": ""Problem"", ""matched_field"": ""Problem"", ""match_type"": ""reuse_filter_match"", ""score"": 1.0}, {""component"": ""output"", ""query_field"": ""Clinical staging"", ""matched_field"": ""Clinical staging"", ""match_type"": ""reuse_filter_match"", ""score"": 1.0}, {""component"": ""output"", ""query_field"": ""invaded regional lymph nodes"", ""matched_field"": ""Invaded regional linphonodes"", ""match_type"": ""reuse_filter_match"", ""score"": 1.0}]",no_pruning
Q27,W1_HCPA_EXPERT,Hard,True,1.0,[],[],SUPPORTED,"[{""component"": ""filter"", ""query_field"": ""schema"", ""matched_field"": ""schema"", ""match_type"": ""exact_label"", ""score"": 1.0}, {""component"": ""filter"", ""query_field"": ""duration of treatment"", ""matched_field"": ""duration of treatment"", ""match_type"": ""exact_label"", ""score"": 1.0}, {""component"": ""filter"", ""query_field"": ""date of beginning of chemotherapy"", ""matched_field"": ""date of beginning of chemotherapy"", ""match_type"": ""exact_label"", ""score"": 1.0}, {""component"": ""output"", ""query_field"": ""schema"", ""matched_field"": ""schema"", ""match_type"": ""reuse_filter_match"", ""score"": 1.0}, {""component"": ""output"", ""query_field"": ""duration of treatment"", ""matched_field"": ""duration of treatment"", ""match_type"": ""reuse_filter_match"", ""score"": 1.0}, {""component"": ""output"", ""query_field"": ""date of beginning of chemotherapy"", ""matched_field"": ""date of beginning of chemotherapy"", ""match_type"": ""reuse_filter_match"", ""score"": 1.0}, {""component"": ""sort"", ""query_field"": ""date of beginning of chemotherapy"", ""matched_field"": ""date of beginning of chemotherapy"", ""match_type"": ""reuse_filter_match"", ""score"": 1.0}]",no_pruning
Q28,W1_HCPA_EXPERT,Hard,True,1.0,[],[],SUPPORTED,"[{""component"": ""filter"", ""query_field"": ""Procedure"", ""matched_field"": ""Procedure"", ""match_type"": ""exact_label"", ""score"": 1.0}, {""component"": ""filter"", ""query_field"": ""irradiated area 1"", ""matched_field"": ""irradiated area 1"", ""match_type"": ""exact_label"", ""score"": 1.0}, {""component"": ""output"", ""query_field"": ""Procedure"", ""matched_field"": ""Procedure"", ""match_type"": ""reuse_filter_match"", ""score"": 1.0}, {""component"": ""output"", ""query_field"": ""irradiated area 1"", ""matched_field"": ""irradiated area 1"", ""match_type"": ""reuse_filter_match"", ""score"": 1.0}]",no_pruning
Q29,W1_HCPA_EXPERT,Hard,True,1.0,[],[],SUPPORTED,"[{""component"": ""filter"", ""query_field"": ""date of discharge"", ""matched_field"": ""date of discharge"", ""match_type"": ""exact_label"", ""score"": 1.0}, {""component"": ""filter"", ""query_field"": ""reason for discharge"", ""matched_field"": ""reason for discharge"", ""match_type"": ""exact_label"", ""score"": 1.0}, {""component"": ""output"", ""query_field"": ""date of discharge"", ""matched_field"": ""date of discharge"", ""match_type"": ""reuse_filter_match"", ""score"": 1.0}, {""component"": ""output"", ""query_field"": ""reason for discharge"", ""matched_field"": ""reason for discharge"", ""match_type"": ""reuse_filter_match"", ""score"": 1.0}]",no_pruning
Q30,W1_HCPA_EXPERT,Hard,True,1.0,[],[],SUPPORTED,"[{""component"": ""filter"", ""query_field"": ""tumour topography"", ""matched_field"": ""topography"", ""match_type"": ""exact_label"", ""score"": 1.0}, {""component"": ""filter"", ""query_field"": ""histopathological grading"", ""matched_field"": ""Histopathological grading (G)"", ""match_type"": ""exact_label"", ""score"": 1.0}, {""component"": ""filter"", ""query_field"": ""date of pathological identification"", ""matched_field"": ""date of pathological identification"", ""match_type"": ""exact_label"", ""score"": 1.0}, {""component"": ""output"", ""query_field"": ""tumour topography"", ""matched_field"": ""topography"", ""match_type"": ""reuse_filter_match"", ""score"": 1.0}, {""component"": ""output"", ""query_field"": ""histopathological grading"", ""matched_field"": ""Histopathological grading (G)"", ""match_type"": ""reuse_filter_match"", ""score"": 1.0}, {""component"": ""output"", ""query_field"": ""date of pathological identification"", ""matched_field"": ""date of pathological identification"", ""match_type"": ""reuse_filter_match"", ""score"": 1.0}, {""component"": ""sort"", ""query_field"": ""date of pathological identification"", ""matched_field"": ""date of pathological identification"", ""match_type"": ""reuse_filter_match"", ""score"": 1.0}]",no_pruning
D1,W2_DEMOGRAPHIC_EXPERT,Easy,True,1.0,[],[],SUPPORTED,"[{""component"": ""filter"", ""query_field"": ""gender"", ""matched_field"": ""gender"", ""match_type"": ""exact_path"", ""score"": 1.0}, {""component"": ""output"", ""query_field"": ""gender"", ""matched_field"": ""gender"", ""match_type"": ""reuse_filter_match"", ""score"": 1.0}]",no_pruning
D2,W2_DEMOGRAPHIC_EXPERT,Easy,True,1.0,[],[],SUPPORTED,"[{""component"": ""filter"", ""query_field"": ""gender"", ""matched_field"": ""gender"", ""match_type"": ""exact_path"", ""score"": 1.0}, {""component"": ""output"", ""query_field"": ""gender"", ""matched_field"": ""gender"", ""match_type"": ""reuse_filter_match"", ""score"": 1.0}, {""component"": ""output"", ""query_field"": ""birth date"", ""matched_field"": ""birth date"", ""match_type"": ""exact_label"", ""score"": 1.0}]",no_pruning
D3,W2_DEMOGRAPHIC_EXPERT,Easy,True,1.0,[],[],SUPPORTED,"[{""component"": ""filter"", ""query_field"": ""nationality"", ""matched_field"": ""nationality"", ""match_type"": ""exact_path"", ""score"": 1.0}, {""component"": ""output"", ""query_field"": ""nationality"", ""matched_field"": ""nationality"", ""match_type"": ""reuse_filter_match"", ""score"": 1.0}]",no_pruning
D4,W2_DEMOGRAPHIC_EXPERT,Easy,True,1.0,[],[],SUPPORTED,"[{""component"": ""filter"", ""query_field"": ""race"", ""matched_field"": ""race"", ""match_type"": ""exact_path"", ""score"": 1.0}, {""component"": ""output"", ""query_field"": ""race"", ""matched_field"": ""race"", ""match_type"": ""reuse_filter_match"", ""score"": 1.0}]",no_pruning
D5,W2_DEMOGRAPHIC_EXPERT,Easy,True,1.0,[],[],SUPPORTED,"[{""component"": ""filter"", ""query_field"": ""ethnic group"", ""matched_field"": ""ethnic group"", ""match_type"": ""exact_path"", ""score"": 1.0}, {""component"": ""output"", ""query_field"": ""ethnic group"", ""matched_field"": ""ethnic group"", ""match_type"": ""reuse_filter_match"", ""score"": 1.0}]",no_pruning
D6,W2_DEMOGRAPHIC_EXPERT,Easy,True,1.0,[],[],SUPPORTED,"[{""component"": ""filter"", ""query_field"": ""birth date"", ""matched_field"": ""birth date"", ""match_type"": ""exact_path"", ""score"": 1.0}, {""component"": ""output"", ""query_field"": ""birth date"", ""matched_field"": ""birth date"", ""match_type"": ""reuse_filter_match"", ""score"": 1.0}]",no_pruning
D7,W2_DEMOGRAPHIC_EXPERT,Medium,True,1.0,[],[],SUPPORTED,"[{""component"": ""filter"", ""query_field"": ""gender"", ""matched_field"": ""gender"", ""match_type"": ""exact_path"", ""score"": 1.0}, {""component"": ""filter"", ""query_field"": ""nationality"", ""matched_field"": ""nationality"", ""match_type"": ""exact_path"", ""score"": 1.0}, {""component"": ""output"", ""query_field"": ""gender"", ""matched_field"": ""gender"", ""match_type"": ""reuse_filter_match"", ""score"": 1.0}, {""component"": ""output"", ""query_field"": ""nationality"", ""matched_field"": ""nationality"", ""match_type"": ""reuse_filter_match"", ""score"": 1.0}]",no_pruning
D8,W2_DEMOGRAPHIC_EXPERT,Medium,True,1.0,[],[],SUPPORTED,"[{""component"": ""filter"", ""query_field"": ""birth date"", ""matched_field"": ""birth date"", ""match_type"": ""exact_path"", ""score"": 1.0}, {""component"": ""filter"", ""query_field"": ""gender"", ""matched_field"": ""gender"", ""match_type"": ""exact_path"", ""score"": 1.0}, {""component"": ""output"", ""query_field"": ""birth date"", ""matched_field"": ""birth date"", ""match_type"": ""reuse_filter_match"", ""score"": 1.0}, {""component"": ""output"", ""query_field"": ""gender"", ""matched_field"": ""gender"", ""match_type"": ""reuse_filter_match"", ""score"": 1.0}, {""component"": ""sort"", ""query_field"": ""birth date"", ""matched_field"": ""birth date"", ""match_type"": ""reuse_filter_match"", ""score"": 1.0}]",no_pruning
D9,W2_DEMOGRAPHIC_EXPERT,Medium,True,1.0,[],[],SUPPORTED,"[{""component"": ""filter"", ""query_field"": ""educational level"", ""matched_field"": ""educational level"", ""match_type"": ""exact_path"", ""score"": 1.0}, {""component"": ""filter"", ""query_field"": ""nationality"", ""matched_field"": ""nationality"", ""match_type"": ""exact_path"", ""score"": 1.0}, {""component"": ""output"", ""query_field"": ""educational level"", ""matched_field"": ""educational level"", ""match_type"": ""reuse_filter_match"", ""score"": 1.0}, {""component"": ""output"", ""query_field"": ""nationality"", ""matched_field"": ""nationality"", ""match_type"": ""reuse_filter_match"", ""score"": 1.0}]",no_pruning
D10,W2_DEMOGRAPHIC_EXPERT,Medium,True,1.0,[],[],SUPPORTED,"[{""component"": ""filter"", ""query_field"": ""race"", ""matched_field"": ""race"", ""match_type"": ""exact_path"", ""score"": 1.0}, {""component"": ""filter"", ""query_field"": ""nationality"", ""matched_field"": ""nationality"", ""match_type"": ""exact_path"", ""score"": 1.0}, {""component"": ""output"", ""query_field"": ""race"", ""matched_field"": ""race"", ""match_type"": ""reuse_filter_match"", ""score"": 1.0}, {""component"": ""output"", ""query_field"": ""nationality"", ""matched_field"": ""nationality"", ""match_type"": ""reuse_filter_match"", ""score"": 1.0}]",no_pruning
D11,W2_DEMOGRAPHIC_EXPERT,Hard,True,1.0,[],[],SUPPORTED,"[{""component"": ""filter"", ""query_field"": ""race"", ""matched_field"": ""race"", ""match_type"": ""exact_path"", ""score"": 1.0}, {""component"": ""filter"", ""query_field"": ""ethnic group"", ""matched_field"": ""ethnic group"", ""match_type"": ""exact_path"", ""score"": 1.0}, {""component"": ""filter"", ""query_field"": ""nationality"", ""matched_field"": ""nationality"", ""match_type"": ""exact_path"", ""score"": 1.0}, {""component"": ""output"", ""query_field"": ""race"", ""matched_field"": ""race"", ""match_type"": ""reuse_filter_match"", ""score"": 1.0}, {""component"": ""output"", ""query_field"": ""ethnic group"", ""matched_field"": ""ethnic group"", ""match_type"": ""reuse_filter_match"", ""score"": 1.0}, {""component"": ""output"", ""query_field"": ""nationality"", ""matched_field"": ""nationality"", ""match_type"": ""reuse_filter_match"", ""score"": 1.0}]",no_pruning
D12,W2_DEMOGRAPHIC_EXPERT,Hard,True,1.0,[],[],SUPPORTED,"[{""component"": ""filter"", ""query_field"": ""birth date"", ""matched_field"": ""birth date"", ""match_type"": ""exact_path"", ""score"": 1.0}, {""component"": ""filter"", ""query_field"": ""gender"", ""matched_field"": ""gender"", ""match_type"": ""exact_path"", ""score"": 1.0}, {""component"": ""filter"", ""query_field"": ""nationality"", ""matched_field"": ""nationality"", ""match_type"": ""exact_path"", ""score"": 1.0}, {""component"": ""output"", ""query_field"": ""birth date"", ""matched_field"": ""birth date"", ""match_type"": ""reuse_filter_match"", ""score"": 1.0}, {""component"": ""output"", ""query_field"": ""gender"", ""matched_field"": ""gender"", ""match_type"": ""reuse_filter_match"", ""score"": 1.0}, {""component"": ""output"", ""query_field"": ""nationality"", ""matched_field"": ""nationality"", ""match_type"": ""reuse_filter_match"", ""score"": 1.0}, {""component"": ""sort"", ""query_field"": ""birth date"", ""matched_field"": ""birth date"", ""match_type"": ""reuse_filter_match"", ""score"": 1.0}]",no_pruning
H1,W3_HOSPITALISATION_EXPERT,Easy,True,1.0,[],[],SUPPORTED,"[{""component"": ""filter"", ""query_field"": ""Admission type"", ""matched_field"": ""Admission type"", ""match_type"": ""exact_path"", ""score"": 1.0}, {""component"": ""output"", ""query_field"": ""Admission type"", ""matched_field"": ""Admission type"", ""match_type"": ""reuse_filter_match"", ""score"": 1.0}]",no_pruning
H2,W3_HOSPITALISATION_EXPERT,Easy,True,1.0,[],[],SUPPORTED,"[{""component"": ""filter"", ""query_field"": ""Hospital service"", ""matched_field"": ""Hospital service"", ""match_type"": ""exact_path"", ""score"": 1.0}, {""component"": ""output"", ""query_field"": ""Hospital service"", ""matched_field"": ""Hospital service"", ""match_type"": ""reuse_filter_match"", ""score"": 1.0}]",no_pruning
H3,W3_HOSPITALISATION_EXPERT,Easy,True,1.0,[],[],SUPPORTED,"[{""component"": ""filter"", ""query_field"": ""ICU - Total"", ""matched_field"": ""ICU - Total"", ""match_type"": ""exact_path"", ""score"": 1.0}, {""component"": ""output"", ""query_field"": ""ICU - Total"", ""matched_field"": ""ICU - Total"", ""match_type"": ""reuse_filter_match"", ""score"": 1.0}, {""component"": ""sort"", ""query_field"": ""ICU - Total"", ""matched_field"": ""ICU - Total"", ""match_type"": ""reuse_filter_match"", ""score"": 1.0}]",no_pruning
H4,W3_HOSPITALISATION_EXPERT,Easy,True,1.0,[],[],SUPPORTED,"[{""component"": ""filter"", ""query_field"": ""death indicator"", ""matched_field"": ""death indicator"", ""match_type"": ""exact_path"", ""score"": 1.0}, {""component"": ""output"", ""query_field"": ""death indicator"", ""matched_field"": ""death indicator"", ""match_type"": ""reuse_filter_match"", ""score"": 1.0}]",no_pruning
H5,W3_HOSPITALISATION_EXPERT,Easy,True,1.0,[],[],SUPPORTED,"[{""component"": ""filter"", ""query_field"": ""hospital infection"", ""matched_field"": ""hospital infection"", ""match_type"": ""exact_path"", ""score"": 1.0}, {""component"": ""output"", ""query_field"": ""hospital infection"", ""matched_field"": ""hospital infection"", ""match_type"": ""reuse_filter_match"", ""score"": 1.0}]",no_pruning
H6,W3_HOSPITALISATION_EXPERT,Easy,True,1.0,[],[],SUPPORTED,"[{""component"": ""filter"", ""query_field"": ""Universal ID"", ""matched_field"": ""Universal ID"", ""match_type"": ""exact_path"", ""score"": 1.0}, {""component"": ""output"", ""query_field"": ""Universal ID"", ""matched_field"": ""Universal ID"", ""match_type"": ""reuse_filter_match"", ""score"": 1.0}]",no_pruning
H7,W3_HOSPITALISATION_EXPERT,Medium,True,1.0,[],[],SUPPORTED,"[{""component"": ""filter"", ""query_field"": ""Admission type"", ""matched_field"": ""Admission type"", ""match_type"": ""exact_path"", ""score"": 1.0}, {""component"": ""filter"", ""query_field"": ""Hospital service"", ""matched_field"": ""Hospital service"", ""match_type"": ""exact_path"", ""score"": 1.0}, {""component"": ""output"", ""query_field"": ""Admission type"", ""matched_field"": ""Admission type"", ""match_type"": ""reuse_filter_match"", ""score"": 1.0}, {""component"": ""output"", ""query_field"": ""Hospital service"", ""matched_field"": ""Hospital service"", ""match_type"": ""reuse_filter_match"", ""score"": 1.0}]",no_pruning
H8,W3_HOSPITALISATION_EXPERT,Medium,True,1.0,[],[],SUPPORTED,"[{""component"": ""filter"", ""query_field"": ""Admit date/time"", ""matched_field"": ""Admit date/time"", ""match_type"": ""exact_path"", ""score"": 1.0}, {""component"": ""filter"", ""query_field"": ""State/province"", ""matched_field"": ""State/province"", ""match_type"": ""exact_path"", ""score"": 1.0}, {""component"": ""output"", ""query_field"": ""Admit date/time"", ""matched_field"": ""Admit date/time"", ""match_type"": ""reuse_filter_match"", ""score"": 1.0}, {""component"": ""output"", ""query_field"": ""State/province"", ""matched_field"": ""State/province"", ""match_type"": ""reuse_filter_match"", ""score"": 1.0}, {""component"": ""sort"", ""query_field"": ""Admit date/time"", ""matched_field"": ""Admit date/time"", ""match_type"": ""reuse_filter_match"", ""score"": 1.0}]",no_pruning
H9,W3_HOSPITALISATION_EXPERT,Medium,True,1.0,[],[],SUPPORTED,"[{""component"": ""filter"", ""query_field"": ""claim reason"", ""matched_field"": ""claim reason"", ""match_type"": ""exact_path"", ""score"": 1.0}, {""component"": ""filter"", ""query_field"": ""death indicator"", ""matched_field"": ""death indicator"", ""match_type"": ""exact_path"", ""score"": 1.0}, {""component"": ""output"", ""query_field"": ""claim reason"", ""matched_field"": ""claim reason"", ""match_type"": ""reuse_filter_match"", ""score"": 1.0}, {""component"": ""output"", ""query_field"": ""death indicator"", ""matched_field"": ""death indicator"", ""match_type"": ""reuse_filter_match"", ""score"": 1.0}]",no_pruning
H10,W3_HOSPITALISATION_EXPERT,Medium,True,1.0,[],[],SUPPORTED,"[{""component"": ""filter"", ""query_field"": ""Patient class"", ""matched_field"": ""Patient class"", ""match_type"": ""exact_path"", ""score"": 1.0}, {""component"": ""output"", ""query_field"": ""Patient class"", ""matched_field"": ""Patient class"", ""match_type"": ""reuse_filter_match"", ""score"": 1.0}, {""component"": ""output"", ""query_field"": ""Admission type"", ""matched_field"": ""Admission type"", ""match_type"": ""exact_label"", ""score"": 1.0}]",no_pruning
H11,W3_HOSPITALISATION_EXPERT,Hard,True,1.0,[],[],SUPPORTED,"[{""component"": ""filter"", ""query_field"": ""Problem"", ""matched_field"": ""Problem"", ""match_type"": ""exact_path"", ""score"": 1.0}, {""component"": ""filter"", ""query_field"": ""Procedure"", ""matched_field"": ""Procedure"", ""match_type"": ""exact_path"", ""score"": 1.0}, {""component"": ""output"", ""query_field"": ""Problem"", ""matched_field"": ""Problem"", ""match_type"": ""reuse_filter_match"", ""score"": 1.0}, {""component"": ""output"", ""query_field"": ""Procedure"", ""matched_field"": ""Procedure"", ""match_type"": ""reuse_filter_match"", ""score"": 1.0}]",no_pruning
H12,W3_HOSPITALISATION_EXPERT,Hard,True,1.0,[],[],SUPPORTED,"[{""component"": ""filter"", ""query_field"": ""Admit date/time"", ""matched_field"": ""Admit date/time"", ""match_type"": ""exact_path"", ""score"": 1.0}, {""component"": ""filter"", ""query_field"": ""claim reason"", ""matched_field"": ""claim reason"", ""match_type"": ""exact_path"", ""score"": 1.0}, {""component"": ""output"", ""query_field"": ""Admit date/time"", ""matched_field"": ""Admit date/time"", ""match_type"": ""reuse_filter_match"", ""score"": 1.0}, {""component"": ""output"", ""query_field"": ""Admission type"", ""matched_field"": ""Admission type"", ""match_type"": ""exact_label"", ""score"": 1.0}, {""component"": ""output"", ""query_field"": ""Hospital service"", ""matched_field"": ""Hospital service"", ""match_type"": ""exact_label"", ""score"": 1.0}, {""component"": ""output"", ""query_field"": ""ICU - Total"", ""matched_field"": ""ICU - Total"", ""match_type"": ""exact_label"", ""score"": 1.0}, {""component"": ""output"", ""query_field"": ""claim reason"", ""matched_field"": ""claim reason"", ""match_type"": ""reuse_filter_match"", ""score"": 1.0}, {""component"": ""output"", ""query_field"": ""death indicator"", ""matched_field"": ""death indicator"", ""match_type"": ""exact_label"", ""score"": 1.0}, {""component"": ""sort"", ""query_field"": ""Admit date/time"", ""matched_field"": ""Admit date/time"", ""match_type"": ""reuse_filter_match"", ""score"": 1.0}]",no_pruning
Q1,W1_HCPA_EXPERT,Easy,True,1.0,[],[],SUPPORTED,"[{""component"": ""filter"", ""query_field"": ""State"", ""matched_field"": ""State"", ""match_type"": ""exact_label"", ""score"": 1.0}, {""component"": ""output"", ""query_field"": ""State"", ""matched_field"": ""State"", ""match_type"": ""reuse_filter_match"", ""score"": 1.0}]",random_topk_1
Q2,W1_HCPA_EXPERT,Easy,True,1.0,[],[],SUPPORTED,"[{""component"": ""filter"", ""query_field"": ""State"", ""matched_field"": ""State"", ""match_type"": ""exact_label"", ""score"": 1.0}, {""component"": ""output"", ""query_field"": ""State"", ""matched_field"": ""State"", ""match_type"": ""reuse_filter_match"", ""score"": 1.0}, {""component"": ""output"", ""query_field"": ""reason for encounter"", ""matched_field"": ""reason for encounter"", ""match_type"": ""exact_label"", ""score"": 1.0}]",random_topk_1
Q3,W1_HCPA_EXPERT,Easy,True,1.0,[],[],SUPPORTED,"[{""component"": ""filter"", ""query_field"": ""reason for encounter"", ""matched_field"": ""reason for encounter"", ""match_type"": ""exact_label"", ""score"": 1.0}, {""component"": ""output"", ""query_field"": ""reason for encounter"", ""matched_field"": ""reason for encounter"", ""match_type"": ""reuse_filter_match"", ""score"": 1.0}]",random_topk_1
Q4,W1_HCPA_EXPERT,Easy,True,1.0,[],[],SUPPORTED,"[{""component"": ""filter"", ""query_field"": ""reason for encounter"", ""matched_field"": ""reason for encounter"", ""match_type"": ""exact_label"", ""score"": 1.0}, {""component"": ""output"", ""query_field"": ""reason for encounter"", ""matched_field"": ""reason for encounter"", ""match_type"": ""reuse_filter_match"", ""score"": 1.0}, {""component"": ""output"", ""query_field"": ""State"", ""matched_field"": ""State"", ""match_type"": ""exact_label"", ""score"": 1.0}, {""component"": ""output"", ""query_field"": ""patient age"", ""matched_field"": ""patient age"", ""match_type"": ""exact_label"", ""score"": 1.0}]",random_topk_1
Q5,W1_HCPA_EXPERT,Easy,True,1.0,[],[],SUPPORTED,"[{""component"": ""filter"", ""query_field"": ""patient age"", ""matched_field"": ""patient age"", ""match_type"": ""exact_label"", ""score"": 1.0}, {""component"": ""output"", ""query_field"": ""patient age"", ""matched_field"": ""patient age"", ""match_type"": ""reuse_filter_match"", ""score"": 1.0}, {""component"": ""sort"", ""query_field"": ""patient age"", ""matched_field"": ""patient age"", ""match_type"": ""reuse_filter_match"", ""score"": 1.0}]",random_topk_1
Q6,W1_HCPA_EXPERT,Easy,True,1.0,[],[],SUPPORTED,"[{""component"": ""filter"", ""query_field"": ""schema"", ""matched_field"": ""schema"", ""match_type"": ""exact_label"", ""score"": 1.0}, {""component"": ""output"", ""query_field"": ""schema"", ""matched_field"": ""schema"", ""match_type"": ""reuse_filter_match"", ""score"": 1.0}]",random_topk_1
Q7,W1_HCPA_EXPERT,Easy,True,1.0,[],[],SUPPORTED,"[{""component"": ""filter"", ""query_field"": ""Procedure"", ""matched_field"": ""Procedure"", ""match_type"": ""exact_label"", ""score"": 1.0}, {""component"": ""output"", ""query_field"": ""Procedure"", ""matched_field"": ""Procedure"", ""match_type"": ""reuse_filter_match"", ""score"": 1.0}]",random_topk_1
Q8,W1_HCPA_EXPERT,Easy,True,1.0,[],[],SUPPORTED,"[{""component"": ""filter"", ""query_field"": ""Problem"", ""matched_field"": ""Problem"", ""match_type"": ""exact_label"", ""score"": 1.0}, {""component"": ""output"", ""query_field"": ""Problem"", ""matched_field"": ""Problem"", ""match_type"": ""reuse_filter_match"", ""score"": 1.0}]",random_topk_1
Q9,W1_HCPA_EXPERT,Easy,True,1.0,[],[],SUPPORTED,"[{""component"": ""filter"", ""query_field"": ""Clinical staging"", ""matched_field"": ""Clinical staging"", ""match_type"": ""exact_label"", ""score"": 1.0}, {""component"": ""output"", ""query_field"": ""Clinical staging"", ""matched_field"": ""Clinical staging"", ""match_type"": ""reuse_filter_match"", ""score"": 1.0}]",random_topk_1
Q10,W1_HCPA_EXPERT,Easy,True,1.0,[],[],SUPPORTED,"[{""component"": ""filter"", ""query_field"": ""invaded regional lymph nodes"", ""matched_field"": ""Invaded regional linphonodes"", ""match_type"": ""exact_label"", ""score"": 1.0}, {""component"": ""output"", ""query_field"": ""invaded regional lymph nodes"", ""matched_field"": ""Invaded regional linphonodes"", ""match_type"": ""reuse_filter_match"", ""score"": 1.0}]",random_topk_1
Q11,W1_HCPA_EXPERT,Medium,True,1.0,[],[],SUPPORTED,"[{""component"": ""filter"", ""query_field"": ""State"", ""matched_field"": ""State"", ""match_type"": ""exact_label"", ""score"": 1.0}, {""component"": ""filter"", ""query_field"": ""reason for encounter"", ""matched_field"": ""reason for encounter"", ""match_type"": ""exact_label"", ""score"": 1.0}, {""component"": ""output"", ""query_field"": ""State"", ""matched_field"": ""State"", ""match_type"": ""reuse_filter_match"", ""score"": 1.0}, {""component"": ""output"", ""query_field"": ""reason for encounter"", ""matched_field"": ""reason for encounter"", ""match_type"": ""reuse_filter_match"", ""score"": 1.0}]",random_topk_1
Q12,W1_HCPA_EXPERT,Medium,True,1.0,[],[],SUPPORTED,"[{""component"": ""filter"", ""query_field"": ""State"", ""matched_field"": ""State"", ""match_type"": ""exact_label"", ""score"": 1.0}, {""component"": ""filter"", ""query_field"": ""reason for encounter"", ""matched_field"": ""reason for encounter"", ""match_type"": ""exact_label"", ""score"": 1.0}, {""component"": ""output"", ""query_field"": ""State"", ""matched_field"": ""State"", ""match_type"": ""reuse_filter_match"", ""score"": 1.0}, {""component"": ""output"", ""query_field"": ""reason for encounter"", ""matched_field"": ""reason for encounter"", ""match_type"": ""reuse_filter_match"", ""score"": 1.0}, {""component"": ""output"", ""query_field"": ""patient age"", ""matched_field"": ""patient age"", ""match_type"": ""exact_label"", ""score"": 1.0}]",random_topk_1
Q13,W1_HCPA_EXPERT,Medium,True,1.0,[],[],SUPPORTED,"[{""component"": ""filter"", ""query_field"": ""patient age"", ""matched_field"": ""patient age"", ""match_type"": ""exact_label"", ""score"": 1.0}, {""component"": ""filter"", ""query_field"": ""State"", ""matched_field"": ""State"", ""match_type"": ""exact_label"", ""score"": 1.0}, {""component"": ""output"", ""query_field"": ""patient age"", ""matched_field"": ""patient age"", ""match_type"": ""reuse_filter_match"", ""score"": 1.0}, {""component"": ""output"", ""query_field"": ""State"", ""matched_field"": ""State"", ""match_type"": ""reuse_filter_match"", ""score"": 1.0}, {""component"": ""sort"", ""query_field"": ""patient age"", ""matched_field"": ""patient age"", ""match_type"": ""reuse_filter_match"", ""score"": 1.0}]",random_topk_1
Q14,W1_HCPA_EXPERT,Medium,True,1.0,[],[],SUPPORTED,"[{""component"": ""filter"", ""query_field"": ""schema"", ""matched_field"": ""schema"", ""match_type"": ""exact_label"", ""score"": 1.0}, {""component"": ""filter"", ""query_field"": ""duration of treatment"", ""matched_field"": ""duration of treatment"", ""match_type"": ""exact_label"", ""score"": 1.0}, {""component"": ""output"", ""query_field"": ""schema"", ""matched_field"": ""schema"", ""match_type"": ""reuse_filter_match"", ""score"": 1.0}, {""component"": ""output"", ""query_field"": ""duration of treatment"", ""matched_field"": ""duration of treatment"", ""match_type"": ""reuse_filter_match"", ""score"": 1.0}, {""component"": ""sort"", ""query_field"": ""duration of treatment"", ""matched_field"": ""duration of treatment"", ""match_type"": ""reuse_filter_match"", ""score"": 1.0}]",random_topk_1
Q15,W1_HCPA_EXPERT,Medium,True,1.0,[],[],SUPPORTED,"[{""component"": ""filter"", ""query_field"": ""Problem"", ""matched_field"": ""Problem"", ""match_type"": ""exact_label"", ""score"": 1.0}, {""component"": ""filter"", ""query_field"": ""Clinical staging"", ""matched_field"": ""Clinical staging"", ""match_type"": ""exact_label"", ""score"": 1.0}, {""component"": ""output"", ""query_field"": ""Problem"", ""matched_field"": ""Problem"", ""match_type"": ""reuse_filter_match"", ""score"": 1.0}, {""component"": ""output"", ""query_field"": ""Clinical staging"", ""matched_field"": ""Clinical staging"", ""match_type"": ""reuse_filter_match"", ""score"": 1.0}]",random_topk_1
Q16,W1_HCPA_EXPERT,Medium,True,1.0,[],[],SUPPORTED,"[{""component"": ""filter"", ""query_field"": ""Problem"", ""matched_field"": ""Problem"", ""match_type"": ""exact_label"", ""score"": 1.0}, {""component"": ""filter"", ""query_field"": ""Procedure"", ""matched_field"": ""Procedure"", ""match_type"": ""exact_label"", ""score"": 1.0}, {""component"": ""output"", ""query_field"": ""Problem"", ""matched_field"": ""Problem"", ""match_type"": ""reuse_filter_match"", ""score"": 1.0}, {""component"": ""output"", ""query_field"": ""Procedure"", ""matched_field"": ""Procedure"", ""match_type"": ""reuse_filter_match"", ""score"": 1.0}]",random_topk_1
Q17,W1_HCPA_EXPERT,Medium,True,1.0,[],[],SUPPORTED,"[{""component"": ""filter"", ""query_field"": ""reason for discharge"", ""matched_field"": ""reason for discharge"", ""match_type"": ""exact_label"", ""score"": 1.0}, {""component"": ""filter"", ""query_field"": ""State"", ""matched_field"": ""State"", ""match_type"": ""exact_label"", ""score"": 1.0}, {""component"": ""output"", ""query_field"": ""reason for discharge"", ""matched_field"": ""reason for discharge"", ""match_type"": ""reuse_filter_match"", ""score"": 1.0}, {""component"": ""output"", ""query_field"": ""State"", ""matched_field"": ""State"", ""match_type"": ""reuse_filter_match"", ""score"": 1.0}]",random_topk_1
Q18,W1_HCPA_EXPERT,Medium,True,1.0,[],[],SUPPORTED,"[{""component"": ""filter"", ""query_field"": ""histopathological grading"", ""matched_field"": ""Histopathological grading (G)"", ""match_type"": ""exact_label"", ""score"": 1.0}, {""component"": ""filter"", ""query_field"": ""Problem"", ""matched_field"": ""Problem"", ""match_type"": ""exact_label"", ""score"": 1.0}, {""component"": ""output"", ""query_field"": ""histopathological grading"", ""matched_field"": ""Histopathological grading (G)"", ""match_type"": ""reuse_filter_match"", ""score"": 1.0}, {""component"": ""output"", ""query_field"": ""Problem"", ""matched_field"": ""Problem"", ""match_type"": ""reuse_filter_match"", ""score"": 1.0}]",random_topk_1
Q19,W1_HCPA_EXPERT,Medium,True,1.0,[],[],SUPPORTED,"[{""component"": ""filter"", ""query_field"": ""tumour topography"", ""matched_field"": ""topography"", ""match_type"": ""exact_label"", ""score"": 1.0}, {""component"": ""filter"", ""query_field"": ""invaded regional lymph nodes"", ""matched_field"": ""Invaded regional linphonodes"", ""match_type"": ""exact_label"", ""score"": 1.0}, {""component"": ""output"", ""query_field"": ""tumour topography"", ""matched_field"": ""topography"", ""match_type"": ""reuse_filter_match"", ""score"": 1.0}, {""component"": ""output"", ""query_field"": ""invaded regional lymph nodes"", ""matched_field"": ""Invaded regional linphonodes"", ""match_type"": ""reuse_filter_match"", ""score"": 1.0}]",random_topk_1
Q20,W1_HCPA_EXPERT,Medium,True,1.0,[],[],SUPPORTED,"[{""component"": ""filter"", ""query_field"": ""reason for encounter"", ""matched_field"": ""reason for encounter"", ""match_type"": ""exact_label"", ""score"": 1.0}, {""component"": ""filter"", ""query_field"": ""date of beginning of radiotherapy"", ""matched_field"": ""date of beginning of radiotherapy"", ""match_type"": ""exact_label"", ""score"": 1.0}, {""component"": ""output"", ""query_field"": ""reason for encounter"", ""matched_field"": ""reason for encounter"", ""match_type"": ""reuse_filter_match"", ""score"": 1.0}, {""component"": ""output"", ""query_field"": ""date of beginning of radiotherapy"", ""matched_field"": ""date of beginning of radiotherapy"", ""match_type"": ""reuse_filter_match"", ""score"": 1.0}, {""component"": ""sort"", ""query_field"": ""date of beginning of radiotherapy"", ""matched_field"": ""date of beginning of radiotherapy"", ""match_type"": ""reuse_filter_match"", ""score"": 1.0}]",random_topk_1
Q21,W1_HCPA_EXPERT,Hard,True,1.0,[],[],SUPPORTED,"[{""component"": ""filter"", ""query_field"": ""indicator of transplantation"", ""matched_field"": ""indicator of transplantation"", ""match_type"": ""exact_label"", ""score"": 1.0}, {""component"": ""filter"", ""query_field"": ""number of transplantations"", ""matched_field"": ""number of transplantations"", ""match_type"": ""exact_label"", ""score"": 1.0}, {""component"": ""output"", ""query_field"": ""indicator of transplantation"", ""matched_field"": ""indicator of transplantation"", ""match_type"": ""reuse_filter_match"", ""score"": 1.0}, {""component"": ""output"", ""query_field"": ""number of transplantations"", ""matched_field"": ""number of transplantations"", ""match_type"": ""reuse_filter_match"", ""score"": 1.0}]",random_topk_1
Q22,W1_HCPA_EXPERT,Hard,False,0.0,"[""Dialysis / date of first dialysis"", ""Imaging / abdominal ultrasonography"", ""date of first dialysis"", ""abdominal ultrasonography"", ""date of first dialysis""]",[],ABSENT_OR_PRUNED_OR_MATCH_FAILED,"[{""component"": ""filter"", ""query_field"": ""date of first dialysis"", ""matched_field"": null, ""match_type"": ""no_match"", ""score"": 0.0}, {""component"": ""filter"", ""query_field"": ""abdominal ultrasonography"", ""matched_field"": null, ""match_type"": ""no_match"", ""score"": 0.0}, {""component"": ""output"", ""query_field"": ""date of first dialysis"", ""matched_field"": null, ""match_type"": ""no_match"", ""score"": 0.0}, {""component"": ""output"", ""query_field"": ""abdominal ultrasonography"", ""matched_field"": null, ""match_type"": ""no_match"", ""score"": 0.0}, {""component"": ""sort"", ""query_field"": ""date of first dialysis"", ""matched_field"": null, ""match_type"": ""no_match"", ""score"": 0.0}]",random_topk_1
Q23,W1_HCPA_EXPERT,Hard,False,0.4,"[""Follow-up / duration of follow-up months"", ""duration of follow-up months"", ""duration of follow-up months""]",[],ABSENT_OR_PRUNED_OR_MATCH_FAILED,"[{""component"": ""filter"", ""query_field"": ""duration of follow-up months"", ""matched_field"": null, ""match_type"": ""no_match"", ""score"": 0.0}, {""component"": ""filter"", ""query_field"": ""body mass index"", ""matched_field"": ""Body Mass Index"", ""match_type"": ""exact_label"", ""score"": 1.0}, {""component"": ""output"", ""query_field"": ""duration of follow-up months"", ""matched_field"": null, ""match_type"": ""no_match"", ""score"": 0.0}, {""component"": ""output"", ""query_field"": ""body mass index"", ""matched_field"": ""Body Mass Index"", ""match_type"": ""reuse_filter_match"", ""score"": 1.0}, {""component"": ""sort"", ""query_field"": ""duration of follow-up months"", ""matched_field"": null, ""match_type"": ""no_match"", ""score"": 0.0}]",random_topk_1
Q24,W1_HCPA_EXPERT,Hard,True,1.0,[],[],SUPPORTED,"[{""component"": ""filter"", ""query_field"": ""State"", ""matched_field"": ""State"", ""match_type"": ""exact_label"", ""score"": 1.0}, {""component"": ""filter"", ""query_field"": ""reason for encounter"", ""matched_field"": ""reason for encounter"", ""match_type"": ""exact_label"", ""score"": 1.0}, {""component"": ""filter"", ""query_field"": ""patient age"", ""matched_field"": ""patient age"", ""match_type"": ""exact_label"", ""score"": 1.0}, {""component"": ""output"", ""query_field"": ""State"", ""matched_field"": ""State"", ""match_type"": ""reuse_filter_match"", ""score"": 1.0}, {""component"": ""output"", ""query_field"": ""reason for encounter"", ""matched_field"": ""reason for encounter"", ""match_type"": ""reuse_filter_match"", ""score"": 1.0}, {""component"": ""output"", ""query_field"": ""patient age"", ""matched_field"": ""patient age"", ""match_type"": ""reuse_filter_match"", ""score"": 1.0}, {""component"": ""sort"", ""query_field"": ""patient age"", ""matched_field"": ""patient age"", ""match_type"": ""reuse_filter_match"", ""score"": 1.0}]",random_topk_1
Q25,W1_HCPA_EXPERT,Hard,True,1.0,[],[],SUPPORTED,"[{""component"": ""filter"", ""query_field"": ""State"", ""matched_field"": ""State"", ""match_type"": ""exact_label"", ""score"": 1.0}, {""component"": ""filter"", ""query_field"": ""reason for encounter"", ""matched_field"": ""reason for encounter"", ""match_type"": ""exact_label"", ""score"": 1.0}, {""component"": ""filter"", ""query_field"": ""Problem"", ""matched_field"": ""Problem"", ""match_type"": ""exact_label"", ""score"": 1.0}, {""component"": ""output"", ""query_field"": ""State"", ""matched_field"": ""State"", ""match_type"": ""reuse_filter_match"", ""score"": 1.0}, {""component"": ""output"", ""query_field"": ""reason for encounter"", ""matched_field"": ""reason for encounter"", ""match_type"": ""reuse_filter_match"", ""score"": 1.0}, {""component"": ""output"", ""query_field"": ""Problem"", ""matched_field"": ""Problem"", ""match_type"": ""reuse_filter_match"", ""score"": 1.0}]",random_topk_1
Q26,W1_HCPA_EXPERT,Hard,True,1.0,[],[],SUPPORTED,"[{""component"": ""filter"", ""query_field"": ""Problem"", ""matched_field"": ""Problem"", ""match_type"": ""exact_label"", ""score"": 1.0}, {""component"": ""filter"", ""query_field"": ""Clinical staging"", ""matched_field"": ""Clinical staging"", ""match_type"": ""exact_label"", ""score"": 1.0}, {""component"": ""filter"", ""query_field"": ""invaded regional lymph nodes"", ""matched_field"": ""Invaded regional linphonodes"", ""match_type"": ""exact_label"", ""score"": 1.0}, {""component"": ""output"", ""query_field"": ""Problem"", ""matched_field"": ""Problem"", ""match_type"": ""reuse_filter_match"", ""score"": 1.0}, {""component"": ""output"", ""query_field"": ""Clinical staging"", ""matched_field"": ""Clinical staging"", ""match_type"": ""reuse_filter_match"", ""score"": 1.0}, {""component"": ""output"", ""query_field"": ""invaded regional lymph nodes"", ""matched_field"": ""Invaded regional linphonodes"", ""match_type"": ""reuse_filter_match"", ""score"": 1.0}]",random_topk_1
Q27,W1_HCPA_EXPERT,Hard,True,1.0,[],[],SUPPORTED,"[{""component"": ""filter"", ""query_field"": ""schema"", ""matched_field"": ""schema"", ""match_type"": ""exact_label"", ""score"": 1.0}, {""component"": ""filter"", ""query_field"": ""duration of treatment"", ""matched_field"": ""duration of treatment"", ""match_type"": ""exact_label"", ""score"": 1.0}, {""component"": ""filter"", ""query_field"": ""date of beginning of chemotherapy"", ""matched_field"": ""date of beginning of chemotherapy"", ""match_type"": ""exact_label"", ""score"": 1.0}, {""component"": ""output"", ""query_field"": ""schema"", ""matched_field"": ""schema"", ""match_type"": ""reuse_filter_match"", ""score"": 1.0}, {""component"": ""output"", ""query_field"": ""duration of treatment"", ""matched_field"": ""duration of treatment"", ""match_type"": ""reuse_filter_match"", ""score"": 1.0}, {""component"": ""output"", ""query_field"": ""date of beginning of chemotherapy"", ""matched_field"": ""date of beginning of chemotherapy"", ""match_type"": ""reuse_filter_match"", ""score"": 1.0}, {""component"": ""sort"", ""query_field"": ""date of beginning of chemotherapy"", ""matched_field"": ""date of beginning of chemotherapy"", ""match_type"": ""reuse_filter_match"", ""score"": 1.0}]",random_topk_1
Q28,W1_HCPA_EXPERT,Hard,True,1.0,[],[],SUPPORTED,"[{""component"": ""filter"", ""query_field"": ""Procedure"", ""matched_field"": ""Procedure"", ""match_type"": ""exact_label"", ""score"": 1.0}, {""component"": ""filter"", ""query_field"": ""irradiated area 1"", ""matched_field"": ""irradiated area 1"", ""match_type"": ""exact_label"", ""score"": 1.0}, {""component"": ""output"", ""query_field"": ""Procedure"", ""matched_field"": ""Procedure"", ""match_type"": ""reuse_filter_match"", ""score"": 1.0}, {""component"": ""output"", ""query_field"": ""irradiated area 1"", ""matched_field"": ""irradiated area 1"", ""match_type"": ""reuse_filter_match"", ""score"": 1.0}]",random_topk_1
Q29,W1_HCPA_EXPERT,Hard,True,1.0,[],[],SUPPORTED,"[{""component"": ""filter"", ""query_field"": ""date of discharge"", ""matched_field"": ""date of discharge"", ""match_type"": ""exact_label"", ""score"": 1.0}, {""component"": ""filter"", ""query_field"": ""reason for discharge"", ""matched_field"": ""reason for discharge"", ""match_type"": ""exact_label"", ""score"": 1.0}, {""component"": ""output"", ""query_field"": ""date of discharge"", ""matched_field"": ""date of discharge"", ""match_type"": ""reuse_filter_match"", ""score"": 1.0}, {""component"": ""output"", ""query_field"": ""reason for discharge"", ""matched_field"": ""reason for discharge"", ""match_type"": ""reuse_filter_match"", ""score"": 1.0}]",random_topk_1
Q30,W1_HCPA_EXPERT,Hard,True,1.0,[],[],SUPPORTED,"[{""component"": ""filter"", ""query_field"": ""tumour topography"", ""matched_field"": ""topography"", ""match_type"": ""exact_label"", ""score"": 1.0}, {""component"": ""filter"", ""query_field"": ""histopathological grading"", ""matched_field"": ""Histopathological grading (G)"", ""match_type"": ""exact_label"", ""score"": 1.0}, {""component"": ""filter"", ""query_field"": ""date of pathological identification"", ""matched_field"": ""date of pathological identification"", ""match_type"": ""exact_label"", ""score"": 1.0}, {""component"": ""output"", ""query_field"": ""tumour topography"", ""matched_field"": ""topography"", ""match_type"": ""reuse_filter_match"", ""score"": 1.0}, {""component"": ""output"", ""query_field"": ""histopathological grading"", ""matched_field"": ""Histopathological grading (G)"", ""match_type"": ""reuse_filter_match"", ""score"": 1.0}, {""component"": ""output"", ""query_field"": ""date of pathological identification"", ""matched_field"": ""date of pathological identification"", ""match_type"": ""reuse_filter_match"", ""score"": 1.0}, {""component"": ""sort"", ""query_field"": ""date of pathological identification"", ""matched_field"": ""date of pathological identification"", ""match_type"": ""reuse_filter_match"", ""score"": 1.0}]",random_topk_1
D1,W2_DEMOGRAPHIC_EXPERT,Easy,True,1.0,[],[],SUPPORTED,"[{""component"": ""filter"", ""query_field"": ""gender"", ""matched_field"": ""gender"", ""match_type"": ""exact_path"", ""score"": 1.0}, {""component"": ""output"", ""query_field"": ""gender"", ""matched_field"": ""gender"", ""match_type"": ""reuse_filter_match"", ""score"": 1.0}]",random_topk_1
D2,W2_DEMOGRAPHIC_EXPERT,Easy,True,1.0,[],[],SUPPORTED,"[{""component"": ""filter"", ""query_field"": ""gender"", ""matched_field"": ""gender"", ""match_type"": ""exact_path"", ""score"": 1.0}, {""component"": ""output"", ""query_field"": ""gender"", ""matched_field"": ""gender"", ""match_type"": ""reuse_filter_match"", ""score"": 1.0}, {""component"": ""output"", ""query_field"": ""birth date"", ""matched_field"": ""birth date"", ""match_type"": ""exact_label"", ""score"": 1.0}]",random_topk_1
D3,W2_DEMOGRAPHIC_EXPERT,Easy,True,1.0,[],[],SUPPORTED,"[{""component"": ""filter"", ""query_field"": ""nationality"", ""matched_field"": ""nationality"", ""match_type"": ""exact_path"", ""score"": 1.0}, {""component"": ""output"", ""query_field"": ""nationality"", ""matched_field"": ""nationality"", ""match_type"": ""reuse_filter_match"", ""score"": 1.0}]",random_topk_1
D4,W2_DEMOGRAPHIC_EXPERT,Easy,True,1.0,[],[],SUPPORTED,"[{""component"": ""filter"", ""query_field"": ""race"", ""matched_field"": ""race"", ""match_type"": ""exact_path"", ""score"": 1.0}, {""component"": ""output"", ""query_field"": ""race"", ""matched_field"": ""race"", ""match_type"": ""reuse_filter_match"", ""score"": 1.0}]",random_topk_1
D5,W2_DEMOGRAPHIC_EXPERT,Easy,True,1.0,[],[],SUPPORTED,"[{""component"": ""filter"", ""query_field"": ""ethnic group"", ""matched_field"": ""ethnic group"", ""match_type"": ""exact_path"", ""score"": 1.0}, {""component"": ""output"", ""query_field"": ""ethnic group"", ""matched_field"": ""ethnic group"", ""match_type"": ""reuse_filter_match"", ""score"": 1.0}]",random_topk_1
D6,W2_DEMOGRAPHIC_EXPERT,Easy,True,1.0,[],[],SUPPORTED,"[{""component"": ""filter"", ""query_field"": ""birth date"", ""matched_field"": ""birth date"", ""match_type"": ""exact_path"", ""score"": 1.0}, {""component"": ""output"", ""query_field"": ""birth date"", ""matched_field"": ""birth date"", ""match_type"": ""reuse_filter_match"", ""score"": 1.0}]",random_topk_1
D7,W2_DEMOGRAPHIC_EXPERT,Medium,True,1.0,[],[],SUPPORTED,"[{""component"": ""filter"", ""query_field"": ""gender"", ""matched_field"": ""gender"", ""match_type"": ""exact_path"", ""score"": 1.0}, {""component"": ""filter"", ""query_field"": ""nationality"", ""matched_field"": ""nationality"", ""match_type"": ""exact_path"", ""score"": 1.0}, {""component"": ""output"", ""query_field"": ""gender"", ""matched_field"": ""gender"", ""match_type"": ""reuse_filter_match"", ""score"": 1.0}, {""component"": ""output"", ""query_field"": ""nationality"", ""matched_field"": ""nationality"", ""match_type"": ""reuse_filter_match"", ""score"": 1.0}]",random_topk_1
D8,W2_DEMOGRAPHIC_EXPERT,Medium,True,1.0,[],[],SUPPORTED,"[{""component"": ""filter"", ""query_field"": ""birth date"", ""matched_field"": ""birth date"", ""match_type"": ""exact_path"", ""score"": 1.0}, {""component"": ""filter"", ""query_field"": ""gender"", ""matched_field"": ""gender"", ""match_type"": ""exact_path"", ""score"": 1.0}, {""component"": ""output"", ""query_field"": ""birth date"", ""matched_field"": ""birth date"", ""match_type"": ""reuse_filter_match"", ""score"": 1.0}, {""component"": ""output"", ""query_field"": ""gender"", ""matched_field"": ""gender"", ""match_type"": ""reuse_filter_match"", ""score"": 1.0}, {""component"": ""sort"", ""query_field"": ""birth date"", ""matched_field"": ""birth date"", ""match_type"": ""reuse_filter_match"", ""score"": 1.0}]",random_topk_1
D9,W2_DEMOGRAPHIC_EXPERT,Medium,True,1.0,[],[],SUPPORTED,"[{""component"": ""filter"", ""query_field"": ""educational level"", ""matched_field"": ""educational level"", ""match_type"": ""exact_path"", ""score"": 1.0}, {""component"": ""filter"", ""query_field"": ""nationality"", ""matched_field"": ""nationality"", ""match_type"": ""exact_path"", ""score"": 1.0}, {""component"": ""output"", ""query_field"": ""educational level"", ""matched_field"": ""educational level"", ""match_type"": ""reuse_filter_match"", ""score"": 1.0}, {""component"": ""output"", ""query_field"": ""nationality"", ""matched_field"": ""nationality"", ""match_type"": ""reuse_filter_match"", ""score"": 1.0}]",random_topk_1
D10,W2_DEMOGRAPHIC_EXPERT,Medium,True,1.0,[],[],SUPPORTED,"[{""component"": ""filter"", ""query_field"": ""race"", ""matched_field"": ""race"", ""match_type"": ""exact_path"", ""score"": 1.0}, {""component"": ""filter"", ""query_field"": ""nationality"", ""matched_field"": ""nationality"", ""match_type"": ""exact_path"", ""score"": 1.0}, {""component"": ""output"", ""query_field"": ""race"", ""matched_field"": ""race"", ""match_type"": ""reuse_filter_match"", ""score"": 1.0}, {""component"": ""output"", ""query_field"": ""nationality"", ""matched_field"": ""nationality"", ""match_type"": ""reuse_filter_match"", ""score"": 1.0}]",random_topk_1
D11,W2_DEMOGRAPHIC_EXPERT,Hard,True,1.0,[],[],SUPPORTED,"[{""component"": ""filter"", ""query_field"": ""race"", ""matched_field"": ""race"", ""match_type"": ""exact_path"", ""score"": 1.0}, {""component"": ""filter"", ""query_field"": ""ethnic group"", ""matched_field"": ""ethnic group"", ""match_type"": ""exact_path"", ""score"": 1.0}, {""component"": ""filter"", ""query_field"": ""nationality"", ""matched_field"": ""nationality"", ""match_type"": ""exact_path"", ""score"": 1.0}, {""component"": ""output"", ""query_field"": ""race"", ""matched_field"": ""race"", ""match_type"": ""reuse_filter_match"", ""score"": 1.0}, {""component"": ""output"", ""query_field"": ""ethnic group"", ""matched_field"": ""ethnic group"", ""match_type"": ""reuse_filter_match"", ""score"": 1.0}, {""component"": ""output"", ""query_field"": ""nationality"", ""matched_field"": ""nationality"", ""match_type"": ""reuse_filter_match"", ""score"": 1.0}]",random_topk_1
D12,W2_DEMOGRAPHIC_EXPERT,Hard,True,1.0,[],[],SUPPORTED,"[{""component"": ""filter"", ""query_field"": ""birth date"", ""matched_field"": ""birth date"", ""match_type"": ""exact_path"", ""score"": 1.0}, {""component"": ""filter"", ""query_field"": ""gender"", ""matched_field"": ""gender"", ""match_type"": ""exact_path"", ""score"": 1.0}, {""component"": ""filter"", ""query_field"": ""nationality"", ""matched_field"": ""nationality"", ""match_type"": ""exact_path"", ""score"": 1.0}, {""component"": ""output"", ""query_field"": ""birth date"", ""matched_field"": ""birth date"", ""match_type"": ""reuse_filter_match"", ""score"": 1.0}, {""component"": ""output"", ""query_field"": ""gender"", ""matched_field"": ""gender"", ""match_type"": ""reuse_filter_match"", ""score"": 1.0}, {""component"": ""output"", ""query_field"": ""nationality"", ""matched_field"": ""nationality"", ""match_type"": ""reuse_filter_match"", ""score"": 1.0}, {""component"": ""sort"", ""query_field"": ""birth date"", ""matched_field"": ""birth date"", ""match_type"": ""reuse_filter_match"", ""score"": 1.0}]",random_topk_1
H1,W3_HOSPITALISATION_EXPERT,Easy,True,1.0,[],[],SUPPORTED,"[{""component"": ""filter"", ""query_field"": ""Admission type"", ""matched_field"": ""Admission type"", ""match_type"": ""exact_path"", ""score"": 1.0}, {""component"": ""output"", ""query_field"": ""Admission type"", ""matched_field"": ""Admission type"", ""match_type"": ""reuse_filter_match"", ""score"": 1.0}]",random_topk_1
H2,W3_HOSPITALISATION_EXPERT,Easy,True,1.0,[],[],SUPPORTED,"[{""component"": ""filter"", ""query_field"": ""Hospital service"", ""matched_field"": ""Hospital service"", ""match_type"": ""exact_path"", ""score"": 1.0}, {""component"": ""output"", ""query_field"": ""Hospital service"", ""matched_field"": ""Hospital service"", ""match_type"": ""reuse_filter_match"", ""score"": 1.0}]",random_topk_1
H3,W3_HOSPITALISATION_EXPERT,Easy,True,1.0,[],[],SUPPORTED,"[{""component"": ""filter"", ""query_field"": ""ICU - Total"", ""matched_field"": ""ICU - Total"", ""match_type"": ""exact_path"", ""score"": 1.0}, {""component"": ""output"", ""query_field"": ""ICU - Total"", ""matched_field"": ""ICU - Total"", ""match_type"": ""reuse_filter_match"", ""score"": 1.0}, {""component"": ""sort"", ""query_field"": ""ICU - Total"", ""matched_field"": ""ICU - Total"", ""match_type"": ""reuse_filter_match"", ""score"": 1.0}]",random_topk_1
H4,W3_HOSPITALISATION_EXPERT,Easy,True,1.0,[],[],SUPPORTED,"[{""component"": ""filter"", ""query_field"": ""death indicator"", ""matched_field"": ""death indicator"", ""match_type"": ""exact_path"", ""score"": 1.0}, {""component"": ""output"", ""query_field"": ""death indicator"", ""matched_field"": ""death indicator"", ""match_type"": ""reuse_filter_match"", ""score"": 1.0}]",random_topk_1
H5,W3_HOSPITALISATION_EXPERT,Easy,True,1.0,[],[],SUPPORTED,"[{""component"": ""filter"", ""query_field"": ""hospital infection"", ""matched_field"": ""hospital infection"", ""match_type"": ""exact_path"", ""score"": 1.0}, {""component"": ""output"", ""query_field"": ""hospital infection"", ""matched_field"": ""hospital infection"", ""match_type"": ""reuse_filter_match"", ""score"": 1.0}]",random_topk_1
H6,W3_HOSPITALISATION_EXPERT,Easy,False,0.0,"[""Patient admission / Tree / Assigned patient location / Facility / Universal ID"", ""Universal ID""]",[],ABSENT_OR_PRUNED_OR_MATCH_FAILED,"[{""component"": ""filter"", ""query_field"": ""Universal ID"", ""matched_field"": null, ""match_type"": ""no_match"", ""score"": 0.0}, {""component"": ""output"", ""query_field"": ""Universal ID"", ""matched_field"": null, ""match_type"": ""no_match"", ""score"": 0.0}]",random_topk_1
H7,W3_HOSPITALISATION_EXPERT,Medium,True,1.0,[],[],SUPPORTED,"[{""component"": ""filter"", ""query_field"": ""Admission type"", ""matched_field"": ""Admission type"", ""match_type"": ""exact_path"", ""score"": 1.0}, {""component"": ""filter"", ""query_field"": ""Hospital service"", ""matched_field"": ""Hospital service"", ""match_type"": ""exact_path"", ""score"": 1.0}, {""component"": ""output"", ""query_field"": ""Admission type"", ""matched_field"": ""Admission type"", ""match_type"": ""reuse_filter_match"", ""score"": 1.0}, {""component"": ""output"", ""query_field"": ""Hospital service"", ""matched_field"": ""Hospital service"", ""match_type"": ""reuse_filter_match"", ""score"": 1.0}]",random_topk_1
H8,W3_HOSPITALISATION_EXPERT,Medium,True,1.0,[],[],SUPPORTED,"[{""component"": ""filter"", ""query_field"": ""Admit date/time"", ""matched_field"": ""Admit date/time"", ""match_type"": ""exact_path"", ""score"": 1.0}, {""component"": ""filter"", ""query_field"": ""State/province"", ""matched_field"": ""State/province"", ""match_type"": ""exact_path"", ""score"": 1.0}, {""component"": ""output"", ""query_field"": ""Admit date/time"", ""matched_field"": ""Admit date/time"", ""match_type"": ""reuse_filter_match"", ""score"": 1.0}, {""component"": ""output"", ""query_field"": ""State/province"", ""matched_field"": ""State/province"", ""match_type"": ""reuse_filter_match"", ""score"": 1.0}, {""component"": ""sort"", ""query_field"": ""Admit date/time"", ""matched_field"": ""Admit date/time"", ""match_type"": ""reuse_filter_match"", ""score"": 1.0}]",random_topk_1
H9,W3_HOSPITALISATION_EXPERT,Medium,True,1.0,[],[],SUPPORTED,"[{""component"": ""filter"", ""query_field"": ""claim reason"", ""matched_field"": ""claim reason"", ""match_type"": ""exact_path"", ""score"": 1.0}, {""component"": ""filter"", ""query_field"": ""death indicator"", ""matched_field"": ""death indicator"", ""match_type"": ""exact_path"", ""score"": 1.0}, {""component"": ""output"", ""query_field"": ""claim reason"", ""matched_field"": ""claim reason"", ""match_type"": ""reuse_filter_match"", ""score"": 1.0}, {""component"": ""output"", ""query_field"": ""death indicator"", ""matched_field"": ""death indicator"", ""match_type"": ""reuse_filter_match"", ""score"": 1.0}]",random_topk_1
H10,W3_HOSPITALISATION_EXPERT,Medium,True,1.0,[],[],SUPPORTED,"[{""component"": ""filter"", ""query_field"": ""Patient class"", ""matched_field"": ""Patient class"", ""match_type"": ""exact_path"", ""score"": 1.0}, {""component"": ""output"", ""query_field"": ""Patient class"", ""matched_field"": ""Patient class"", ""match_type"": ""reuse_filter_match"", ""score"": 1.0}, {""component"": ""output"", ""query_field"": ""Admission type"", ""matched_field"": ""Admission type"", ""match_type"": ""exact_label"", ""score"": 1.0}]",random_topk_1
H11,W3_HOSPITALISATION_EXPERT,Hard,True,1.0,[],[],SUPPORTED,"[{""component"": ""filter"", ""query_field"": ""Problem"", ""matched_field"": ""Problem"", ""match_type"": ""exact_path"", ""score"": 1.0}, {""component"": ""filter"", ""query_field"": ""Procedure"", ""matched_field"": ""Procedure"", ""match_type"": ""exact_path"", ""score"": 1.0}, {""component"": ""output"", ""query_field"": ""Problem"", ""matched_field"": ""Problem"", ""match_type"": ""reuse_filter_match"", ""score"": 1.0}, {""component"": ""output"", ""query_field"": ""Procedure"", ""matched_field"": ""Procedure"", ""match_type"": ""reuse_filter_match"", ""score"": 1.0}]",random_topk_1
H12,W3_HOSPITALISATION_EXPERT,Hard,True,1.0,[],[],SUPPORTED,"[{""component"": ""filter"", ""query_field"": ""Admit date/time"", ""matched_field"": ""Admit date/time"", ""match_type"": ""exact_path"", ""score"": 1.0}, {""component"": ""filter"", ""query_field"": ""claim reason"", ""matched_field"": ""claim reason"", ""match_type"": ""exact_path"", ""score"": 1.0}, {""component"": ""output"", ""query_field"": ""Admit date/time"", ""matched_field"": ""Admit date/time"", ""match_type"": ""reuse_filter_match"", ""score"": 1.0}, {""component"": ""output"", ""query_field"": ""Admission type"", ""matched_field"": ""Admission type"", ""match_type"": ""exact_label"", ""score"": 1.0}, {""component"": ""output"", ""query_field"": ""Hospital service"", ""matched_field"": ""Hospital service"", ""match_type"": ""exact_label"", ""score"": 1.0}, {""component"": ""output"", ""query_field"": ""ICU - Total"", ""matched_field"": ""ICU - Total"", ""match_type"": ""exact_label"", ""score"": 1.0}, {""component"": ""output"", ""query_field"": ""claim reason"", ""matched_field"": ""claim reason"", ""match_type"": ""reuse_filter_match"", ""score"": 1.0}, {""component"": ""output"", ""query_field"": ""death indicator"", ""matched_field"": ""death indicator"", ""match_type"": ""exact_label"", ""score"": 1.0}, {""component"": ""sort"", ""query_field"": ""Admit date/time"", ""matched_field"": ""Admit date/time"", ""match_type"": ""reuse_filter_match"", ""score"": 1.0}]",random_topk_1
