source,target,edge_type,containment_connectivity,cooccurrence_connectivity,structural_connectivity,weight,records_present_count
/composition|outpatient_high_complexity_procedures|openehr-ehr-composition.outpatient_high_complexity_procedures.v1|openehr-ehr-composition.outpatient_high_complexity_procedures.v1,/composition|outpatient_high_complexity_procedures|openehr-ehr-composition.outpatient_high_complexity_procedures.v1|openehr-ehr-composition.outpatient_high_complexity_procedures.v1/admin_entry|hcpa|openehr-ehr-admin_entry.high_complexity_procedures_sus.v1|openehr-ehr-admin_entry.high_complexity_procedures_sus.v1,containment,1.0,0.0,0.7,0.7,27
/composition|outpatient_high_complexity_procedures|openehr-ehr-composition.outpatient_high_complexity_procedures.v1|openehr-ehr-composition.outpatient_high_complexity_procedures.v1/admin_entry|hcpa|openehr-ehr-admin_entry.high_complexity_procedures_sus.v1|openehr-ehr-admin_entry.high_complexity_procedures_sus.v1,/composition|outpatient_high_complexity_procedures|openehr-ehr-composition.outpatient_high_complexity_procedures.v1|openehr-ehr-composition.outpatient_high_complexity_procedures.v1/admin_entry|hcpa|openehr-ehr-admin_entry.high_complexity_procedures_sus.v1|openehr-ehr-admin_entry.high_complexity_procedures_sus.v1/item_tree|components|at0001|openehr-ehr-admin_entry.high_complexity_procedures_sus.v1,containment,1.0,0.0,0.7,0.7,27
/composition|outpatient_high_complexity_procedures|openehr-ehr-composition.outpatient_high_complexity_procedures.v1|openehr-ehr-composition.outpatient_high_complexity_procedures.v1/admin_entry|hcpa|openehr-ehr-admin_entry.high_complexity_procedures_sus.v1|openehr-ehr-admin_entry.high_complexity_procedures_sus.v1/item_tree|components|at0001|openehr-ehr-admin_entry.high_complexity_procedures_sus.v1,/composition|outpatient_high_complexity_procedures|openehr-ehr-composition.outpatient_high_complexity_procedures.v1|openehr-ehr-composition.outpatient_high_complexity_procedures.v1/admin_entry|hcpa|openehr-ehr-admin_entry.high_complexity_procedures_sus.v1|openehr-ehr-admin_entry.high_complexity_procedures_sus.v1/item_tree|components|at0001|openehr-ehr-admin_entry.high_complexity_procedures_sus.v1/cluster|general_data|at0023|openehr-ehr-admin_entry.high_complexity_procedures_sus.v1,containment,1.0,0.0,0.7,0.7,27
/composition|outpatient_high_complexity_procedures|openehr-ehr-composition.outpatient_high_complexity_procedures.v1|openehr-ehr-composition.outpatient_high_complexity_procedures.v1/admin_entry|hcpa|openehr-ehr-admin_entry.high_complexity_procedures_sus.v1|openehr-ehr-admin_entry.high_complexity_procedures_sus.v1/item_tree|components|at0001|openehr-ehr-admin_entry.high_complexity_procedures_sus.v1/cluster|general_data|at0023|openehr-ehr-admin_entry.high_complexity_procedures_sus.v1,/composition|outpatient_high_complexity_procedures|openehr-ehr-composition.outpatient_high_complexity_procedures.v1|openehr-ehr-composition.outpatient_high_complexity_procedures.v1/admin_entry|hcpa|openehr-ehr-admin_entry.high_complexity_procedures_sus.v1|openehr-ehr-admin_entry.high_complexity_procedures_sus.v1/item_tree|components|at0001|openehr-ehr-admin_entry.high_complexity_procedures_sus.v1/cluster|general_data|at0023|openehr-ehr-admin_entry.high_complexity_procedures_sus.v1/element|issue_date|at0009|openehr-ehr-admin_entry.high_complexity_procedures_sus.v1,containment,1.0,0.0,0.7,0.7,27
/composition|outpatient_high_complexity_procedures|openehr-ehr-composition.outpatient_high_complexity_procedures.v1|openehr-ehr-composition.outpatient_high_complexity_procedures.v1/admin_entry|hcpa|openehr-ehr-admin_entry.high_complexity_procedures_sus.v1|openehr-ehr-admin_entry.high_complexity_procedures_sus.v1/item_tree|components|at0001|openehr-ehr-admin_entry.high_complexity_procedures_sus.v1/cluster|general_data|at0023|openehr-ehr-admin_entry.high_complexity_procedures_sus.v1,/composition|outpatient_high_complexity_procedures|openehr-ehr-composition.outpatient_high_complexity_procedures.v1|openehr-ehr-composition.outpatient_high_complexity_procedures.v1/admin_entry|hcpa|openehr-ehr-admin_entry.high_complexity_procedures_sus.v1|openehr-ehr-admin_entry.high_complexity_procedures_sus.v1/item_tree|components|at0001|openehr-ehr-admin_entry.high_complexity_procedures_sus.v1/cluster|general_data|at0023|openehr-ehr-admin_entry.high_complexity_procedures_sus.v1/element|reason_for_encounter|at0010|openehr-ehr-admin_entry.high_complexity_procedures_sus.v1,containment,1.0,0.0,0.7,0.7,27
/composition|outpatient_high_complexity_procedures|openehr-ehr-composition.outpatient_high_complexity_procedures.v1|openehr-ehr-composition.outpatient_high_complexity_procedures.v1/admin_entry|hcpa|openehr-ehr-admin_entry.high_complexity_procedures_sus.v1|openehr-ehr-admin_entry.high_complexity_procedures_sus.v1/item_tree|components|at0001|openehr-ehr-admin_entry.high_complexity_procedures_sus.v1/cluster|general_data|at0023|openehr-ehr-admin_entry.high_complexity_procedures_sus.v1,/composition|outpatient_high_complexity_procedures|openehr-ehr-composition.outpatient_high_complexity_procedures.v1|openehr-ehr-composition.outpatient_high_complexity_procedures.v1/admin_entry|hcpa|openehr-ehr-admin_entry.high_complexity_procedures_sus.v1|openehr-ehr-admin_entry.high_complexity_procedures_sus.v1/item_tree|components|at0001|openehr-ehr-admin_entry.high_complexity_procedures_sus.v1/cluster|general_data|at0023|openehr-ehr-admin_entry.high_complexity_procedures_sus.v1/element|healthcare_unit|at0011|openehr-ehr-admin_entry.high_complexity_procedures_sus.v1,containment,1.0,0.0,0.7,0.7,27
/composition|outpatient_high_complexity_procedures|openehr-ehr-composition.outpatient_high_complexity_procedures.v1|openehr-ehr-composition.outpatient_high_complexity_procedures.v1/admin_entry|hcpa|openehr-ehr-admin_entry.high_complexity_procedures_sus.v1|openehr-ehr-admin_entry.high_complexity_procedures_sus.v1/item_tree|components|at0001|openehr-ehr-admin_entry.high_complexity_procedures_sus.v1/cluster|general_data|at0023|openehr-ehr-admin_entry.high_complexity_procedures_sus.v1,/composition|outpatient_high_complexity_procedures|openehr-ehr-composition.outpatient_high_complexity_procedures.v1|openehr-ehr-composition.outpatient_high_complexity_procedures.v1/admin_entry|hcpa|openehr-ehr-admin_entry.high_complexity_procedures_sus.v1|openehr-ehr-admin_entry.high_complexity_procedures_sus.v1/item_tree|components|at0001|openehr-ehr-admin_entry.high_complexity_procedures_sus.v1/cluster|general_data|at0023|openehr-ehr-admin_entry.high_complexity_procedures_sus.v1/element|state|at0028|openehr-ehr-admin_entry.high_complexity_procedures_sus.v1,containment,1.0,0.0,0.7,0.7,27
/composition|outpatient_high_complexity_procedures|openehr-ehr-composition.outpatient_high_complexity_procedures.v1|openehr-ehr-composition.outpatient_high_complexity_procedures.v1/admin_entry|hcpa|openehr-ehr-admin_entry.high_complexity_procedures_sus.v1|openehr-ehr-admin_entry.high_complexity_procedures_sus.v1/item_tree|components|at0001|openehr-ehr-admin_entry.high_complexity_procedures_sus.v1/cluster|general_data|at0023|openehr-ehr-admin_entry.high_complexity_procedures_sus.v1,/composition|outpatient_high_complexity_procedures|openehr-ehr-composition.outpatient_high_complexity_procedures.v1|openehr-ehr-composition.outpatient_high_complexity_procedures.v1/admin_entry|hcpa|openehr-ehr-admin_entry.high_complexity_procedures_sus.v1|openehr-ehr-admin_entry.high_complexity_procedures_sus.v1/item_tree|components|at0001|openehr-ehr-admin_entry.high_complexity_procedures_sus.v1/cluster|general_data|at0023|openehr-ehr-admin_entry.high_complexity_procedures_sus.v1/element|patient_age|at0012|openehr-ehr-admin_entry.high_complexity_procedures_sus.v1,containment,1.0,0.0,0.7,0.7,27
/composition|outpatient_high_complexity_procedures|openehr-ehr-composition.outpatient_high_complexity_procedures.v1|openehr-ehr-composition.outpatient_high_complexity_procedures.v1/admin_entry|hcpa|openehr-ehr-admin_entry.high_complexity_procedures_sus.v1|openehr-ehr-admin_entry.high_complexity_procedures_sus.v1/item_tree|components|at0001|openehr-ehr-admin_entry.high_complexity_procedures_sus.v1,/composition|outpatient_high_complexity_procedures|openehr-ehr-composition.outpatient_high_complexity_procedures.v1|openehr-ehr-composition.outpatient_high_complexity_procedures.v1/admin_entry|hcpa|openehr-ehr-admin_entry.high_complexity_procedures_sus.v1|openehr-ehr-admin_entry.high_complexity_procedures_sus.v1/item_tree|components|at0001|openehr-ehr-admin_entry.high_complexity_procedures_sus.v1/cluster|radiotherapy|at0017|openehr-ehr-admin_entry.high_complexity_procedures_sus.v1,containment,1.0,0.0,0.7,0.7,4
/composition|outpatient_high_complexity_procedures|openehr-ehr-composition.outpatient_high_complexity_procedures.v1|openehr-ehr-composition.outpatient_high_complexity_procedures.v1/admin_entry|hcpa|openehr-ehr-admin_entry.high_complexity_procedures_sus.v1|openehr-ehr-admin_entry.high_complexity_procedures_sus.v1/item_tree|components|at0001|openehr-ehr-admin_entry.high_complexity_procedures_sus.v1/cluster|radiotherapy|at0017|openehr-ehr-admin_entry.high_complexity_procedures_sus.v1,/composition|outpatient_high_complexity_procedures|openehr-ehr-composition.outpatient_high_complexity_procedures.v1|openehr-ehr-composition.outpatient_high_complexity_procedures.v1/admin_entry|hcpa|openehr-ehr-admin_entry.high_complexity_procedures_sus.v1|openehr-ehr-admin_entry.high_complexity_procedures_sus.v1/item_tree|components|at0001|openehr-ehr-admin_entry.high_complexity_procedures_sus.v1/cluster|radiotherapy|at0017|openehr-ehr-admin_entry.high_complexity_procedures_sus.v1/element|date_of_beginning_of_radiotherapy|at0032|openehr-ehr-admin_entry.high_complexity_procedures_sus.v1,containment,1.0,0.0,0.7,0.7,4
/composition|outpatient_high_complexity_procedures|openehr-ehr-composition.outpatient_high_complexity_procedures.v1|openehr-ehr-composition.outpatient_high_complexity_procedures.v1,/composition|outpatient_high_complexity_procedures|openehr-ehr-composition.outpatient_high_complexity_procedures.v1|openehr-ehr-composition.outpatient_high_complexity_procedures.v1/admin_entry|patient_discharge|openehr-ehr-admin_entry.patient_discharge.v1|openehr-ehr-admin_entry.patient_discharge.v1,containment,1.0,0.0,0.7,0.7,27
/composition|outpatient_high_complexity_procedures|openehr-ehr-composition.outpatient_high_complexity_procedures.v1|openehr-ehr-composition.outpatient_high_complexity_procedures.v1/admin_entry|patient_discharge|openehr-ehr-admin_entry.patient_discharge.v1|openehr-ehr-admin_entry.patient_discharge.v1,/composition|outpatient_high_complexity_procedures|openehr-ehr-composition.outpatient_high_complexity_procedures.v1|openehr-ehr-composition.outpatient_high_complexity_procedures.v1/admin_entry|patient_discharge|openehr-ehr-admin_entry.patient_discharge.v1|openehr-ehr-admin_entry.patient_discharge.v1/item_tree|components|at0001|openehr-ehr-admin_entry.patient_discharge.v1,containment,1.0,0.0,0.7,0.7,27
/composition|outpatient_high_complexity_procedures|openehr-ehr-composition.outpatient_high_complexity_procedures.v1|openehr-ehr-composition.outpatient_high_complexity_procedures.v1/admin_entry|patient_discharge|openehr-ehr-admin_entry.patient_discharge.v1|openehr-ehr-admin_entry.patient_discharge.v1/item_tree|components|at0001|openehr-ehr-admin_entry.patient_discharge.v1,/composition|outpatient_high_complexity_procedures|openehr-ehr-composition.outpatient_high_complexity_procedures.v1|openehr-ehr-composition.outpatient_high_complexity_procedures.v1/admin_entry|patient_discharge|openehr-ehr-admin_entry.patient_discharge.v1|openehr-ehr-admin_entry.patient_discharge.v1/item_tree|components|at0001|openehr-ehr-admin_entry.patient_discharge.v1/element|date_of_discharge|at0002|openehr-ehr-admin_entry.patient_discharge.v1,containment,1.0,0.0,0.7,0.7,27
/composition|outpatient_high_complexity_procedures|openehr-ehr-composition.outpatient_high_complexity_procedures.v1|openehr-ehr-composition.outpatient_high_complexity_procedures.v1/admin_entry|patient_discharge|openehr-ehr-admin_entry.patient_discharge.v1|openehr-ehr-admin_entry.patient_discharge.v1/item_tree|components|at0001|openehr-ehr-admin_entry.patient_discharge.v1,/composition|outpatient_high_complexity_procedures|openehr-ehr-composition.outpatient_high_complexity_procedures.v1|openehr-ehr-composition.outpatient_high_complexity_procedures.v1/admin_entry|patient_discharge|openehr-ehr-admin_entry.patient_discharge.v1|openehr-ehr-admin_entry.patient_discharge.v1/item_tree|components|at0001|openehr-ehr-admin_entry.patient_discharge.v1/element|reason_for_discharge|at0003|openehr-ehr-admin_entry.patient_discharge.v1,containment,1.0,0.0,0.7,0.7,27
/composition|outpatient_high_complexity_procedures|openehr-ehr-composition.outpatient_high_complexity_procedures.v1|openehr-ehr-composition.outpatient_high_complexity_procedures.v1,/composition|outpatient_high_complexity_procedures|openehr-ehr-composition.outpatient_high_complexity_procedures.v1|openehr-ehr-composition.outpatient_high_complexity_procedures.v1/evaluation|problem_diagnosis|openehr-ehr-evaluation.problem_diagnosis-sus.v1|openehr-ehr-evaluation.problem_diagnosis-sus.v1,containment,1.0,0.0,0.7,0.7,27
/composition|outpatient_high_complexity_procedures|openehr-ehr-composition.outpatient_high_complexity_procedures.v1|openehr-ehr-composition.outpatient_high_complexity_procedures.v1/evaluation|problem_diagnosis|openehr-ehr-evaluation.problem_diagnosis-sus.v1|openehr-ehr-evaluation.problem_diagnosis-sus.v1,/composition|outpatient_high_complexity_procedures|openehr-ehr-composition.outpatient_high_complexity_procedures.v1|openehr-ehr-composition.outpatient_high_complexity_procedures.v1/evaluation|problem_diagnosis|openehr-ehr-evaluation.problem_diagnosis-sus.v1|openehr-ehr-evaluation.problem_diagnosis-sus.v1/item_tree|structure|at0001|openehr-ehr-evaluation.problem_diagnosis-sus.v1,containment,1.0,0.0,0.7,0.7,27
/composition|outpatient_high_complexity_procedures|openehr-ehr-composition.outpatient_high_complexity_procedures.v1|openehr-ehr-composition.outpatient_high_complexity_procedures.v1/evaluation|problem_diagnosis|openehr-ehr-evaluation.problem_diagnosis-sus.v1|openehr-ehr-evaluation.problem_diagnosis-sus.v1/item_tree|structure|at0001|openehr-ehr-evaluation.problem_diagnosis-sus.v1,/composition|outpatient_high_complexity_procedures|openehr-ehr-composition.outpatient_high_complexity_procedures.v1|openehr-ehr-composition.outpatient_high_complexity_procedures.v1/evaluation|problem_diagnosis|openehr-ehr-evaluation.problem_diagnosis-sus.v1|openehr-ehr-evaluation.problem_diagnosis-sus.v1/item_tree|structure|at0001|openehr-ehr-evaluation.problem_diagnosis-sus.v1/element|problem|at0002.1|openehr-ehr-evaluation.problem_diagnosis-sus.v1,containment,1.0,0.0,0.7,0.7,27
/composition|outpatient_high_complexity_procedures|openehr-ehr-composition.outpatient_high_complexity_procedures.v1|openehr-ehr-composition.outpatient_high_complexity_procedures.v1/evaluation|problem_diagnosis|openehr-ehr-evaluation.problem_diagnosis-sus.v1|openehr-ehr-evaluation.problem_diagnosis-sus.v1/item_tree|structure|at0001|openehr-ehr-evaluation.problem_diagnosis-sus.v1,/composition|outpatient_high_complexity_procedures|openehr-ehr-composition.outpatient_high_complexity_procedures.v1|openehr-ehr-composition.outpatient_high_complexity_procedures.v1/evaluation|problem_diagnosis|openehr-ehr-evaluation.problem_diagnosis-sus.v1|openehr-ehr-evaluation.problem_diagnosis-sus.v1/item_tree|structure|at0001|openehr-ehr-evaluation.problem_diagnosis-sus.v1/element|secondary_diagnosis|at0.1|openehr-ehr-evaluation.problem_diagnosis-sus.v1,containment,1.0,0.0,0.7,0.7,27
/composition|outpatient_high_complexity_procedures|openehr-ehr-composition.outpatient_high_complexity_procedures.v1|openehr-ehr-composition.outpatient_high_complexity_procedures.v1/evaluation|problem_diagnosis|openehr-ehr-evaluation.problem_diagnosis-sus.v1|openehr-ehr-evaluation.problem_diagnosis-sus.v1/item_tree|structure|at0001|openehr-ehr-evaluation.problem_diagnosis-sus.v1,/composition|outpatient_high_complexity_procedures|openehr-ehr-composition.outpatient_high_complexity_procedures.v1|openehr-ehr-composition.outpatient_high_complexity_procedures.v1/evaluation|problem_diagnosis|openehr-ehr-evaluation.problem_diagnosis-sus.v1|openehr-ehr-evaluation.problem_diagnosis-sus.v1/item_tree|structure|at0001|openehr-ehr-evaluation.problem_diagnosis-sus.v1/element|associated_causes|at0.2|openehr-ehr-evaluation.problem_diagnosis-sus.v1,containment,1.0,0.0,0.7,0.7,27
/composition|outpatient_high_complexity_procedures|openehr-ehr-composition.outpatient_high_complexity_procedures.v1|openehr-ehr-composition.outpatient_high_complexity_procedures.v1/evaluation|problem_diagnosis|openehr-ehr-evaluation.problem_diagnosis-sus.v1|openehr-ehr-evaluation.problem_diagnosis-sus.v1/item_tree|structure|at0001|openehr-ehr-evaluation.problem_diagnosis-sus.v1,/composition|outpatient_high_complexity_procedures|openehr-ehr-composition.outpatient_high_complexity_procedures.v1|openehr-ehr-composition.outpatient_high_complexity_procedures.v1/evaluation|problem_diagnosis|openehr-ehr-evaluation.problem_diagnosis-sus.v1|openehr-ehr-evaluation.problem_diagnosis-sus.v1/item_tree|structure|at0001|openehr-ehr-evaluation.problem_diagnosis-sus.v1/element|invaded_regional_linphonodes|at0.4|openehr-ehr-evaluation.problem_diagnosis-sus.v1,containment,1.0,0.0,0.7,0.7,8
/composition|outpatient_high_complexity_procedures|openehr-ehr-composition.outpatient_high_complexity_procedures.v1|openehr-ehr-composition.outpatient_high_complexity_procedures.v1/evaluation|problem_diagnosis|openehr-ehr-evaluation.problem_diagnosis-sus.v1|openehr-ehr-evaluation.problem_diagnosis-sus.v1/item_tree|structure|at0001|openehr-ehr-evaluation.problem_diagnosis-sus.v1,/composition|outpatient_high_complexity_procedures|openehr-ehr-composition.outpatient_high_complexity_procedures.v1|openehr-ehr-composition.outpatient_high_complexity_procedures.v1/evaluation|problem_diagnosis|openehr-ehr-evaluation.problem_diagnosis-sus.v1|openehr-ehr-evaluation.problem_diagnosis-sus.v1/item_tree|structure|at0001|openehr-ehr-evaluation.problem_diagnosis-sus.v1/cluster|tumour_-_tnm_cancer_staging|openehr-ehr-cluster.tnm_staging-sus.v1|openehr-ehr-evaluation.problem_diagnosis-sus.v1,containment,1.0,0.0,0.7,0.7,8
/composition|outpatient_high_complexity_procedures|openehr-ehr-composition.outpatient_high_complexity_procedures.v1|openehr-ehr-composition.outpatient_high_complexity_procedures.v1/evaluation|problem_diagnosis|openehr-ehr-evaluation.problem_diagnosis-sus.v1|openehr-ehr-evaluation.problem_diagnosis-sus.v1/item_tree|structure|at0001|openehr-ehr-evaluation.problem_diagnosis-sus.v1/cluster|tumour_-_tnm_cancer_staging|openehr-ehr-cluster.tnm_staging-sus.v1|openehr-ehr-evaluation.problem_diagnosis-sus.v1,/composition|outpatient_high_complexity_procedures|openehr-ehr-composition.outpatient_high_complexity_procedures.v1|openehr-ehr-composition.outpatient_high_complexity_procedures.v1/evaluation|problem_diagnosis|openehr-ehr-evaluation.problem_diagnosis-sus.v1|openehr-ehr-evaluation.problem_diagnosis-sus.v1/item_tree|structure|at0001|openehr-ehr-evaluation.problem_diagnosis-sus.v1/cluster|tumour_-_tnm_cancer_staging|openehr-ehr-cluster.tnm_staging-sus.v1|openehr-ehr-evaluation.problem_diagnosis-sus.v1/cluster|clinical_(ctnm)|at0002|openehr-ehr-evaluation.problem_diagnosis-sus.v1,containment,1.0,0.0,0.7,0.7,8
/composition|outpatient_high_complexity_procedures|openehr-ehr-composition.outpatient_high_complexity_procedures.v1|openehr-ehr-composition.outpatient_high_complexity_procedures.v1/evaluation|problem_diagnosis|openehr-ehr-evaluation.problem_diagnosis-sus.v1|openehr-ehr-evaluation.problem_diagnosis-sus.v1/item_tree|structure|at0001|openehr-ehr-evaluation.problem_diagnosis-sus.v1/cluster|tumour_-_tnm_cancer_staging|openehr-ehr-cluster.tnm_staging-sus.v1|openehr-ehr-evaluation.problem_diagnosis-sus.v1/cluster|clinical_(ctnm)|at0002|openehr-ehr-evaluation.problem_diagnosis-sus.v1,/composition|outpatient_high_complexity_procedures|openehr-ehr-composition.outpatient_high_complexity_procedures.v1|openehr-ehr-composition.outpatient_high_complexity_procedures.v1/evaluation|problem_diagnosis|openehr-ehr-evaluation.problem_diagnosis-sus.v1|openehr-ehr-evaluation.problem_diagnosis-sus.v1/item_tree|structure|at0001|openehr-ehr-evaluation.problem_diagnosis-sus.v1/cluster|tumour_-_tnm_cancer_staging|openehr-ehr-cluster.tnm_staging-sus.v1|openehr-ehr-evaluation.problem_diagnosis-sus.v1/cluster|clinical_(ctnm)|at0002|openehr-ehr-evaluation.problem_diagnosis-sus.v1/element|clinical_staging|at0010|openehr-ehr-evaluation.problem_diagnosis-sus.v1,containment,1.0,0.0,0.7,0.7,8
/composition|outpatient_high_complexity_procedures|openehr-ehr-composition.outpatient_high_complexity_procedures.v1|openehr-ehr-composition.outpatient_high_complexity_procedures.v1/evaluation|problem_diagnosis|openehr-ehr-evaluation.problem_diagnosis-sus.v1|openehr-ehr-evaluation.problem_diagnosis-sus.v1/item_tree|structure|at0001|openehr-ehr-evaluation.problem_diagnosis-sus.v1/cluster|tumour_-_tnm_cancer_staging|openehr-ehr-cluster.tnm_staging-sus.v1|openehr-ehr-evaluation.problem_diagnosis-sus.v1,/composition|outpatient_high_complexity_procedures|openehr-ehr-composition.outpatient_high_complexity_procedures.v1|openehr-ehr-composition.outpatient_high_complexity_procedures.v1/evaluation|problem_diagnosis|openehr-ehr-evaluation.problem_diagnosis-sus.v1|openehr-ehr-evaluation.problem_diagnosis-sus.v1/item_tree|structure|at0001|openehr-ehr-evaluation.problem_diagnosis-sus.v1/cluster|tumour_-_tnm_cancer_staging|openehr-ehr-cluster.tnm_staging-sus.v1|openehr-ehr-evaluation.problem_diagnosis-sus.v1/cluster|pathological_(ptnm)|at0006|openehr-ehr-evaluation.problem_diagnosis-sus.v1,containment,1.0,0.0,0.7,0.7,8
/composition|outpatient_high_complexity_procedures|openehr-ehr-composition.outpatient_high_complexity_procedures.v1|openehr-ehr-composition.outpatient_high_complexity_procedures.v1/evaluation|problem_diagnosis|openehr-ehr-evaluation.problem_diagnosis-sus.v1|openehr-ehr-evaluation.problem_diagnosis-sus.v1/item_tree|structure|at0001|openehr-ehr-evaluation.problem_diagnosis-sus.v1/cluster|tumour_-_tnm_cancer_staging|openehr-ehr-cluster.tnm_staging-sus.v1|openehr-ehr-evaluation.problem_diagnosis-sus.v1/cluster|pathological_(ptnm)|at0006|openehr-ehr-evaluation.problem_diagnosis-sus.v1,/composition|outpatient_high_complexity_procedures|openehr-ehr-composition.outpatient_high_complexity_procedures.v1|openehr-ehr-composition.outpatient_high_complexity_procedures.v1/evaluation|problem_diagnosis|openehr-ehr-evaluation.problem_diagnosis-sus.v1|openehr-ehr-evaluation.problem_diagnosis-sus.v1/item_tree|structure|at0001|openehr-ehr-evaluation.problem_diagnosis-sus.v1/cluster|tumour_-_tnm_cancer_staging|openehr-ehr-cluster.tnm_staging-sus.v1|openehr-ehr-evaluation.problem_diagnosis-sus.v1/cluster|pathological_(ptnm)|at0006|openehr-ehr-evaluation.problem_diagnosis-sus.v1/element|histopathological_grading_(g)|at0035|openehr-ehr-evaluation.problem_diagnosis-sus.v1,containment,1.0,0.0,0.7,0.7,8
/composition|outpatient_high_complexity_procedures|openehr-ehr-composition.outpatient_high_complexity_procedures.v1|openehr-ehr-composition.outpatient_high_complexity_procedures.v1/evaluation|problem_diagnosis|openehr-ehr-evaluation.problem_diagnosis-sus.v1|openehr-ehr-evaluation.problem_diagnosis-sus.v1/item_tree|structure|at0001|openehr-ehr-evaluation.problem_diagnosis-sus.v1/cluster|tumour_-_tnm_cancer_staging|openehr-ehr-cluster.tnm_staging-sus.v1|openehr-ehr-evaluation.problem_diagnosis-sus.v1/cluster|pathological_(ptnm)|at0006|openehr-ehr-evaluation.problem_diagnosis-sus.v1,/composition|outpatient_high_complexity_procedures|openehr-ehr-composition.outpatient_high_complexity_procedures.v1|openehr-ehr-composition.outpatient_high_complexity_procedures.v1/evaluation|problem_diagnosis|openehr-ehr-evaluation.problem_diagnosis-sus.v1|openehr-ehr-evaluation.problem_diagnosis-sus.v1/item_tree|structure|at0001|openehr-ehr-evaluation.problem_diagnosis-sus.v1/cluster|tumour_-_tnm_cancer_staging|openehr-ehr-cluster.tnm_staging-sus.v1|openehr-ehr-evaluation.problem_diagnosis-sus.v1/cluster|pathological_(ptnm)|at0006|openehr-ehr-evaluation.problem_diagnosis-sus.v1/element|date_of_pathological_identification|at0.44|openehr-ehr-evaluation.problem_diagnosis-sus.v1,containment,1.0,0.0,0.7,0.7,8
/composition|outpatient_high_complexity_procedures|openehr-ehr-composition.outpatient_high_complexity_procedures.v1|openehr-ehr-composition.outpatient_high_complexity_procedures.v1/evaluation|problem_diagnosis|openehr-ehr-evaluation.problem_diagnosis-sus.v1|openehr-ehr-evaluation.problem_diagnosis-sus.v1/item_tree|structure|at0001|openehr-ehr-evaluation.problem_diagnosis-sus.v1/cluster|tumour_-_tnm_cancer_staging|openehr-ehr-cluster.tnm_staging-sus.v1|openehr-ehr-evaluation.problem_diagnosis-sus.v1,/composition|outpatient_high_complexity_procedures|openehr-ehr-composition.outpatient_high_complexity_procedures.v1|openehr-ehr-composition.outpatient_high_complexity_procedures.v1/evaluation|problem_diagnosis|openehr-ehr-evaluation.problem_diagnosis-sus.v1|openehr-ehr-evaluation.problem_diagnosis-sus.v1/item_tree|structure|at0001|openehr-ehr-evaluation.problem_diagnosis-sus.v1/cluster|tumour_-_tnm_cancer_staging|openehr-ehr-cluster.tnm_staging-sus.v1|openehr-ehr-evaluation.problem_diagnosis-sus.v1/element|topography|at0.43|openehr-ehr-evaluation.problem_diagnosis-sus.v1,containment,1.0,0.0,0.7,0.7,8
/composition|outpatient_high_complexity_procedures|openehr-ehr-composition.outpatient_high_complexity_procedures.v1|openehr-ehr-composition.outpatient_high_complexity_procedures.v1,/composition|outpatient_high_complexity_procedures|openehr-ehr-composition.outpatient_high_complexity_procedures.v1|openehr-ehr-composition.outpatient_high_complexity_procedures.v1/action|procedure_undertaken|openehr-ehr-action.procedure-sus.v1|openehr-ehr-action.procedure-sus.v1,containment,1.0,0.0,0.7,0.7,27
/composition|outpatient_high_complexity_procedures|openehr-ehr-composition.outpatient_high_complexity_procedures.v1|openehr-ehr-composition.outpatient_high_complexity_procedures.v1/action|procedure_undertaken|openehr-ehr-action.procedure-sus.v1|openehr-ehr-action.procedure-sus.v1,/composition|outpatient_high_complexity_procedures|openehr-ehr-composition.outpatient_high_complexity_procedures.v1|openehr-ehr-composition.outpatient_high_complexity_procedures.v1/action|procedure_undertaken|openehr-ehr-action.procedure-sus.v1|openehr-ehr-action.procedure-sus.v1/item_tree|procedure_list|at0001|openehr-ehr-action.procedure-sus.v1,containment,1.0,0.0,0.7,0.7,27
/composition|outpatient_high_complexity_procedures|openehr-ehr-composition.outpatient_high_complexity_procedures.v1|openehr-ehr-composition.outpatient_high_complexity_procedures.v1/action|procedure_undertaken|openehr-ehr-action.procedure-sus.v1|openehr-ehr-action.procedure-sus.v1/item_tree|procedure_list|at0001|openehr-ehr-action.procedure-sus.v1,/composition|outpatient_high_complexity_procedures|openehr-ehr-composition.outpatient_high_complexity_procedures.v1|openehr-ehr-composition.outpatient_high_complexity_procedures.v1/action|procedure_undertaken|openehr-ehr-action.procedure-sus.v1|openehr-ehr-action.procedure-sus.v1/item_tree|procedure_list|at0001|openehr-ehr-action.procedure-sus.v1/element|procedure|at0002|openehr-ehr-action.procedure-sus.v1,containment,1.0,0.0,0.7,0.7,27
/composition|outpatient_high_complexity_procedures|openehr-ehr-composition.outpatient_high_complexity_procedures.v1|openehr-ehr-composition.outpatient_high_complexity_procedures.v1/action|procedure_undertaken|openehr-ehr-action.procedure-sus.v1|openehr-ehr-action.procedure-sus.v1/item_tree|procedure_list|at0001|openehr-ehr-action.procedure-sus.v1,/composition|outpatient_high_complexity_procedures|openehr-ehr-composition.outpatient_high_complexity_procedures.v1|openehr-ehr-composition.outpatient_high_complexity_procedures.v1/action|procedure_undertaken|openehr-ehr-action.procedure-sus.v1|openehr-ehr-action.procedure-sus.v1/item_tree|procedure_list|at0001|openehr-ehr-action.procedure-sus.v1/element|irradiated_area_1|at0.59|openehr-ehr-action.procedure-sus.v1,containment,1.0,0.0,0.7,0.7,4
/composition|outpatient_high_complexity_procedures|openehr-ehr-composition.outpatient_high_complexity_procedures.v1|openehr-ehr-composition.outpatient_high_complexity_procedures.v1/action|procedure_undertaken|openehr-ehr-action.procedure-sus.v1|openehr-ehr-action.procedure-sus.v1/item_tree|procedure_list|at0001|openehr-ehr-action.procedure-sus.v1,/composition|outpatient_high_complexity_procedures|openehr-ehr-composition.outpatient_high_complexity_procedures.v1|openehr-ehr-composition.outpatient_high_complexity_procedures.v1/action|procedure_undertaken|openehr-ehr-action.procedure-sus.v1|openehr-ehr-action.procedure-sus.v1/item_tree|procedure_list|at0001|openehr-ehr-action.procedure-sus.v1/element|fields_insertions_1|at0.61|openehr-ehr-action.procedure-sus.v1,containment,1.0,0.0,0.7,0.7,4
/composition|outpatient_high_complexity_procedures|openehr-ehr-composition.outpatient_high_complexity_procedures.v1|openehr-ehr-composition.outpatient_high_complexity_procedures.v1,/composition|outpatient_high_complexity_procedures|openehr-ehr-composition.outpatient_high_complexity_procedures.v1|openehr-ehr-composition.outpatient_high_complexity_procedures.v1/evaluation|bariatric_surgery_evaluation|openehr-ehr-evaluation.bariatric_surgery_evaluation.v1|openehr-ehr-evaluation.bariatric_surgery_evaluation.v1,containment,1.0,0.0,0.7,0.7,19
/composition|outpatient_high_complexity_procedures|openehr-ehr-composition.outpatient_high_complexity_procedures.v1|openehr-ehr-composition.outpatient_high_complexity_procedures.v1/evaluation|bariatric_surgery_evaluation|openehr-ehr-evaluation.bariatric_surgery_evaluation.v1|openehr-ehr-evaluation.bariatric_surgery_evaluation.v1,/composition|outpatient_high_complexity_procedures|openehr-ehr-composition.outpatient_high_complexity_procedures.v1|openehr-ehr-composition.outpatient_high_complexity_procedures.v1/evaluation|bariatric_surgery_evaluation|openehr-ehr-evaluation.bariatric_surgery_evaluation.v1|openehr-ehr-evaluation.bariatric_surgery_evaluation.v1/item_tree|components|at0001|openehr-ehr-evaluation.bariatric_surgery_evaluation.v1,containment,1.0,0.0,0.7,0.7,19
/composition|outpatient_high_complexity_procedures|openehr-ehr-composition.outpatient_high_complexity_procedures.v1|openehr-ehr-composition.outpatient_high_complexity_procedures.v1/evaluation|bariatric_surgery_evaluation|openehr-ehr-evaluation.bariatric_surgery_evaluation.v1|openehr-ehr-evaluation.bariatric_surgery_evaluation.v1/item_tree|components|at0001|openehr-ehr-evaluation.bariatric_surgery_evaluation.v1,/composition|outpatient_high_complexity_procedures|openehr-ehr-composition.outpatient_high_complexity_procedures.v1|openehr-ehr-composition.outpatient_high_complexity_procedures.v1/evaluation|bariatric_surgery_evaluation|openehr-ehr-evaluation.bariatric_surgery_evaluation.v1|openehr-ehr-evaluation.bariatric_surgery_evaluation.v1/item_tree|components|at0001|openehr-ehr-evaluation.bariatric_surgery_evaluation.v1/element|duration_of_follow-up_(months)|at0002|openehr-ehr-evaluation.bariatric_surgery_evaluation.v1,containment,1.0,0.0,0.7,0.7,19
/composition|outpatient_high_complexity_procedures|openehr-ehr-composition.outpatient_high_complexity_procedures.v1|openehr-ehr-composition.outpatient_high_complexity_procedures.v1/evaluation|bariatric_surgery_evaluation|openehr-ehr-evaluation.bariatric_surgery_evaluation.v1|openehr-ehr-evaluation.bariatric_surgery_evaluation.v1/item_tree|components|at0001|openehr-ehr-evaluation.bariatric_surgery_evaluation.v1,/composition|outpatient_high_complexity_procedures|openehr-ehr-composition.outpatient_high_complexity_procedures.v1|openehr-ehr-composition.outpatient_high_complexity_procedures.v1/evaluation|bariatric_surgery_evaluation|openehr-ehr-evaluation.bariatric_surgery_evaluation.v1|openehr-ehr-evaluation.bariatric_surgery_evaluation.v1/item_tree|components|at0001|openehr-ehr-evaluation.bariatric_surgery_evaluation.v1/element|baros_score|at0003|openehr-ehr-evaluation.bariatric_surgery_evaluation.v1,containment,1.0,0.0,0.7,0.7,19
/composition|outpatient_high_complexity_procedures|openehr-ehr-composition.outpatient_high_complexity_procedures.v1|openehr-ehr-composition.outpatient_high_complexity_procedures.v1/evaluation|bariatric_surgery_evaluation|openehr-ehr-evaluation.bariatric_surgery_evaluation.v1|openehr-ehr-evaluation.bariatric_surgery_evaluation.v1/item_tree|components|at0001|openehr-ehr-evaluation.bariatric_surgery_evaluation.v1,/composition|outpatient_high_complexity_procedures|openehr-ehr-composition.outpatient_high_complexity_procedures.v1|openehr-ehr-composition.outpatient_high_complexity_procedures.v1/evaluation|bariatric_surgery_evaluation|openehr-ehr-evaluation.bariatric_surgery_evaluation.v1|openehr-ehr-evaluation.bariatric_surgery_evaluation.v1/item_tree|components|at0001|openehr-ehr-evaluation.bariatric_surgery_evaluation.v1/element|baros_table|at0004|openehr-ehr-evaluation.bariatric_surgery_evaluation.v1,containment,1.0,0.0,0.7,0.7,19
/composition|outpatient_high_complexity_procedures|openehr-ehr-composition.outpatient_high_complexity_procedures.v1|openehr-ehr-composition.outpatient_high_complexity_procedures.v1,/composition|outpatient_high_complexity_procedures|openehr-ehr-composition.outpatient_high_complexity_procedures.v1|openehr-ehr-composition.outpatient_high_complexity_procedures.v1/observation|body_mass_index|openehr-ehr-observation.body_mass_index.v1|openehr-ehr-observation.body_mass_index.v1,containment,1.0,0.0,0.7,0.7,19
/composition|outpatient_high_complexity_procedures|openehr-ehr-composition.outpatient_high_complexity_procedures.v1|openehr-ehr-composition.outpatient_high_complexity_procedures.v1/observation|body_mass_index|openehr-ehr-observation.body_mass_index.v1|openehr-ehr-observation.body_mass_index.v1,/composition|outpatient_high_complexity_procedures|openehr-ehr-composition.outpatient_high_complexity_procedures.v1|openehr-ehr-composition.outpatient_high_complexity_procedures.v1/observation|body_mass_index|openehr-ehr-observation.body_mass_index.v1|openehr-ehr-observation.body_mass_index.v1/none|history|at0001|openehr-ehr-observation.body_mass_index.v1,containment,1.0,0.0,0.7,0.7,19
/composition|outpatient_high_complexity_procedures|openehr-ehr-composition.outpatient_high_complexity_procedures.v1|openehr-ehr-composition.outpatient_high_complexity_procedures.v1/observation|body_mass_index|openehr-ehr-observation.body_mass_index.v1|openehr-ehr-observation.body_mass_index.v1/none|history|at0001|openehr-ehr-observation.body_mass_index.v1,/composition|outpatient_high_complexity_procedures|openehr-ehr-composition.outpatient_high_complexity_procedures.v1|openehr-ehr-composition.outpatient_high_complexity_procedures.v1/observation|body_mass_index|openehr-ehr-observation.body_mass_index.v1|openehr-ehr-observation.body_mass_index.v1/none|history|at0001|openehr-ehr-observation.body_mass_index.v1/point_event|any_event|at0002|openehr-ehr-observation.body_mass_index.v1,containment,1.0,0.0,0.7,0.7,19
/composition|outpatient_high_complexity_procedures|openehr-ehr-composition.outpatient_high_complexity_procedures.v1|openehr-ehr-composition.outpatient_high_complexity_procedures.v1/observation|body_mass_index|openehr-ehr-observation.body_mass_index.v1|openehr-ehr-observation.body_mass_index.v1/none|history|at0001|openehr-ehr-observation.body_mass_index.v1/point_event|any_event|at0002|openehr-ehr-observation.body_mass_index.v1,/composition|outpatient_high_complexity_procedures|openehr-ehr-composition.outpatient_high_complexity_procedures.v1|openehr-ehr-composition.outpatient_high_complexity_procedures.v1/observation|body_mass_index|openehr-ehr-observation.body_mass_index.v1|openehr-ehr-observation.body_mass_index.v1/none|history|at0001|openehr-ehr-observation.body_mass_index.v1/point_event|any_event|at0002|openehr-ehr-observation.body_mass_index.v1/item_tree|single|at0003|openehr-ehr-observation.body_mass_index.v1,containment,1.0,0.0,0.7,0.7,19
/composition|outpatient_high_complexity_procedures|openehr-ehr-composition.outpatient_high_complexity_procedures.v1|openehr-ehr-composition.outpatient_high_complexity_procedures.v1/observation|body_mass_index|openehr-ehr-observation.body_mass_index.v1|openehr-ehr-observation.body_mass_index.v1/none|history|at0001|openehr-ehr-observation.body_mass_index.v1/point_event|any_event|at0002|openehr-ehr-observation.body_mass_index.v1/item_tree|single|at0003|openehr-ehr-observation.body_mass_index.v1,/composition|outpatient_high_complexity_procedures|openehr-ehr-composition.outpatient_high_complexity_procedures.v1|openehr-ehr-composition.outpatient_high_complexity_procedures.v1/observation|body_mass_index|openehr-ehr-observation.body_mass_index.v1|openehr-ehr-observation.body_mass_index.v1/none|history|at0001|openehr-ehr-observation.body_mass_index.v1/point_event|any_event|at0002|openehr-ehr-observation.body_mass_index.v1/item_tree|single|at0003|openehr-ehr-observation.body_mass_index.v1/element|body_mass_index|at0004|openehr-ehr-observation.body_mass_index.v1,containment,1.0,0.0,0.7,0.7,19
/composition|demographic_data|openehr-ehr-composition.demographic_data.v1|openehr-ehr-composition.demographic_data.v1,/composition|demographic_data|openehr-ehr-composition.demographic_data.v1|openehr-ehr-composition.demographic_data.v1/admin_entry|demographic_data|openehr-ehr-admin_entry.demographic_data.v1|openehr-ehr-admin_entry.demographic_data.v1,containment,1.0,0.0,0.7,0.7,11
/composition|demographic_data|openehr-ehr-composition.demographic_data.v1|openehr-ehr-composition.demographic_data.v1/admin_entry|demographic_data|openehr-ehr-admin_entry.demographic_data.v1|openehr-ehr-admin_entry.demographic_data.v1,/composition|demographic_data|openehr-ehr-composition.demographic_data.v1|openehr-ehr-composition.demographic_data.v1/admin_entry|demographic_data|openehr-ehr-admin_entry.demographic_data.v1|openehr-ehr-admin_entry.demographic_data.v1/item_tree|components|at0001|openehr-ehr-admin_entry.demographic_data.v1,containment,1.0,0.0,0.7,0.7,11
/composition|demographic_data|openehr-ehr-composition.demographic_data.v1|openehr-ehr-composition.demographic_data.v1/admin_entry|demographic_data|openehr-ehr-admin_entry.demographic_data.v1|openehr-ehr-admin_entry.demographic_data.v1/item_tree|components|at0001|openehr-ehr-admin_entry.demographic_data.v1,/composition|demographic_data|openehr-ehr-composition.demographic_data.v1|openehr-ehr-composition.demographic_data.v1/admin_entry|demographic_data|openehr-ehr-admin_entry.demographic_data.v1|openehr-ehr-admin_entry.demographic_data.v1/item_tree|components|at0001|openehr-ehr-admin_entry.demographic_data.v1/element|birth_date|at0002|openehr-ehr-admin_entry.demographic_data.v1,containment,1.0,0.0,0.7,0.7,11
/composition|outpatient_high_complexity_procedures|openehr-ehr-composition.outpatient_high_complexity_procedures.v1|openehr-ehr-composition.outpatient_high_complexity_procedures.v1/admin_entry|hcpa|openehr-ehr-admin_entry.high_complexity_procedures_sus.v1|openehr-ehr-admin_entry.high_complexity_procedures_sus.v1/item_tree|components|at0001|openehr-ehr-admin_entry.high_complexity_procedures_sus.v1,/composition|outpatient_high_complexity_procedures|openehr-ehr-composition.outpatient_high_complexity_procedures.v1|openehr-ehr-composition.outpatient_high_complexity_procedures.v1/admin_entry|hcpa|openehr-ehr-admin_entry.high_complexity_procedures_sus.v1|openehr-ehr-admin_entry.high_complexity_procedures_sus.v1/item_tree|components|at0001|openehr-ehr-admin_entry.high_complexity_procedures_sus.v1/cluster|chemotherapy|at0016|openehr-ehr-admin_entry.high_complexity_procedures_sus.v1,containment,1.0,0.0,0.7,0.7,4
/composition|outpatient_high_complexity_procedures|openehr-ehr-composition.outpatient_high_complexity_procedures.v1|openehr-ehr-composition.outpatient_high_complexity_procedures.v1/admin_entry|hcpa|openehr-ehr-admin_entry.high_complexity_procedures_sus.v1|openehr-ehr-admin_entry.high_complexity_procedures_sus.v1/item_tree|components|at0001|openehr-ehr-admin_entry.high_complexity_procedures_sus.v1/cluster|chemotherapy|at0016|openehr-ehr-admin_entry.high_complexity_procedures_sus.v1,/composition|outpatient_high_complexity_procedures|openehr-ehr-composition.outpatient_high_complexity_procedures.v1|openehr-ehr-composition.outpatient_high_complexity_procedures.v1/admin_entry|hcpa|openehr-ehr-admin_entry.high_complexity_procedures_sus.v1|openehr-ehr-admin_entry.high_complexity_procedures_sus.v1/item_tree|components|at0001|openehr-ehr-admin_entry.high_complexity_procedures_sus.v1/cluster|chemotherapy|at0016|openehr-ehr-admin_entry.high_complexity_procedures_sus.v1/element|duration_of_treatment|at0013|openehr-ehr-admin_entry.high_complexity_procedures_sus.v1,containment,1.0,0.0,0.7,0.7,4
/composition|outpatient_high_complexity_procedures|openehr-ehr-composition.outpatient_high_complexity_procedures.v1|openehr-ehr-composition.outpatient_high_complexity_procedures.v1/admin_entry|hcpa|openehr-ehr-admin_entry.high_complexity_procedures_sus.v1|openehr-ehr-admin_entry.high_complexity_procedures_sus.v1/item_tree|components|at0001|openehr-ehr-admin_entry.high_complexity_procedures_sus.v1/cluster|chemotherapy|at0016|openehr-ehr-admin_entry.high_complexity_procedures_sus.v1,/composition|outpatient_high_complexity_procedures|openehr-ehr-composition.outpatient_high_complexity_procedures.v1|openehr-ehr-composition.outpatient_high_complexity_procedures.v1/admin_entry|hcpa|openehr-ehr-admin_entry.high_complexity_procedures_sus.v1|openehr-ehr-admin_entry.high_complexity_procedures_sus.v1/item_tree|components|at0001|openehr-ehr-admin_entry.high_complexity_procedures_sus.v1/cluster|chemotherapy|at0016|openehr-ehr-admin_entry.high_complexity_procedures_sus.v1/element|schema|at0014|openehr-ehr-admin_entry.high_complexity_procedures_sus.v1,containment,1.0,0.0,0.7,0.7,4
/composition|outpatient_high_complexity_procedures|openehr-ehr-composition.outpatient_high_complexity_procedures.v1|openehr-ehr-composition.outpatient_high_complexity_procedures.v1/admin_entry|hcpa|openehr-ehr-admin_entry.high_complexity_procedures_sus.v1|openehr-ehr-admin_entry.high_complexity_procedures_sus.v1/item_tree|components|at0001|openehr-ehr-admin_entry.high_complexity_procedures_sus.v1/cluster|chemotherapy|at0016|openehr-ehr-admin_entry.high_complexity_procedures_sus.v1,/composition|outpatient_high_complexity_procedures|openehr-ehr-composition.outpatient_high_complexity_procedures.v1|openehr-ehr-composition.outpatient_high_complexity_procedures.v1/admin_entry|hcpa|openehr-ehr-admin_entry.high_complexity_procedures_sus.v1|openehr-ehr-admin_entry.high_complexity_procedures_sus.v1/item_tree|components|at0001|openehr-ehr-admin_entry.high_complexity_procedures_sus.v1/cluster|chemotherapy|at0016|openehr-ehr-admin_entry.high_complexity_procedures_sus.v1/element|date_of_beginning_of_chemotherapy|at0031|openehr-ehr-admin_entry.high_complexity_procedures_sus.v1,containment,1.0,0.0,0.7,0.7,4
/composition|outpatient_high_complexity_procedures|openehr-ehr-composition.outpatient_high_complexity_procedures.v1|openehr-ehr-composition.outpatient_high_complexity_procedures.v1/action|procedure_undertaken|openehr-ehr-action.procedure-sus.v1|openehr-ehr-action.procedure-sus.v1/item_tree|procedure_list|at0001|openehr-ehr-action.procedure-sus.v1/element|fields_insertions_1|at0.61|openehr-ehr-action.procedure-sus.v1,/composition|outpatient_high_complexity_procedures|openehr-ehr-composition.outpatient_high_complexity_procedures.v1|openehr-ehr-composition.outpatient_high_complexity_procedures.v1/action|procedure_undertaken|openehr-ehr-action.procedure-sus.v1|openehr-ehr-action.procedure-sus.v1/item_tree|procedure_list|at0001|openehr-ehr-action.procedure-sus.v1/element|irradiated_area_1|at0.59|openehr-ehr-action.procedure-sus.v1,cooccurrence,0.75,0.10526315789473684,0.556578947368421,0.556578947368421,4
/composition|outpatient_high_complexity_procedures|openehr-ehr-composition.outpatient_high_complexity_procedures.v1|openehr-ehr-composition.outpatient_high_complexity_procedures.v1/action|procedure_undertaken|openehr-ehr-action.procedure-sus.v1|openehr-ehr-action.procedure-sus.v1/item_tree|procedure_list|at0001|openehr-ehr-action.procedure-sus.v1/element|irradiated_area_1|at0.59|openehr-ehr-action.procedure-sus.v1,/composition|outpatient_high_complexity_procedures|openehr-ehr-composition.outpatient_high_complexity_procedures.v1|openehr-ehr-composition.outpatient_high_complexity_procedures.v1/action|procedure_undertaken|openehr-ehr-action.procedure-sus.v1|openehr-ehr-action.procedure-sus.v1/item_tree|procedure_list|at0001|openehr-ehr-action.procedure-sus.v1/element|fields_insertions_1|at0.61|openehr-ehr-action.procedure-sus.v1,cooccurrence,0.75,0.10526315789473684,0.556578947368421,0.556578947368421,4
/composition|outpatient_high_complexity_procedures|openehr-ehr-composition.outpatient_high_complexity_procedures.v1|openehr-ehr-composition.outpatient_high_complexity_procedures.v1/action|procedure_undertaken|openehr-ehr-action.procedure-sus.v1|openehr-ehr-action.procedure-sus.v1/item_tree|procedure_list|at0001|openehr-ehr-action.procedure-sus.v1/element|fields_insertions_1|at0.61|openehr-ehr-action.procedure-sus.v1,/composition|outpatient_high_complexity_procedures|openehr-ehr-composition.outpatient_high_complexity_procedures.v1|openehr-ehr-composition.outpatient_high_complexity_procedures.v1/action|procedure_undertaken|openehr-ehr-action.procedure-sus.v1|openehr-ehr-action.procedure-sus.v1/item_tree|procedure_list|at0001|openehr-ehr-action.procedure-sus.v1/element|procedure|at0002|openehr-ehr-action.procedure-sus.v1,cooccurrence,0.75,0.10526315789473684,0.556578947368421,0.556578947368421,4
/composition|outpatient_high_complexity_procedures|openehr-ehr-composition.outpatient_high_complexity_procedures.v1|openehr-ehr-composition.outpatient_high_complexity_procedures.v1/action|procedure_undertaken|openehr-ehr-action.procedure-sus.v1|openehr-ehr-action.procedure-sus.v1/item_tree|procedure_list|at0001|openehr-ehr-action.procedure-sus.v1/element|procedure|at0002|openehr-ehr-action.procedure-sus.v1,/composition|outpatient_high_complexity_procedures|openehr-ehr-composition.outpatient_high_complexity_procedures.v1|openehr-ehr-composition.outpatient_high_complexity_procedures.v1/action|procedure_undertaken|openehr-ehr-action.procedure-sus.v1|openehr-ehr-action.procedure-sus.v1/item_tree|procedure_list|at0001|openehr-ehr-action.procedure-sus.v1/element|fields_insertions_1|at0.61|openehr-ehr-action.procedure-sus.v1,cooccurrence,0.75,0.10526315789473684,0.556578947368421,0.556578947368421,4
/composition|outpatient_high_complexity_procedures|openehr-ehr-composition.outpatient_high_complexity_procedures.v1|openehr-ehr-composition.outpatient_high_complexity_procedures.v1/action|procedure_undertaken|openehr-ehr-action.procedure-sus.v1|openehr-ehr-action.procedure-sus.v1/item_tree|procedure_list|at0001|openehr-ehr-action.procedure-sus.v1/element|fields_insertions_1|at0.61|openehr-ehr-action.procedure-sus.v1,/composition|outpatient_high_complexity_procedures|openehr-ehr-composition.outpatient_high_complexity_procedures.v1|openehr-ehr-composition.outpatient_high_complexity_procedures.v1/admin_entry|patient_discharge|openehr-ehr-admin_entry.patient_discharge.v1|openehr-ehr-admin_entry.patient_discharge.v1/item_tree|components|at0001|openehr-ehr-admin_entry.patient_discharge.v1/element|date_of_discharge|at0002|openehr-ehr-admin_entry.patient_discharge.v1,cooccurrence,0.25,0.10526315789473684,0.20657894736842103,0.20657894736842103,4
/composition|outpatient_high_complexity_procedures|openehr-ehr-composition.outpatient_high_complexity_procedures.v1|openehr-ehr-composition.outpatient_high_complexity_procedures.v1/admin_entry|patient_discharge|openehr-ehr-admin_entry.patient_discharge.v1|openehr-ehr-admin_entry.patient_discharge.v1/item_tree|components|at0001|openehr-ehr-admin_entry.patient_discharge.v1/element|date_of_discharge|at0002|openehr-ehr-admin_entry.patient_discharge.v1,/composition|outpatient_high_complexity_procedures|openehr-ehr-composition.outpatient_high_complexity_procedures.v1|openehr-ehr-composition.outpatient_high_complexity_procedures.v1/action|procedure_undertaken|openehr-ehr-action.procedure-sus.v1|openehr-ehr-action.procedure-sus.v1/item_tree|procedure_list|at0001|openehr-ehr-action.procedure-sus.v1/element|fields_insertions_1|at0.61|openehr-ehr-action.procedure-sus.v1,cooccurrence,0.25,0.10526315789473684,0.20657894736842103,0.20657894736842103,4
/composition|outpatient_high_complexity_procedures|openehr-ehr-composition.outpatient_high_complexity_procedures.v1|openehr-ehr-composition.outpatient_high_complexity_procedures.v1/action|procedure_undertaken|openehr-ehr-action.procedure-sus.v1|openehr-ehr-action.procedure-sus.v1/item_tree|procedure_list|at0001|openehr-ehr-action.procedure-sus.v1/element|fields_insertions_1|at0.61|openehr-ehr-action.procedure-sus.v1,/composition|outpatient_high_complexity_procedures|openehr-ehr-composition.outpatient_high_complexity_procedures.v1|openehr-ehr-composition.outpatient_high_complexity_procedures.v1/admin_entry|patient_discharge|openehr-ehr-admin_entry.patient_discharge.v1|openehr-ehr-admin_entry.patient_discharge.v1/item_tree|components|at0001|openehr-ehr-admin_entry.patient_discharge.v1/element|reason_for_discharge|at0003|openehr-ehr-admin_entry.patient_discharge.v1,cooccurrence,0.25,0.10526315789473684,0.20657894736842103,0.20657894736842103,4
/composition|outpatient_high_complexity_procedures|openehr-ehr-composition.outpatient_high_complexity_procedures.v1|openehr-ehr-composition.outpatient_high_complexity_procedures.v1/admin_entry|patient_discharge|openehr-ehr-admin_entry.patient_discharge.v1|openehr-ehr-admin_entry.patient_discharge.v1/item_tree|components|at0001|openehr-ehr-admin_entry.patient_discharge.v1/element|reason_for_discharge|at0003|openehr-ehr-admin_entry.patient_discharge.v1,/composition|outpatient_high_complexity_procedures|openehr-ehr-composition.outpatient_high_complexity_procedures.v1|openehr-ehr-composition.outpatient_high_complexity_procedures.v1/action|procedure_undertaken|openehr-ehr-action.procedure-sus.v1|openehr-ehr-action.procedure-sus.v1/item_tree|procedure_list|at0001|openehr-ehr-action.procedure-sus.v1/element|fields_insertions_1|at0.61|openehr-ehr-action.procedure-sus.v1,cooccurrence,0.25,0.10526315789473684,0.20657894736842103,0.20657894736842103,4
/composition|outpatient_high_complexity_procedures|openehr-ehr-composition.outpatient_high_complexity_procedures.v1|openehr-ehr-composition.outpatient_high_complexity_procedures.v1/action|procedure_undertaken|openehr-ehr-action.procedure-sus.v1|openehr-ehr-action.procedure-sus.v1/item_tree|procedure_list|at0001|openehr-ehr-action.procedure-sus.v1/element|fields_insertions_1|at0.61|openehr-ehr-action.procedure-sus.v1,/composition|outpatient_high_complexity_procedures|openehr-ehr-composition.outpatient_high_complexity_procedures.v1|openehr-ehr-composition.outpatient_high_complexity_procedures.v1/evaluation|problem_diagnosis|openehr-ehr-evaluation.problem_diagnosis-sus.v1|openehr-ehr-evaluation.problem_diagnosis-sus.v1/item_tree|structure|at0001|openehr-ehr-evaluation.problem_diagnosis-sus.v1/element|associated_causes|at0.2|openehr-ehr-evaluation.problem_diagnosis-sus.v1,cooccurrence,0.25,0.10526315789473684,0.20657894736842103,0.20657894736842103,4
/composition|outpatient_high_complexity_procedures|openehr-ehr-composition.outpatient_high_complexity_procedures.v1|openehr-ehr-composition.outpatient_high_complexity_procedures.v1/evaluation|problem_diagnosis|openehr-ehr-evaluation.problem_diagnosis-sus.v1|openehr-ehr-evaluation.problem_diagnosis-sus.v1/item_tree|structure|at0001|openehr-ehr-evaluation.problem_diagnosis-sus.v1/element|associated_causes|at0.2|openehr-ehr-evaluation.problem_diagnosis-sus.v1,/composition|outpatient_high_complexity_procedures|openehr-ehr-composition.outpatient_high_complexity_procedures.v1|openehr-ehr-composition.outpatient_high_complexity_procedures.v1/action|procedure_undertaken|openehr-ehr-action.procedure-sus.v1|openehr-ehr-action.procedure-sus.v1/item_tree|procedure_list|at0001|openehr-ehr-action.procedure-sus.v1/element|fields_insertions_1|at0.61|openehr-ehr-action.procedure-sus.v1,cooccurrence,0.25,0.10526315789473684,0.20657894736842103,0.20657894736842103,4
/composition|outpatient_high_complexity_procedures|openehr-ehr-composition.outpatient_high_complexity_procedures.v1|openehr-ehr-composition.outpatient_high_complexity_procedures.v1/action|procedure_undertaken|openehr-ehr-action.procedure-sus.v1|openehr-ehr-action.procedure-sus.v1/item_tree|procedure_list|at0001|openehr-ehr-action.procedure-sus.v1/element|fields_insertions_1|at0.61|openehr-ehr-action.procedure-sus.v1,/composition|outpatient_high_complexity_procedures|openehr-ehr-composition.outpatient_high_complexity_procedures.v1|openehr-ehr-composition.outpatient_high_complexity_procedures.v1/evaluation|problem_diagnosis|openehr-ehr-evaluation.problem_diagnosis-sus.v1|openehr-ehr-evaluation.problem_diagnosis-sus.v1/item_tree|structure|at0001|openehr-ehr-evaluation.problem_diagnosis-sus.v1/element|invaded_regional_linphonodes|at0.4|openehr-ehr-evaluation.problem_diagnosis-sus.v1,cooccurrence,0.25,0.10526315789473684,0.20657894736842103,0.20657894736842103,4
/composition|outpatient_high_complexity_procedures|openehr-ehr-composition.outpatient_high_complexity_procedures.v1|openehr-ehr-composition.outpatient_high_complexity_procedures.v1/evaluation|problem_diagnosis|openehr-ehr-evaluation.problem_diagnosis-sus.v1|openehr-ehr-evaluation.problem_diagnosis-sus.v1/item_tree|structure|at0001|openehr-ehr-evaluation.problem_diagnosis-sus.v1/element|invaded_regional_linphonodes|at0.4|openehr-ehr-evaluation.problem_diagnosis-sus.v1,/composition|outpatient_high_complexity_procedures|openehr-ehr-composition.outpatient_high_complexity_procedures.v1|openehr-ehr-composition.outpatient_high_complexity_procedures.v1/action|procedure_undertaken|openehr-ehr-action.procedure-sus.v1|openehr-ehr-action.procedure-sus.v1/item_tree|procedure_list|at0001|openehr-ehr-action.procedure-sus.v1/element|fields_insertions_1|at0.61|openehr-ehr-action.procedure-sus.v1,cooccurrence,0.25,0.10526315789473684,0.20657894736842103,0.20657894736842103,4
/composition|outpatient_high_complexity_procedures|openehr-ehr-composition.outpatient_high_complexity_procedures.v1|openehr-ehr-composition.outpatient_high_complexity_procedures.v1/action|procedure_undertaken|openehr-ehr-action.procedure-sus.v1|openehr-ehr-action.procedure-sus.v1/item_tree|procedure_list|at0001|openehr-ehr-action.procedure-sus.v1/element|fields_insertions_1|at0.61|openehr-ehr-action.procedure-sus.v1,/composition|outpatient_high_complexity_procedures|openehr-ehr-composition.outpatient_high_complexity_procedures.v1|openehr-ehr-composition.outpatient_high_complexity_procedures.v1/evaluation|problem_diagnosis|openehr-ehr-evaluation.problem_diagnosis-sus.v1|openehr-ehr-evaluation.problem_diagnosis-sus.v1/item_tree|structure|at0001|openehr-ehr-evaluation.problem_diagnosis-sus.v1/element|problem|at0002.1|openehr-ehr-evaluation.problem_diagnosis-sus.v1,cooccurrence,0.25,0.10526315789473684,0.20657894736842103,0.20657894736842103,4
/composition|outpatient_high_complexity_procedures|openehr-ehr-composition.outpatient_high_complexity_procedures.v1|openehr-ehr-composition.outpatient_high_complexity_procedures.v1/evaluation|problem_diagnosis|openehr-ehr-evaluation.problem_diagnosis-sus.v1|openehr-ehr-evaluation.problem_diagnosis-sus.v1/item_tree|structure|at0001|openehr-ehr-evaluation.problem_diagnosis-sus.v1/element|problem|at0002.1|openehr-ehr-evaluation.problem_diagnosis-sus.v1,/composition|outpatient_high_complexity_procedures|openehr-ehr-composition.outpatient_high_complexity_procedures.v1|openehr-ehr-composition.outpatient_high_complexity_procedures.v1/action|procedure_undertaken|openehr-ehr-action.procedure-sus.v1|openehr-ehr-action.procedure-sus.v1/item_tree|procedure_list|at0001|openehr-ehr-action.procedure-sus.v1/element|fields_insertions_1|at0.61|openehr-ehr-action.procedure-sus.v1,cooccurrence,0.25,0.10526315789473684,0.20657894736842103,0.20657894736842103,4
/composition|outpatient_high_complexity_procedures|openehr-ehr-composition.outpatient_high_complexity_procedures.v1|openehr-ehr-composition.outpatient_high_complexity_procedures.v1/action|procedure_undertaken|openehr-ehr-action.procedure-sus.v1|openehr-ehr-action.procedure-sus.v1/item_tree|procedure_list|at0001|openehr-ehr-action.procedure-sus.v1/element|fields_insertions_1|at0.61|openehr-ehr-action.procedure-sus.v1,/composition|outpatient_high_complexity_procedures|openehr-ehr-composition.outpatient_high_complexity_procedures.v1|openehr-ehr-composition.outpatient_high_complexity_procedures.v1/evaluation|problem_diagnosis|openehr-ehr-evaluation.problem_diagnosis-sus.v1|openehr-ehr-evaluation.problem_diagnosis-sus.v1/item_tree|structure|at0001|openehr-ehr-evaluation.problem_diagnosis-sus.v1/element|secondary_diagnosis|at0.1|openehr-ehr-evaluation.problem_diagnosis-sus.v1,cooccurrence,0.25,0.10526315789473684,0.20657894736842103,0.20657894736842103,4
/composition|outpatient_high_complexity_procedures|openehr-ehr-composition.outpatient_high_complexity_procedures.v1|openehr-ehr-composition.outpatient_high_complexity_procedures.v1/evaluation|problem_diagnosis|openehr-ehr-evaluation.problem_diagnosis-sus.v1|openehr-ehr-evaluation.problem_diagnosis-sus.v1/item_tree|structure|at0001|openehr-ehr-evaluation.problem_diagnosis-sus.v1/element|secondary_diagnosis|at0.1|openehr-ehr-evaluation.problem_diagnosis-sus.v1,/composition|outpatient_high_complexity_procedures|openehr-ehr-composition.outpatient_high_complexity_procedures.v1|openehr-ehr-composition.outpatient_high_complexity_procedures.v1/action|procedure_undertaken|openehr-ehr-action.procedure-sus.v1|openehr-ehr-action.procedure-sus.v1/item_tree|procedure_list|at0001|openehr-ehr-action.procedure-sus.v1/element|fields_insertions_1|at0.61|openehr-ehr-action.procedure-sus.v1,cooccurrence,0.25,0.10526315789473684,0.20657894736842103,0.20657894736842103,4
/composition|outpatient_high_complexity_procedures|openehr-ehr-composition.outpatient_high_complexity_procedures.v1|openehr-ehr-composition.outpatient_high_complexity_procedures.v1/action|procedure_undertaken|openehr-ehr-action.procedure-sus.v1|openehr-ehr-action.procedure-sus.v1/item_tree|procedure_list|at0001|openehr-ehr-action.procedure-sus.v1/element|irradiated_area_1|at0.59|openehr-ehr-action.procedure-sus.v1,/composition|outpatient_high_complexity_procedures|openehr-ehr-composition.outpatient_high_complexity_procedures.v1|openehr-ehr-composition.outpatient_high_complexity_procedures.v1/action|procedure_undertaken|openehr-ehr-action.procedure-sus.v1|openehr-ehr-action.procedure-sus.v1/item_tree|procedure_list|at0001|openehr-ehr-action.procedure-sus.v1/element|procedure|at0002|openehr-ehr-action.procedure-sus.v1,cooccurrence,0.75,0.10526315789473684,0.556578947368421,0.556578947368421,4
/composition|outpatient_high_complexity_procedures|openehr-ehr-composition.outpatient_high_complexity_procedures.v1|openehr-ehr-composition.outpatient_high_complexity_procedures.v1/action|procedure_undertaken|openehr-ehr-action.procedure-sus.v1|openehr-ehr-action.procedure-sus.v1/item_tree|procedure_list|at0001|openehr-ehr-action.procedure-sus.v1/element|procedure|at0002|openehr-ehr-action.procedure-sus.v1,/composition|outpatient_high_complexity_procedures|openehr-ehr-composition.outpatient_high_complexity_procedures.v1|openehr-ehr-composition.outpatient_high_complexity_procedures.v1/action|procedure_undertaken|openehr-ehr-action.procedure-sus.v1|openehr-ehr-action.procedure-sus.v1/item_tree|procedure_list|at0001|openehr-ehr-action.procedure-sus.v1/element|irradiated_area_1|at0.59|openehr-ehr-action.procedure-sus.v1,cooccurrence,0.75,0.10526315789473684,0.556578947368421,0.556578947368421,4
/composition|outpatient_high_complexity_procedures|openehr-ehr-composition.outpatient_high_complexity_procedures.v1|openehr-ehr-composition.outpatient_high_complexity_procedures.v1/action|procedure_undertaken|openehr-ehr-action.procedure-sus.v1|openehr-ehr-action.procedure-sus.v1/item_tree|procedure_list|at0001|openehr-ehr-action.procedure-sus.v1/element|irradiated_area_1|at0.59|openehr-ehr-action.procedure-sus.v1,/composition|outpatient_high_complexity_procedures|openehr-ehr-composition.outpatient_high_complexity_procedures.v1|openehr-ehr-composition.outpatient_high_complexity_procedures.v1/admin_entry|patient_discharge|openehr-ehr-admin_entry.patient_discharge.v1|openehr-ehr-admin_entry.patient_discharge.v1/item_tree|components|at0001|openehr-ehr-admin_entry.patient_discharge.v1/element|date_of_discharge|at0002|openehr-ehr-admin_entry.patient_discharge.v1,cooccurrence,0.25,0.10526315789473684,0.20657894736842103,0.20657894736842103,4
/composition|outpatient_high_complexity_procedures|openehr-ehr-composition.outpatient_high_complexity_procedures.v1|openehr-ehr-composition.outpatient_high_complexity_procedures.v1/admin_entry|patient_discharge|openehr-ehr-admin_entry.patient_discharge.v1|openehr-ehr-admin_entry.patient_discharge.v1/item_tree|components|at0001|openehr-ehr-admin_entry.patient_discharge.v1/element|date_of_discharge|at0002|openehr-ehr-admin_entry.patient_discharge.v1,/composition|outpatient_high_complexity_procedures|openehr-ehr-composition.outpatient_high_complexity_procedures.v1|openehr-ehr-composition.outpatient_high_complexity_procedures.v1/action|procedure_undertaken|openehr-ehr-action.procedure-sus.v1|openehr-ehr-action.procedure-sus.v1/item_tree|procedure_list|at0001|openehr-ehr-action.procedure-sus.v1/element|irradiated_area_1|at0.59|openehr-ehr-action.procedure-sus.v1,cooccurrence,0.25,0.10526315789473684,0.20657894736842103,0.20657894736842103,4
/composition|outpatient_high_complexity_procedures|openehr-ehr-composition.outpatient_high_complexity_procedures.v1|openehr-ehr-composition.outpatient_high_complexity_procedures.v1/action|procedure_undertaken|openehr-ehr-action.procedure-sus.v1|openehr-ehr-action.procedure-sus.v1/item_tree|procedure_list|at0001|openehr-ehr-action.procedure-sus.v1/element|irradiated_area_1|at0.59|openehr-ehr-action.procedure-sus.v1,/composition|outpatient_high_complexity_procedures|openehr-ehr-composition.outpatient_high_complexity_procedures.v1|openehr-ehr-composition.outpatient_high_complexity_procedures.v1/admin_entry|patient_discharge|openehr-ehr-admin_entry.patient_discharge.v1|openehr-ehr-admin_entry.patient_discharge.v1/item_tree|components|at0001|openehr-ehr-admin_entry.patient_discharge.v1/element|reason_for_discharge|at0003|openehr-ehr-admin_entry.patient_discharge.v1,cooccurrence,0.25,0.10526315789473684,0.20657894736842103,0.20657894736842103,4
/composition|outpatient_high_complexity_procedures|openehr-ehr-composition.outpatient_high_complexity_procedures.v1|openehr-ehr-composition.outpatient_high_complexity_procedures.v1/admin_entry|patient_discharge|openehr-ehr-admin_entry.patient_discharge.v1|openehr-ehr-admin_entry.patient_discharge.v1/item_tree|components|at0001|openehr-ehr-admin_entry.patient_discharge.v1/element|reason_for_discharge|at0003|openehr-ehr-admin_entry.patient_discharge.v1,/composition|outpatient_high_complexity_procedures|openehr-ehr-composition.outpatient_high_complexity_procedures.v1|openehr-ehr-composition.outpatient_high_complexity_procedures.v1/action|procedure_undertaken|openehr-ehr-action.procedure-sus.v1|openehr-ehr-action.procedure-sus.v1/item_tree|procedure_list|at0001|openehr-ehr-action.procedure-sus.v1/element|irradiated_area_1|at0.59|openehr-ehr-action.procedure-sus.v1,cooccurrence,0.25,0.10526315789473684,0.20657894736842103,0.20657894736842103,4
/composition|outpatient_high_complexity_procedures|openehr-ehr-composition.outpatient_high_complexity_procedures.v1|openehr-ehr-composition.outpatient_high_complexity_procedures.v1/action|procedure_undertaken|openehr-ehr-action.procedure-sus.v1|openehr-ehr-action.procedure-sus.v1/item_tree|procedure_list|at0001|openehr-ehr-action.procedure-sus.v1/element|irradiated_area_1|at0.59|openehr-ehr-action.procedure-sus.v1,/composition|outpatient_high_complexity_procedures|openehr-ehr-composition.outpatient_high_complexity_procedures.v1|openehr-ehr-composition.outpatient_high_complexity_procedures.v1/evaluation|problem_diagnosis|openehr-ehr-evaluation.problem_diagnosis-sus.v1|openehr-ehr-evaluation.problem_diagnosis-sus.v1/item_tree|structure|at0001|openehr-ehr-evaluation.problem_diagnosis-sus.v1/element|associated_causes|at0.2|openehr-ehr-evaluation.problem_diagnosis-sus.v1,cooccurrence,0.25,0.10526315789473684,0.20657894736842103,0.20657894736842103,4
/composition|outpatient_high_complexity_procedures|openehr-ehr-composition.outpatient_high_complexity_procedures.v1|openehr-ehr-composition.outpatient_high_complexity_procedures.v1/evaluation|problem_diagnosis|openehr-ehr-evaluation.problem_diagnosis-sus.v1|openehr-ehr-evaluation.problem_diagnosis-sus.v1/item_tree|structure|at0001|openehr-ehr-evaluation.problem_diagnosis-sus.v1/element|associated_causes|at0.2|openehr-ehr-evaluation.problem_diagnosis-sus.v1,/composition|outpatient_high_complexity_procedures|openehr-ehr-composition.outpatient_high_complexity_procedures.v1|openehr-ehr-composition.outpatient_high_complexity_procedures.v1/action|procedure_undertaken|openehr-ehr-action.procedure-sus.v1|openehr-ehr-action.procedure-sus.v1/item_tree|procedure_list|at0001|openehr-ehr-action.procedure-sus.v1/element|irradiated_area_1|at0.59|openehr-ehr-action.procedure-sus.v1,cooccurrence,0.25,0.10526315789473684,0.20657894736842103,0.20657894736842103,4
/composition|outpatient_high_complexity_procedures|openehr-ehr-composition.outpatient_high_complexity_procedures.v1|openehr-ehr-composition.outpatient_high_complexity_procedures.v1/action|procedure_undertaken|openehr-ehr-action.procedure-sus.v1|openehr-ehr-action.procedure-sus.v1/item_tree|procedure_list|at0001|openehr-ehr-action.procedure-sus.v1/element|irradiated_area_1|at0.59|openehr-ehr-action.procedure-sus.v1,/composition|outpatient_high_complexity_procedures|openehr-ehr-composition.outpatient_high_complexity_procedures.v1|openehr-ehr-composition.outpatient_high_complexity_procedures.v1/evaluation|problem_diagnosis|openehr-ehr-evaluation.problem_diagnosis-sus.v1|openehr-ehr-evaluation.problem_diagnosis-sus.v1/item_tree|structure|at0001|openehr-ehr-evaluation.problem_diagnosis-sus.v1/element|invaded_regional_linphonodes|at0.4|openehr-ehr-evaluation.problem_diagnosis-sus.v1,cooccurrence,0.25,0.10526315789473684,0.20657894736842103,0.20657894736842103,4
/composition|outpatient_high_complexity_procedures|openehr-ehr-composition.outpatient_high_complexity_procedures.v1|openehr-ehr-composition.outpatient_high_complexity_procedures.v1/evaluation|problem_diagnosis|openehr-ehr-evaluation.problem_diagnosis-sus.v1|openehr-ehr-evaluation.problem_diagnosis-sus.v1/item_tree|structure|at0001|openehr-ehr-evaluation.problem_diagnosis-sus.v1/element|invaded_regional_linphonodes|at0.4|openehr-ehr-evaluation.problem_diagnosis-sus.v1,/composition|outpatient_high_complexity_procedures|openehr-ehr-composition.outpatient_high_complexity_procedures.v1|openehr-ehr-composition.outpatient_high_complexity_procedures.v1/action|procedure_undertaken|openehr-ehr-action.procedure-sus.v1|openehr-ehr-action.procedure-sus.v1/item_tree|procedure_list|at0001|openehr-ehr-action.procedure-sus.v1/element|irradiated_area_1|at0.59|openehr-ehr-action.procedure-sus.v1,cooccurrence,0.25,0.10526315789473684,0.20657894736842103,0.20657894736842103,4
/composition|outpatient_high_complexity_procedures|openehr-ehr-composition.outpatient_high_complexity_procedures.v1|openehr-ehr-composition.outpatient_high_complexity_procedures.v1/action|procedure_undertaken|openehr-ehr-action.procedure-sus.v1|openehr-ehr-action.procedure-sus.v1/item_tree|procedure_list|at0001|openehr-ehr-action.procedure-sus.v1/element|irradiated_area_1|at0.59|openehr-ehr-action.procedure-sus.v1,/composition|outpatient_high_complexity_procedures|openehr-ehr-composition.outpatient_high_complexity_procedures.v1|openehr-ehr-composition.outpatient_high_complexity_procedures.v1/evaluation|problem_diagnosis|openehr-ehr-evaluation.problem_diagnosis-sus.v1|openehr-ehr-evaluation.problem_diagnosis-sus.v1/item_tree|structure|at0001|openehr-ehr-evaluation.problem_diagnosis-sus.v1/element|problem|at0002.1|openehr-ehr-evaluation.problem_diagnosis-sus.v1,cooccurrence,0.25,0.10526315789473684,0.20657894736842103,0.20657894736842103,4
/composition|outpatient_high_complexity_procedures|openehr-ehr-composition.outpatient_high_complexity_procedures.v1|openehr-ehr-composition.outpatient_high_complexity_procedures.v1/evaluation|problem_diagnosis|openehr-ehr-evaluation.problem_diagnosis-sus.v1|openehr-ehr-evaluation.problem_diagnosis-sus.v1/item_tree|structure|at0001|openehr-ehr-evaluation.problem_diagnosis-sus.v1/element|problem|at0002.1|openehr-ehr-evaluation.problem_diagnosis-sus.v1,/composition|outpatient_high_complexity_procedures|openehr-ehr-composition.outpatient_high_complexity_procedures.v1|openehr-ehr-composition.outpatient_high_complexity_procedures.v1/action|procedure_undertaken|openehr-ehr-action.procedure-sus.v1|openehr-ehr-action.procedure-sus.v1/item_tree|procedure_list|at0001|openehr-ehr-action.procedure-sus.v1/element|irradiated_area_1|at0.59|openehr-ehr-action.procedure-sus.v1,cooccurrence,0.25,0.10526315789473684,0.20657894736842103,0.20657894736842103,4
/composition|outpatient_high_complexity_procedures|openehr-ehr-composition.outpatient_high_complexity_procedures.v1|openehr-ehr-composition.outpatient_high_complexity_procedures.v1/action|procedure_undertaken|openehr-ehr-action.procedure-sus.v1|openehr-ehr-action.procedure-sus.v1/item_tree|procedure_list|at0001|openehr-ehr-action.procedure-sus.v1/element|irradiated_area_1|at0.59|openehr-ehr-action.procedure-sus.v1,/composition|outpatient_high_complexity_procedures|openehr-ehr-composition.outpatient_high_complexity_procedures.v1|openehr-ehr-composition.outpatient_high_complexity_procedures.v1/evaluation|problem_diagnosis|openehr-ehr-evaluation.problem_diagnosis-sus.v1|openehr-ehr-evaluation.problem_diagnosis-sus.v1/item_tree|structure|at0001|openehr-ehr-evaluation.problem_diagnosis-sus.v1/element|secondary_diagnosis|at0.1|openehr-ehr-evaluation.problem_diagnosis-sus.v1,cooccurrence,0.25,0.10526315789473684,0.20657894736842103,0.20657894736842103,4
/composition|outpatient_high_complexity_procedures|openehr-ehr-composition.outpatient_high_complexity_procedures.v1|openehr-ehr-composition.outpatient_high_complexity_procedures.v1/evaluation|problem_diagnosis|openehr-ehr-evaluation.problem_diagnosis-sus.v1|openehr-ehr-evaluation.problem_diagnosis-sus.v1/item_tree|structure|at0001|openehr-ehr-evaluation.problem_diagnosis-sus.v1/element|secondary_diagnosis|at0.1|openehr-ehr-evaluation.problem_diagnosis-sus.v1,/composition|outpatient_high_complexity_procedures|openehr-ehr-composition.outpatient_high_complexity_procedures.v1|openehr-ehr-composition.outpatient_high_complexity_procedures.v1/action|procedure_undertaken|openehr-ehr-action.procedure-sus.v1|openehr-ehr-action.procedure-sus.v1/item_tree|procedure_list|at0001|openehr-ehr-action.procedure-sus.v1/element|irradiated_area_1|at0.59|openehr-ehr-action.procedure-sus.v1,cooccurrence,0.25,0.10526315789473684,0.20657894736842103,0.20657894736842103,4
/composition|outpatient_high_complexity_procedures|openehr-ehr-composition.outpatient_high_complexity_procedures.v1|openehr-ehr-composition.outpatient_high_complexity_procedures.v1/action|procedure_undertaken|openehr-ehr-action.procedure-sus.v1|openehr-ehr-action.procedure-sus.v1/item_tree|procedure_list|at0001|openehr-ehr-action.procedure-sus.v1/element|procedure|at0002|openehr-ehr-action.procedure-sus.v1,/composition|outpatient_high_complexity_procedures|openehr-ehr-composition.outpatient_high_complexity_procedures.v1|openehr-ehr-composition.outpatient_high_complexity_procedures.v1/admin_entry|hcpa|openehr-ehr-admin_entry.high_complexity_procedures_sus.v1|openehr-ehr-admin_entry.high_complexity_procedures_sus.v1/item_tree|components|at0001|openehr-ehr-admin_entry.high_complexity_procedures_sus.v1/cluster|general_data|at0023|openehr-ehr-admin_entry.high_complexity_procedures_sus.v1/element|healthcare_unit|at0011|openehr-ehr-admin_entry.high_complexity_procedures_sus.v1,cooccurrence,0.2,0.7105263157894737,0.3531578947368421,0.3531578947368421,27
/composition|outpatient_high_complexity_procedures|openehr-ehr-composition.outpatient_high_complexity_procedures.v1|openehr-ehr-composition.outpatient_high_complexity_procedures.v1/admin_entry|hcpa|openehr-ehr-admin_entry.high_complexity_procedures_sus.v1|openehr-ehr-admin_entry.high_complexity_procedures_sus.v1/item_tree|components|at0001|openehr-ehr-admin_entry.high_complexity_procedures_sus.v1/cluster|general_data|at0023|openehr-ehr-admin_entry.high_complexity_procedures_sus.v1/element|healthcare_unit|at0011|openehr-ehr-admin_entry.high_complexity_procedures_sus.v1,/composition|outpatient_high_complexity_procedures|openehr-ehr-composition.outpatient_high_complexity_procedures.v1|openehr-ehr-composition.outpatient_high_complexity_procedures.v1/action|procedure_undertaken|openehr-ehr-action.procedure-sus.v1|openehr-ehr-action.procedure-sus.v1/item_tree|procedure_list|at0001|openehr-ehr-action.procedure-sus.v1/element|procedure|at0002|openehr-ehr-action.procedure-sus.v1,cooccurrence,0.2,0.7105263157894737,0.3531578947368421,0.3531578947368421,27
/composition|outpatient_high_complexity_procedures|openehr-ehr-composition.outpatient_high_complexity_procedures.v1|openehr-ehr-composition.outpatient_high_complexity_procedures.v1/action|procedure_undertaken|openehr-ehr-action.procedure-sus.v1|openehr-ehr-action.procedure-sus.v1/item_tree|procedure_list|at0001|openehr-ehr-action.procedure-sus.v1/element|procedure|at0002|openehr-ehr-action.procedure-sus.v1,/composition|outpatient_high_complexity_procedures|openehr-ehr-composition.outpatient_high_complexity_procedures.v1|openehr-ehr-composition.outpatient_high_complexity_procedures.v1/admin_entry|hcpa|openehr-ehr-admin_entry.high_complexity_procedures_sus.v1|openehr-ehr-admin_entry.high_complexity_procedures_sus.v1/item_tree|components|at0001|openehr-ehr-admin_entry.high_complexity_procedures_sus.v1/cluster|general_data|at0023|openehr-ehr-admin_entry.high_complexity_procedures_sus.v1/element|issue_date|at0009|openehr-ehr-admin_entry.high_complexity_procedures_sus.v1,cooccurrence,0.2,0.7105263157894737,0.3531578947368421,0.3531578947368421,27
/composition|outpatient_high_complexity_procedures|openehr-ehr-composition.outpatient_high_complexity_procedures.v1|openehr-ehr-composition.outpatient_high_complexity_procedures.v1/admin_entry|hcpa|openehr-ehr-admin_entry.high_complexity_procedures_sus.v1|openehr-ehr-admin_entry.high_complexity_procedures_sus.v1/item_tree|components|at0001|openehr-ehr-admin_entry.high_complexity_procedures_sus.v1/cluster|general_data|at0023|openehr-ehr-admin_entry.high_complexity_procedures_sus.v1/element|issue_date|at0009|openehr-ehr-admin_entry.high_complexity_procedures_sus.v1,/composition|outpatient_high_complexity_procedures|openehr-ehr-composition.outpatient_high_complexity_procedures.v1|openehr-ehr-composition.outpatient_high_complexity_procedures.v1/action|procedure_undertaken|openehr-ehr-action.procedure-sus.v1|openehr-ehr-action.procedure-sus.v1/item_tree|procedure_list|at0001|openehr-ehr-action.procedure-sus.v1/element|procedure|at0002|openehr-ehr-action.procedure-sus.v1,cooccurrence,0.2,0.7105263157894737,0.3531578947368421,0.3531578947368421,27
/composition|outpatient_high_complexity_procedures|openehr-ehr-composition.outpatient_high_complexity_procedures.v1|openehr-ehr-composition.outpatient_high_complexity_procedures.v1/action|procedure_undertaken|openehr-ehr-action.procedure-sus.v1|openehr-ehr-action.procedure-sus.v1/item_tree|procedure_list|at0001|openehr-ehr-action.procedure-sus.v1/element|procedure|at0002|openehr-ehr-action.procedure-sus.v1,/composition|outpatient_high_complexity_procedures|openehr-ehr-composition.outpatient_high_complexity_procedures.v1|openehr-ehr-composition.outpatient_high_complexity_procedures.v1/admin_entry|hcpa|openehr-ehr-admin_entry.high_complexity_procedures_sus.v1|openehr-ehr-admin_entry.high_complexity_procedures_sus.v1/item_tree|components|at0001|openehr-ehr-admin_entry.high_complexity_procedures_sus.v1/cluster|general_data|at0023|openehr-ehr-admin_entry.high_complexity_procedures_sus.v1/element|patient_age|at0012|openehr-ehr-admin_entry.high_complexity_procedures_sus.v1,cooccurrence,0.2,0.7105263157894737,0.3531578947368421,0.3531578947368421,27
/composition|outpatient_high_complexity_procedures|openehr-ehr-composition.outpatient_high_complexity_procedures.v1|openehr-ehr-composition.outpatient_high_complexity_procedures.v1/admin_entry|hcpa|openehr-ehr-admin_entry.high_complexity_procedures_sus.v1|openehr-ehr-admin_entry.high_complexity_procedures_sus.v1/item_tree|components|at0001|openehr-ehr-admin_entry.high_complexity_procedures_sus.v1/cluster|general_data|at0023|openehr-ehr-admin_entry.high_complexity_procedures_sus.v1/element|patient_age|at0012|openehr-ehr-admin_entry.high_complexity_procedures_sus.v1,/composition|outpatient_high_complexity_procedures|openehr-ehr-composition.outpatient_high_complexity_procedures.v1|openehr-ehr-composition.outpatient_high_complexity_procedures.v1/action|procedure_undertaken|openehr-ehr-action.procedure-sus.v1|openehr-ehr-action.procedure-sus.v1/item_tree|procedure_list|at0001|openehr-ehr-action.procedure-sus.v1/element|procedure|at0002|openehr-ehr-action.procedure-sus.v1,cooccurrence,0.2,0.7105263157894737,0.3531578947368421,0.3531578947368421,27
/composition|outpatient_high_complexity_procedures|openehr-ehr-composition.outpatient_high_complexity_procedures.v1|openehr-ehr-composition.outpatient_high_complexity_procedures.v1/action|procedure_undertaken|openehr-ehr-action.procedure-sus.v1|openehr-ehr-action.procedure-sus.v1/item_tree|procedure_list|at0001|openehr-ehr-action.procedure-sus.v1/element|procedure|at0002|openehr-ehr-action.procedure-sus.v1,/composition|outpatient_high_complexity_procedures|openehr-ehr-composition.outpatient_high_complexity_procedures.v1|openehr-ehr-composition.outpatient_high_complexity_procedures.v1/admin_entry|hcpa|openehr-ehr-admin_entry.high_complexity_procedures_sus.v1|openehr-ehr-admin_entry.high_complexity_procedures_sus.v1/item_tree|components|at0001|openehr-ehr-admin_entry.high_complexity_procedures_sus.v1/cluster|general_data|at0023|openehr-ehr-admin_entry.high_complexity_procedures_sus.v1/element|reason_for_encounter|at0010|openehr-ehr-admin_entry.high_complexity_procedures_sus.v1,cooccurrence,0.2,0.7105263157894737,0.3531578947368421,0.3531578947368421,27
/composition|outpatient_high_complexity_procedures|openehr-ehr-composition.outpatient_high_complexity_procedures.v1|openehr-ehr-composition.outpatient_high_complexity_procedures.v1/admin_entry|hcpa|openehr-ehr-admin_entry.high_complexity_procedures_sus.v1|openehr-ehr-admin_entry.high_complexity_procedures_sus.v1/item_tree|components|at0001|openehr-ehr-admin_entry.high_complexity_procedures_sus.v1/cluster|general_data|at0023|openehr-ehr-admin_entry.high_complexity_procedures_sus.v1/element|reason_for_encounter|at0010|openehr-ehr-admin_entry.high_complexity_procedures_sus.v1,/composition|outpatient_high_complexity_procedures|openehr-ehr-composition.outpatient_high_complexity_procedures.v1|openehr-ehr-composition.outpatient_high_complexity_procedures.v1/action|procedure_undertaken|openehr-ehr-action.procedure-sus.v1|openehr-ehr-action.procedure-sus.v1/item_tree|procedure_list|at0001|openehr-ehr-action.procedure-sus.v1/element|procedure|at0002|openehr-ehr-action.procedure-sus.v1,cooccurrence,0.2,0.7105263157894737,0.3531578947368421,0.3531578947368421,27
/composition|outpatient_high_complexity_procedures|openehr-ehr-composition.outpatient_high_complexity_procedures.v1|openehr-ehr-composition.outpatient_high_complexity_procedures.v1/action|procedure_undertaken|openehr-ehr-action.procedure-sus.v1|openehr-ehr-action.procedure-sus.v1/item_tree|procedure_list|at0001|openehr-ehr-action.procedure-sus.v1/element|procedure|at0002|openehr-ehr-action.procedure-sus.v1,/composition|outpatient_high_complexity_procedures|openehr-ehr-composition.outpatient_high_complexity_procedures.v1|openehr-ehr-composition.outpatient_high_complexity_procedures.v1/admin_entry|hcpa|openehr-ehr-admin_entry.high_complexity_procedures_sus.v1|openehr-ehr-admin_entry.high_complexity_procedures_sus.v1/item_tree|components|at0001|openehr-ehr-admin_entry.high_complexity_procedures_sus.v1/cluster|general_data|at0023|openehr-ehr-admin_entry.high_complexity_procedures_sus.v1/element|state|at0028|openehr-ehr-admin_entry.high_complexity_procedures_sus.v1,cooccurrence,0.2,0.7105263157894737,0.3531578947368421,0.3531578947368421,27
/composition|outpatient_high_complexity_procedures|openehr-ehr-composition.outpatient_high_complexity_procedures.v1|openehr-ehr-composition.outpatient_high_complexity_procedures.v1/admin_entry|hcpa|openehr-ehr-admin_entry.high_complexity_procedures_sus.v1|openehr-ehr-admin_entry.high_complexity_procedures_sus.v1/item_tree|components|at0001|openehr-ehr-admin_entry.high_complexity_procedures_sus.v1/cluster|general_data|at0023|openehr-ehr-admin_entry.high_complexity_procedures_sus.v1/element|state|at0028|openehr-ehr-admin_entry.high_complexity_procedures_sus.v1,/composition|outpatient_high_complexity_procedures|openehr-ehr-composition.outpatient_high_complexity_procedures.v1|openehr-ehr-composition.outpatient_high_complexity_procedures.v1/action|procedure_undertaken|openehr-ehr-action.procedure-sus.v1|openehr-ehr-action.procedure-sus.v1/item_tree|procedure_list|at0001|openehr-ehr-action.procedure-sus.v1/element|procedure|at0002|openehr-ehr-action.procedure-sus.v1,cooccurrence,0.2,0.7105263157894737,0.3531578947368421,0.3531578947368421,27
/composition|outpatient_high_complexity_procedures|openehr-ehr-composition.outpatient_high_complexity_procedures.v1|openehr-ehr-composition.outpatient_high_complexity_procedures.v1/action|procedure_undertaken|openehr-ehr-action.procedure-sus.v1|openehr-ehr-action.procedure-sus.v1/item_tree|procedure_list|at0001|openehr-ehr-action.procedure-sus.v1/element|procedure|at0002|openehr-ehr-action.procedure-sus.v1,/composition|outpatient_high_complexity_procedures|openehr-ehr-composition.outpatient_high_complexity_procedures.v1|openehr-ehr-composition.outpatient_high_complexity_procedures.v1/admin_entry|patient_discharge|openehr-ehr-admin_entry.patient_discharge.v1|openehr-ehr-admin_entry.patient_discharge.v1/item_tree|components|at0001|openehr-ehr-admin_entry.patient_discharge.v1/element|date_of_discharge|at0002|openehr-ehr-admin_entry.patient_discharge.v1,cooccurrence,0.25,0.7105263157894737,0.38815789473684215,0.38815789473684215,27
/composition|outpatient_high_complexity_procedures|openehr-ehr-composition.outpatient_high_complexity_procedures.v1|openehr-ehr-composition.outpatient_high_complexity_procedures.v1/admin_entry|patient_discharge|openehr-ehr-admin_entry.patient_discharge.v1|openehr-ehr-admin_entry.patient_discharge.v1/item_tree|components|at0001|openehr-ehr-admin_entry.patient_discharge.v1/element|date_of_discharge|at0002|openehr-ehr-admin_entry.patient_discharge.v1,/composition|outpatient_high_complexity_procedures|openehr-ehr-composition.outpatient_high_complexity_procedures.v1|openehr-ehr-composition.outpatient_high_complexity_procedures.v1/action|procedure_undertaken|openehr-ehr-action.procedure-sus.v1|openehr-ehr-action.procedure-sus.v1/item_tree|procedure_list|at0001|openehr-ehr-action.procedure-sus.v1/element|procedure|at0002|openehr-ehr-action.procedure-sus.v1,cooccurrence,0.25,0.7105263157894737,0.38815789473684215,0.38815789473684215,27
/composition|outpatient_high_complexity_procedures|openehr-ehr-composition.outpatient_high_complexity_procedures.v1|openehr-ehr-composition.outpatient_high_complexity_procedures.v1/action|procedure_undertaken|openehr-ehr-action.procedure-sus.v1|openehr-ehr-action.procedure-sus.v1/item_tree|procedure_list|at0001|openehr-ehr-action.procedure-sus.v1/element|procedure|at0002|openehr-ehr-action.procedure-sus.v1,/composition|outpatient_high_complexity_procedures|openehr-ehr-composition.outpatient_high_complexity_procedures.v1|openehr-ehr-composition.outpatient_high_complexity_procedures.v1/admin_entry|patient_discharge|openehr-ehr-admin_entry.patient_discharge.v1|openehr-ehr-admin_entry.patient_discharge.v1/item_tree|components|at0001|openehr-ehr-admin_entry.patient_discharge.v1/element|reason_for_discharge|at0003|openehr-ehr-admin_entry.patient_discharge.v1,cooccurrence,0.25,0.7105263157894737,0.38815789473684215,0.38815789473684215,27
/composition|outpatient_high_complexity_procedures|openehr-ehr-composition.outpatient_high_complexity_procedures.v1|openehr-ehr-composition.outpatient_high_complexity_procedures.v1/admin_entry|patient_discharge|openehr-ehr-admin_entry.patient_discharge.v1|openehr-ehr-admin_entry.patient_discharge.v1/item_tree|components|at0001|openehr-ehr-admin_entry.patient_discharge.v1/element|reason_for_discharge|at0003|openehr-ehr-admin_entry.patient_discharge.v1,/composition|outpatient_high_complexity_procedures|openehr-ehr-composition.outpatient_high_complexity_procedures.v1|openehr-ehr-composition.outpatient_high_complexity_procedures.v1/action|procedure_undertaken|openehr-ehr-action.procedure-sus.v1|openehr-ehr-action.procedure-sus.v1/item_tree|procedure_list|at0001|openehr-ehr-action.procedure-sus.v1/element|procedure|at0002|openehr-ehr-action.procedure-sus.v1,cooccurrence,0.25,0.7105263157894737,0.38815789473684215,0.38815789473684215,27
/composition|outpatient_high_complexity_procedures|openehr-ehr-composition.outpatient_high_complexity_procedures.v1|openehr-ehr-composition.outpatient_high_complexity_procedures.v1/action|procedure_undertaken|openehr-ehr-action.procedure-sus.v1|openehr-ehr-action.procedure-sus.v1/item_tree|procedure_list|at0001|openehr-ehr-action.procedure-sus.v1/element|procedure|at0002|openehr-ehr-action.procedure-sus.v1,/composition|outpatient_high_complexity_procedures|openehr-ehr-composition.outpatient_high_complexity_procedures.v1|openehr-ehr-composition.outpatient_high_complexity_procedures.v1/evaluation|problem_diagnosis|openehr-ehr-evaluation.problem_diagnosis-sus.v1|openehr-ehr-evaluation.problem_diagnosis-sus.v1/item_tree|structure|at0001|openehr-ehr-evaluation.problem_diagnosis-sus.v1/cluster|tumour_-_tnm_cancer_staging|openehr-ehr-cluster.tnm_staging-sus.v1|openehr-ehr-evaluation.problem_diagnosis-sus.v1/element|topography|at0.43|openehr-ehr-evaluation.problem_diagnosis-sus.v1,cooccurrence,0.2,0.21052631578947367,0.2031578947368421,0.2031578947368421,8
/composition|outpatient_high_complexity_procedures|openehr-ehr-composition.outpatient_high_complexity_procedures.v1|openehr-ehr-composition.outpatient_high_complexity_procedures.v1/evaluation|problem_diagnosis|openehr-ehr-evaluation.problem_diagnosis-sus.v1|openehr-ehr-evaluation.problem_diagnosis-sus.v1/item_tree|structure|at0001|openehr-ehr-evaluation.problem_diagnosis-sus.v1/cluster|tumour_-_tnm_cancer_staging|openehr-ehr-cluster.tnm_staging-sus.v1|openehr-ehr-evaluation.problem_diagnosis-sus.v1/element|topography|at0.43|openehr-ehr-evaluation.problem_diagnosis-sus.v1,/composition|outpatient_high_complexity_procedures|openehr-ehr-composition.outpatient_high_complexity_procedures.v1|openehr-ehr-composition.outpatient_high_complexity_procedures.v1/action|procedure_undertaken|openehr-ehr-action.procedure-sus.v1|openehr-ehr-action.procedure-sus.v1/item_tree|procedure_list|at0001|openehr-ehr-action.procedure-sus.v1/element|procedure|at0002|openehr-ehr-action.procedure-sus.v1,cooccurrence,0.2,0.21052631578947367,0.2031578947368421,0.2031578947368421,8
/composition|outpatient_high_complexity_procedures|openehr-ehr-composition.outpatient_high_complexity_procedures.v1|openehr-ehr-composition.outpatient_high_complexity_procedures.v1/action|procedure_undertaken|openehr-ehr-action.procedure-sus.v1|openehr-ehr-action.procedure-sus.v1/item_tree|procedure_list|at0001|openehr-ehr-action.procedure-sus.v1/element|procedure|at0002|openehr-ehr-action.procedure-sus.v1,/composition|outpatient_high_complexity_procedures|openehr-ehr-composition.outpatient_high_complexity_procedures.v1|openehr-ehr-composition.outpatient_high_complexity_procedures.v1/evaluation|problem_diagnosis|openehr-ehr-evaluation.problem_diagnosis-sus.v1|openehr-ehr-evaluation.problem_diagnosis-sus.v1/item_tree|structure|at0001|openehr-ehr-evaluation.problem_diagnosis-sus.v1/element|associated_causes|at0.2|openehr-ehr-evaluation.problem_diagnosis-sus.v1,cooccurrence,0.25,0.7105263157894737,0.38815789473684215,0.38815789473684215,27
/composition|outpatient_high_complexity_procedures|openehr-ehr-composition.outpatient_high_complexity_procedures.v1|openehr-ehr-composition.outpatient_high_complexity_procedures.v1/evaluation|problem_diagnosis|openehr-ehr-evaluation.problem_diagnosis-sus.v1|openehr-ehr-evaluation.problem_diagnosis-sus.v1/item_tree|structure|at0001|openehr-ehr-evaluation.problem_diagnosis-sus.v1/element|associated_causes|at0.2|openehr-ehr-evaluation.problem_diagnosis-sus.v1,/composition|outpatient_high_complexity_procedures|openehr-ehr-composition.outpatient_high_complexity_procedures.v1|openehr-ehr-composition.outpatient_high_complexity_procedures.v1/action|procedure_undertaken|openehr-ehr-action.procedure-sus.v1|openehr-ehr-action.procedure-sus.v1/item_tree|procedure_list|at0001|openehr-ehr-action.procedure-sus.v1/element|procedure|at0002|openehr-ehr-action.procedure-sus.v1,cooccurrence,0.25,0.7105263157894737,0.38815789473684215,0.38815789473684215,27
/composition|outpatient_high_complexity_procedures|openehr-ehr-composition.outpatient_high_complexity_procedures.v1|openehr-ehr-composition.outpatient_high_complexity_procedures.v1/action|procedure_undertaken|openehr-ehr-action.procedure-sus.v1|openehr-ehr-action.procedure-sus.v1/item_tree|procedure_list|at0001|openehr-ehr-action.procedure-sus.v1/element|procedure|at0002|openehr-ehr-action.procedure-sus.v1,/composition|outpatient_high_complexity_procedures|openehr-ehr-composition.outpatient_high_complexity_procedures.v1|openehr-ehr-composition.outpatient_high_complexity_procedures.v1/evaluation|problem_diagnosis|openehr-ehr-evaluation.problem_diagnosis-sus.v1|openehr-ehr-evaluation.problem_diagnosis-sus.v1/item_tree|structure|at0001|openehr-ehr-evaluation.problem_diagnosis-sus.v1/element|invaded_regional_linphonodes|at0.4|openehr-ehr-evaluation.problem_diagnosis-sus.v1,cooccurrence,0.25,0.21052631578947367,0.2381578947368421,0.2381578947368421,8
/composition|outpatient_high_complexity_procedures|openehr-ehr-composition.outpatient_high_complexity_procedures.v1|openehr-ehr-composition.outpatient_high_complexity_procedures.v1/evaluation|problem_diagnosis|openehr-ehr-evaluation.problem_diagnosis-sus.v1|openehr-ehr-evaluation.problem_diagnosis-sus.v1/item_tree|structure|at0001|openehr-ehr-evaluation.problem_diagnosis-sus.v1/element|invaded_regional_linphonodes|at0.4|openehr-ehr-evaluation.problem_diagnosis-sus.v1,/composition|outpatient_high_complexity_procedures|openehr-ehr-composition.outpatient_high_complexity_procedures.v1|openehr-ehr-composition.outpatient_high_complexity_procedures.v1/action|procedure_undertaken|openehr-ehr-action.procedure-sus.v1|openehr-ehr-action.procedure-sus.v1/item_tree|procedure_list|at0001|openehr-ehr-action.procedure-sus.v1/element|procedure|at0002|openehr-ehr-action.procedure-sus.v1,cooccurrence,0.25,0.21052631578947367,0.2381578947368421,0.2381578947368421,8
/composition|outpatient_high_complexity_procedures|openehr-ehr-composition.outpatient_high_complexity_procedures.v1|openehr-ehr-composition.outpatient_high_complexity_procedures.v1/action|procedure_undertaken|openehr-ehr-action.procedure-sus.v1|openehr-ehr-action.procedure-sus.v1/item_tree|procedure_list|at0001|openehr-ehr-action.procedure-sus.v1/element|procedure|at0002|openehr-ehr-action.procedure-sus.v1,/composition|outpatient_high_complexity_procedures|openehr-ehr-composition.outpatient_high_complexity_procedures.v1|openehr-ehr-composition.outpatient_high_complexity_procedures.v1/evaluation|problem_diagnosis|openehr-ehr-evaluation.problem_diagnosis-sus.v1|openehr-ehr-evaluation.problem_diagnosis-sus.v1/item_tree|structure|at0001|openehr-ehr-evaluation.problem_diagnosis-sus.v1/element|problem|at0002.1|openehr-ehr-evaluation.problem_diagnosis-sus.v1,cooccurrence,0.25,0.7105263157894737,0.38815789473684215,0.38815789473684215,27
/composition|outpatient_high_complexity_procedures|openehr-ehr-composition.outpatient_high_complexity_procedures.v1|openehr-ehr-composition.outpatient_high_complexity_procedures.v1/evaluation|problem_diagnosis|openehr-ehr-evaluation.problem_diagnosis-sus.v1|openehr-ehr-evaluation.problem_diagnosis-sus.v1/item_tree|structure|at0001|openehr-ehr-evaluation.problem_diagnosis-sus.v1/element|problem|at0002.1|openehr-ehr-evaluation.problem_diagnosis-sus.v1,/composition|outpatient_high_complexity_procedures|openehr-ehr-composition.outpatient_high_complexity_procedures.v1|openehr-ehr-composition.outpatient_high_complexity_procedures.v1/action|procedure_undertaken|openehr-ehr-action.procedure-sus.v1|openehr-ehr-action.procedure-sus.v1/item_tree|procedure_list|at0001|openehr-ehr-action.procedure-sus.v1/element|procedure|at0002|openehr-ehr-action.procedure-sus.v1,cooccurrence,0.25,0.7105263157894737,0.38815789473684215,0.38815789473684215,27
/composition|outpatient_high_complexity_procedures|openehr-ehr-composition.outpatient_high_complexity_procedures.v1|openehr-ehr-composition.outpatient_high_complexity_procedures.v1/action|procedure_undertaken|openehr-ehr-action.procedure-sus.v1|openehr-ehr-action.procedure-sus.v1/item_tree|procedure_list|at0001|openehr-ehr-action.procedure-sus.v1/element|procedure|at0002|openehr-ehr-action.procedure-sus.v1,/composition|outpatient_high_complexity_procedures|openehr-ehr-composition.outpatient_high_complexity_procedures.v1|openehr-ehr-composition.outpatient_high_complexity_procedures.v1/evaluation|problem_diagnosis|openehr-ehr-evaluation.problem_diagnosis-sus.v1|openehr-ehr-evaluation.problem_diagnosis-sus.v1/item_tree|structure|at0001|openehr-ehr-evaluation.problem_diagnosis-sus.v1/element|secondary_diagnosis|at0.1|openehr-ehr-evaluation.problem_diagnosis-sus.v1,cooccurrence,0.25,0.7105263157894737,0.38815789473684215,0.38815789473684215,27
/composition|outpatient_high_complexity_procedures|openehr-ehr-composition.outpatient_high_complexity_procedures.v1|openehr-ehr-composition.outpatient_high_complexity_procedures.v1/evaluation|problem_diagnosis|openehr-ehr-evaluation.problem_diagnosis-sus.v1|openehr-ehr-evaluation.problem_diagnosis-sus.v1/item_tree|structure|at0001|openehr-ehr-evaluation.problem_diagnosis-sus.v1/element|secondary_diagnosis|at0.1|openehr-ehr-evaluation.problem_diagnosis-sus.v1,/composition|outpatient_high_complexity_procedures|openehr-ehr-composition.outpatient_high_complexity_procedures.v1|openehr-ehr-composition.outpatient_high_complexity_procedures.v1/action|procedure_undertaken|openehr-ehr-action.procedure-sus.v1|openehr-ehr-action.procedure-sus.v1/item_tree|procedure_list|at0001|openehr-ehr-action.procedure-sus.v1/element|procedure|at0002|openehr-ehr-action.procedure-sus.v1,cooccurrence,0.25,0.7105263157894737,0.38815789473684215,0.38815789473684215,27
/composition|outpatient_high_complexity_procedures|openehr-ehr-composition.outpatient_high_complexity_procedures.v1|openehr-ehr-composition.outpatient_high_complexity_procedures.v1/admin_entry|hcpa|openehr-ehr-admin_entry.high_complexity_procedures_sus.v1|openehr-ehr-admin_entry.high_complexity_procedures_sus.v1/item_tree|components|at0001|openehr-ehr-admin_entry.high_complexity_procedures_sus.v1/cluster|general_data|at0023|openehr-ehr-admin_entry.high_complexity_procedures_sus.v1/element|healthcare_unit|at0011|openehr-ehr-admin_entry.high_complexity_procedures_sus.v1,/composition|outpatient_high_complexity_procedures|openehr-ehr-composition.outpatient_high_complexity_procedures.v1|openehr-ehr-composition.outpatient_high_complexity_procedures.v1/admin_entry|hcpa|openehr-ehr-admin_entry.high_complexity_procedures_sus.v1|openehr-ehr-admin_entry.high_complexity_procedures_sus.v1/item_tree|components|at0001|openehr-ehr-admin_entry.high_complexity_procedures_sus.v1/cluster|general_data|at0023|openehr-ehr-admin_entry.high_complexity_procedures_sus.v1/element|issue_date|at0009|openehr-ehr-admin_entry.high_complexity_procedures_sus.v1,cooccurrence,0.8,0.7105263157894737,0.773157894736842,0.773157894736842,27
/composition|outpatient_high_complexity_procedures|openehr-ehr-composition.outpatient_high_complexity_procedures.v1|openehr-ehr-composition.outpatient_high_complexity_procedures.v1/admin_entry|hcpa|openehr-ehr-admin_entry.high_complexity_procedures_sus.v1|openehr-ehr-admin_entry.high_complexity_procedures_sus.v1/item_tree|components|at0001|openehr-ehr-admin_entry.high_complexity_procedures_sus.v1/cluster|general_data|at0023|openehr-ehr-admin_entry.high_complexity_procedures_sus.v1/element|issue_date|at0009|openehr-ehr-admin_entry.high_complexity_procedures_sus.v1,/composition|outpatient_high_complexity_procedures|openehr-ehr-composition.outpatient_high_complexity_procedures.v1|openehr-ehr-composition.outpatient_high_complexity_procedures.v1/admin_entry|hcpa|openehr-ehr-admin_entry.high_complexity_procedures_sus.v1|openehr-ehr-admin_entry.high_complexity_procedures_sus.v1/item_tree|components|at0001|openehr-ehr-admin_entry.high_complexity_procedures_sus.v1/cluster|general_data|at0023|openehr-ehr-admin_entry.high_complexity_procedures_sus.v1/element|healthcare_unit|at0011|openehr-ehr-admin_entry.high_complexity_procedures_sus.v1,cooccurrence,0.8,0.7105263157894737,0.773157894736842,0.773157894736842,27
/composition|outpatient_high_complexity_procedures|openehr-ehr-composition.outpatient_high_complexity_procedures.v1|openehr-ehr-composition.outpatient_high_complexity_procedures.v1/admin_entry|hcpa|openehr-ehr-admin_entry.high_complexity_procedures_sus.v1|openehr-ehr-admin_entry.high_complexity_procedures_sus.v1/item_tree|components|at0001|openehr-ehr-admin_entry.high_complexity_procedures_sus.v1/cluster|general_data|at0023|openehr-ehr-admin_entry.high_complexity_procedures_sus.v1/element|healthcare_unit|at0011|openehr-ehr-admin_entry.high_complexity_procedures_sus.v1,/composition|outpatient_high_complexity_procedures|openehr-ehr-composition.outpatient_high_complexity_procedures.v1|openehr-ehr-composition.outpatient_high_complexity_procedures.v1/admin_entry|hcpa|openehr-ehr-admin_entry.high_complexity_procedures_sus.v1|openehr-ehr-admin_entry.high_complexity_procedures_sus.v1/item_tree|components|at0001|openehr-ehr-admin_entry.high_complexity_procedures_sus.v1/cluster|general_data|at0023|openehr-ehr-admin_entry.high_complexity_procedures_sus.v1/element|patient_age|at0012|openehr-ehr-admin_entry.high_complexity_procedures_sus.v1,cooccurrence,0.8,0.7105263157894737,0.773157894736842,0.773157894736842,27
/composition|outpatient_high_complexity_procedures|openehr-ehr-composition.outpatient_high_complexity_procedures.v1|openehr-ehr-composition.outpatient_high_complexity_procedures.v1/admin_entry|hcpa|openehr-ehr-admin_entry.high_complexity_procedures_sus.v1|openehr-ehr-admin_entry.high_complexity_procedures_sus.v1/item_tree|components|at0001|openehr-ehr-admin_entry.high_complexity_procedures_sus.v1/cluster|general_data|at0023|openehr-ehr-admin_entry.high_complexity_procedures_sus.v1/element|patient_age|at0012|openehr-ehr-admin_entry.high_complexity_procedures_sus.v1,/composition|outpatient_high_complexity_procedures|openehr-ehr-composition.outpatient_high_complexity_procedures.v1|openehr-ehr-composition.outpatient_high_complexity_procedures.v1/admin_entry|hcpa|openehr-ehr-admin_entry.high_complexity_procedures_sus.v1|openehr-ehr-admin_entry.high_complexity_procedures_sus.v1/item_tree|components|at0001|openehr-ehr-admin_entry.high_complexity_procedures_sus.v1/cluster|general_data|at0023|openehr-ehr-admin_entry.high_complexity_procedures_sus.v1/element|healthcare_unit|at0011|openehr-ehr-admin_entry.high_complexity_procedures_sus.v1,cooccurrence,0.8,0.7105263157894737,0.773157894736842,0.773157894736842,27
/composition|outpatient_high_complexity_procedures|openehr-ehr-composition.outpatient_high_complexity_procedures.v1|openehr-ehr-composition.outpatient_high_complexity_procedures.v1/admin_entry|hcpa|openehr-ehr-admin_entry.high_complexity_procedures_sus.v1|openehr-ehr-admin_entry.high_complexity_procedures_sus.v1/item_tree|components|at0001|openehr-ehr-admin_entry.high_complexity_procedures_sus.v1/cluster|general_data|at0023|openehr-ehr-admin_entry.high_complexity_procedures_sus.v1/element|healthcare_unit|at0011|openehr-ehr-admin_entry.high_complexity_procedures_sus.v1,/composition|outpatient_high_complexity_procedures|openehr-ehr-composition.outpatient_high_complexity_procedures.v1|openehr-ehr-composition.outpatient_high_complexity_procedures.v1/admin_entry|hcpa|openehr-ehr-admin_entry.high_complexity_procedures_sus.v1|openehr-ehr-admin_entry.high_complexity_procedures_sus.v1/item_tree|components|at0001|openehr-ehr-admin_entry.high_complexity_procedures_sus.v1/cluster|general_data|at0023|openehr-ehr-admin_entry.high_complexity_procedures_sus.v1/element|reason_for_encounter|at0010|openehr-ehr-admin_entry.high_complexity_procedures_sus.v1,cooccurrence,0.8,0.7105263157894737,0.773157894736842,0.773157894736842,27
/composition|outpatient_high_complexity_procedures|openehr-ehr-composition.outpatient_high_complexity_procedures.v1|openehr-ehr-composition.outpatient_high_complexity_procedures.v1/admin_entry|hcpa|openehr-ehr-admin_entry.high_complexity_procedures_sus.v1|openehr-ehr-admin_entry.high_complexity_procedures_sus.v1/item_tree|components|at0001|openehr-ehr-admin_entry.high_complexity_procedures_sus.v1/cluster|general_data|at0023|openehr-ehr-admin_entry.high_complexity_procedures_sus.v1/element|reason_for_encounter|at0010|openehr-ehr-admin_entry.high_complexity_procedures_sus.v1,/composition|outpatient_high_complexity_procedures|openehr-ehr-composition.outpatient_high_complexity_procedures.v1|openehr-ehr-composition.outpatient_high_complexity_procedures.v1/admin_entry|hcpa|openehr-ehr-admin_entry.high_complexity_procedures_sus.v1|openehr-ehr-admin_entry.high_complexity_procedures_sus.v1/item_tree|components|at0001|openehr-ehr-admin_entry.high_complexity_procedures_sus.v1/cluster|general_data|at0023|openehr-ehr-admin_entry.high_complexity_procedures_sus.v1/element|healthcare_unit|at0011|openehr-ehr-admin_entry.high_complexity_procedures_sus.v1,cooccurrence,0.8,0.7105263157894737,0.773157894736842,0.773157894736842,27
/composition|outpatient_high_complexity_procedures|openehr-ehr-composition.outpatient_high_complexity_procedures.v1|openehr-ehr-composition.outpatient_high_complexity_procedures.v1/admin_entry|hcpa|openehr-ehr-admin_entry.high_complexity_procedures_sus.v1|openehr-ehr-admin_entry.high_complexity_procedures_sus.v1/item_tree|components|at0001|openehr-ehr-admin_entry.high_complexity_procedures_sus.v1/cluster|general_data|at0023|openehr-ehr-admin_entry.high_complexity_procedures_sus.v1/element|healthcare_unit|at0011|openehr-ehr-admin_entry.high_complexity_procedures_sus.v1,/composition|outpatient_high_complexity_procedures|openehr-ehr-composition.outpatient_high_complexity_procedures.v1|openehr-ehr-composition.outpatient_high_complexity_procedures.v1/admin_entry|hcpa|openehr-ehr-admin_entry.high_complexity_procedures_sus.v1|openehr-ehr-admin_entry.high_complexity_procedures_sus.v1/item_tree|components|at0001|openehr-ehr-admin_entry.high_complexity_procedures_sus.v1/cluster|general_data|at0023|openehr-ehr-admin_entry.high_complexity_procedures_sus.v1/element|state|at0028|openehr-ehr-admin_entry.high_complexity_procedures_sus.v1,cooccurrence,0.8,0.7105263157894737,0.773157894736842,0.773157894736842,27
/composition|outpatient_high_complexity_procedures|openehr-ehr-composition.outpatient_high_complexity_procedures.v1|openehr-ehr-composition.outpatient_high_complexity_procedures.v1/admin_entry|hcpa|openehr-ehr-admin_entry.high_complexity_procedures_sus.v1|openehr-ehr-admin_entry.high_complexity_procedures_sus.v1/item_tree|components|at0001|openehr-ehr-admin_entry.high_complexity_procedures_sus.v1/cluster|general_data|at0023|openehr-ehr-admin_entry.high_complexity_procedures_sus.v1/element|state|at0028|openehr-ehr-admin_entry.high_complexity_procedures_sus.v1,/composition|outpatient_high_complexity_procedures|openehr-ehr-composition.outpatient_high_complexity_procedures.v1|openehr-ehr-composition.outpatient_high_complexity_procedures.v1/admin_entry|hcpa|openehr-ehr-admin_entry.high_complexity_procedures_sus.v1|openehr-ehr-admin_entry.high_complexity_procedures_sus.v1/item_tree|components|at0001|openehr-ehr-admin_entry.high_complexity_procedures_sus.v1/cluster|general_data|at0023|openehr-ehr-admin_entry.high_complexity_procedures_sus.v1/element|healthcare_unit|at0011|openehr-ehr-admin_entry.high_complexity_procedures_sus.v1,cooccurrence,0.8,0.7105263157894737,0.773157894736842,0.773157894736842,27
/composition|outpatient_high_complexity_procedures|openehr-ehr-composition.outpatient_high_complexity_procedures.v1|openehr-ehr-composition.outpatient_high_complexity_procedures.v1/admin_entry|hcpa|openehr-ehr-admin_entry.high_complexity_procedures_sus.v1|openehr-ehr-admin_entry.high_complexity_procedures_sus.v1/item_tree|components|at0001|openehr-ehr-admin_entry.high_complexity_procedures_sus.v1/cluster|general_data|at0023|openehr-ehr-admin_entry.high_complexity_procedures_sus.v1/element|healthcare_unit|at0011|openehr-ehr-admin_entry.high_complexity_procedures_sus.v1,/composition|outpatient_high_complexity_procedures|openehr-ehr-composition.outpatient_high_complexity_procedures.v1|openehr-ehr-composition.outpatient_high_complexity_procedures.v1/admin_entry|hcpa|openehr-ehr-admin_entry.high_complexity_procedures_sus.v1|openehr-ehr-admin_entry.high_complexity_procedures_sus.v1/item_tree|components|at0001|openehr-ehr-admin_entry.high_complexity_procedures_sus.v1/cluster|radiotherapy|at0017|openehr-ehr-admin_entry.high_complexity_procedures_sus.v1/element|date_of_beginning_of_radiotherapy|at0032|openehr-ehr-admin_entry.high_complexity_procedures_sus.v1,cooccurrence,0.6,0.10526315789473684,0.451578947368421,0.451578947368421,4
/composition|outpatient_high_complexity_procedures|openehr-ehr-composition.outpatient_high_complexity_procedures.v1|openehr-ehr-composition.outpatient_high_complexity_procedures.v1/admin_entry|hcpa|openehr-ehr-admin_entry.high_complexity_procedures_sus.v1|openehr-ehr-admin_entry.high_complexity_procedures_sus.v1/item_tree|components|at0001|openehr-ehr-admin_entry.high_complexity_procedures_sus.v1/cluster|radiotherapy|at0017|openehr-ehr-admin_entry.high_complexity_procedures_sus.v1/element|date_of_beginning_of_radiotherapy|at0032|openehr-ehr-admin_entry.high_complexity_procedures_sus.v1,/composition|outpatient_high_complexity_procedures|openehr-ehr-composition.outpatient_high_complexity_procedures.v1|openehr-ehr-composition.outpatient_high_complexity_procedures.v1/admin_entry|hcpa|openehr-ehr-admin_entry.high_complexity_procedures_sus.v1|openehr-ehr-admin_entry.high_complexity_procedures_sus.v1/item_tree|components|at0001|openehr-ehr-admin_entry.high_complexity_procedures_sus.v1/cluster|general_data|at0023|openehr-ehr-admin_entry.high_complexity_procedures_sus.v1/element|healthcare_unit|at0011|openehr-ehr-admin_entry.high_complexity_procedures_sus.v1,cooccurrence,0.6,0.10526315789473684,0.451578947368421,0.451578947368421,4
/composition|outpatient_high_complexity_procedures|openehr-ehr-composition.outpatient_high_complexity_procedures.v1|openehr-ehr-composition.outpatient_high_complexity_procedures.v1/admin_entry|hcpa|openehr-ehr-admin_entry.high_complexity_procedures_sus.v1|openehr-ehr-admin_entry.high_complexity_procedures_sus.v1/item_tree|components|at0001|openehr-ehr-admin_entry.high_complexity_procedures_sus.v1/cluster|general_data|at0023|openehr-ehr-admin_entry.high_complexity_procedures_sus.v1/element|healthcare_unit|at0011|openehr-ehr-admin_entry.high_complexity_procedures_sus.v1,/composition|outpatient_high_complexity_procedures|openehr-ehr-composition.outpatient_high_complexity_procedures.v1|openehr-ehr-composition.outpatient_high_complexity_procedures.v1/admin_entry|patient_discharge|openehr-ehr-admin_entry.patient_discharge.v1|openehr-ehr-admin_entry.patient_discharge.v1/item_tree|components|at0001|openehr-ehr-admin_entry.patient_discharge.v1/element|date_of_discharge|at0002|openehr-ehr-admin_entry.patient_discharge.v1,cooccurrence,0.2,0.7105263157894737,0.3531578947368421,0.3531578947368421,27
/composition|outpatient_high_complexity_procedures|openehr-ehr-composition.outpatient_high_complexity_procedures.v1|openehr-ehr-composition.outpatient_high_complexity_procedures.v1/admin_entry|patient_discharge|openehr-ehr-admin_entry.patient_discharge.v1|openehr-ehr-admin_entry.patient_discharge.v1/item_tree|components|at0001|openehr-ehr-admin_entry.patient_discharge.v1/element|date_of_discharge|at0002|openehr-ehr-admin_entry.patient_discharge.v1,/composition|outpatient_high_complexity_procedures|openehr-ehr-composition.outpatient_high_complexity_procedures.v1|openehr-ehr-composition.outpatient_high_complexity_procedures.v1/admin_entry|hcpa|openehr-ehr-admin_entry.high_complexity_procedures_sus.v1|openehr-ehr-admin_entry.high_complexity_procedures_sus.v1/item_tree|components|at0001|openehr-ehr-admin_entry.high_complexity_procedures_sus.v1/cluster|general_data|at0023|openehr-ehr-admin_entry.high_complexity_procedures_sus.v1/element|healthcare_unit|at0011|openehr-ehr-admin_entry.high_complexity_procedures_sus.v1,cooccurrence,0.2,0.7105263157894737,0.3531578947368421,0.3531578947368421,27
/composition|outpatient_high_complexity_procedures|openehr-ehr-composition.outpatient_high_complexity_procedures.v1|openehr-ehr-composition.outpatient_high_complexity_procedures.v1/admin_entry|hcpa|openehr-ehr-admin_entry.high_complexity_procedures_sus.v1|openehr-ehr-admin_entry.high_complexity_procedures_sus.v1/item_tree|components|at0001|openehr-ehr-admin_entry.high_complexity_procedures_sus.v1/cluster|general_data|at0023|openehr-ehr-admin_entry.high_complexity_procedures_sus.v1/element|healthcare_unit|at0011|openehr-ehr-admin_entry.high_complexity_procedures_sus.v1,/composition|outpatient_high_complexity_procedures|openehr-ehr-composition.outpatient_high_complexity_procedures.v1|openehr-ehr-composition.outpatient_high_complexity_procedures.v1/admin_entry|patient_discharge|openehr-ehr-admin_entry.patient_discharge.v1|openehr-ehr-admin_entry.patient_discharge.v1/item_tree|components|at0001|openehr-ehr-admin_entry.patient_discharge.v1/element|reason_for_discharge|at0003|openehr-ehr-admin_entry.patient_discharge.v1,cooccurrence,0.2,0.7105263157894737,0.3531578947368421,0.3531578947368421,27
/composition|outpatient_high_complexity_procedures|openehr-ehr-composition.outpatient_high_complexity_procedures.v1|openehr-ehr-composition.outpatient_high_complexity_procedures.v1/admin_entry|patient_discharge|openehr-ehr-admin_entry.patient_discharge.v1|openehr-ehr-admin_entry.patient_discharge.v1/item_tree|components|at0001|openehr-ehr-admin_entry.patient_discharge.v1/element|reason_for_discharge|at0003|openehr-ehr-admin_entry.patient_discharge.v1,/composition|outpatient_high_complexity_procedures|openehr-ehr-composition.outpatient_high_complexity_procedures.v1|openehr-ehr-composition.outpatient_high_complexity_procedures.v1/admin_entry|hcpa|openehr-ehr-admin_entry.high_complexity_procedures_sus.v1|openehr-ehr-admin_entry.high_complexity_procedures_sus.v1/item_tree|components|at0001|openehr-ehr-admin_entry.high_complexity_procedures_sus.v1/cluster|general_data|at0023|openehr-ehr-admin_entry.high_complexity_procedures_sus.v1/element|healthcare_unit|at0011|openehr-ehr-admin_entry.high_complexity_procedures_sus.v1,cooccurrence,0.2,0.7105263157894737,0.3531578947368421,0.3531578947368421,27
/composition|outpatient_high_complexity_procedures|openehr-ehr-composition.outpatient_high_complexity_procedures.v1|openehr-ehr-composition.outpatient_high_complexity_procedures.v1/admin_entry|hcpa|openehr-ehr-admin_entry.high_complexity_procedures_sus.v1|openehr-ehr-admin_entry.high_complexity_procedures_sus.v1/item_tree|components|at0001|openehr-ehr-admin_entry.high_complexity_procedures_sus.v1/cluster|general_data|at0023|openehr-ehr-admin_entry.high_complexity_procedures_sus.v1/element|healthcare_unit|at0011|openehr-ehr-admin_entry.high_complexity_procedures_sus.v1,/composition|outpatient_high_complexity_procedures|openehr-ehr-composition.outpatient_high_complexity_procedures.v1|openehr-ehr-composition.outpatient_high_complexity_procedures.v1/evaluation|problem_diagnosis|openehr-ehr-evaluation.problem_diagnosis-sus.v1|openehr-ehr-evaluation.problem_diagnosis-sus.v1/item_tree|structure|at0001|openehr-ehr-evaluation.problem_diagnosis-sus.v1/cluster|tumour_-_tnm_cancer_staging|openehr-ehr-cluster.tnm_staging-sus.v1|openehr-ehr-evaluation.problem_diagnosis-sus.v1/element|topography|at0.43|openehr-ehr-evaluation.problem_diagnosis-sus.v1,cooccurrence,0.2,0.21052631578947367,0.2031578947368421,0.2031578947368421,8
/composition|outpatient_high_complexity_procedures|openehr-ehr-composition.outpatient_high_complexity_procedures.v1|openehr-ehr-composition.outpatient_high_complexity_procedures.v1/evaluation|problem_diagnosis|openehr-ehr-evaluation.problem_diagnosis-sus.v1|openehr-ehr-evaluation.problem_diagnosis-sus.v1/item_tree|structure|at0001|openehr-ehr-evaluation.problem_diagnosis-sus.v1/cluster|tumour_-_tnm_cancer_staging|openehr-ehr-cluster.tnm_staging-sus.v1|openehr-ehr-evaluation.problem_diagnosis-sus.v1/element|topography|at0.43|openehr-ehr-evaluation.problem_diagnosis-sus.v1,/composition|outpatient_high_complexity_procedures|openehr-ehr-composition.outpatient_high_complexity_procedures.v1|openehr-ehr-composition.outpatient_high_complexity_procedures.v1/admin_entry|hcpa|openehr-ehr-admin_entry.high_complexity_procedures_sus.v1|openehr-ehr-admin_entry.high_complexity_procedures_sus.v1/item_tree|components|at0001|openehr-ehr-admin_entry.high_complexity_procedures_sus.v1/cluster|general_data|at0023|openehr-ehr-admin_entry.high_complexity_procedures_sus.v1/element|healthcare_unit|at0011|openehr-ehr-admin_entry.high_complexity_procedures_sus.v1,cooccurrence,0.2,0.21052631578947367,0.2031578947368421,0.2031578947368421,8
/composition|outpatient_high_complexity_procedures|openehr-ehr-composition.outpatient_high_complexity_procedures.v1|openehr-ehr-composition.outpatient_high_complexity_procedures.v1/admin_entry|hcpa|openehr-ehr-admin_entry.high_complexity_procedures_sus.v1|openehr-ehr-admin_entry.high_complexity_procedures_sus.v1/item_tree|components|at0001|openehr-ehr-admin_entry.high_complexity_procedures_sus.v1/cluster|general_data|at0023|openehr-ehr-admin_entry.high_complexity_procedures_sus.v1/element|healthcare_unit|at0011|openehr-ehr-admin_entry.high_complexity_procedures_sus.v1,/composition|outpatient_high_complexity_procedures|openehr-ehr-composition.outpatient_high_complexity_procedures.v1|openehr-ehr-composition.outpatient_high_complexity_procedures.v1/evaluation|problem_diagnosis|openehr-ehr-evaluation.problem_diagnosis-sus.v1|openehr-ehr-evaluation.problem_diagnosis-sus.v1/item_tree|structure|at0001|openehr-ehr-evaluation.problem_diagnosis-sus.v1/element|associated_causes|at0.2|openehr-ehr-evaluation.problem_diagnosis-sus.v1,cooccurrence,0.2,0.7105263157894737,0.3531578947368421,0.3531578947368421,27
/composition|outpatient_high_complexity_procedures|openehr-ehr-composition.outpatient_high_complexity_procedures.v1|openehr-ehr-composition.outpatient_high_complexity_procedures.v1/evaluation|problem_diagnosis|openehr-ehr-evaluation.problem_diagnosis-sus.v1|openehr-ehr-evaluation.problem_diagnosis-sus.v1/item_tree|structure|at0001|openehr-ehr-evaluation.problem_diagnosis-sus.v1/element|associated_causes|at0.2|openehr-ehr-evaluation.problem_diagnosis-sus.v1,/composition|outpatient_high_complexity_procedures|openehr-ehr-composition.outpatient_high_complexity_procedures.v1|openehr-ehr-composition.outpatient_high_complexity_procedures.v1/admin_entry|hcpa|openehr-ehr-admin_entry.high_complexity_procedures_sus.v1|openehr-ehr-admin_entry.high_complexity_procedures_sus.v1/item_tree|components|at0001|openehr-ehr-admin_entry.high_complexity_procedures_sus.v1/cluster|general_data|at0023|openehr-ehr-admin_entry.high_complexity_procedures_sus.v1/element|healthcare_unit|at0011|openehr-ehr-admin_entry.high_complexity_procedures_sus.v1,cooccurrence,0.2,0.7105263157894737,0.3531578947368421,0.3531578947368421,27
/composition|outpatient_high_complexity_procedures|openehr-ehr-composition.outpatient_high_complexity_procedures.v1|openehr-ehr-composition.outpatient_high_complexity_procedures.v1/admin_entry|hcpa|openehr-ehr-admin_entry.high_complexity_procedures_sus.v1|openehr-ehr-admin_entry.high_complexity_procedures_sus.v1/item_tree|components|at0001|openehr-ehr-admin_entry.high_complexity_procedures_sus.v1/cluster|general_data|at0023|openehr-ehr-admin_entry.high_complexity_procedures_sus.v1/element|healthcare_unit|at0011|openehr-ehr-admin_entry.high_complexity_procedures_sus.v1,/composition|outpatient_high_complexity_procedures|openehr-ehr-composition.outpatient_high_complexity_procedures.v1|openehr-ehr-composition.outpatient_high_complexity_procedures.v1/evaluation|problem_diagnosis|openehr-ehr-evaluation.problem_diagnosis-sus.v1|openehr-ehr-evaluation.problem_diagnosis-sus.v1/item_tree|structure|at0001|openehr-ehr-evaluation.problem_diagnosis-sus.v1/element|invaded_regional_linphonodes|at0.4|openehr-ehr-evaluation.problem_diagnosis-sus.v1,cooccurrence,0.2,0.21052631578947367,0.2031578947368421,0.2031578947368421,8
/composition|outpatient_high_complexity_procedures|openehr-ehr-composition.outpatient_high_complexity_procedures.v1|openehr-ehr-composition.outpatient_high_complexity_procedures.v1/evaluation|problem_diagnosis|openehr-ehr-evaluation.problem_diagnosis-sus.v1|openehr-ehr-evaluation.problem_diagnosis-sus.v1/item_tree|structure|at0001|openehr-ehr-evaluation.problem_diagnosis-sus.v1/element|invaded_regional_linphonodes|at0.4|openehr-ehr-evaluation.problem_diagnosis-sus.v1,/composition|outpatient_high_complexity_procedures|openehr-ehr-composition.outpatient_high_complexity_procedures.v1|openehr-ehr-composition.outpatient_high_complexity_procedures.v1/admin_entry|hcpa|openehr-ehr-admin_entry.high_complexity_procedures_sus.v1|openehr-ehr-admin_entry.high_complexity_procedures_sus.v1/item_tree|components|at0001|openehr-ehr-admin_entry.high_complexity_procedures_sus.v1/cluster|general_data|at0023|openehr-ehr-admin_entry.high_complexity_procedures_sus.v1/element|healthcare_unit|at0011|openehr-ehr-admin_entry.high_complexity_procedures_sus.v1,cooccurrence,0.2,0.21052631578947367,0.2031578947368421,0.2031578947368421,8
/composition|outpatient_high_complexity_procedures|openehr-ehr-composition.outpatient_high_complexity_procedures.v1|openehr-ehr-composition.outpatient_high_complexity_procedures.v1/admin_entry|hcpa|openehr-ehr-admin_entry.high_complexity_procedures_sus.v1|openehr-ehr-admin_entry.high_complexity_procedures_sus.v1/item_tree|components|at0001|openehr-ehr-admin_entry.high_complexity_procedures_sus.v1/cluster|general_data|at0023|openehr-ehr-admin_entry.high_complexity_procedures_sus.v1/element|healthcare_unit|at0011|openehr-ehr-admin_entry.high_complexity_procedures_sus.v1,/composition|outpatient_high_complexity_procedures|openehr-ehr-composition.outpatient_high_complexity_procedures.v1|openehr-ehr-composition.outpatient_high_complexity_procedures.v1/evaluation|problem_diagnosis|openehr-ehr-evaluation.problem_diagnosis-sus.v1|openehr-ehr-evaluation.problem_diagnosis-sus.v1/item_tree|structure|at0001|openehr-ehr-evaluation.problem_diagnosis-sus.v1/element|problem|at0002.1|openehr-ehr-evaluation.problem_diagnosis-sus.v1,cooccurrence,0.2,0.7105263157894737,0.3531578947368421,0.3531578947368421,27
/composition|outpatient_high_complexity_procedures|openehr-ehr-composition.outpatient_high_complexity_procedures.v1|openehr-ehr-composition.outpatient_high_complexity_procedures.v1/evaluation|problem_diagnosis|openehr-ehr-evaluation.problem_diagnosis-sus.v1|openehr-ehr-evaluation.problem_diagnosis-sus.v1/item_tree|structure|at0001|openehr-ehr-evaluation.problem_diagnosis-sus.v1/element|problem|at0002.1|openehr-ehr-evaluation.problem_diagnosis-sus.v1,/composition|outpatient_high_complexity_procedures|openehr-ehr-composition.outpatient_high_complexity_procedures.v1|openehr-ehr-composition.outpatient_high_complexity_procedures.v1/admin_entry|hcpa|openehr-ehr-admin_entry.high_complexity_procedures_sus.v1|openehr-ehr-admin_entry.high_complexity_procedures_sus.v1/item_tree|components|at0001|openehr-ehr-admin_entry.high_complexity_procedures_sus.v1/cluster|general_data|at0023|openehr-ehr-admin_entry.high_complexity_procedures_sus.v1/element|healthcare_unit|at0011|openehr-ehr-admin_entry.high_complexity_procedures_sus.v1,cooccurrence,0.2,0.7105263157894737,0.3531578947368421,0.3531578947368421,27
/composition|outpatient_high_complexity_procedures|openehr-ehr-composition.outpatient_high_complexity_procedures.v1|openehr-ehr-composition.outpatient_high_complexity_procedures.v1/admin_entry|hcpa|openehr-ehr-admin_entry.high_complexity_procedures_sus.v1|openehr-ehr-admin_entry.high_complexity_procedures_sus.v1/item_tree|components|at0001|openehr-ehr-admin_entry.high_complexity_procedures_sus.v1/cluster|general_data|at0023|openehr-ehr-admin_entry.high_complexity_procedures_sus.v1/element|healthcare_unit|at0011|openehr-ehr-admin_entry.high_complexity_procedures_sus.v1,/composition|outpatient_high_complexity_procedures|openehr-ehr-composition.outpatient_high_complexity_procedures.v1|openehr-ehr-composition.outpatient_high_complexity_procedures.v1/evaluation|problem_diagnosis|openehr-ehr-evaluation.problem_diagnosis-sus.v1|openehr-ehr-evaluation.problem_diagnosis-sus.v1/item_tree|structure|at0001|openehr-ehr-evaluation.problem_diagnosis-sus.v1/element|secondary_diagnosis|at0.1|openehr-ehr-evaluation.problem_diagnosis-sus.v1,cooccurrence,0.2,0.7105263157894737,0.3531578947368421,0.3531578947368421,27
/composition|outpatient_high_complexity_procedures|openehr-ehr-composition.outpatient_high_complexity_procedures.v1|openehr-ehr-composition.outpatient_high_complexity_procedures.v1/evaluation|problem_diagnosis|openehr-ehr-evaluation.problem_diagnosis-sus.v1|openehr-ehr-evaluation.problem_diagnosis-sus.v1/item_tree|structure|at0001|openehr-ehr-evaluation.problem_diagnosis-sus.v1/element|secondary_diagnosis|at0.1|openehr-ehr-evaluation.problem_diagnosis-sus.v1,/composition|outpatient_high_complexity_procedures|openehr-ehr-composition.outpatient_high_complexity_procedures.v1|openehr-ehr-composition.outpatient_high_complexity_procedures.v1/admin_entry|hcpa|openehr-ehr-admin_entry.high_complexity_procedures_sus.v1|openehr-ehr-admin_entry.high_complexity_procedures_sus.v1/item_tree|components|at0001|openehr-ehr-admin_entry.high_complexity_procedures_sus.v1/cluster|general_data|at0023|openehr-ehr-admin_entry.high_complexity_procedures_sus.v1/element|healthcare_unit|at0011|openehr-ehr-admin_entry.high_complexity_procedures_sus.v1,cooccurrence,0.2,0.7105263157894737,0.3531578947368421,0.3531578947368421,27
/composition|outpatient_high_complexity_procedures|openehr-ehr-composition.outpatient_high_complexity_procedures.v1|openehr-ehr-composition.outpatient_high_complexity_procedures.v1/admin_entry|hcpa|openehr-ehr-admin_entry.high_complexity_procedures_sus.v1|openehr-ehr-admin_entry.high_complexity_procedures_sus.v1/item_tree|components|at0001|openehr-ehr-admin_entry.high_complexity_procedures_sus.v1/cluster|general_data|at0023|openehr-ehr-admin_entry.high_complexity_procedures_sus.v1/element|issue_date|at0009|openehr-ehr-admin_entry.high_complexity_procedures_sus.v1,/composition|outpatient_high_complexity_procedures|openehr-ehr-composition.outpatient_high_complexity_procedures.v1|openehr-ehr-composition.outpatient_high_complexity_procedures.v1/admin_entry|hcpa|openehr-ehr-admin_entry.high_complexity_procedures_sus.v1|openehr-ehr-admin_entry.high_complexity_procedures_sus.v1/item_tree|components|at0001|openehr-ehr-admin_entry.high_complexity_procedures_sus.v1/cluster|general_data|at0023|openehr-ehr-admin_entry.high_complexity_procedures_sus.v1/element|patient_age|at0012|openehr-ehr-admin_entry.high_complexity_procedures_sus.v1,cooccurrence,0.8,0.7105263157894737,0.773157894736842,0.773157894736842,27
/composition|outpatient_high_complexity_procedures|openehr-ehr-composition.outpatient_high_complexity_procedures.v1|openehr-ehr-composition.outpatient_high_complexity_procedures.v1/admin_entry|hcpa|openehr-ehr-admin_entry.high_complexity_procedures_sus.v1|openehr-ehr-admin_entry.high_complexity_procedures_sus.v1/item_tree|components|at0001|openehr-ehr-admin_entry.high_complexity_procedures_sus.v1/cluster|general_data|at0023|openehr-ehr-admin_entry.high_complexity_procedures_sus.v1/element|patient_age|at0012|openehr-ehr-admin_entry.high_complexity_procedures_sus.v1,/composition|outpatient_high_complexity_procedures|openehr-ehr-composition.outpatient_high_complexity_procedures.v1|openehr-ehr-composition.outpatient_high_complexity_procedures.v1/admin_entry|hcpa|openehr-ehr-admin_entry.high_complexity_procedures_sus.v1|openehr-ehr-admin_entry.high_complexity_procedures_sus.v1/item_tree|components|at0001|openehr-ehr-admin_entry.high_complexity_procedures_sus.v1/cluster|general_data|at0023|openehr-ehr-admin_entry.high_complexity_procedures_sus.v1/element|issue_date|at0009|openehr-ehr-admin_entry.high_complexity_procedures_sus.v1,cooccurrence,0.8,0.7105263157894737,0.773157894736842,0.773157894736842,27
/composition|outpatient_high_complexity_procedures|openehr-ehr-composition.outpatient_high_complexity_procedures.v1|openehr-ehr-composition.outpatient_high_complexity_procedures.v1/admin_entry|hcpa|openehr-ehr-admin_entry.high_complexity_procedures_sus.v1|openehr-ehr-admin_entry.high_complexity_procedures_sus.v1/item_tree|components|at0001|openehr-ehr-admin_entry.high_complexity_procedures_sus.v1/cluster|general_data|at0023|openehr-ehr-admin_entry.high_complexity_procedures_sus.v1/element|issue_date|at0009|openehr-ehr-admin_entry.high_complexity_procedures_sus.v1,/composition|outpatient_high_complexity_procedures|openehr-ehr-composition.outpatient_high_complexity_procedures.v1|openehr-ehr-composition.outpatient_high_complexity_procedures.v1/admin_entry|hcpa|openehr-ehr-admin_entry.high_complexity_procedures_sus.v1|openehr-ehr-admin_entry.high_complexity_procedures_sus.v1/item_tree|components|at0001|openehr-ehr-admin_entry.high_complexity_procedures_sus.v1/cluster|general_data|at0023|openehr-ehr-admin_entry.high_complexity_procedures_sus.v1/element|reason_for_encounter|at0010|openehr-ehr-admin_entry.high_complexity_procedures_sus.v1,cooccurrence,0.8,0.7105263157894737,0.773157894736842,0.773157894736842,27
/composition|outpatient_high_complexity_procedures|openehr-ehr-composition.outpatient_high_complexity_procedures.v1|openehr-ehr-composition.outpatient_high_complexity_procedures.v1/admin_entry|hcpa|openehr-ehr-admin_entry.high_complexity_procedures_sus.v1|openehr-ehr-admin_entry.high_complexity_procedures_sus.v1/item_tree|components|at0001|openehr-ehr-admin_entry.high_complexity_procedures_sus.v1/cluster|general_data|at0023|openehr-ehr-admin_entry.high_complexity_procedures_sus.v1/element|reason_for_encounter|at0010|openehr-ehr-admin_entry.high_complexity_procedures_sus.v1,/composition|outpatient_high_complexity_procedures|openehr-ehr-composition.outpatient_high_complexity_procedures.v1|openehr-ehr-composition.outpatient_high_complexity_procedures.v1/admin_entry|hcpa|openehr-ehr-admin_entry.high_complexity_procedures_sus.v1|openehr-ehr-admin_entry.high_complexity_procedures_sus.v1/item_tree|components|at0001|openehr-ehr-admin_entry.high_complexity_procedures_sus.v1/cluster|general_data|at0023|openehr-ehr-admin_entry.high_complexity_procedures_sus.v1/element|issue_date|at0009|openehr-ehr-admin_entry.high_complexity_procedures_sus.v1,cooccurrence,0.8,0.7105263157894737,0.773157894736842,0.773157894736842,27
/composition|outpatient_high_complexity_procedures|openehr-ehr-composition.outpatient_high_complexity_procedures.v1|openehr-ehr-composition.outpatient_high_complexity_procedures.v1/admin_entry|hcpa|openehr-ehr-admin_entry.high_complexity_procedures_sus.v1|openehr-ehr-admin_entry.high_complexity_procedures_sus.v1/item_tree|components|at0001|openehr-ehr-admin_entry.high_complexity_procedures_sus.v1/cluster|general_data|at0023|openehr-ehr-admin_entry.high_complexity_procedures_sus.v1/element|issue_date|at0009|openehr-ehr-admin_entry.high_complexity_procedures_sus.v1,/composition|outpatient_high_complexity_procedures|openehr-ehr-composition.outpatient_high_complexity_procedures.v1|openehr-ehr-composition.outpatient_high_complexity_procedures.v1/admin_entry|hcpa|openehr-ehr-admin_entry.high_complexity_procedures_sus.v1|openehr-ehr-admin_entry.high_complexity_procedures_sus.v1/item_tree|components|at0001|openehr-ehr-admin_entry.high_complexity_procedures_sus.v1/cluster|general_data|at0023|openehr-ehr-admin_entry.high_complexity_procedures_sus.v1/element|state|at0028|openehr-ehr-admin_entry.high_complexity_procedures_sus.v1,cooccurrence,0.8,0.7105263157894737,0.773157894736842,0.773157894736842,27
/composition|outpatient_high_complexity_procedures|openehr-ehr-composition.outpatient_high_complexity_procedures.v1|openehr-ehr-composition.outpatient_high_complexity_procedures.v1/admin_entry|hcpa|openehr-ehr-admin_entry.high_complexity_procedures_sus.v1|openehr-ehr-admin_entry.high_complexity_procedures_sus.v1/item_tree|components|at0001|openehr-ehr-admin_entry.high_complexity_procedures_sus.v1/cluster|general_data|at0023|openehr-ehr-admin_entry.high_complexity_procedures_sus.v1/element|state|at0028|openehr-ehr-admin_entry.high_complexity_procedures_sus.v1,/composition|outpatient_high_complexity_procedures|openehr-ehr-composition.outpatient_high_complexity_procedures.v1|openehr-ehr-composition.outpatient_high_complexity_procedures.v1/admin_entry|hcpa|openehr-ehr-admin_entry.high_complexity_procedures_sus.v1|openehr-ehr-admin_entry.high_complexity_procedures_sus.v1/item_tree|components|at0001|openehr-ehr-admin_entry.high_complexity_procedures_sus.v1/cluster|general_data|at0023|openehr-ehr-admin_entry.high_complexity_procedures_sus.v1/element|issue_date|at0009|openehr-ehr-admin_entry.high_complexity_procedures_sus.v1,cooccurrence,0.8,0.7105263157894737,0.773157894736842,0.773157894736842,27
/composition|outpatient_high_complexity_procedures|openehr-ehr-composition.outpatient_high_complexity_procedures.v1|openehr-ehr-composition.outpatient_high_complexity_procedures.v1/admin_entry|hcpa|openehr-ehr-admin_entry.high_complexity_procedures_sus.v1|openehr-ehr-admin_entry.high_complexity_procedures_sus.v1/item_tree|components|at0001|openehr-ehr-admin_entry.high_complexity_procedures_sus.v1/cluster|general_data|at0023|openehr-ehr-admin_entry.high_complexity_procedures_sus.v1/element|issue_date|at0009|openehr-ehr-admin_entry.high_complexity_procedures_sus.v1,/composition|outpatient_high_complexity_procedures|openehr-ehr-composition.outpatient_high_complexity_procedures.v1|openehr-ehr-composition.outpatient_high_complexity_procedures.v1/admin_entry|hcpa|openehr-ehr-admin_entry.high_complexity_procedures_sus.v1|openehr-ehr-admin_entry.high_complexity_procedures_sus.v1/item_tree|components|at0001|openehr-ehr-admin_entry.high_complexity_procedures_sus.v1/cluster|radiotherapy|at0017|openehr-ehr-admin_entry.high_complexity_procedures_sus.v1/element|date_of_beginning_of_radiotherapy|at0032|openehr-ehr-admin_entry.high_complexity_procedures_sus.v1,cooccurrence,0.6,0.10526315789473684,0.451578947368421,0.451578947368421,4
/composition|outpatient_high_complexity_procedures|openehr-ehr-composition.outpatient_high_complexity_procedures.v1|openehr-ehr-composition.outpatient_high_complexity_procedures.v1/admin_entry|hcpa|openehr-ehr-admin_entry.high_complexity_procedures_sus.v1|openehr-ehr-admin_entry.high_complexity_procedures_sus.v1/item_tree|components|at0001|openehr-ehr-admin_entry.high_complexity_procedures_sus.v1/cluster|radiotherapy|at0017|openehr-ehr-admin_entry.high_complexity_procedures_sus.v1/element|date_of_beginning_of_radiotherapy|at0032|openehr-ehr-admin_entry.high_complexity_procedures_sus.v1,/composition|outpatient_high_complexity_procedures|openehr-ehr-composition.outpatient_high_complexity_procedures.v1|openehr-ehr-composition.outpatient_high_complexity_procedures.v1/admin_entry|hcpa|openehr-ehr-admin_entry.high_complexity_procedures_sus.v1|openehr-ehr-admin_entry.high_complexity_procedures_sus.v1/item_tree|components|at0001|openehr-ehr-admin_entry.high_complexity_procedures_sus.v1/cluster|general_data|at0023|openehr-ehr-admin_entry.high_complexity_procedures_sus.v1/element|issue_date|at0009|openehr-ehr-admin_entry.high_complexity_procedures_sus.v1,cooccurrence,0.6,0.10526315789473684,0.451578947368421,0.451578947368421,4
/composition|outpatient_high_complexity_procedures|openehr-ehr-composition.outpatient_high_complexity_procedures.v1|openehr-ehr-composition.outpatient_high_complexity_procedures.v1/admin_entry|hcpa|openehr-ehr-admin_entry.high_complexity_procedures_sus.v1|openehr-ehr-admin_entry.high_complexity_procedures_sus.v1/item_tree|components|at0001|openehr-ehr-admin_entry.high_complexity_procedures_sus.v1/cluster|general_data|at0023|openehr-ehr-admin_entry.high_complexity_procedures_sus.v1/element|issue_date|at0009|openehr-ehr-admin_entry.high_complexity_procedures_sus.v1,/composition|outpatient_high_complexity_procedures|openehr-ehr-composition.outpatient_high_complexity_procedures.v1|openehr-ehr-composition.outpatient_high_complexity_procedures.v1/admin_entry|patient_discharge|openehr-ehr-admin_entry.patient_discharge.v1|openehr-ehr-admin_entry.patient_discharge.v1/item_tree|components|at0001|openehr-ehr-admin_entry.patient_discharge.v1/element|date_of_discharge|at0002|openehr-ehr-admin_entry.patient_discharge.v1,cooccurrence,0.2,0.7105263157894737,0.3531578947368421,0.3531578947368421,27
/composition|outpatient_high_complexity_procedures|openehr-ehr-composition.outpatient_high_complexity_procedures.v1|openehr-ehr-composition.outpatient_high_complexity_procedures.v1/admin_entry|patient_discharge|openehr-ehr-admin_entry.patient_discharge.v1|openehr-ehr-admin_entry.patient_discharge.v1/item_tree|components|at0001|openehr-ehr-admin_entry.patient_discharge.v1/element|date_of_discharge|at0002|openehr-ehr-admin_entry.patient_discharge.v1,/composition|outpatient_high_complexity_procedures|openehr-ehr-composition.outpatient_high_complexity_procedures.v1|openehr-ehr-composition.outpatient_high_complexity_procedures.v1/admin_entry|hcpa|openehr-ehr-admin_entry.high_complexity_procedures_sus.v1|openehr-ehr-admin_entry.high_complexity_procedures_sus.v1/item_tree|components|at0001|openehr-ehr-admin_entry.high_complexity_procedures_sus.v1/cluster|general_data|at0023|openehr-ehr-admin_entry.high_complexity_procedures_sus.v1/element|issue_date|at0009|openehr-ehr-admin_entry.high_complexity_procedures_sus.v1,cooccurrence,0.2,0.7105263157894737,0.3531578947368421,0.3531578947368421,27
/composition|outpatient_high_complexity_procedures|openehr-ehr-composition.outpatient_high_complexity_procedures.v1|openehr-ehr-composition.outpatient_high_complexity_procedures.v1/admin_entry|hcpa|openehr-ehr-admin_entry.high_complexity_procedures_sus.v1|openehr-ehr-admin_entry.high_complexity_procedures_sus.v1/item_tree|components|at0001|openehr-ehr-admin_entry.high_complexity_procedures_sus.v1/cluster|general_data|at0023|openehr-ehr-admin_entry.high_complexity_procedures_sus.v1/element|issue_date|at0009|openehr-ehr-admin_entry.high_complexity_procedures_sus.v1,/composition|outpatient_high_complexity_procedures|openehr-ehr-composition.outpatient_high_complexity_procedures.v1|openehr-ehr-composition.outpatient_high_complexity_procedures.v1/admin_entry|patient_discharge|openehr-ehr-admin_entry.patient_discharge.v1|openehr-ehr-admin_entry.patient_discharge.v1/item_tree|components|at0001|openehr-ehr-admin_entry.patient_discharge.v1/element|reason_for_discharge|at0003|openehr-ehr-admin_entry.patient_discharge.v1,cooccurrence,0.2,0.7105263157894737,0.3531578947368421,0.3531578947368421,27
/composition|outpatient_high_complexity_procedures|openehr-ehr-composition.outpatient_high_complexity_procedures.v1|openehr-ehr-composition.outpatient_high_complexity_procedures.v1/admin_entry|patient_discharge|openehr-ehr-admin_entry.patient_discharge.v1|openehr-ehr-admin_entry.patient_discharge.v1/item_tree|components|at0001|openehr-ehr-admin_entry.patient_discharge.v1/element|reason_for_discharge|at0003|openehr-ehr-admin_entry.patient_discharge.v1,/composition|outpatient_high_complexity_procedures|openehr-ehr-composition.outpatient_high_complexity_procedures.v1|openehr-ehr-composition.outpatient_high_complexity_procedures.v1/admin_entry|hcpa|openehr-ehr-admin_entry.high_complexity_procedures_sus.v1|openehr-ehr-admin_entry.high_complexity_procedures_sus.v1/item_tree|components|at0001|openehr-ehr-admin_entry.high_complexity_procedures_sus.v1/cluster|general_data|at0023|openehr-ehr-admin_entry.high_complexity_procedures_sus.v1/element|issue_date|at0009|openehr-ehr-admin_entry.high_complexity_procedures_sus.v1,cooccurrence,0.2,0.7105263157894737,0.3531578947368421,0.3531578947368421,27
/composition|outpatient_high_complexity_procedures|openehr-ehr-composition.outpatient_high_complexity_procedures.v1|openehr-ehr-composition.outpatient_high_complexity_procedures.v1/admin_entry|hcpa|openehr-ehr-admin_entry.high_complexity_procedures_sus.v1|openehr-ehr-admin_entry.high_complexity_procedures_sus.v1/item_tree|components|at0001|openehr-ehr-admin_entry.high_complexity_procedures_sus.v1/cluster|general_data|at0023|openehr-ehr-admin_entry.high_complexity_procedures_sus.v1/element|issue_date|at0009|openehr-ehr-admin_entry.high_complexity_procedures_sus.v1,/composition|outpatient_high_complexity_procedures|openehr-ehr-composition.outpatient_high_complexity_procedures.v1|openehr-ehr-composition.outpatient_high_complexity_procedures.v1/evaluation|problem_diagnosis|openehr-ehr-evaluation.problem_diagnosis-sus.v1|openehr-ehr-evaluation.problem_diagnosis-sus.v1/item_tree|structure|at0001|openehr-ehr-evaluation.problem_diagnosis-sus.v1/cluster|tumour_-_tnm_cancer_staging|openehr-ehr-cluster.tnm_staging-sus.v1|openehr-ehr-evaluation.problem_diagnosis-sus.v1/element|topography|at0.43|openehr-ehr-evaluation.problem_diagnosis-sus.v1,cooccurrence,0.2,0.21052631578947367,0.2031578947368421,0.2031578947368421,8
/composition|outpatient_high_complexity_procedures|openehr-ehr-composition.outpatient_high_complexity_procedures.v1|openehr-ehr-composition.outpatient_high_complexity_procedures.v1/evaluation|problem_diagnosis|openehr-ehr-evaluation.problem_diagnosis-sus.v1|openehr-ehr-evaluation.problem_diagnosis-sus.v1/item_tree|structure|at0001|openehr-ehr-evaluation.problem_diagnosis-sus.v1/cluster|tumour_-_tnm_cancer_staging|openehr-ehr-cluster.tnm_staging-sus.v1|openehr-ehr-evaluation.problem_diagnosis-sus.v1/element|topography|at0.43|openehr-ehr-evaluation.problem_diagnosis-sus.v1,/composition|outpatient_high_complexity_procedures|openehr-ehr-composition.outpatient_high_complexity_procedures.v1|openehr-ehr-composition.outpatient_high_complexity_procedures.v1/admin_entry|hcpa|openehr-ehr-admin_entry.high_complexity_procedures_sus.v1|openehr-ehr-admin_entry.high_complexity_procedures_sus.v1/item_tree|components|at0001|openehr-ehr-admin_entry.high_complexity_procedures_sus.v1/cluster|general_data|at0023|openehr-ehr-admin_entry.high_complexity_procedures_sus.v1/element|issue_date|at0009|openehr-ehr-admin_entry.high_complexity_procedures_sus.v1,cooccurrence,0.2,0.21052631578947367,0.2031578947368421,0.2031578947368421,8
/composition|outpatient_high_complexity_procedures|openehr-ehr-composition.outpatient_high_complexity_procedures.v1|openehr-ehr-composition.outpatient_high_complexity_procedures.v1/admin_entry|hcpa|openehr-ehr-admin_entry.high_complexity_procedures_sus.v1|openehr-ehr-admin_entry.high_complexity_procedures_sus.v1/item_tree|components|at0001|openehr-ehr-admin_entry.high_complexity_procedures_sus.v1/cluster|general_data|at0023|openehr-ehr-admin_entry.high_complexity_procedures_sus.v1/element|issue_date|at0009|openehr-ehr-admin_entry.high_complexity_procedures_sus.v1,/composition|outpatient_high_complexity_procedures|openehr-ehr-composition.outpatient_high_complexity_procedures.v1|openehr-ehr-composition.outpatient_high_complexity_procedures.v1/evaluation|problem_diagnosis|openehr-ehr-evaluation.problem_diagnosis-sus.v1|openehr-ehr-evaluation.problem_diagnosis-sus.v1/item_tree|structure|at0001|openehr-ehr-evaluation.problem_diagnosis-sus.v1/element|associated_causes|at0.2|openehr-ehr-evaluation.problem_diagnosis-sus.v1,cooccurrence,0.2,0.7105263157894737,0.3531578947368421,0.3531578947368421,27
/composition|outpatient_high_complexity_procedures|openehr-ehr-composition.outpatient_high_complexity_procedures.v1|openehr-ehr-composition.outpatient_high_complexity_procedures.v1/evaluation|problem_diagnosis|openehr-ehr-evaluation.problem_diagnosis-sus.v1|openehr-ehr-evaluation.problem_diagnosis-sus.v1/item_tree|structure|at0001|openehr-ehr-evaluation.problem_diagnosis-sus.v1/element|associated_causes|at0.2|openehr-ehr-evaluation.problem_diagnosis-sus.v1,/composition|outpatient_high_complexity_procedures|openehr-ehr-composition.outpatient_high_complexity_procedures.v1|openehr-ehr-composition.outpatient_high_complexity_procedures.v1/admin_entry|hcpa|openehr-ehr-admin_entry.high_complexity_procedures_sus.v1|openehr-ehr-admin_entry.high_complexity_procedures_sus.v1/item_tree|components|at0001|openehr-ehr-admin_entry.high_complexity_procedures_sus.v1/cluster|general_data|at0023|openehr-ehr-admin_entry.high_complexity_procedures_sus.v1/element|issue_date|at0009|openehr-ehr-admin_entry.high_complexity_procedures_sus.v1,cooccurrence,0.2,0.7105263157894737,0.3531578947368421,0.3531578947368421,27
/composition|outpatient_high_complexity_procedures|openehr-ehr-composition.outpatient_high_complexity_procedures.v1|openehr-ehr-composition.outpatient_high_complexity_procedures.v1/admin_entry|hcpa|openehr-ehr-admin_entry.high_complexity_procedures_sus.v1|openehr-ehr-admin_entry.high_complexity_procedures_sus.v1/item_tree|components|at0001|openehr-ehr-admin_entry.high_complexity_procedures_sus.v1/cluster|general_data|at0023|openehr-ehr-admin_entry.high_complexity_procedures_sus.v1/element|issue_date|at0009|openehr-ehr-admin_entry.high_complexity_procedures_sus.v1,/composition|outpatient_high_complexity_procedures|openehr-ehr-composition.outpatient_high_complexity_procedures.v1|openehr-ehr-composition.outpatient_high_complexity_procedures.v1/evaluation|problem_diagnosis|openehr-ehr-evaluation.problem_diagnosis-sus.v1|openehr-ehr-evaluation.problem_diagnosis-sus.v1/item_tree|structure|at0001|openehr-ehr-evaluation.problem_diagnosis-sus.v1/element|invaded_regional_linphonodes|at0.4|openehr-ehr-evaluation.problem_diagnosis-sus.v1,cooccurrence,0.2,0.21052631578947367,0.2031578947368421,0.2031578947368421,8
/composition|outpatient_high_complexity_procedures|openehr-ehr-composition.outpatient_high_complexity_procedures.v1|openehr-ehr-composition.outpatient_high_complexity_procedures.v1/evaluation|problem_diagnosis|openehr-ehr-evaluation.problem_diagnosis-sus.v1|openehr-ehr-evaluation.problem_diagnosis-sus.v1/item_tree|structure|at0001|openehr-ehr-evaluation.problem_diagnosis-sus.v1/element|invaded_regional_linphonodes|at0.4|openehr-ehr-evaluation.problem_diagnosis-sus.v1,/composition|outpatient_high_complexity_procedures|openehr-ehr-composition.outpatient_high_complexity_procedures.v1|openehr-ehr-composition.outpatient_high_complexity_procedures.v1/admin_entry|hcpa|openehr-ehr-admin_entry.high_complexity_procedures_sus.v1|openehr-ehr-admin_entry.high_complexity_procedures_sus.v1/item_tree|components|at0001|openehr-ehr-admin_entry.high_complexity_procedures_sus.v1/cluster|general_data|at0023|openehr-ehr-admin_entry.high_complexity_procedures_sus.v1/element|issue_date|at0009|openehr-ehr-admin_entry.high_complexity_procedures_sus.v1,cooccurrence,0.2,0.21052631578947367,0.2031578947368421,0.2031578947368421,8
/composition|outpatient_high_complexity_procedures|openehr-ehr-composition.outpatient_high_complexity_procedures.v1|openehr-ehr-composition.outpatient_high_complexity_procedures.v1/admin_entry|hcpa|openehr-ehr-admin_entry.high_complexity_procedures_sus.v1|openehr-ehr-admin_entry.high_complexity_procedures_sus.v1/item_tree|components|at0001|openehr-ehr-admin_entry.high_complexity_procedures_sus.v1/cluster|general_data|at0023|openehr-ehr-admin_entry.high_complexity_procedures_sus.v1/element|issue_date|at0009|openehr-ehr-admin_entry.high_complexity_procedures_sus.v1,/composition|outpatient_high_complexity_procedures|openehr-ehr-composition.outpatient_high_complexity_procedures.v1|openehr-ehr-composition.outpatient_high_complexity_procedures.v1/evaluation|problem_diagnosis|openehr-ehr-evaluation.problem_diagnosis-sus.v1|openehr-ehr-evaluation.problem_diagnosis-sus.v1/item_tree|structure|at0001|openehr-ehr-evaluation.problem_diagnosis-sus.v1/element|problem|at0002.1|openehr-ehr-evaluation.problem_diagnosis-sus.v1,cooccurrence,0.2,0.7105263157894737,0.3531578947368421,0.3531578947368421,27
/composition|outpatient_high_complexity_procedures|openehr-ehr-composition.outpatient_high_complexity_procedures.v1|openehr-ehr-composition.outpatient_high_complexity_procedures.v1/evaluation|problem_diagnosis|openehr-ehr-evaluation.problem_diagnosis-sus.v1|openehr-ehr-evaluation.problem_diagnosis-sus.v1/item_tree|structure|at0001|openehr-ehr-evaluation.problem_diagnosis-sus.v1/element|problem|at0002.1|openehr-ehr-evaluation.problem_diagnosis-sus.v1,/composition|outpatient_high_complexity_procedures|openehr-ehr-composition.outpatient_high_complexity_procedures.v1|openehr-ehr-composition.outpatient_high_complexity_procedures.v1/admin_entry|hcpa|openehr-ehr-admin_entry.high_complexity_procedures_sus.v1|openehr-ehr-admin_entry.high_complexity_procedures_sus.v1/item_tree|components|at0001|openehr-ehr-admin_entry.high_complexity_procedures_sus.v1/cluster|general_data|at0023|openehr-ehr-admin_entry.high_complexity_procedures_sus.v1/element|issue_date|at0009|openehr-ehr-admin_entry.high_complexity_procedures_sus.v1,cooccurrence,0.2,0.7105263157894737,0.3531578947368421,0.3531578947368421,27
/composition|outpatient_high_complexity_procedures|openehr-ehr-composition.outpatient_high_complexity_procedures.v1|openehr-ehr-composition.outpatient_high_complexity_procedures.v1/admin_entry|hcpa|openehr-ehr-admin_entry.high_complexity_procedures_sus.v1|openehr-ehr-admin_entry.high_complexity_procedures_sus.v1/item_tree|components|at0001|openehr-ehr-admin_entry.high_complexity_procedures_sus.v1/cluster|general_data|at0023|openehr-ehr-admin_entry.high_complexity_procedures_sus.v1/element|issue_date|at0009|openehr-ehr-admin_entry.high_complexity_procedures_sus.v1,/composition|outpatient_high_complexity_procedures|openehr-ehr-composition.outpatient_high_complexity_procedures.v1|openehr-ehr-composition.outpatient_high_complexity_procedures.v1/evaluation|problem_diagnosis|openehr-ehr-evaluation.problem_diagnosis-sus.v1|openehr-ehr-evaluation.problem_diagnosis-sus.v1/item_tree|structure|at0001|openehr-ehr-evaluation.problem_diagnosis-sus.v1/element|secondary_diagnosis|at0.1|openehr-ehr-evaluation.problem_diagnosis-sus.v1,cooccurrence,0.2,0.7105263157894737,0.3531578947368421,0.3531578947368421,27
/composition|outpatient_high_complexity_procedures|openehr-ehr-composition.outpatient_high_complexity_procedures.v1|openehr-ehr-composition.outpatient_high_complexity_procedures.v1/evaluation|problem_diagnosis|openehr-ehr-evaluation.problem_diagnosis-sus.v1|openehr-ehr-evaluation.problem_diagnosis-sus.v1/item_tree|structure|at0001|openehr-ehr-evaluation.problem_diagnosis-sus.v1/element|secondary_diagnosis|at0.1|openehr-ehr-evaluation.problem_diagnosis-sus.v1,/composition|outpatient_high_complexity_procedures|openehr-ehr-composition.outpatient_high_complexity_procedures.v1|openehr-ehr-composition.outpatient_high_complexity_procedures.v1/admin_entry|hcpa|openehr-ehr-admin_entry.high_complexity_procedures_sus.v1|openehr-ehr-admin_entry.high_complexity_procedures_sus.v1/item_tree|components|at0001|openehr-ehr-admin_entry.high_complexity_procedures_sus.v1/cluster|general_data|at0023|openehr-ehr-admin_entry.high_complexity_procedures_sus.v1/element|issue_date|at0009|openehr-ehr-admin_entry.high_complexity_procedures_sus.v1,cooccurrence,0.2,0.7105263157894737,0.3531578947368421,0.3531578947368421,27
/composition|outpatient_high_complexity_procedures|openehr-ehr-composition.outpatient_high_complexity_procedures.v1|openehr-ehr-composition.outpatient_high_complexity_procedures.v1/admin_entry|hcpa|openehr-ehr-admin_entry.high_complexity_procedures_sus.v1|openehr-ehr-admin_entry.high_complexity_procedures_sus.v1/item_tree|components|at0001|openehr-ehr-admin_entry.high_complexity_procedures_sus.v1/cluster|general_data|at0023|openehr-ehr-admin_entry.high_complexity_procedures_sus.v1/element|patient_age|at0012|openehr-ehr-admin_entry.high_complexity_procedures_sus.v1,/composition|outpatient_high_complexity_procedures|openehr-ehr-composition.outpatient_high_complexity_procedures.v1|openehr-ehr-composition.outpatient_high_complexity_procedures.v1/admin_entry|hcpa|openehr-ehr-admin_entry.high_complexity_procedures_sus.v1|openehr-ehr-admin_entry.high_complexity_procedures_sus.v1/item_tree|components|at0001|openehr-ehr-admin_entry.high_complexity_procedures_sus.v1/cluster|general_data|at0023|openehr-ehr-admin_entry.high_complexity_procedures_sus.v1/element|reason_for_encounter|at0010|openehr-ehr-admin_entry.high_complexity_procedures_sus.v1,cooccurrence,0.8,0.7105263157894737,0.773157894736842,0.773157894736842,27
/composition|outpatient_high_complexity_procedures|openehr-ehr-composition.outpatient_high_complexity_procedures.v1|openehr-ehr-composition.outpatient_high_complexity_procedures.v1/admin_entry|hcpa|openehr-ehr-admin_entry.high_complexity_procedures_sus.v1|openehr-ehr-admin_entry.high_complexity_procedures_sus.v1/item_tree|components|at0001|openehr-ehr-admin_entry.high_complexity_procedures_sus.v1/cluster|general_data|at0023|openehr-ehr-admin_entry.high_complexity_procedures_sus.v1/element|reason_for_encounter|at0010|openehr-ehr-admin_entry.high_complexity_procedures_sus.v1,/composition|outpatient_high_complexity_procedures|openehr-ehr-composition.outpatient_high_complexity_procedures.v1|openehr-ehr-composition.outpatient_high_complexity_procedures.v1/admin_entry|hcpa|openehr-ehr-admin_entry.high_complexity_procedures_sus.v1|openehr-ehr-admin_entry.high_complexity_procedures_sus.v1/item_tree|components|at0001|openehr-ehr-admin_entry.high_complexity_procedures_sus.v1/cluster|general_data|at0023|openehr-ehr-admin_entry.high_complexity_procedures_sus.v1/element|patient_age|at0012|openehr-ehr-admin_entry.high_complexity_procedures_sus.v1,cooccurrence,0.8,0.7105263157894737,0.773157894736842,0.773157894736842,27
/composition|outpatient_high_complexity_procedures|openehr-ehr-composition.outpatient_high_complexity_procedures.v1|openehr-ehr-composition.outpatient_high_complexity_procedures.v1/admin_entry|hcpa|openehr-ehr-admin_entry.high_complexity_procedures_sus.v1|openehr-ehr-admin_entry.high_complexity_procedures_sus.v1/item_tree|components|at0001|openehr-ehr-admin_entry.high_complexity_procedures_sus.v1/cluster|general_data|at0023|openehr-ehr-admin_entry.high_complexity_procedures_sus.v1/element|patient_age|at0012|openehr-ehr-admin_entry.high_complexity_procedures_sus.v1,/composition|outpatient_high_complexity_procedures|openehr-ehr-composition.outpatient_high_complexity_procedures.v1|openehr-ehr-composition.outpatient_high_complexity_procedures.v1/admin_entry|hcpa|openehr-ehr-admin_entry.high_complexity_procedures_sus.v1|openehr-ehr-admin_entry.high_complexity_procedures_sus.v1/item_tree|components|at0001|openehr-ehr-admin_entry.high_complexity_procedures_sus.v1/cluster|general_data|at0023|openehr-ehr-admin_entry.high_complexity_procedures_sus.v1/element|state|at0028|openehr-ehr-admin_entry.high_complexity_procedures_sus.v1,cooccurrence,0.8,0.7105263157894737,0.773157894736842,0.773157894736842,27
/composition|outpatient_high_complexity_procedures|openehr-ehr-composition.outpatient_high_complexity_procedures.v1|openehr-ehr-composition.outpatient_high_complexity_procedures.v1/admin_entry|hcpa|openehr-ehr-admin_entry.high_complexity_procedures_sus.v1|openehr-ehr-admin_entry.high_complexity_procedures_sus.v1/item_tree|components|at0001|openehr-ehr-admin_entry.high_complexity_procedures_sus.v1/cluster|general_data|at0023|openehr-ehr-admin_entry.high_complexity_procedures_sus.v1/element|state|at0028|openehr-ehr-admin_entry.high_complexity_procedures_sus.v1,/composition|outpatient_high_complexity_procedures|openehr-ehr-composition.outpatient_high_complexity_procedures.v1|openehr-ehr-composition.outpatient_high_complexity_procedures.v1/admin_entry|hcpa|openehr-ehr-admin_entry.high_complexity_procedures_sus.v1|openehr-ehr-admin_entry.high_complexity_procedures_sus.v1/item_tree|components|at0001|openehr-ehr-admin_entry.high_complexity_procedures_sus.v1/cluster|general_data|at0023|openehr-ehr-admin_entry.high_complexity_procedures_sus.v1/element|patient_age|at0012|openehr-ehr-admin_entry.high_complexity_procedures_sus.v1,cooccurrence,0.8,0.7105263157894737,0.773157894736842,0.773157894736842,27
/composition|outpatient_high_complexity_procedures|openehr-ehr-composition.outpatient_high_complexity_procedures.v1|openehr-ehr-composition.outpatient_high_complexity_procedures.v1/admin_entry|hcpa|openehr-ehr-admin_entry.high_complexity_procedures_sus.v1|openehr-ehr-admin_entry.high_complexity_procedures_sus.v1/item_tree|components|at0001|openehr-ehr-admin_entry.high_complexity_procedures_sus.v1/cluster|general_data|at0023|openehr-ehr-admin_entry.high_complexity_procedures_sus.v1/element|patient_age|at0012|openehr-ehr-admin_entry.high_complexity_procedures_sus.v1,/composition|outpatient_high_complexity_procedures|openehr-ehr-composition.outpatient_high_complexity_procedures.v1|openehr-ehr-composition.outpatient_high_complexity_procedures.v1/admin_entry|hcpa|openehr-ehr-admin_entry.high_complexity_procedures_sus.v1|openehr-ehr-admin_entry.high_complexity_procedures_sus.v1/item_tree|components|at0001|openehr-ehr-admin_entry.high_complexity_procedures_sus.v1/cluster|radiotherapy|at0017|openehr-ehr-admin_entry.high_complexity_procedures_sus.v1/element|date_of_beginning_of_radiotherapy|at0032|openehr-ehr-admin_entry.high_complexity_procedures_sus.v1,cooccurrence,0.6,0.10526315789473684,0.451578947368421,0.451578947368421,4
/composition|outpatient_high_complexity_procedures|openehr-ehr-composition.outpatient_high_complexity_procedures.v1|openehr-ehr-composition.outpatient_high_complexity_procedures.v1/admin_entry|hcpa|openehr-ehr-admin_entry.high_complexity_procedures_sus.v1|openehr-ehr-admin_entry.high_complexity_procedures_sus.v1/item_tree|components|at0001|openehr-ehr-admin_entry.high_complexity_procedures_sus.v1/cluster|radiotherapy|at0017|openehr-ehr-admin_entry.high_complexity_procedures_sus.v1/element|date_of_beginning_of_radiotherapy|at0032|openehr-ehr-admin_entry.high_complexity_procedures_sus.v1,/composition|outpatient_high_complexity_procedures|openehr-ehr-composition.outpatient_high_complexity_procedures.v1|openehr-ehr-composition.outpatient_high_complexity_procedures.v1/admin_entry|hcpa|openehr-ehr-admin_entry.high_complexity_procedures_sus.v1|openehr-ehr-admin_entry.high_complexity_procedures_sus.v1/item_tree|components|at0001|openehr-ehr-admin_entry.high_complexity_procedures_sus.v1/cluster|general_data|at0023|openehr-ehr-admin_entry.high_complexity_procedures_sus.v1/element|patient_age|at0012|openehr-ehr-admin_entry.high_complexity_procedures_sus.v1,cooccurrence,0.6,0.10526315789473684,0.451578947368421,0.451578947368421,4
/composition|outpatient_high_complexity_procedures|openehr-ehr-composition.outpatient_high_complexity_procedures.v1|openehr-ehr-composition.outpatient_high_complexity_procedures.v1/admin_entry|hcpa|openehr-ehr-admin_entry.high_complexity_procedures_sus.v1|openehr-ehr-admin_entry.high_complexity_procedures_sus.v1/item_tree|components|at0001|openehr-ehr-admin_entry.high_complexity_procedures_sus.v1/cluster|general_data|at0023|openehr-ehr-admin_entry.high_complexity_procedures_sus.v1/element|patient_age|at0012|openehr-ehr-admin_entry.high_complexity_procedures_sus.v1,/composition|outpatient_high_complexity_procedures|openehr-ehr-composition.outpatient_high_complexity_procedures.v1|openehr-ehr-composition.outpatient_high_complexity_procedures.v1/admin_entry|patient_discharge|openehr-ehr-admin_entry.patient_discharge.v1|openehr-ehr-admin_entry.patient_discharge.v1/item_tree|components|at0001|openehr-ehr-admin_entry.patient_discharge.v1/element|date_of_discharge|at0002|openehr-ehr-admin_entry.patient_discharge.v1,cooccurrence,0.2,0.7105263157894737,0.3531578947368421,0.3531578947368421,27
/composition|outpatient_high_complexity_procedures|openehr-ehr-composition.outpatient_high_complexity_procedures.v1|openehr-ehr-composition.outpatient_high_complexity_procedures.v1/admin_entry|patient_discharge|openehr-ehr-admin_entry.patient_discharge.v1|openehr-ehr-admin_entry.patient_discharge.v1/item_tree|components|at0001|openehr-ehr-admin_entry.patient_discharge.v1/element|date_of_discharge|at0002|openehr-ehr-admin_entry.patient_discharge.v1,/composition|outpatient_high_complexity_procedures|openehr-ehr-composition.outpatient_high_complexity_procedures.v1|openehr-ehr-composition.outpatient_high_complexity_procedures.v1/admin_entry|hcpa|openehr-ehr-admin_entry.high_complexity_procedures_sus.v1|openehr-ehr-admin_entry.high_complexity_procedures_sus.v1/item_tree|components|at0001|openehr-ehr-admin_entry.high_complexity_procedures_sus.v1/cluster|general_data|at0023|openehr-ehr-admin_entry.high_complexity_procedures_sus.v1/element|patient_age|at0012|openehr-ehr-admin_entry.high_complexity_procedures_sus.v1,cooccurrence,0.2,0.7105263157894737,0.3531578947368421,0.3531578947368421,27
/composition|outpatient_high_complexity_procedures|openehr-ehr-composition.outpatient_high_complexity_procedures.v1|openehr-ehr-composition.outpatient_high_complexity_procedures.v1/admin_entry|hcpa|openehr-ehr-admin_entry.high_complexity_procedures_sus.v1|openehr-ehr-admin_entry.high_complexity_procedures_sus.v1/item_tree|components|at0001|openehr-ehr-admin_entry.high_complexity_procedures_sus.v1/cluster|general_data|at0023|openehr-ehr-admin_entry.high_complexity_procedures_sus.v1/element|patient_age|at0012|openehr-ehr-admin_entry.high_complexity_procedures_sus.v1,/composition|outpatient_high_complexity_procedures|openehr-ehr-composition.outpatient_high_complexity_procedures.v1|openehr-ehr-composition.outpatient_high_complexity_procedures.v1/admin_entry|patient_discharge|openehr-ehr-admin_entry.patient_discharge.v1|openehr-ehr-admin_entry.patient_discharge.v1/item_tree|components|at0001|openehr-ehr-admin_entry.patient_discharge.v1/element|reason_for_discharge|at0003|openehr-ehr-admin_entry.patient_discharge.v1,cooccurrence,0.2,0.7105263157894737,0.3531578947368421,0.3531578947368421,27
/composition|outpatient_high_complexity_procedures|openehr-ehr-composition.outpatient_high_complexity_procedures.v1|openehr-ehr-composition.outpatient_high_complexity_procedures.v1/admin_entry|patient_discharge|openehr-ehr-admin_entry.patient_discharge.v1|openehr-ehr-admin_entry.patient_discharge.v1/item_tree|components|at0001|openehr-ehr-admin_entry.patient_discharge.v1/element|reason_for_discharge|at0003|openehr-ehr-admin_entry.patient_discharge.v1,/composition|outpatient_high_complexity_procedures|openehr-ehr-composition.outpatient_high_complexity_procedures.v1|openehr-ehr-composition.outpatient_high_complexity_procedures.v1/admin_entry|hcpa|openehr-ehr-admin_entry.high_complexity_procedures_sus.v1|openehr-ehr-admin_entry.high_complexity_procedures_sus.v1/item_tree|components|at0001|openehr-ehr-admin_entry.high_complexity_procedures_sus.v1/cluster|general_data|at0023|openehr-ehr-admin_entry.high_complexity_procedures_sus.v1/element|patient_age|at0012|openehr-ehr-admin_entry.high_complexity_procedures_sus.v1,cooccurrence,0.2,0.7105263157894737,0.3531578947368421,0.3531578947368421,27
/composition|outpatient_high_complexity_procedures|openehr-ehr-composition.outpatient_high_complexity_procedures.v1|openehr-ehr-composition.outpatient_high_complexity_procedures.v1/admin_entry|hcpa|openehr-ehr-admin_entry.high_complexity_procedures_sus.v1|openehr-ehr-admin_entry.high_complexity_procedures_sus.v1/item_tree|components|at0001|openehr-ehr-admin_entry.high_complexity_procedures_sus.v1/cluster|general_data|at0023|openehr-ehr-admin_entry.high_complexity_procedures_sus.v1/element|patient_age|at0012|openehr-ehr-admin_entry.high_complexity_procedures_sus.v1,/composition|outpatient_high_complexity_procedures|openehr-ehr-composition.outpatient_high_complexity_procedures.v1|openehr-ehr-composition.outpatient_high_complexity_procedures.v1/evaluation|problem_diagnosis|openehr-ehr-evaluation.problem_diagnosis-sus.v1|openehr-ehr-evaluation.problem_diagnosis-sus.v1/item_tree|structure|at0001|openehr-ehr-evaluation.problem_diagnosis-sus.v1/cluster|tumour_-_tnm_cancer_staging|openehr-ehr-cluster.tnm_staging-sus.v1|openehr-ehr-evaluation.problem_diagnosis-sus.v1/element|topography|at0.43|openehr-ehr-evaluation.problem_diagnosis-sus.v1,cooccurrence,0.2,0.21052631578947367,0.2031578947368421,0.2031578947368421,8
/composition|outpatient_high_complexity_procedures|openehr-ehr-composition.outpatient_high_complexity_procedures.v1|openehr-ehr-composition.outpatient_high_complexity_procedures.v1/evaluation|problem_diagnosis|openehr-ehr-evaluation.problem_diagnosis-sus.v1|openehr-ehr-evaluation.problem_diagnosis-sus.v1/item_tree|structure|at0001|openehr-ehr-evaluation.problem_diagnosis-sus.v1/cluster|tumour_-_tnm_cancer_staging|openehr-ehr-cluster.tnm_staging-sus.v1|openehr-ehr-evaluation.problem_diagnosis-sus.v1/element|topography|at0.43|openehr-ehr-evaluation.problem_diagnosis-sus.v1,/composition|outpatient_high_complexity_procedures|openehr-ehr-composition.outpatient_high_complexity_procedures.v1|openehr-ehr-composition.outpatient_high_complexity_procedures.v1/admin_entry|hcpa|openehr-ehr-admin_entry.high_complexity_procedures_sus.v1|openehr-ehr-admin_entry.high_complexity_procedures_sus.v1/item_tree|components|at0001|openehr-ehr-admin_entry.high_complexity_procedures_sus.v1/cluster|general_data|at0023|openehr-ehr-admin_entry.high_complexity_procedures_sus.v1/element|patient_age|at0012|openehr-ehr-admin_entry.high_complexity_procedures_sus.v1,cooccurrence,0.2,0.21052631578947367,0.2031578947368421,0.2031578947368421,8
/composition|outpatient_high_complexity_procedures|openehr-ehr-composition.outpatient_high_complexity_procedures.v1|openehr-ehr-composition.outpatient_high_complexity_procedures.v1/admin_entry|hcpa|openehr-ehr-admin_entry.high_complexity_procedures_sus.v1|openehr-ehr-admin_entry.high_complexity_procedures_sus.v1/item_tree|components|at0001|openehr-ehr-admin_entry.high_complexity_procedures_sus.v1/cluster|general_data|at0023|openehr-ehr-admin_entry.high_complexity_procedures_sus.v1/element|patient_age|at0012|openehr-ehr-admin_entry.high_complexity_procedures_sus.v1,/composition|outpatient_high_complexity_procedures|openehr-ehr-composition.outpatient_high_complexity_procedures.v1|openehr-ehr-composition.outpatient_high_complexity_procedures.v1/evaluation|problem_diagnosis|openehr-ehr-evaluation.problem_diagnosis-sus.v1|openehr-ehr-evaluation.problem_diagnosis-sus.v1/item_tree|structure|at0001|openehr-ehr-evaluation.problem_diagnosis-sus.v1/element|associated_causes|at0.2|openehr-ehr-evaluation.problem_diagnosis-sus.v1,cooccurrence,0.2,0.7105263157894737,0.3531578947368421,0.3531578947368421,27
/composition|outpatient_high_complexity_procedures|openehr-ehr-composition.outpatient_high_complexity_procedures.v1|openehr-ehr-composition.outpatient_high_complexity_procedures.v1/evaluation|problem_diagnosis|openehr-ehr-evaluation.problem_diagnosis-sus.v1|openehr-ehr-evaluation.problem_diagnosis-sus.v1/item_tree|structure|at0001|openehr-ehr-evaluation.problem_diagnosis-sus.v1/element|associated_causes|at0.2|openehr-ehr-evaluation.problem_diagnosis-sus.v1,/composition|outpatient_high_complexity_procedures|openehr-ehr-composition.outpatient_high_complexity_procedures.v1|openehr-ehr-composition.outpatient_high_complexity_procedures.v1/admin_entry|hcpa|openehr-ehr-admin_entry.high_complexity_procedures_sus.v1|openehr-ehr-admin_entry.high_complexity_procedures_sus.v1/item_tree|components|at0001|openehr-ehr-admin_entry.high_complexity_procedures_sus.v1/cluster|general_data|at0023|openehr-ehr-admin_entry.high_complexity_procedures_sus.v1/element|patient_age|at0012|openehr-ehr-admin_entry.high_complexity_procedures_sus.v1,cooccurrence,0.2,0.7105263157894737,0.3531578947368421,0.3531578947368421,27
/composition|outpatient_high_complexity_procedures|openehr-ehr-composition.outpatient_high_complexity_procedures.v1|openehr-ehr-composition.outpatient_high_complexity_procedures.v1/admin_entry|hcpa|openehr-ehr-admin_entry.high_complexity_procedures_sus.v1|openehr-ehr-admin_entry.high_complexity_procedures_sus.v1/item_tree|components|at0001|openehr-ehr-admin_entry.high_complexity_procedures_sus.v1/cluster|general_data|at0023|openehr-ehr-admin_entry.high_complexity_procedures_sus.v1/element|patient_age|at0012|openehr-ehr-admin_entry.high_complexity_procedures_sus.v1,/composition|outpatient_high_complexity_procedures|openehr-ehr-composition.outpatient_high_complexity_procedures.v1|openehr-ehr-composition.outpatient_high_complexity_procedures.v1/evaluation|problem_diagnosis|openehr-ehr-evaluation.problem_diagnosis-sus.v1|openehr-ehr-evaluation.problem_diagnosis-sus.v1/item_tree|structure|at0001|openehr-ehr-evaluation.problem_diagnosis-sus.v1/element|invaded_regional_linphonodes|at0.4|openehr-ehr-evaluation.problem_diagnosis-sus.v1,cooccurrence,0.2,0.21052631578947367,0.2031578947368421,0.2031578947368421,8
/composition|outpatient_high_complexity_procedures|openehr-ehr-composition.outpatient_high_complexity_procedures.v1|openehr-ehr-composition.outpatient_high_complexity_procedures.v1/evaluation|problem_diagnosis|openehr-ehr-evaluation.problem_diagnosis-sus.v1|openehr-ehr-evaluation.problem_diagnosis-sus.v1/item_tree|structure|at0001|openehr-ehr-evaluation.problem_diagnosis-sus.v1/element|invaded_regional_linphonodes|at0.4|openehr-ehr-evaluation.problem_diagnosis-sus.v1,/composition|outpatient_high_complexity_procedures|openehr-ehr-composition.outpatient_high_complexity_procedures.v1|openehr-ehr-composition.outpatient_high_complexity_procedures.v1/admin_entry|hcpa|openehr-ehr-admin_entry.high_complexity_procedures_sus.v1|openehr-ehr-admin_entry.high_complexity_procedures_sus.v1/item_tree|components|at0001|openehr-ehr-admin_entry.high_complexity_procedures_sus.v1/cluster|general_data|at0023|openehr-ehr-admin_entry.high_complexity_procedures_sus.v1/element|patient_age|at0012|openehr-ehr-admin_entry.high_complexity_procedures_sus.v1,cooccurrence,0.2,0.21052631578947367,0.2031578947368421,0.2031578947368421,8
/composition|outpatient_high_complexity_procedures|openehr-ehr-composition.outpatient_high_complexity_procedures.v1|openehr-ehr-composition.outpatient_high_complexity_procedures.v1/admin_entry|hcpa|openehr-ehr-admin_entry.high_complexity_procedures_sus.v1|openehr-ehr-admin_entry.high_complexity_procedures_sus.v1/item_tree|components|at0001|openehr-ehr-admin_entry.high_complexity_procedures_sus.v1/cluster|general_data|at0023|openehr-ehr-admin_entry.high_complexity_procedures_sus.v1/element|patient_age|at0012|openehr-ehr-admin_entry.high_complexity_procedures_sus.v1,/composition|outpatient_high_complexity_procedures|openehr-ehr-composition.outpatient_high_complexity_procedures.v1|openehr-ehr-composition.outpatient_high_complexity_procedures.v1/evaluation|problem_diagnosis|openehr-ehr-evaluation.problem_diagnosis-sus.v1|openehr-ehr-evaluation.problem_diagnosis-sus.v1/item_tree|structure|at0001|openehr-ehr-evaluation.problem_diagnosis-sus.v1/element|problem|at0002.1|openehr-ehr-evaluation.problem_diagnosis-sus.v1,cooccurrence,0.2,0.7105263157894737,0.3531578947368421,0.3531578947368421,27
/composition|outpatient_high_complexity_procedures|openehr-ehr-composition.outpatient_high_complexity_procedures.v1|openehr-ehr-composition.outpatient_high_complexity_procedures.v1/evaluation|problem_diagnosis|openehr-ehr-evaluation.problem_diagnosis-sus.v1|openehr-ehr-evaluation.problem_diagnosis-sus.v1/item_tree|structure|at0001|openehr-ehr-evaluation.problem_diagnosis-sus.v1/element|problem|at0002.1|openehr-ehr-evaluation.problem_diagnosis-sus.v1,/composition|outpatient_high_complexity_procedures|openehr-ehr-composition.outpatient_high_complexity_procedures.v1|openehr-ehr-composition.outpatient_high_complexity_procedures.v1/admin_entry|hcpa|openehr-ehr-admin_entry.high_complexity_procedures_sus.v1|openehr-ehr-admin_entry.high_complexity_procedures_sus.v1/item_tree|components|at0001|openehr-ehr-admin_entry.high_complexity_procedures_sus.v1/cluster|general_data|at0023|openehr-ehr-admin_entry.high_complexity_procedures_sus.v1/element|patient_age|at0012|openehr-ehr-admin_entry.high_complexity_procedures_sus.v1,cooccurrence,0.2,0.7105263157894737,0.3531578947368421,0.3531578947368421,27
/composition|outpatient_high_complexity_procedures|openehr-ehr-composition.outpatient_high_complexity_procedures.v1|openehr-ehr-composition.outpatient_high_complexity_procedures.v1/admin_entry|hcpa|openehr-ehr-admin_entry.high_complexity_procedures_sus.v1|openehr-ehr-admin_entry.high_complexity_procedures_sus.v1/item_tree|components|at0001|openehr-ehr-admin_entry.high_complexity_procedures_sus.v1/cluster|general_data|at0023|openehr-ehr-admin_entry.high_complexity_procedures_sus.v1/element|patient_age|at0012|openehr-ehr-admin_entry.high_complexity_procedures_sus.v1,/composition|outpatient_high_complexity_procedures|openehr-ehr-composition.outpatient_high_complexity_procedures.v1|openehr-ehr-composition.outpatient_high_complexity_procedures.v1/evaluation|problem_diagnosis|openehr-ehr-evaluation.problem_diagnosis-sus.v1|openehr-ehr-evaluation.problem_diagnosis-sus.v1/item_tree|structure|at0001|openehr-ehr-evaluation.problem_diagnosis-sus.v1/element|secondary_diagnosis|at0.1|openehr-ehr-evaluation.problem_diagnosis-sus.v1,cooccurrence,0.2,0.7105263157894737,0.3531578947368421,0.3531578947368421,27
/composition|outpatient_high_complexity_procedures|openehr-ehr-composition.outpatient_high_complexity_procedures.v1|openehr-ehr-composition.outpatient_high_complexity_procedures.v1/evaluation|problem_diagnosis|openehr-ehr-evaluation.problem_diagnosis-sus.v1|openehr-ehr-evaluation.problem_diagnosis-sus.v1/item_tree|structure|at0001|openehr-ehr-evaluation.problem_diagnosis-sus.v1/element|secondary_diagnosis|at0.1|openehr-ehr-evaluation.problem_diagnosis-sus.v1,/composition|outpatient_high_complexity_procedures|openehr-ehr-composition.outpatient_high_complexity_procedures.v1|openehr-ehr-composition.outpatient_high_complexity_procedures.v1/admin_entry|hcpa|openehr-ehr-admin_entry.high_complexity_procedures_sus.v1|openehr-ehr-admin_entry.high_complexity_procedures_sus.v1/item_tree|components|at0001|openehr-ehr-admin_entry.high_complexity_procedures_sus.v1/cluster|general_data|at0023|openehr-ehr-admin_entry.high_complexity_procedures_sus.v1/element|patient_age|at0012|openehr-ehr-admin_entry.high_complexity_procedures_sus.v1,cooccurrence,0.2,0.7105263157894737,0.3531578947368421,0.3531578947368421,27
/composition|outpatient_high_complexity_procedures|openehr-ehr-composition.outpatient_high_complexity_procedures.v1|openehr-ehr-composition.outpatient_high_complexity_procedures.v1/admin_entry|hcpa|openehr-ehr-admin_entry.high_complexity_procedures_sus.v1|openehr-ehr-admin_entry.high_complexity_procedures_sus.v1/item_tree|components|at0001|openehr-ehr-admin_entry.high_complexity_procedures_sus.v1/cluster|general_data|at0023|openehr-ehr-admin_entry.high_complexity_procedures_sus.v1/element|reason_for_encounter|at0010|openehr-ehr-admin_entry.high_complexity_procedures_sus.v1,/composition|outpatient_high_complexity_procedures|openehr-ehr-composition.outpatient_high_complexity_procedures.v1|openehr-ehr-composition.outpatient_high_complexity_procedures.v1/admin_entry|hcpa|openehr-ehr-admin_entry.high_complexity_procedures_sus.v1|openehr-ehr-admin_entry.high_complexity_procedures_sus.v1/item_tree|components|at0001|openehr-ehr-admin_entry.high_complexity_procedures_sus.v1/cluster|general_data|at0023|openehr-ehr-admin_entry.high_complexity_procedures_sus.v1/element|state|at0028|openehr-ehr-admin_entry.high_complexity_procedures_sus.v1,cooccurrence,0.8,0.7105263157894737,0.773157894736842,0.773157894736842,27
/composition|outpatient_high_complexity_procedures|openehr-ehr-composition.outpatient_high_complexity_procedures.v1|openehr-ehr-composition.outpatient_high_complexity_procedures.v1/admin_entry|hcpa|openehr-ehr-admin_entry.high_complexity_procedures_sus.v1|openehr-ehr-admin_entry.high_complexity_procedures_sus.v1/item_tree|components|at0001|openehr-ehr-admin_entry.high_complexity_procedures_sus.v1/cluster|general_data|at0023|openehr-ehr-admin_entry.high_complexity_procedures_sus.v1/element|state|at0028|openehr-ehr-admin_entry.high_complexity_procedures_sus.v1,/composition|outpatient_high_complexity_procedures|openehr-ehr-composition.outpatient_high_complexity_procedures.v1|openehr-ehr-composition.outpatient_high_complexity_procedures.v1/admin_entry|hcpa|openehr-ehr-admin_entry.high_complexity_procedures_sus.v1|openehr-ehr-admin_entry.high_complexity_procedures_sus.v1/item_tree|components|at0001|openehr-ehr-admin_entry.high_complexity_procedures_sus.v1/cluster|general_data|at0023|openehr-ehr-admin_entry.high_complexity_procedures_sus.v1/element|reason_for_encounter|at0010|openehr-ehr-admin_entry.high_complexity_procedures_sus.v1,cooccurrence,0.8,0.7105263157894737,0.773157894736842,0.773157894736842,27
/composition|outpatient_high_complexity_procedures|openehr-ehr-composition.outpatient_high_complexity_procedures.v1|openehr-ehr-composition.outpatient_high_complexity_procedures.v1/admin_entry|hcpa|openehr-ehr-admin_entry.high_complexity_procedures_sus.v1|openehr-ehr-admin_entry.high_complexity_procedures_sus.v1/item_tree|components|at0001|openehr-ehr-admin_entry.high_complexity_procedures_sus.v1/cluster|general_data|at0023|openehr-ehr-admin_entry.high_complexity_procedures_sus.v1/element|reason_for_encounter|at0010|openehr-ehr-admin_entry.high_complexity_procedures_sus.v1,/composition|outpatient_high_complexity_procedures|openehr-ehr-composition.outpatient_high_complexity_procedures.v1|openehr-ehr-composition.outpatient_high_complexity_procedures.v1/admin_entry|hcpa|openehr-ehr-admin_entry.high_complexity_procedures_sus.v1|openehr-ehr-admin_entry.high_complexity_procedures_sus.v1/item_tree|components|at0001|openehr-ehr-admin_entry.high_complexity_procedures_sus.v1/cluster|radiotherapy|at0017|openehr-ehr-admin_entry.high_complexity_procedures_sus.v1/element|date_of_beginning_of_radiotherapy|at0032|openehr-ehr-admin_entry.high_complexity_procedures_sus.v1,cooccurrence,0.6,0.10526315789473684,0.451578947368421,0.451578947368421,4
/composition|outpatient_high_complexity_procedures|openehr-ehr-composition.outpatient_high_complexity_procedures.v1|openehr-ehr-composition.outpatient_high_complexity_procedures.v1/admin_entry|hcpa|openehr-ehr-admin_entry.high_complexity_procedures_sus.v1|openehr-ehr-admin_entry.high_complexity_procedures_sus.v1/item_tree|components|at0001|openehr-ehr-admin_entry.high_complexity_procedures_sus.v1/cluster|radiotherapy|at0017|openehr-ehr-admin_entry.high_complexity_procedures_sus.v1/element|date_of_beginning_of_radiotherapy|at0032|openehr-ehr-admin_entry.high_complexity_procedures_sus.v1,/composition|outpatient_high_complexity_procedures|openehr-ehr-composition.outpatient_high_complexity_procedures.v1|openehr-ehr-composition.outpatient_high_complexity_procedures.v1/admin_entry|hcpa|openehr-ehr-admin_entry.high_complexity_procedures_sus.v1|openehr-ehr-admin_entry.high_complexity_procedures_sus.v1/item_tree|components|at0001|openehr-ehr-admin_entry.high_complexity_procedures_sus.v1/cluster|general_data|at0023|openehr-ehr-admin_entry.high_complexity_procedures_sus.v1/element|reason_for_encounter|at0010|openehr-ehr-admin_entry.high_complexity_procedures_sus.v1,cooccurrence,0.6,0.10526315789473684,0.451578947368421,0.451578947368421,4
/composition|outpatient_high_complexity_procedures|openehr-ehr-composition.outpatient_high_complexity_procedures.v1|openehr-ehr-composition.outpatient_high_complexity_procedures.v1/admin_entry|hcpa|openehr-ehr-admin_entry.high_complexity_procedures_sus.v1|openehr-ehr-admin_entry.high_complexity_procedures_sus.v1/item_tree|components|at0001|openehr-ehr-admin_entry.high_complexity_procedures_sus.v1/cluster|general_data|at0023|openehr-ehr-admin_entry.high_complexity_procedures_sus.v1/element|reason_for_encounter|at0010|openehr-ehr-admin_entry.high_complexity_procedures_sus.v1,/composition|outpatient_high_complexity_procedures|openehr-ehr-composition.outpatient_high_complexity_procedures.v1|openehr-ehr-composition.outpatient_high_complexity_procedures.v1/admin_entry|patient_discharge|openehr-ehr-admin_entry.patient_discharge.v1|openehr-ehr-admin_entry.patient_discharge.v1/item_tree|components|at0001|openehr-ehr-admin_entry.patient_discharge.v1/element|date_of_discharge|at0002|openehr-ehr-admin_entry.patient_discharge.v1,cooccurrence,0.2,0.7105263157894737,0.3531578947368421,0.3531578947368421,27
/composition|outpatient_high_complexity_procedures|openehr-ehr-composition.outpatient_high_complexity_procedures.v1|openehr-ehr-composition.outpatient_high_complexity_procedures.v1/admin_entry|patient_discharge|openehr-ehr-admin_entry.patient_discharge.v1|openehr-ehr-admin_entry.patient_discharge.v1/item_tree|components|at0001|openehr-ehr-admin_entry.patient_discharge.v1/element|date_of_discharge|at0002|openehr-ehr-admin_entry.patient_discharge.v1,/composition|outpatient_high_complexity_procedures|openehr-ehr-composition.outpatient_high_complexity_procedures.v1|openehr-ehr-composition.outpatient_high_complexity_procedures.v1/admin_entry|hcpa|openehr-ehr-admin_entry.high_complexity_procedures_sus.v1|openehr-ehr-admin_entry.high_complexity_procedures_sus.v1/item_tree|components|at0001|openehr-ehr-admin_entry.high_complexity_procedures_sus.v1/cluster|general_data|at0023|openehr-ehr-admin_entry.high_complexity_procedures_sus.v1/element|reason_for_encounter|at0010|openehr-ehr-admin_entry.high_complexity_procedures_sus.v1,cooccurrence,0.2,0.7105263157894737,0.3531578947368421,0.3531578947368421,27
/composition|outpatient_high_complexity_procedures|openehr-ehr-composition.outpatient_high_complexity_procedures.v1|openehr-ehr-composition.outpatient_high_complexity_procedures.v1/admin_entry|hcpa|openehr-ehr-admin_entry.high_complexity_procedures_sus.v1|openehr-ehr-admin_entry.high_complexity_procedures_sus.v1/item_tree|components|at0001|openehr-ehr-admin_entry.high_complexity_procedures_sus.v1/cluster|general_data|at0023|openehr-ehr-admin_entry.high_complexity_procedures_sus.v1/element|reason_for_encounter|at0010|openehr-ehr-admin_entry.high_complexity_procedures_sus.v1,/composition|outpatient_high_complexity_procedures|openehr-ehr-composition.outpatient_high_complexity_procedures.v1|openehr-ehr-composition.outpatient_high_complexity_procedures.v1/admin_entry|patient_discharge|openehr-ehr-admin_entry.patient_discharge.v1|openehr-ehr-admin_entry.patient_discharge.v1/item_tree|components|at0001|openehr-ehr-admin_entry.patient_discharge.v1/element|reason_for_discharge|at0003|openehr-ehr-admin_entry.patient_discharge.v1,cooccurrence,0.2,0.7105263157894737,0.3531578947368421,0.3531578947368421,27
/composition|outpatient_high_complexity_procedures|openehr-ehr-composition.outpatient_high_complexity_procedures.v1|openehr-ehr-composition.outpatient_high_complexity_procedures.v1/admin_entry|patient_discharge|openehr-ehr-admin_entry.patient_discharge.v1|openehr-ehr-admin_entry.patient_discharge.v1/item_tree|components|at0001|openehr-ehr-admin_entry.patient_discharge.v1/element|reason_for_discharge|at0003|openehr-ehr-admin_entry.patient_discharge.v1,/composition|outpatient_high_complexity_procedures|openehr-ehr-composition.outpatient_high_complexity_procedures.v1|openehr-ehr-composition.outpatient_high_complexity_procedures.v1/admin_entry|hcpa|openehr-ehr-admin_entry.high_complexity_procedures_sus.v1|openehr-ehr-admin_entry.high_complexity_procedures_sus.v1/item_tree|components|at0001|openehr-ehr-admin_entry.high_complexity_procedures_sus.v1/cluster|general_data|at0023|openehr-ehr-admin_entry.high_complexity_procedures_sus.v1/element|reason_for_encounter|at0010|openehr-ehr-admin_entry.high_complexity_procedures_sus.v1,cooccurrence,0.2,0.7105263157894737,0.3531578947368421,0.3531578947368421,27
/composition|outpatient_high_complexity_procedures|openehr-ehr-composition.outpatient_high_complexity_procedures.v1|openehr-ehr-composition.outpatient_high_complexity_procedures.v1/admin_entry|hcpa|openehr-ehr-admin_entry.high_complexity_procedures_sus.v1|openehr-ehr-admin_entry.high_complexity_procedures_sus.v1/item_tree|components|at0001|openehr-ehr-admin_entry.high_complexity_procedures_sus.v1/cluster|general_data|at0023|openehr-ehr-admin_entry.high_complexity_procedures_sus.v1/element|reason_for_encounter|at0010|openehr-ehr-admin_entry.high_complexity_procedures_sus.v1,/composition|outpatient_high_complexity_procedures|openehr-ehr-composition.outpatient_high_complexity_procedures.v1|openehr-ehr-composition.outpatient_high_complexity_procedures.v1/evaluation|problem_diagnosis|openehr-ehr-evaluation.problem_diagnosis-sus.v1|openehr-ehr-evaluation.problem_diagnosis-sus.v1/item_tree|structure|at0001|openehr-ehr-evaluation.problem_diagnosis-sus.v1/cluster|tumour_-_tnm_cancer_staging|openehr-ehr-cluster.tnm_staging-sus.v1|openehr-ehr-evaluation.problem_diagnosis-sus.v1/element|topography|at0.43|openehr-ehr-evaluation.problem_diagnosis-sus.v1,cooccurrence,0.2,0.21052631578947367,0.2031578947368421,0.2031578947368421,8
/composition|outpatient_high_complexity_procedures|openehr-ehr-composition.outpatient_high_complexity_procedures.v1|openehr-ehr-composition.outpatient_high_complexity_procedures.v1/evaluation|problem_diagnosis|openehr-ehr-evaluation.problem_diagnosis-sus.v1|openehr-ehr-evaluation.problem_diagnosis-sus.v1/item_tree|structure|at0001|openehr-ehr-evaluation.problem_diagnosis-sus.v1/cluster|tumour_-_tnm_cancer_staging|openehr-ehr-cluster.tnm_staging-sus.v1|openehr-ehr-evaluation.problem_diagnosis-sus.v1/element|topography|at0.43|openehr-ehr-evaluation.problem_diagnosis-sus.v1,/composition|outpatient_high_complexity_procedures|openehr-ehr-composition.outpatient_high_complexity_procedures.v1|openehr-ehr-composition.outpatient_high_complexity_procedures.v1/admin_entry|hcpa|openehr-ehr-admin_entry.high_complexity_procedures_sus.v1|openehr-ehr-admin_entry.high_complexity_procedures_sus.v1/item_tree|components|at0001|openehr-ehr-admin_entry.high_complexity_procedures_sus.v1/cluster|general_data|at0023|openehr-ehr-admin_entry.high_complexity_procedures_sus.v1/element|reason_for_encounter|at0010|openehr-ehr-admin_entry.high_complexity_procedures_sus.v1,cooccurrence,0.2,0.21052631578947367,0.2031578947368421,0.2031578947368421,8
/composition|outpatient_high_complexity_procedures|openehr-ehr-composition.outpatient_high_complexity_procedures.v1|openehr-ehr-composition.outpatient_high_complexity_procedures.v1/admin_entry|hcpa|openehr-ehr-admin_entry.high_complexity_procedures_sus.v1|openehr-ehr-admin_entry.high_complexity_procedures_sus.v1/item_tree|components|at0001|openehr-ehr-admin_entry.high_complexity_procedures_sus.v1/cluster|general_data|at0023|openehr-ehr-admin_entry.high_complexity_procedures_sus.v1/element|reason_for_encounter|at0010|openehr-ehr-admin_entry.high_complexity_procedures_sus.v1,/composition|outpatient_high_complexity_procedures|openehr-ehr-composition.outpatient_high_complexity_procedures.v1|openehr-ehr-composition.outpatient_high_complexity_procedures.v1/evaluation|problem_diagnosis|openehr-ehr-evaluation.problem_diagnosis-sus.v1|openehr-ehr-evaluation.problem_diagnosis-sus.v1/item_tree|structure|at0001|openehr-ehr-evaluation.problem_diagnosis-sus.v1/element|associated_causes|at0.2|openehr-ehr-evaluation.problem_diagnosis-sus.v1,cooccurrence,0.2,0.7105263157894737,0.3531578947368421,0.3531578947368421,27
/composition|outpatient_high_complexity_procedures|openehr-ehr-composition.outpatient_high_complexity_procedures.v1|openehr-ehr-composition.outpatient_high_complexity_procedures.v1/evaluation|problem_diagnosis|openehr-ehr-evaluation.problem_diagnosis-sus.v1|openehr-ehr-evaluation.problem_diagnosis-sus.v1/item_tree|structure|at0001|openehr-ehr-evaluation.problem_diagnosis-sus.v1/element|associated_causes|at0.2|openehr-ehr-evaluation.problem_diagnosis-sus.v1,/composition|outpatient_high_complexity_procedures|openehr-ehr-composition.outpatient_high_complexity_procedures.v1|openehr-ehr-composition.outpatient_high_complexity_procedures.v1/admin_entry|hcpa|openehr-ehr-admin_entry.high_complexity_procedures_sus.v1|openehr-ehr-admin_entry.high_complexity_procedures_sus.v1/item_tree|components|at0001|openehr-ehr-admin_entry.high_complexity_procedures_sus.v1/cluster|general_data|at0023|openehr-ehr-admin_entry.high_complexity_procedures_sus.v1/element|reason_for_encounter|at0010|openehr-ehr-admin_entry.high_complexity_procedures_sus.v1,cooccurrence,0.2,0.7105263157894737,0.3531578947368421,0.3531578947368421,27
/composition|outpatient_high_complexity_procedures|openehr-ehr-composition.outpatient_high_complexity_procedures.v1|openehr-ehr-composition.outpatient_high_complexity_procedures.v1/admin_entry|hcpa|openehr-ehr-admin_entry.high_complexity_procedures_sus.v1|openehr-ehr-admin_entry.high_complexity_procedures_sus.v1/item_tree|components|at0001|openehr-ehr-admin_entry.high_complexity_procedures_sus.v1/cluster|general_data|at0023|openehr-ehr-admin_entry.high_complexity_procedures_sus.v1/element|reason_for_encounter|at0010|openehr-ehr-admin_entry.high_complexity_procedures_sus.v1,/composition|outpatient_high_complexity_procedures|openehr-ehr-composition.outpatient_high_complexity_procedures.v1|openehr-ehr-composition.outpatient_high_complexity_procedures.v1/evaluation|problem_diagnosis|openehr-ehr-evaluation.problem_diagnosis-sus.v1|openehr-ehr-evaluation.problem_diagnosis-sus.v1/item_tree|structure|at0001|openehr-ehr-evaluation.problem_diagnosis-sus.v1/element|invaded_regional_linphonodes|at0.4|openehr-ehr-evaluation.problem_diagnosis-sus.v1,cooccurrence,0.2,0.21052631578947367,0.2031578947368421,0.2031578947368421,8
/composition|outpatient_high_complexity_procedures|openehr-ehr-composition.outpatient_high_complexity_procedures.v1|openehr-ehr-composition.outpatient_high_complexity_procedures.v1/evaluation|problem_diagnosis|openehr-ehr-evaluation.problem_diagnosis-sus.v1|openehr-ehr-evaluation.problem_diagnosis-sus.v1/item_tree|structure|at0001|openehr-ehr-evaluation.problem_diagnosis-sus.v1/element|invaded_regional_linphonodes|at0.4|openehr-ehr-evaluation.problem_diagnosis-sus.v1,/composition|outpatient_high_complexity_procedures|openehr-ehr-composition.outpatient_high_complexity_procedures.v1|openehr-ehr-composition.outpatient_high_complexity_procedures.v1/admin_entry|hcpa|openehr-ehr-admin_entry.high_complexity_procedures_sus.v1|openehr-ehr-admin_entry.high_complexity_procedures_sus.v1/item_tree|components|at0001|openehr-ehr-admin_entry.high_complexity_procedures_sus.v1/cluster|general_data|at0023|openehr-ehr-admin_entry.high_complexity_procedures_sus.v1/element|reason_for_encounter|at0010|openehr-ehr-admin_entry.high_complexity_procedures_sus.v1,cooccurrence,0.2,0.21052631578947367,0.2031578947368421,0.2031578947368421,8
/composition|outpatient_high_complexity_procedures|openehr-ehr-composition.outpatient_high_complexity_procedures.v1|openehr-ehr-composition.outpatient_high_complexity_procedures.v1/admin_entry|hcpa|openehr-ehr-admin_entry.high_complexity_procedures_sus.v1|openehr-ehr-admin_entry.high_complexity_procedures_sus.v1/item_tree|components|at0001|openehr-ehr-admin_entry.high_complexity_procedures_sus.v1/cluster|general_data|at0023|openehr-ehr-admin_entry.high_complexity_procedures_sus.v1/element|reason_for_encounter|at0010|openehr-ehr-admin_entry.high_complexity_procedures_sus.v1,/composition|outpatient_high_complexity_procedures|openehr-ehr-composition.outpatient_high_complexity_procedures.v1|openehr-ehr-composition.outpatient_high_complexity_procedures.v1/evaluation|problem_diagnosis|openehr-ehr-evaluation.problem_diagnosis-sus.v1|openehr-ehr-evaluation.problem_diagnosis-sus.v1/item_tree|structure|at0001|openehr-ehr-evaluation.problem_diagnosis-sus.v1/element|problem|at0002.1|openehr-ehr-evaluation.problem_diagnosis-sus.v1,cooccurrence,0.2,0.7105263157894737,0.3531578947368421,0.3531578947368421,27
/composition|outpatient_high_complexity_procedures|openehr-ehr-composition.outpatient_high_complexity_procedures.v1|openehr-ehr-composition.outpatient_high_complexity_procedures.v1/evaluation|problem_diagnosis|openehr-ehr-evaluation.problem_diagnosis-sus.v1|openehr-ehr-evaluation.problem_diagnosis-sus.v1/item_tree|structure|at0001|openehr-ehr-evaluation.problem_diagnosis-sus.v1/element|problem|at0002.1|openehr-ehr-evaluation.problem_diagnosis-sus.v1,/composition|outpatient_high_complexity_procedures|openehr-ehr-composition.outpatient_high_complexity_procedures.v1|openehr-ehr-composition.outpatient_high_complexity_procedures.v1/admin_entry|hcpa|openehr-ehr-admin_entry.high_complexity_procedures_sus.v1|openehr-ehr-admin_entry.high_complexity_procedures_sus.v1/item_tree|components|at0001|openehr-ehr-admin_entry.high_complexity_procedures_sus.v1/cluster|general_data|at0023|openehr-ehr-admin_entry.high_complexity_procedures_sus.v1/element|reason_for_encounter|at0010|openehr-ehr-admin_entry.high_complexity_procedures_sus.v1,cooccurrence,0.2,0.7105263157894737,0.3531578947368421,0.3531578947368421,27
/composition|outpatient_high_complexity_procedures|openehr-ehr-composition.outpatient_high_complexity_procedures.v1|openehr-ehr-composition.outpatient_high_complexity_procedures.v1/admin_entry|hcpa|openehr-ehr-admin_entry.high_complexity_procedures_sus.v1|openehr-ehr-admin_entry.high_complexity_procedures_sus.v1/item_tree|components|at0001|openehr-ehr-admin_entry.high_complexity_procedures_sus.v1/cluster|general_data|at0023|openehr-ehr-admin_entry.high_complexity_procedures_sus.v1/element|reason_for_encounter|at0010|openehr-ehr-admin_entry.high_complexity_procedures_sus.v1,/composition|outpatient_high_complexity_procedures|openehr-ehr-composition.outpatient_high_complexity_procedures.v1|openehr-ehr-composition.outpatient_high_complexity_procedures.v1/evaluation|problem_diagnosis|openehr-ehr-evaluation.problem_diagnosis-sus.v1|openehr-ehr-evaluation.problem_diagnosis-sus.v1/item_tree|structure|at0001|openehr-ehr-evaluation.problem_diagnosis-sus.v1/element|secondary_diagnosis|at0.1|openehr-ehr-evaluation.problem_diagnosis-sus.v1,cooccurrence,0.2,0.7105263157894737,0.3531578947368421,0.3531578947368421,27
/composition|outpatient_high_complexity_procedures|openehr-ehr-composition.outpatient_high_complexity_procedures.v1|openehr-ehr-composition.outpatient_high_complexity_procedures.v1/evaluation|problem_diagnosis|openehr-ehr-evaluation.problem_diagnosis-sus.v1|openehr-ehr-evaluation.problem_diagnosis-sus.v1/item_tree|structure|at0001|openehr-ehr-evaluation.problem_diagnosis-sus.v1/element|secondary_diagnosis|at0.1|openehr-ehr-evaluation.problem_diagnosis-sus.v1,/composition|outpatient_high_complexity_procedures|openehr-ehr-composition.outpatient_high_complexity_procedures.v1|openehr-ehr-composition.outpatient_high_complexity_procedures.v1/admin_entry|hcpa|openehr-ehr-admin_entry.high_complexity_procedures_sus.v1|openehr-ehr-admin_entry.high_complexity_procedures_sus.v1/item_tree|components|at0001|openehr-ehr-admin_entry.high_complexity_procedures_sus.v1/cluster|general_data|at0023|openehr-ehr-admin_entry.high_complexity_procedures_sus.v1/element|reason_for_encounter|at0010|openehr-ehr-admin_entry.high_complexity_procedures_sus.v1,cooccurrence,0.2,0.7105263157894737,0.3531578947368421,0.3531578947368421,27
/composition|outpatient_high_complexity_procedures|openehr-ehr-composition.outpatient_high_complexity_procedures.v1|openehr-ehr-composition.outpatient_high_complexity_procedures.v1/admin_entry|hcpa|openehr-ehr-admin_entry.high_complexity_procedures_sus.v1|openehr-ehr-admin_entry.high_complexity_procedures_sus.v1/item_tree|components|at0001|openehr-ehr-admin_entry.high_complexity_procedures_sus.v1/cluster|general_data|at0023|openehr-ehr-admin_entry.high_complexity_procedures_sus.v1/element|state|at0028|openehr-ehr-admin_entry.high_complexity_procedures_sus.v1,/composition|outpatient_high_complexity_procedures|openehr-ehr-composition.outpatient_high_complexity_procedures.v1|openehr-ehr-composition.outpatient_high_complexity_procedures.v1/admin_entry|hcpa|openehr-ehr-admin_entry.high_complexity_procedures_sus.v1|openehr-ehr-admin_entry.high_complexity_procedures_sus.v1/item_tree|components|at0001|openehr-ehr-admin_entry.high_complexity_procedures_sus.v1/cluster|radiotherapy|at0017|openehr-ehr-admin_entry.high_complexity_procedures_sus.v1/element|date_of_beginning_of_radiotherapy|at0032|openehr-ehr-admin_entry.high_complexity_procedures_sus.v1,cooccurrence,0.6,0.10526315789473684,0.451578947368421,0.451578947368421,4
/composition|outpatient_high_complexity_procedures|openehr-ehr-composition.outpatient_high_complexity_procedures.v1|openehr-ehr-composition.outpatient_high_complexity_procedures.v1/admin_entry|hcpa|openehr-ehr-admin_entry.high_complexity_procedures_sus.v1|openehr-ehr-admin_entry.high_complexity_procedures_sus.v1/item_tree|components|at0001|openehr-ehr-admin_entry.high_complexity_procedures_sus.v1/cluster|radiotherapy|at0017|openehr-ehr-admin_entry.high_complexity_procedures_sus.v1/element|date_of_beginning_of_radiotherapy|at0032|openehr-ehr-admin_entry.high_complexity_procedures_sus.v1,/composition|outpatient_high_complexity_procedures|openehr-ehr-composition.outpatient_high_complexity_procedures.v1|openehr-ehr-composition.outpatient_high_complexity_procedures.v1/admin_entry|hcpa|openehr-ehr-admin_entry.high_complexity_procedures_sus.v1|openehr-ehr-admin_entry.high_complexity_procedures_sus.v1/item_tree|components|at0001|openehr-ehr-admin_entry.high_complexity_procedures_sus.v1/cluster|general_data|at0023|openehr-ehr-admin_entry.high_complexity_procedures_sus.v1/element|state|at0028|openehr-ehr-admin_entry.high_complexity_procedures_sus.v1,cooccurrence,0.6,0.10526315789473684,0.451578947368421,0.451578947368421,4
/composition|outpatient_high_complexity_procedures|openehr-ehr-composition.outpatient_high_complexity_procedures.v1|openehr-ehr-composition.outpatient_high_complexity_procedures.v1/admin_entry|hcpa|openehr-ehr-admin_entry.high_complexity_procedures_sus.v1|openehr-ehr-admin_entry.high_complexity_procedures_sus.v1/item_tree|components|at0001|openehr-ehr-admin_entry.high_complexity_procedures_sus.v1/cluster|general_data|at0023|openehr-ehr-admin_entry.high_complexity_procedures_sus.v1/element|state|at0028|openehr-ehr-admin_entry.high_complexity_procedures_sus.v1,/composition|outpatient_high_complexity_procedures|openehr-ehr-composition.outpatient_high_complexity_procedures.v1|openehr-ehr-composition.outpatient_high_complexity_procedures.v1/admin_entry|patient_discharge|openehr-ehr-admin_entry.patient_discharge.v1|openehr-ehr-admin_entry.patient_discharge.v1/item_tree|components|at0001|openehr-ehr-admin_entry.patient_discharge.v1/element|date_of_discharge|at0002|openehr-ehr-admin_entry.patient_discharge.v1,cooccurrence,0.2,0.7105263157894737,0.3531578947368421,0.3531578947368421,27
/composition|outpatient_high_complexity_procedures|openehr-ehr-composition.outpatient_high_complexity_procedures.v1|openehr-ehr-composition.outpatient_high_complexity_procedures.v1/admin_entry|patient_discharge|openehr-ehr-admin_entry.patient_discharge.v1|openehr-ehr-admin_entry.patient_discharge.v1/item_tree|components|at0001|openehr-ehr-admin_entry.patient_discharge.v1/element|date_of_discharge|at0002|openehr-ehr-admin_entry.patient_discharge.v1,/composition|outpatient_high_complexity_procedures|openehr-ehr-composition.outpatient_high_complexity_procedures.v1|openehr-ehr-composition.outpatient_high_complexity_procedures.v1/admin_entry|hcpa|openehr-ehr-admin_entry.high_complexity_procedures_sus.v1|openehr-ehr-admin_entry.high_complexity_procedures_sus.v1/item_tree|components|at0001|openehr-ehr-admin_entry.high_complexity_procedures_sus.v1/cluster|general_data|at0023|openehr-ehr-admin_entry.high_complexity_procedures_sus.v1/element|state|at0028|openehr-ehr-admin_entry.high_complexity_procedures_sus.v1,cooccurrence,0.2,0.7105263157894737,0.3531578947368421,0.3531578947368421,27
/composition|outpatient_high_complexity_procedures|openehr-ehr-composition.outpatient_high_complexity_procedures.v1|openehr-ehr-composition.outpatient_high_complexity_procedures.v1/admin_entry|hcpa|openehr-ehr-admin_entry.high_complexity_procedures_sus.v1|openehr-ehr-admin_entry.high_complexity_procedures_sus.v1/item_tree|components|at0001|openehr-ehr-admin_entry.high_complexity_procedures_sus.v1/cluster|general_data|at0023|openehr-ehr-admin_entry.high_complexity_procedures_sus.v1/element|state|at0028|openehr-ehr-admin_entry.high_complexity_procedures_sus.v1,/composition|outpatient_high_complexity_procedures|openehr-ehr-composition.outpatient_high_complexity_procedures.v1|openehr-ehr-composition.outpatient_high_complexity_procedures.v1/admin_entry|patient_discharge|openehr-ehr-admin_entry.patient_discharge.v1|openehr-ehr-admin_entry.patient_discharge.v1/item_tree|components|at0001|openehr-ehr-admin_entry.patient_discharge.v1/element|reason_for_discharge|at0003|openehr-ehr-admin_entry.patient_discharge.v1,cooccurrence,0.2,0.7105263157894737,0.3531578947368421,0.3531578947368421,27
/composition|outpatient_high_complexity_procedures|openehr-ehr-composition.outpatient_high_complexity_procedures.v1|openehr-ehr-composition.outpatient_high_complexity_procedures.v1/admin_entry|patient_discharge|openehr-ehr-admin_entry.patient_discharge.v1|openehr-ehr-admin_entry.patient_discharge.v1/item_tree|components|at0001|openehr-ehr-admin_entry.patient_discharge.v1/element|reason_for_discharge|at0003|openehr-ehr-admin_entry.patient_discharge.v1,/composition|outpatient_high_complexity_procedures|openehr-ehr-composition.outpatient_high_complexity_procedures.v1|openehr-ehr-composition.outpatient_high_complexity_procedures.v1/admin_entry|hcpa|openehr-ehr-admin_entry.high_complexity_procedures_sus.v1|openehr-ehr-admin_entry.high_complexity_procedures_sus.v1/item_tree|components|at0001|openehr-ehr-admin_entry.high_complexity_procedures_sus.v1/cluster|general_data|at0023|openehr-ehr-admin_entry.high_complexity_procedures_sus.v1/element|state|at0028|openehr-ehr-admin_entry.high_complexity_procedures_sus.v1,cooccurrence,0.2,0.7105263157894737,0.3531578947368421,0.3531578947368421,27
/composition|outpatient_high_complexity_procedures|openehr-ehr-composition.outpatient_high_complexity_procedures.v1|openehr-ehr-composition.outpatient_high_complexity_procedures.v1/admin_entry|hcpa|openehr-ehr-admin_entry.high_complexity_procedures_sus.v1|openehr-ehr-admin_entry.high_complexity_procedures_sus.v1/item_tree|components|at0001|openehr-ehr-admin_entry.high_complexity_procedures_sus.v1/cluster|general_data|at0023|openehr-ehr-admin_entry.high_complexity_procedures_sus.v1/element|state|at0028|openehr-ehr-admin_entry.high_complexity_procedures_sus.v1,/composition|outpatient_high_complexity_procedures|openehr-ehr-composition.outpatient_high_complexity_procedures.v1|openehr-ehr-composition.outpatient_high_complexity_procedures.v1/evaluation|problem_diagnosis|openehr-ehr-evaluation.problem_diagnosis-sus.v1|openehr-ehr-evaluation.problem_diagnosis-sus.v1/item_tree|structure|at0001|openehr-ehr-evaluation.problem_diagnosis-sus.v1/cluster|tumour_-_tnm_cancer_staging|openehr-ehr-cluster.tnm_staging-sus.v1|openehr-ehr-evaluation.problem_diagnosis-sus.v1/element|topography|at0.43|openehr-ehr-evaluation.problem_diagnosis-sus.v1,cooccurrence,0.2,0.21052631578947367,0.2031578947368421,0.2031578947368421,8
/composition|outpatient_high_complexity_procedures|openehr-ehr-composition.outpatient_high_complexity_procedures.v1|openehr-ehr-composition.outpatient_high_complexity_procedures.v1/evaluation|problem_diagnosis|openehr-ehr-evaluation.problem_diagnosis-sus.v1|openehr-ehr-evaluation.problem_diagnosis-sus.v1/item_tree|structure|at0001|openehr-ehr-evaluation.problem_diagnosis-sus.v1/cluster|tumour_-_tnm_cancer_staging|openehr-ehr-cluster.tnm_staging-sus.v1|openehr-ehr-evaluation.problem_diagnosis-sus.v1/element|topography|at0.43|openehr-ehr-evaluation.problem_diagnosis-sus.v1,/composition|outpatient_high_complexity_procedures|openehr-ehr-composition.outpatient_high_complexity_procedures.v1|openehr-ehr-composition.outpatient_high_complexity_procedures.v1/admin_entry|hcpa|openehr-ehr-admin_entry.high_complexity_procedures_sus.v1|openehr-ehr-admin_entry.high_complexity_procedures_sus.v1/item_tree|components|at0001|openehr-ehr-admin_entry.high_complexity_procedures_sus.v1/cluster|general_data|at0023|openehr-ehr-admin_entry.high_complexity_procedures_sus.v1/element|state|at0028|openehr-ehr-admin_entry.high_complexity_procedures_sus.v1,cooccurrence,0.2,0.21052631578947367,0.2031578947368421,0.2031578947368421,8
/composition|outpatient_high_complexity_procedures|openehr-ehr-composition.outpatient_high_complexity_procedures.v1|openehr-ehr-composition.outpatient_high_complexity_procedures.v1/admin_entry|hcpa|openehr-ehr-admin_entry.high_complexity_procedures_sus.v1|openehr-ehr-admin_entry.high_complexity_procedures_sus.v1/item_tree|components|at0001|openehr-ehr-admin_entry.high_complexity_procedures_sus.v1/cluster|general_data|at0023|openehr-ehr-admin_entry.high_complexity_procedures_sus.v1/element|state|at0028|openehr-ehr-admin_entry.high_complexity_procedures_sus.v1,/composition|outpatient_high_complexity_procedures|openehr-ehr-composition.outpatient_high_complexity_procedures.v1|openehr-ehr-composition.outpatient_high_complexity_procedures.v1/evaluation|problem_diagnosis|openehr-ehr-evaluation.problem_diagnosis-sus.v1|openehr-ehr-evaluation.problem_diagnosis-sus.v1/item_tree|structure|at0001|openehr-ehr-evaluation.problem_diagnosis-sus.v1/element|associated_causes|at0.2|openehr-ehr-evaluation.problem_diagnosis-sus.v1,cooccurrence,0.2,0.7105263157894737,0.3531578947368421,0.3531578947368421,27
/composition|outpatient_high_complexity_procedures|openehr-ehr-composition.outpatient_high_complexity_procedures.v1|openehr-ehr-composition.outpatient_high_complexity_procedures.v1/evaluation|problem_diagnosis|openehr-ehr-evaluation.problem_diagnosis-sus.v1|openehr-ehr-evaluation.problem_diagnosis-sus.v1/item_tree|structure|at0001|openehr-ehr-evaluation.problem_diagnosis-sus.v1/element|associated_causes|at0.2|openehr-ehr-evaluation.problem_diagnosis-sus.v1,/composition|outpatient_high_complexity_procedures|openehr-ehr-composition.outpatient_high_complexity_procedures.v1|openehr-ehr-composition.outpatient_high_complexity_procedures.v1/admin_entry|hcpa|openehr-ehr-admin_entry.high_complexity_procedures_sus.v1|openehr-ehr-admin_entry.high_complexity_procedures_sus.v1/item_tree|components|at0001|openehr-ehr-admin_entry.high_complexity_procedures_sus.v1/cluster|general_data|at0023|openehr-ehr-admin_entry.high_complexity_procedures_sus.v1/element|state|at0028|openehr-ehr-admin_entry.high_complexity_procedures_sus.v1,cooccurrence,0.2,0.7105263157894737,0.3531578947368421,0.3531578947368421,27
/composition|outpatient_high_complexity_procedures|openehr-ehr-composition.outpatient_high_complexity_procedures.v1|openehr-ehr-composition.outpatient_high_complexity_procedures.v1/admin_entry|hcpa|openehr-ehr-admin_entry.high_complexity_procedures_sus.v1|openehr-ehr-admin_entry.high_complexity_procedures_sus.v1/item_tree|components|at0001|openehr-ehr-admin_entry.high_complexity_procedures_sus.v1/cluster|general_data|at0023|openehr-ehr-admin_entry.high_complexity_procedures_sus.v1/element|state|at0028|openehr-ehr-admin_entry.high_complexity_procedures_sus.v1,/composition|outpatient_high_complexity_procedures|openehr-ehr-composition.outpatient_high_complexity_procedures.v1|openehr-ehr-composition.outpatient_high_complexity_procedures.v1/evaluation|problem_diagnosis|openehr-ehr-evaluation.problem_diagnosis-sus.v1|openehr-ehr-evaluation.problem_diagnosis-sus.v1/item_tree|structure|at0001|openehr-ehr-evaluation.problem_diagnosis-sus.v1/element|invaded_regional_linphonodes|at0.4|openehr-ehr-evaluation.problem_diagnosis-sus.v1,cooccurrence,0.2,0.21052631578947367,0.2031578947368421,0.2031578947368421,8
/composition|outpatient_high_complexity_procedures|openehr-ehr-composition.outpatient_high_complexity_procedures.v1|openehr-ehr-composition.outpatient_high_complexity_procedures.v1/evaluation|problem_diagnosis|openehr-ehr-evaluation.problem_diagnosis-sus.v1|openehr-ehr-evaluation.problem_diagnosis-sus.v1/item_tree|structure|at0001|openehr-ehr-evaluation.problem_diagnosis-sus.v1/element|invaded_regional_linphonodes|at0.4|openehr-ehr-evaluation.problem_diagnosis-sus.v1,/composition|outpatient_high_complexity_procedures|openehr-ehr-composition.outpatient_high_complexity_procedures.v1|openehr-ehr-composition.outpatient_high_complexity_procedures.v1/admin_entry|hcpa|openehr-ehr-admin_entry.high_complexity_procedures_sus.v1|openehr-ehr-admin_entry.high_complexity_procedures_sus.v1/item_tree|components|at0001|openehr-ehr-admin_entry.high_complexity_procedures_sus.v1/cluster|general_data|at0023|openehr-ehr-admin_entry.high_complexity_procedures_sus.v1/element|state|at0028|openehr-ehr-admin_entry.high_complexity_procedures_sus.v1,cooccurrence,0.2,0.21052631578947367,0.2031578947368421,0.2031578947368421,8
/composition|outpatient_high_complexity_procedures|openehr-ehr-composition.outpatient_high_complexity_procedures.v1|openehr-ehr-composition.outpatient_high_complexity_procedures.v1/admin_entry|hcpa|openehr-ehr-admin_entry.high_complexity_procedures_sus.v1|openehr-ehr-admin_entry.high_complexity_procedures_sus.v1/item_tree|components|at0001|openehr-ehr-admin_entry.high_complexity_procedures_sus.v1/cluster|general_data|at0023|openehr-ehr-admin_entry.high_complexity_procedures_sus.v1/element|state|at0028|openehr-ehr-admin_entry.high_complexity_procedures_sus.v1,/composition|outpatient_high_complexity_procedures|openehr-ehr-composition.outpatient_high_complexity_procedures.v1|openehr-ehr-composition.outpatient_high_complexity_procedures.v1/evaluation|problem_diagnosis|openehr-ehr-evaluation.problem_diagnosis-sus.v1|openehr-ehr-evaluation.problem_diagnosis-sus.v1/item_tree|structure|at0001|openehr-ehr-evaluation.problem_diagnosis-sus.v1/element|problem|at0002.1|openehr-ehr-evaluation.problem_diagnosis-sus.v1,cooccurrence,0.2,0.7105263157894737,0.3531578947368421,0.3531578947368421,27
/composition|outpatient_high_complexity_procedures|openehr-ehr-composition.outpatient_high_complexity_procedures.v1|openehr-ehr-composition.outpatient_high_complexity_procedures.v1/evaluation|problem_diagnosis|openehr-ehr-evaluation.problem_diagnosis-sus.v1|openehr-ehr-evaluation.problem_diagnosis-sus.v1/item_tree|structure|at0001|openehr-ehr-evaluation.problem_diagnosis-sus.v1/element|problem|at0002.1|openehr-ehr-evaluation.problem_diagnosis-sus.v1,/composition|outpatient_high_complexity_procedures|openehr-ehr-composition.outpatient_high_complexity_procedures.v1|openehr-ehr-composition.outpatient_high_complexity_procedures.v1/admin_entry|hcpa|openehr-ehr-admin_entry.high_complexity_procedures_sus.v1|openehr-ehr-admin_entry.high_complexity_procedures_sus.v1/item_tree|components|at0001|openehr-ehr-admin_entry.high_complexity_procedures_sus.v1/cluster|general_data|at0023|openehr-ehr-admin_entry.high_complexity_procedures_sus.v1/element|state|at0028|openehr-ehr-admin_entry.high_complexity_procedures_sus.v1,cooccurrence,0.2,0.7105263157894737,0.3531578947368421,0.3531578947368421,27
/composition|outpatient_high_complexity_procedures|openehr-ehr-composition.outpatient_high_complexity_procedures.v1|openehr-ehr-composition.outpatient_high_complexity_procedures.v1/admin_entry|hcpa|openehr-ehr-admin_entry.high_complexity_procedures_sus.v1|openehr-ehr-admin_entry.high_complexity_procedures_sus.v1/item_tree|components|at0001|openehr-ehr-admin_entry.high_complexity_procedures_sus.v1/cluster|general_data|at0023|openehr-ehr-admin_entry.high_complexity_procedures_sus.v1/element|state|at0028|openehr-ehr-admin_entry.high_complexity_procedures_sus.v1,/composition|outpatient_high_complexity_procedures|openehr-ehr-composition.outpatient_high_complexity_procedures.v1|openehr-ehr-composition.outpatient_high_complexity_procedures.v1/evaluation|problem_diagnosis|openehr-ehr-evaluation.problem_diagnosis-sus.v1|openehr-ehr-evaluation.problem_diagnosis-sus.v1/item_tree|structure|at0001|openehr-ehr-evaluation.problem_diagnosis-sus.v1/element|secondary_diagnosis|at0.1|openehr-ehr-evaluation.problem_diagnosis-sus.v1,cooccurrence,0.2,0.7105263157894737,0.3531578947368421,0.3531578947368421,27
/composition|outpatient_high_complexity_procedures|openehr-ehr-composition.outpatient_high_complexity_procedures.v1|openehr-ehr-composition.outpatient_high_complexity_procedures.v1/evaluation|problem_diagnosis|openehr-ehr-evaluation.problem_diagnosis-sus.v1|openehr-ehr-evaluation.problem_diagnosis-sus.v1/item_tree|structure|at0001|openehr-ehr-evaluation.problem_diagnosis-sus.v1/element|secondary_diagnosis|at0.1|openehr-ehr-evaluation.problem_diagnosis-sus.v1,/composition|outpatient_high_complexity_procedures|openehr-ehr-composition.outpatient_high_complexity_procedures.v1|openehr-ehr-composition.outpatient_high_complexity_procedures.v1/admin_entry|hcpa|openehr-ehr-admin_entry.high_complexity_procedures_sus.v1|openehr-ehr-admin_entry.high_complexity_procedures_sus.v1/item_tree|components|at0001|openehr-ehr-admin_entry.high_complexity_procedures_sus.v1/cluster|general_data|at0023|openehr-ehr-admin_entry.high_complexity_procedures_sus.v1/element|state|at0028|openehr-ehr-admin_entry.high_complexity_procedures_sus.v1,cooccurrence,0.2,0.7105263157894737,0.3531578947368421,0.3531578947368421,27
/composition|outpatient_high_complexity_procedures|openehr-ehr-composition.outpatient_high_complexity_procedures.v1|openehr-ehr-composition.outpatient_high_complexity_procedures.v1/admin_entry|patient_discharge|openehr-ehr-admin_entry.patient_discharge.v1|openehr-ehr-admin_entry.patient_discharge.v1/item_tree|components|at0001|openehr-ehr-admin_entry.patient_discharge.v1/element|date_of_discharge|at0002|openehr-ehr-admin_entry.patient_discharge.v1,/composition|outpatient_high_complexity_procedures|openehr-ehr-composition.outpatient_high_complexity_procedures.v1|openehr-ehr-composition.outpatient_high_complexity_procedures.v1/admin_entry|patient_discharge|openehr-ehr-admin_entry.patient_discharge.v1|openehr-ehr-admin_entry.patient_discharge.v1/item_tree|components|at0001|openehr-ehr-admin_entry.patient_discharge.v1/element|reason_for_discharge|at0003|openehr-ehr-admin_entry.patient_discharge.v1,cooccurrence,0.75,0.7105263157894737,0.738157894736842,0.738157894736842,27
/composition|outpatient_high_complexity_procedures|openehr-ehr-composition.outpatient_high_complexity_procedures.v1|openehr-ehr-composition.outpatient_high_complexity_procedures.v1/admin_entry|patient_discharge|openehr-ehr-admin_entry.patient_discharge.v1|openehr-ehr-admin_entry.patient_discharge.v1/item_tree|components|at0001|openehr-ehr-admin_entry.patient_discharge.v1/element|reason_for_discharge|at0003|openehr-ehr-admin_entry.patient_discharge.v1,/composition|outpatient_high_complexity_procedures|openehr-ehr-composition.outpatient_high_complexity_procedures.v1|openehr-ehr-composition.outpatient_high_complexity_procedures.v1/admin_entry|patient_discharge|openehr-ehr-admin_entry.patient_discharge.v1|openehr-ehr-admin_entry.patient_discharge.v1/item_tree|components|at0001|openehr-ehr-admin_entry.patient_discharge.v1/element|date_of_discharge|at0002|openehr-ehr-admin_entry.patient_discharge.v1,cooccurrence,0.75,0.7105263157894737,0.738157894736842,0.738157894736842,27
/composition|outpatient_high_complexity_procedures|openehr-ehr-composition.outpatient_high_complexity_procedures.v1|openehr-ehr-composition.outpatient_high_complexity_procedures.v1/admin_entry|patient_discharge|openehr-ehr-admin_entry.patient_discharge.v1|openehr-ehr-admin_entry.patient_discharge.v1/item_tree|components|at0001|openehr-ehr-admin_entry.patient_discharge.v1/element|date_of_discharge|at0002|openehr-ehr-admin_entry.patient_discharge.v1,/composition|outpatient_high_complexity_procedures|openehr-ehr-composition.outpatient_high_complexity_procedures.v1|openehr-ehr-composition.outpatient_high_complexity_procedures.v1/evaluation|problem_diagnosis|openehr-ehr-evaluation.problem_diagnosis-sus.v1|openehr-ehr-evaluation.problem_diagnosis-sus.v1/item_tree|structure|at0001|openehr-ehr-evaluation.problem_diagnosis-sus.v1/cluster|tumour_-_tnm_cancer_staging|openehr-ehr-cluster.tnm_staging-sus.v1|openehr-ehr-evaluation.problem_diagnosis-sus.v1/element|topography|at0.43|openehr-ehr-evaluation.problem_diagnosis-sus.v1,cooccurrence,0.2,0.21052631578947367,0.2031578947368421,0.2031578947368421,8
/composition|outpatient_high_complexity_procedures|openehr-ehr-composition.outpatient_high_complexity_procedures.v1|openehr-ehr-composition.outpatient_high_complexity_procedures.v1/evaluation|problem_diagnosis|openehr-ehr-evaluation.problem_diagnosis-sus.v1|openehr-ehr-evaluation.problem_diagnosis-sus.v1/item_tree|structure|at0001|openehr-ehr-evaluation.problem_diagnosis-sus.v1/cluster|tumour_-_tnm_cancer_staging|openehr-ehr-cluster.tnm_staging-sus.v1|openehr-ehr-evaluation.problem_diagnosis-sus.v1/element|topography|at0.43|openehr-ehr-evaluation.problem_diagnosis-sus.v1,/composition|outpatient_high_complexity_procedures|openehr-ehr-composition.outpatient_high_complexity_procedures.v1|openehr-ehr-composition.outpatient_high_complexity_procedures.v1/admin_entry|patient_discharge|openehr-ehr-admin_entry.patient_discharge.v1|openehr-ehr-admin_entry.patient_discharge.v1/item_tree|components|at0001|openehr-ehr-admin_entry.patient_discharge.v1/element|date_of_discharge|at0002|openehr-ehr-admin_entry.patient_discharge.v1,cooccurrence,0.2,0.21052631578947367,0.2031578947368421,0.2031578947368421,8
/composition|outpatient_high_complexity_procedures|openehr-ehr-composition.outpatient_high_complexity_procedures.v1|openehr-ehr-composition.outpatient_high_complexity_procedures.v1/admin_entry|patient_discharge|openehr-ehr-admin_entry.patient_discharge.v1|openehr-ehr-admin_entry.patient_discharge.v1/item_tree|components|at0001|openehr-ehr-admin_entry.patient_discharge.v1/element|date_of_discharge|at0002|openehr-ehr-admin_entry.patient_discharge.v1,/composition|outpatient_high_complexity_procedures|openehr-ehr-composition.outpatient_high_complexity_procedures.v1|openehr-ehr-composition.outpatient_high_complexity_procedures.v1/evaluation|problem_diagnosis|openehr-ehr-evaluation.problem_diagnosis-sus.v1|openehr-ehr-evaluation.problem_diagnosis-sus.v1/item_tree|structure|at0001|openehr-ehr-evaluation.problem_diagnosis-sus.v1/element|associated_causes|at0.2|openehr-ehr-evaluation.problem_diagnosis-sus.v1,cooccurrence,0.25,0.7105263157894737,0.38815789473684215,0.38815789473684215,27
/composition|outpatient_high_complexity_procedures|openehr-ehr-composition.outpatient_high_complexity_procedures.v1|openehr-ehr-composition.outpatient_high_complexity_procedures.v1/evaluation|problem_diagnosis|openehr-ehr-evaluation.problem_diagnosis-sus.v1|openehr-ehr-evaluation.problem_diagnosis-sus.v1/item_tree|structure|at0001|openehr-ehr-evaluation.problem_diagnosis-sus.v1/element|associated_causes|at0.2|openehr-ehr-evaluation.problem_diagnosis-sus.v1,/composition|outpatient_high_complexity_procedures|openehr-ehr-composition.outpatient_high_complexity_procedures.v1|openehr-ehr-composition.outpatient_high_complexity_procedures.v1/admin_entry|patient_discharge|openehr-ehr-admin_entry.patient_discharge.v1|openehr-ehr-admin_entry.patient_discharge.v1/item_tree|components|at0001|openehr-ehr-admin_entry.patient_discharge.v1/element|date_of_discharge|at0002|openehr-ehr-admin_entry.patient_discharge.v1,cooccurrence,0.25,0.7105263157894737,0.38815789473684215,0.38815789473684215,27
/composition|outpatient_high_complexity_procedures|openehr-ehr-composition.outpatient_high_complexity_procedures.v1|openehr-ehr-composition.outpatient_high_complexity_procedures.v1/admin_entry|patient_discharge|openehr-ehr-admin_entry.patient_discharge.v1|openehr-ehr-admin_entry.patient_discharge.v1/item_tree|components|at0001|openehr-ehr-admin_entry.patient_discharge.v1/element|date_of_discharge|at0002|openehr-ehr-admin_entry.patient_discharge.v1,/composition|outpatient_high_complexity_procedures|openehr-ehr-composition.outpatient_high_complexity_procedures.v1|openehr-ehr-composition.outpatient_high_complexity_procedures.v1/evaluation|problem_diagnosis|openehr-ehr-evaluation.problem_diagnosis-sus.v1|openehr-ehr-evaluation.problem_diagnosis-sus.v1/item_tree|structure|at0001|openehr-ehr-evaluation.problem_diagnosis-sus.v1/element|invaded_regional_linphonodes|at0.4|openehr-ehr-evaluation.problem_diagnosis-sus.v1,cooccurrence,0.25,0.21052631578947367,0.2381578947368421,0.2381578947368421,8
/composition|outpatient_high_complexity_procedures|openehr-ehr-composition.outpatient_high_complexity_procedures.v1|openehr-ehr-composition.outpatient_high_complexity_procedures.v1/evaluation|problem_diagnosis|openehr-ehr-evaluation.problem_diagnosis-sus.v1|openehr-ehr-evaluation.problem_diagnosis-sus.v1/item_tree|structure|at0001|openehr-ehr-evaluation.problem_diagnosis-sus.v1/element|invaded_regional_linphonodes|at0.4|openehr-ehr-evaluation.problem_diagnosis-sus.v1,/composition|outpatient_high_complexity_procedures|openehr-ehr-composition.outpatient_high_complexity_procedures.v1|openehr-ehr-composition.outpatient_high_complexity_procedures.v1/admin_entry|patient_discharge|openehr-ehr-admin_entry.patient_discharge.v1|openehr-ehr-admin_entry.patient_discharge.v1/item_tree|components|at0001|openehr-ehr-admin_entry.patient_discharge.v1/element|date_of_discharge|at0002|openehr-ehr-admin_entry.patient_discharge.v1,cooccurrence,0.25,0.21052631578947367,0.2381578947368421,0.2381578947368421,8
/composition|outpatient_high_complexity_procedures|openehr-ehr-composition.outpatient_high_complexity_procedures.v1|openehr-ehr-composition.outpatient_high_complexity_procedures.v1/admin_entry|patient_discharge|openehr-ehr-admin_entry.patient_discharge.v1|openehr-ehr-admin_entry.patient_discharge.v1/item_tree|components|at0001|openehr-ehr-admin_entry.patient_discharge.v1/element|date_of_discharge|at0002|openehr-ehr-admin_entry.patient_discharge.v1,/composition|outpatient_high_complexity_procedures|openehr-ehr-composition.outpatient_high_complexity_procedures.v1|openehr-ehr-composition.outpatient_high_complexity_procedures.v1/evaluation|problem_diagnosis|openehr-ehr-evaluation.problem_diagnosis-sus.v1|openehr-ehr-evaluation.problem_diagnosis-sus.v1/item_tree|structure|at0001|openehr-ehr-evaluation.problem_diagnosis-sus.v1/element|problem|at0002.1|openehr-ehr-evaluation.problem_diagnosis-sus.v1,cooccurrence,0.25,0.7105263157894737,0.38815789473684215,0.38815789473684215,27
/composition|outpatient_high_complexity_procedures|openehr-ehr-composition.outpatient_high_complexity_procedures.v1|openehr-ehr-composition.outpatient_high_complexity_procedures.v1/evaluation|problem_diagnosis|openehr-ehr-evaluation.problem_diagnosis-sus.v1|openehr-ehr-evaluation.problem_diagnosis-sus.v1/item_tree|structure|at0001|openehr-ehr-evaluation.problem_diagnosis-sus.v1/element|problem|at0002.1|openehr-ehr-evaluation.problem_diagnosis-sus.v1,/composition|outpatient_high_complexity_procedures|openehr-ehr-composition.outpatient_high_complexity_procedures.v1|openehr-ehr-composition.outpatient_high_complexity_procedures.v1/admin_entry|patient_discharge|openehr-ehr-admin_entry.patient_discharge.v1|openehr-ehr-admin_entry.patient_discharge.v1/item_tree|components|at0001|openehr-ehr-admin_entry.patient_discharge.v1/element|date_of_discharge|at0002|openehr-ehr-admin_entry.patient_discharge.v1,cooccurrence,0.25,0.7105263157894737,0.38815789473684215,0.38815789473684215,27
/composition|outpatient_high_complexity_procedures|openehr-ehr-composition.outpatient_high_complexity_procedures.v1|openehr-ehr-composition.outpatient_high_complexity_procedures.v1/admin_entry|patient_discharge|openehr-ehr-admin_entry.patient_discharge.v1|openehr-ehr-admin_entry.patient_discharge.v1/item_tree|components|at0001|openehr-ehr-admin_entry.patient_discharge.v1/element|date_of_discharge|at0002|openehr-ehr-admin_entry.patient_discharge.v1,/composition|outpatient_high_complexity_procedures|openehr-ehr-composition.outpatient_high_complexity_procedures.v1|openehr-ehr-composition.outpatient_high_complexity_procedures.v1/evaluation|problem_diagnosis|openehr-ehr-evaluation.problem_diagnosis-sus.v1|openehr-ehr-evaluation.problem_diagnosis-sus.v1/item_tree|structure|at0001|openehr-ehr-evaluation.problem_diagnosis-sus.v1/element|secondary_diagnosis|at0.1|openehr-ehr-evaluation.problem_diagnosis-sus.v1,cooccurrence,0.25,0.7105263157894737,0.38815789473684215,0.38815789473684215,27
/composition|outpatient_high_complexity_procedures|openehr-ehr-composition.outpatient_high_complexity_procedures.v1|openehr-ehr-composition.outpatient_high_complexity_procedures.v1/evaluation|problem_diagnosis|openehr-ehr-evaluation.problem_diagnosis-sus.v1|openehr-ehr-evaluation.problem_diagnosis-sus.v1/item_tree|structure|at0001|openehr-ehr-evaluation.problem_diagnosis-sus.v1/element|secondary_diagnosis|at0.1|openehr-ehr-evaluation.problem_diagnosis-sus.v1,/composition|outpatient_high_complexity_procedures|openehr-ehr-composition.outpatient_high_complexity_procedures.v1|openehr-ehr-composition.outpatient_high_complexity_procedures.v1/admin_entry|patient_discharge|openehr-ehr-admin_entry.patient_discharge.v1|openehr-ehr-admin_entry.patient_discharge.v1/item_tree|components|at0001|openehr-ehr-admin_entry.patient_discharge.v1/element|date_of_discharge|at0002|openehr-ehr-admin_entry.patient_discharge.v1,cooccurrence,0.25,0.7105263157894737,0.38815789473684215,0.38815789473684215,27
/composition|outpatient_high_complexity_procedures|openehr-ehr-composition.outpatient_high_complexity_procedures.v1|openehr-ehr-composition.outpatient_high_complexity_procedures.v1/admin_entry|patient_discharge|openehr-ehr-admin_entry.patient_discharge.v1|openehr-ehr-admin_entry.patient_discharge.v1/item_tree|components|at0001|openehr-ehr-admin_entry.patient_discharge.v1/element|reason_for_discharge|at0003|openehr-ehr-admin_entry.patient_discharge.v1,/composition|outpatient_high_complexity_procedures|openehr-ehr-composition.outpatient_high_complexity_procedures.v1|openehr-ehr-composition.outpatient_high_complexity_procedures.v1/evaluation|problem_diagnosis|openehr-ehr-evaluation.problem_diagnosis-sus.v1|openehr-ehr-evaluation.problem_diagnosis-sus.v1/item_tree|structure|at0001|openehr-ehr-evaluation.problem_diagnosis-sus.v1/cluster|tumour_-_tnm_cancer_staging|openehr-ehr-cluster.tnm_staging-sus.v1|openehr-ehr-evaluation.problem_diagnosis-sus.v1/element|topography|at0.43|openehr-ehr-evaluation.problem_diagnosis-sus.v1,cooccurrence,0.2,0.21052631578947367,0.2031578947368421,0.2031578947368421,8
/composition|outpatient_high_complexity_procedures|openehr-ehr-composition.outpatient_high_complexity_procedures.v1|openehr-ehr-composition.outpatient_high_complexity_procedures.v1/evaluation|problem_diagnosis|openehr-ehr-evaluation.problem_diagnosis-sus.v1|openehr-ehr-evaluation.problem_diagnosis-sus.v1/item_tree|structure|at0001|openehr-ehr-evaluation.problem_diagnosis-sus.v1/cluster|tumour_-_tnm_cancer_staging|openehr-ehr-cluster.tnm_staging-sus.v1|openehr-ehr-evaluation.problem_diagnosis-sus.v1/element|topography|at0.43|openehr-ehr-evaluation.problem_diagnosis-sus.v1,/composition|outpatient_high_complexity_procedures|openehr-ehr-composition.outpatient_high_complexity_procedures.v1|openehr-ehr-composition.outpatient_high_complexity_procedures.v1/admin_entry|patient_discharge|openehr-ehr-admin_entry.patient_discharge.v1|openehr-ehr-admin_entry.patient_discharge.v1/item_tree|components|at0001|openehr-ehr-admin_entry.patient_discharge.v1/element|reason_for_discharge|at0003|openehr-ehr-admin_entry.patient_discharge.v1,cooccurrence,0.2,0.21052631578947367,0.2031578947368421,0.2031578947368421,8
/composition|outpatient_high_complexity_procedures|openehr-ehr-composition.outpatient_high_complexity_procedures.v1|openehr-ehr-composition.outpatient_high_complexity_procedures.v1/admin_entry|patient_discharge|openehr-ehr-admin_entry.patient_discharge.v1|openehr-ehr-admin_entry.patient_discharge.v1/item_tree|components|at0001|openehr-ehr-admin_entry.patient_discharge.v1/element|reason_for_discharge|at0003|openehr-ehr-admin_entry.patient_discharge.v1,/composition|outpatient_high_complexity_procedures|openehr-ehr-composition.outpatient_high_complexity_procedures.v1|openehr-ehr-composition.outpatient_high_complexity_procedures.v1/evaluation|problem_diagnosis|openehr-ehr-evaluation.problem_diagnosis-sus.v1|openehr-ehr-evaluation.problem_diagnosis-sus.v1/item_tree|structure|at0001|openehr-ehr-evaluation.problem_diagnosis-sus.v1/element|associated_causes|at0.2|openehr-ehr-evaluation.problem_diagnosis-sus.v1,cooccurrence,0.25,0.7105263157894737,0.38815789473684215,0.38815789473684215,27
/composition|outpatient_high_complexity_procedures|openehr-ehr-composition.outpatient_high_complexity_procedures.v1|openehr-ehr-composition.outpatient_high_complexity_procedures.v1/evaluation|problem_diagnosis|openehr-ehr-evaluation.problem_diagnosis-sus.v1|openehr-ehr-evaluation.problem_diagnosis-sus.v1/item_tree|structure|at0001|openehr-ehr-evaluation.problem_diagnosis-sus.v1/element|associated_causes|at0.2|openehr-ehr-evaluation.problem_diagnosis-sus.v1,/composition|outpatient_high_complexity_procedures|openehr-ehr-composition.outpatient_high_complexity_procedures.v1|openehr-ehr-composition.outpatient_high_complexity_procedures.v1/admin_entry|patient_discharge|openehr-ehr-admin_entry.patient_discharge.v1|openehr-ehr-admin_entry.patient_discharge.v1/item_tree|components|at0001|openehr-ehr-admin_entry.patient_discharge.v1/element|reason_for_discharge|at0003|openehr-ehr-admin_entry.patient_discharge.v1,cooccurrence,0.25,0.7105263157894737,0.38815789473684215,0.38815789473684215,27
/composition|outpatient_high_complexity_procedures|openehr-ehr-composition.outpatient_high_complexity_procedures.v1|openehr-ehr-composition.outpatient_high_complexity_procedures.v1/admin_entry|patient_discharge|openehr-ehr-admin_entry.patient_discharge.v1|openehr-ehr-admin_entry.patient_discharge.v1/item_tree|components|at0001|openehr-ehr-admin_entry.patient_discharge.v1/element|reason_for_discharge|at0003|openehr-ehr-admin_entry.patient_discharge.v1,/composition|outpatient_high_complexity_procedures|openehr-ehr-composition.outpatient_high_complexity_procedures.v1|openehr-ehr-composition.outpatient_high_complexity_procedures.v1/evaluation|problem_diagnosis|openehr-ehr-evaluation.problem_diagnosis-sus.v1|openehr-ehr-evaluation.problem_diagnosis-sus.v1/item_tree|structure|at0001|openehr-ehr-evaluation.problem_diagnosis-sus.v1/element|invaded_regional_linphonodes|at0.4|openehr-ehr-evaluation.problem_diagnosis-sus.v1,cooccurrence,0.25,0.21052631578947367,0.2381578947368421,0.2381578947368421,8
/composition|outpatient_high_complexity_procedures|openehr-ehr-composition.outpatient_high_complexity_procedures.v1|openehr-ehr-composition.outpatient_high_complexity_procedures.v1/evaluation|problem_diagnosis|openehr-ehr-evaluation.problem_diagnosis-sus.v1|openehr-ehr-evaluation.problem_diagnosis-sus.v1/item_tree|structure|at0001|openehr-ehr-evaluation.problem_diagnosis-sus.v1/element|invaded_regional_linphonodes|at0.4|openehr-ehr-evaluation.problem_diagnosis-sus.v1,/composition|outpatient_high_complexity_procedures|openehr-ehr-composition.outpatient_high_complexity_procedures.v1|openehr-ehr-composition.outpatient_high_complexity_procedures.v1/admin_entry|patient_discharge|openehr-ehr-admin_entry.patient_discharge.v1|openehr-ehr-admin_entry.patient_discharge.v1/item_tree|components|at0001|openehr-ehr-admin_entry.patient_discharge.v1/element|reason_for_discharge|at0003|openehr-ehr-admin_entry.patient_discharge.v1,cooccurrence,0.25,0.21052631578947367,0.2381578947368421,0.2381578947368421,8
/composition|outpatient_high_complexity_procedures|openehr-ehr-composition.outpatient_high_complexity_procedures.v1|openehr-ehr-composition.outpatient_high_complexity_procedures.v1/admin_entry|patient_discharge|openehr-ehr-admin_entry.patient_discharge.v1|openehr-ehr-admin_entry.patient_discharge.v1/item_tree|components|at0001|openehr-ehr-admin_entry.patient_discharge.v1/element|reason_for_discharge|at0003|openehr-ehr-admin_entry.patient_discharge.v1,/composition|outpatient_high_complexity_procedures|openehr-ehr-composition.outpatient_high_complexity_procedures.v1|openehr-ehr-composition.outpatient_high_complexity_procedures.v1/evaluation|problem_diagnosis|openehr-ehr-evaluation.problem_diagnosis-sus.v1|openehr-ehr-evaluation.problem_diagnosis-sus.v1/item_tree|structure|at0001|openehr-ehr-evaluation.problem_diagnosis-sus.v1/element|problem|at0002.1|openehr-ehr-evaluation.problem_diagnosis-sus.v1,cooccurrence,0.25,0.7105263157894737,0.38815789473684215,0.38815789473684215,27
/composition|outpatient_high_complexity_procedures|openehr-ehr-composition.outpatient_high_complexity_procedures.v1|openehr-ehr-composition.outpatient_high_complexity_procedures.v1/evaluation|problem_diagnosis|openehr-ehr-evaluation.problem_diagnosis-sus.v1|openehr-ehr-evaluation.problem_diagnosis-sus.v1/item_tree|structure|at0001|openehr-ehr-evaluation.problem_diagnosis-sus.v1/element|problem|at0002.1|openehr-ehr-evaluation.problem_diagnosis-sus.v1,/composition|outpatient_high_complexity_procedures|openehr-ehr-composition.outpatient_high_complexity_procedures.v1|openehr-ehr-composition.outpatient_high_complexity_procedures.v1/admin_entry|patient_discharge|openehr-ehr-admin_entry.patient_discharge.v1|openehr-ehr-admin_entry.patient_discharge.v1/item_tree|components|at0001|openehr-ehr-admin_entry.patient_discharge.v1/element|reason_for_discharge|at0003|openehr-ehr-admin_entry.patient_discharge.v1,cooccurrence,0.25,0.7105263157894737,0.38815789473684215,0.38815789473684215,27
/composition|outpatient_high_complexity_procedures|openehr-ehr-composition.outpatient_high_complexity_procedures.v1|openehr-ehr-composition.outpatient_high_complexity_procedures.v1/admin_entry|patient_discharge|openehr-ehr-admin_entry.patient_discharge.v1|openehr-ehr-admin_entry.patient_discharge.v1/item_tree|components|at0001|openehr-ehr-admin_entry.patient_discharge.v1/element|reason_for_discharge|at0003|openehr-ehr-admin_entry.patient_discharge.v1,/composition|outpatient_high_complexity_procedures|openehr-ehr-composition.outpatient_high_complexity_procedures.v1|openehr-ehr-composition.outpatient_high_complexity_procedures.v1/evaluation|problem_diagnosis|openehr-ehr-evaluation.problem_diagnosis-sus.v1|openehr-ehr-evaluation.problem_diagnosis-sus.v1/item_tree|structure|at0001|openehr-ehr-evaluation.problem_diagnosis-sus.v1/element|secondary_diagnosis|at0.1|openehr-ehr-evaluation.problem_diagnosis-sus.v1,cooccurrence,0.25,0.7105263157894737,0.38815789473684215,0.38815789473684215,27
/composition|outpatient_high_complexity_procedures|openehr-ehr-composition.outpatient_high_complexity_procedures.v1|openehr-ehr-composition.outpatient_high_complexity_procedures.v1/evaluation|problem_diagnosis|openehr-ehr-evaluation.problem_diagnosis-sus.v1|openehr-ehr-evaluation.problem_diagnosis-sus.v1/item_tree|structure|at0001|openehr-ehr-evaluation.problem_diagnosis-sus.v1/element|secondary_diagnosis|at0.1|openehr-ehr-evaluation.problem_diagnosis-sus.v1,/composition|outpatient_high_complexity_procedures|openehr-ehr-composition.outpatient_high_complexity_procedures.v1|openehr-ehr-composition.outpatient_high_complexity_procedures.v1/admin_entry|patient_discharge|openehr-ehr-admin_entry.patient_discharge.v1|openehr-ehr-admin_entry.patient_discharge.v1/item_tree|components|at0001|openehr-ehr-admin_entry.patient_discharge.v1/element|reason_for_discharge|at0003|openehr-ehr-admin_entry.patient_discharge.v1,cooccurrence,0.25,0.7105263157894737,0.38815789473684215,0.38815789473684215,27
/composition|outpatient_high_complexity_procedures|openehr-ehr-composition.outpatient_high_complexity_procedures.v1|openehr-ehr-composition.outpatient_high_complexity_procedures.v1/evaluation|problem_diagnosis|openehr-ehr-evaluation.problem_diagnosis-sus.v1|openehr-ehr-evaluation.problem_diagnosis-sus.v1/item_tree|structure|at0001|openehr-ehr-evaluation.problem_diagnosis-sus.v1/cluster|tumour_-_tnm_cancer_staging|openehr-ehr-cluster.tnm_staging-sus.v1|openehr-ehr-evaluation.problem_diagnosis-sus.v1/cluster|clinical_(ctnm)|at0002|openehr-ehr-evaluation.problem_diagnosis-sus.v1/element|clinical_staging|at0010|openehr-ehr-evaluation.problem_diagnosis-sus.v1,/composition|outpatient_high_complexity_procedures|openehr-ehr-composition.outpatient_high_complexity_procedures.v1|openehr-ehr-composition.outpatient_high_complexity_procedures.v1/evaluation|problem_diagnosis|openehr-ehr-evaluation.problem_diagnosis-sus.v1|openehr-ehr-evaluation.problem_diagnosis-sus.v1/item_tree|structure|at0001|openehr-ehr-evaluation.problem_diagnosis-sus.v1/cluster|tumour_-_tnm_cancer_staging|openehr-ehr-cluster.tnm_staging-sus.v1|openehr-ehr-evaluation.problem_diagnosis-sus.v1/cluster|pathological_(ptnm)|at0006|openehr-ehr-evaluation.problem_diagnosis-sus.v1/element|date_of_pathological_identification|at0.44|openehr-ehr-evaluation.problem_diagnosis-sus.v1,cooccurrence,0.6666666666666666,0.21052631578947367,0.5298245614035088,0.5298245614035088,8
/composition|outpatient_high_complexity_procedures|openehr-ehr-composition.outpatient_high_complexity_procedures.v1|openehr-ehr-composition.outpatient_high_complexity_procedures.v1/evaluation|problem_diagnosis|openehr-ehr-evaluation.problem_diagnosis-sus.v1|openehr-ehr-evaluation.problem_diagnosis-sus.v1/item_tree|structure|at0001|openehr-ehr-evaluation.problem_diagnosis-sus.v1/cluster|tumour_-_tnm_cancer_staging|openehr-ehr-cluster.tnm_staging-sus.v1|openehr-ehr-evaluation.problem_diagnosis-sus.v1/cluster|pathological_(ptnm)|at0006|openehr-ehr-evaluation.problem_diagnosis-sus.v1/element|date_of_pathological_identification|at0.44|openehr-ehr-evaluation.problem_diagnosis-sus.v1,/composition|outpatient_high_complexity_procedures|openehr-ehr-composition.outpatient_high_complexity_procedures.v1|openehr-ehr-composition.outpatient_high_complexity_procedures.v1/evaluation|problem_diagnosis|openehr-ehr-evaluation.problem_diagnosis-sus.v1|openehr-ehr-evaluation.problem_diagnosis-sus.v1/item_tree|structure|at0001|openehr-ehr-evaluation.problem_diagnosis-sus.v1/cluster|tumour_-_tnm_cancer_staging|openehr-ehr-cluster.tnm_staging-sus.v1|openehr-ehr-evaluation.problem_diagnosis-sus.v1/cluster|clinical_(ctnm)|at0002|openehr-ehr-evaluation.problem_diagnosis-sus.v1/element|clinical_staging|at0010|openehr-ehr-evaluation.problem_diagnosis-sus.v1,cooccurrence,0.6666666666666666,0.21052631578947367,0.5298245614035088,0.5298245614035088,8
/composition|outpatient_high_complexity_procedures|openehr-ehr-composition.outpatient_high_complexity_procedures.v1|openehr-ehr-composition.outpatient_high_complexity_procedures.v1/evaluation|problem_diagnosis|openehr-ehr-evaluation.problem_diagnosis-sus.v1|openehr-ehr-evaluation.problem_diagnosis-sus.v1/item_tree|structure|at0001|openehr-ehr-evaluation.problem_diagnosis-sus.v1/cluster|tumour_-_tnm_cancer_staging|openehr-ehr-cluster.tnm_staging-sus.v1|openehr-ehr-evaluation.problem_diagnosis-sus.v1/cluster|clinical_(ctnm)|at0002|openehr-ehr-evaluation.problem_diagnosis-sus.v1/element|clinical_staging|at0010|openehr-ehr-evaluation.problem_diagnosis-sus.v1,/composition|outpatient_high_complexity_procedures|openehr-ehr-composition.outpatient_high_complexity_procedures.v1|openehr-ehr-composition.outpatient_high_complexity_procedures.v1/evaluation|problem_diagnosis|openehr-ehr-evaluation.problem_diagnosis-sus.v1|openehr-ehr-evaluation.problem_diagnosis-sus.v1/item_tree|structure|at0001|openehr-ehr-evaluation.problem_diagnosis-sus.v1/cluster|tumour_-_tnm_cancer_staging|openehr-ehr-cluster.tnm_staging-sus.v1|openehr-ehr-evaluation.problem_diagnosis-sus.v1/cluster|pathological_(ptnm)|at0006|openehr-ehr-evaluation.problem_diagnosis-sus.v1/element|histopathological_grading_(g)|at0035|openehr-ehr-evaluation.problem_diagnosis-sus.v1,cooccurrence,0.6666666666666666,0.21052631578947367,0.5298245614035088,0.5298245614035088,8
/composition|outpatient_high_complexity_procedures|openehr-ehr-composition.outpatient_high_complexity_procedures.v1|openehr-ehr-composition.outpatient_high_complexity_procedures.v1/evaluation|problem_diagnosis|openehr-ehr-evaluation.problem_diagnosis-sus.v1|openehr-ehr-evaluation.problem_diagnosis-sus.v1/item_tree|structure|at0001|openehr-ehr-evaluation.problem_diagnosis-sus.v1/cluster|tumour_-_tnm_cancer_staging|openehr-ehr-cluster.tnm_staging-sus.v1|openehr-ehr-evaluation.problem_diagnosis-sus.v1/cluster|pathological_(ptnm)|at0006|openehr-ehr-evaluation.problem_diagnosis-sus.v1/element|histopathological_grading_(g)|at0035|openehr-ehr-evaluation.problem_diagnosis-sus.v1,/composition|outpatient_high_complexity_procedures|openehr-ehr-composition.outpatient_high_complexity_procedures.v1|openehr-ehr-composition.outpatient_high_complexity_procedures.v1/evaluation|problem_diagnosis|openehr-ehr-evaluation.problem_diagnosis-sus.v1|openehr-ehr-evaluation.problem_diagnosis-sus.v1/item_tree|structure|at0001|openehr-ehr-evaluation.problem_diagnosis-sus.v1/cluster|tumour_-_tnm_cancer_staging|openehr-ehr-cluster.tnm_staging-sus.v1|openehr-ehr-evaluation.problem_diagnosis-sus.v1/cluster|clinical_(ctnm)|at0002|openehr-ehr-evaluation.problem_diagnosis-sus.v1/element|clinical_staging|at0010|openehr-ehr-evaluation.problem_diagnosis-sus.v1,cooccurrence,0.6666666666666666,0.21052631578947367,0.5298245614035088,0.5298245614035088,8
/composition|outpatient_high_complexity_procedures|openehr-ehr-composition.outpatient_high_complexity_procedures.v1|openehr-ehr-composition.outpatient_high_complexity_procedures.v1/evaluation|problem_diagnosis|openehr-ehr-evaluation.problem_diagnosis-sus.v1|openehr-ehr-evaluation.problem_diagnosis-sus.v1/item_tree|structure|at0001|openehr-ehr-evaluation.problem_diagnosis-sus.v1/cluster|tumour_-_tnm_cancer_staging|openehr-ehr-cluster.tnm_staging-sus.v1|openehr-ehr-evaluation.problem_diagnosis-sus.v1/cluster|clinical_(ctnm)|at0002|openehr-ehr-evaluation.problem_diagnosis-sus.v1/element|clinical_staging|at0010|openehr-ehr-evaluation.problem_diagnosis-sus.v1,/composition|outpatient_high_complexity_procedures|openehr-ehr-composition.outpatient_high_complexity_procedures.v1|openehr-ehr-composition.outpatient_high_complexity_procedures.v1/evaluation|problem_diagnosis|openehr-ehr-evaluation.problem_diagnosis-sus.v1|openehr-ehr-evaluation.problem_diagnosis-sus.v1/item_tree|structure|at0001|openehr-ehr-evaluation.problem_diagnosis-sus.v1/cluster|tumour_-_tnm_cancer_staging|openehr-ehr-cluster.tnm_staging-sus.v1|openehr-ehr-evaluation.problem_diagnosis-sus.v1/element|topography|at0.43|openehr-ehr-evaluation.problem_diagnosis-sus.v1,cooccurrence,0.6666666666666666,0.21052631578947367,0.5298245614035088,0.5298245614035088,8
/composition|outpatient_high_complexity_procedures|openehr-ehr-composition.outpatient_high_complexity_procedures.v1|openehr-ehr-composition.outpatient_high_complexity_procedures.v1/evaluation|problem_diagnosis|openehr-ehr-evaluation.problem_diagnosis-sus.v1|openehr-ehr-evaluation.problem_diagnosis-sus.v1/item_tree|structure|at0001|openehr-ehr-evaluation.problem_diagnosis-sus.v1/cluster|tumour_-_tnm_cancer_staging|openehr-ehr-cluster.tnm_staging-sus.v1|openehr-ehr-evaluation.problem_diagnosis-sus.v1/element|topography|at0.43|openehr-ehr-evaluation.problem_diagnosis-sus.v1,/composition|outpatient_high_complexity_procedures|openehr-ehr-composition.outpatient_high_complexity_procedures.v1|openehr-ehr-composition.outpatient_high_complexity_procedures.v1/evaluation|problem_diagnosis|openehr-ehr-evaluation.problem_diagnosis-sus.v1|openehr-ehr-evaluation.problem_diagnosis-sus.v1/item_tree|structure|at0001|openehr-ehr-evaluation.problem_diagnosis-sus.v1/cluster|tumour_-_tnm_cancer_staging|openehr-ehr-cluster.tnm_staging-sus.v1|openehr-ehr-evaluation.problem_diagnosis-sus.v1/cluster|clinical_(ctnm)|at0002|openehr-ehr-evaluation.problem_diagnosis-sus.v1/element|clinical_staging|at0010|openehr-ehr-evaluation.problem_diagnosis-sus.v1,cooccurrence,0.6666666666666666,0.21052631578947367,0.5298245614035088,0.5298245614035088,8
/composition|outpatient_high_complexity_procedures|openehr-ehr-composition.outpatient_high_complexity_procedures.v1|openehr-ehr-composition.outpatient_high_complexity_procedures.v1/evaluation|problem_diagnosis|openehr-ehr-evaluation.problem_diagnosis-sus.v1|openehr-ehr-evaluation.problem_diagnosis-sus.v1/item_tree|structure|at0001|openehr-ehr-evaluation.problem_diagnosis-sus.v1/cluster|tumour_-_tnm_cancer_staging|openehr-ehr-cluster.tnm_staging-sus.v1|openehr-ehr-evaluation.problem_diagnosis-sus.v1/cluster|clinical_(ctnm)|at0002|openehr-ehr-evaluation.problem_diagnosis-sus.v1/element|clinical_staging|at0010|openehr-ehr-evaluation.problem_diagnosis-sus.v1,/composition|outpatient_high_complexity_procedures|openehr-ehr-composition.outpatient_high_complexity_procedures.v1|openehr-ehr-composition.outpatient_high_complexity_procedures.v1/evaluation|problem_diagnosis|openehr-ehr-evaluation.problem_diagnosis-sus.v1|openehr-ehr-evaluation.problem_diagnosis-sus.v1/item_tree|structure|at0001|openehr-ehr-evaluation.problem_diagnosis-sus.v1/element|associated_causes|at0.2|openehr-ehr-evaluation.problem_diagnosis-sus.v1,cooccurrence,0.5,0.21052631578947367,0.41315789473684206,0.41315789473684206,8
/composition|outpatient_high_complexity_procedures|openehr-ehr-composition.outpatient_high_complexity_procedures.v1|openehr-ehr-composition.outpatient_high_complexity_procedures.v1/evaluation|problem_diagnosis|openehr-ehr-evaluation.problem_diagnosis-sus.v1|openehr-ehr-evaluation.problem_diagnosis-sus.v1/item_tree|structure|at0001|openehr-ehr-evaluation.problem_diagnosis-sus.v1/element|associated_causes|at0.2|openehr-ehr-evaluation.problem_diagnosis-sus.v1,/composition|outpatient_high_complexity_procedures|openehr-ehr-composition.outpatient_high_complexity_procedures.v1|openehr-ehr-composition.outpatient_high_complexity_procedures.v1/evaluation|problem_diagnosis|openehr-ehr-evaluation.problem_diagnosis-sus.v1|openehr-ehr-evaluation.problem_diagnosis-sus.v1/item_tree|structure|at0001|openehr-ehr-evaluation.problem_diagnosis-sus.v1/cluster|tumour_-_tnm_cancer_staging|openehr-ehr-cluster.tnm_staging-sus.v1|openehr-ehr-evaluation.problem_diagnosis-sus.v1/cluster|clinical_(ctnm)|at0002|openehr-ehr-evaluation.problem_diagnosis-sus.v1/element|clinical_staging|at0010|openehr-ehr-evaluation.problem_diagnosis-sus.v1,cooccurrence,0.5,0.21052631578947367,0.41315789473684206,0.41315789473684206,8
/composition|outpatient_high_complexity_procedures|openehr-ehr-composition.outpatient_high_complexity_procedures.v1|openehr-ehr-composition.outpatient_high_complexity_procedures.v1/evaluation|problem_diagnosis|openehr-ehr-evaluation.problem_diagnosis-sus.v1|openehr-ehr-evaluation.problem_diagnosis-sus.v1/item_tree|structure|at0001|openehr-ehr-evaluation.problem_diagnosis-sus.v1/cluster|tumour_-_tnm_cancer_staging|openehr-ehr-cluster.tnm_staging-sus.v1|openehr-ehr-evaluation.problem_diagnosis-sus.v1/cluster|clinical_(ctnm)|at0002|openehr-ehr-evaluation.problem_diagnosis-sus.v1/element|clinical_staging|at0010|openehr-ehr-evaluation.problem_diagnosis-sus.v1,/composition|outpatient_high_complexity_procedures|openehr-ehr-composition.outpatient_high_complexity_procedures.v1|openehr-ehr-composition.outpatient_high_complexity_procedures.v1/evaluation|problem_diagnosis|openehr-ehr-evaluation.problem_diagnosis-sus.v1|openehr-ehr-evaluation.problem_diagnosis-sus.v1/item_tree|structure|at0001|openehr-ehr-evaluation.problem_diagnosis-sus.v1/element|invaded_regional_linphonodes|at0.4|openehr-ehr-evaluation.problem_diagnosis-sus.v1,cooccurrence,0.5,0.21052631578947367,0.41315789473684206,0.41315789473684206,8
/composition|outpatient_high_complexity_procedures|openehr-ehr-composition.outpatient_high_complexity_procedures.v1|openehr-ehr-composition.outpatient_high_complexity_procedures.v1/evaluation|problem_diagnosis|openehr-ehr-evaluation.problem_diagnosis-sus.v1|openehr-ehr-evaluation.problem_diagnosis-sus.v1/item_tree|structure|at0001|openehr-ehr-evaluation.problem_diagnosis-sus.v1/element|invaded_regional_linphonodes|at0.4|openehr-ehr-evaluation.problem_diagnosis-sus.v1,/composition|outpatient_high_complexity_procedures|openehr-ehr-composition.outpatient_high_complexity_procedures.v1|openehr-ehr-composition.outpatient_high_complexity_procedures.v1/evaluation|problem_diagnosis|openehr-ehr-evaluation.problem_diagnosis-sus.v1|openehr-ehr-evaluation.problem_diagnosis-sus.v1/item_tree|structure|at0001|openehr-ehr-evaluation.problem_diagnosis-sus.v1/cluster|tumour_-_tnm_cancer_staging|openehr-ehr-cluster.tnm_staging-sus.v1|openehr-ehr-evaluation.problem_diagnosis-sus.v1/cluster|clinical_(ctnm)|at0002|openehr-ehr-evaluation.problem_diagnosis-sus.v1/element|clinical_staging|at0010|openehr-ehr-evaluation.problem_diagnosis-sus.v1,cooccurrence,0.5,0.21052631578947367,0.41315789473684206,0.41315789473684206,8
/composition|outpatient_high_complexity_procedures|openehr-ehr-composition.outpatient_high_complexity_procedures.v1|openehr-ehr-composition.outpatient_high_complexity_procedures.v1/evaluation|problem_diagnosis|openehr-ehr-evaluation.problem_diagnosis-sus.v1|openehr-ehr-evaluation.problem_diagnosis-sus.v1/item_tree|structure|at0001|openehr-ehr-evaluation.problem_diagnosis-sus.v1/cluster|tumour_-_tnm_cancer_staging|openehr-ehr-cluster.tnm_staging-sus.v1|openehr-ehr-evaluation.problem_diagnosis-sus.v1/cluster|clinical_(ctnm)|at0002|openehr-ehr-evaluation.problem_diagnosis-sus.v1/element|clinical_staging|at0010|openehr-ehr-evaluation.problem_diagnosis-sus.v1,/composition|outpatient_high_complexity_procedures|openehr-ehr-composition.outpatient_high_complexity_procedures.v1|openehr-ehr-composition.outpatient_high_complexity_procedures.v1/evaluation|problem_diagnosis|openehr-ehr-evaluation.problem_diagnosis-sus.v1|openehr-ehr-evaluation.problem_diagnosis-sus.v1/item_tree|structure|at0001|openehr-ehr-evaluation.problem_diagnosis-sus.v1/element|problem|at0002.1|openehr-ehr-evaluation.problem_diagnosis-sus.v1,cooccurrence,0.5,0.21052631578947367,0.41315789473684206,0.41315789473684206,8
/composition|outpatient_high_complexity_procedures|openehr-ehr-composition.outpatient_high_complexity_procedures.v1|openehr-ehr-composition.outpatient_high_complexity_procedures.v1/evaluation|problem_diagnosis|openehr-ehr-evaluation.problem_diagnosis-sus.v1|openehr-ehr-evaluation.problem_diagnosis-sus.v1/item_tree|structure|at0001|openehr-ehr-evaluation.problem_diagnosis-sus.v1/element|problem|at0002.1|openehr-ehr-evaluation.problem_diagnosis-sus.v1,/composition|outpatient_high_complexity_procedures|openehr-ehr-composition.outpatient_high_complexity_procedures.v1|openehr-ehr-composition.outpatient_high_complexity_procedures.v1/evaluation|problem_diagnosis|openehr-ehr-evaluation.problem_diagnosis-sus.v1|openehr-ehr-evaluation.problem_diagnosis-sus.v1/item_tree|structure|at0001|openehr-ehr-evaluation.problem_diagnosis-sus.v1/cluster|tumour_-_tnm_cancer_staging|openehr-ehr-cluster.tnm_staging-sus.v1|openehr-ehr-evaluation.problem_diagnosis-sus.v1/cluster|clinical_(ctnm)|at0002|openehr-ehr-evaluation.problem_diagnosis-sus.v1/element|clinical_staging|at0010|openehr-ehr-evaluation.problem_diagnosis-sus.v1,cooccurrence,0.5,0.21052631578947367,0.41315789473684206,0.41315789473684206,8
/composition|outpatient_high_complexity_procedures|openehr-ehr-composition.outpatient_high_complexity_procedures.v1|openehr-ehr-composition.outpatient_high_complexity_procedures.v1/evaluation|problem_diagnosis|openehr-ehr-evaluation.problem_diagnosis-sus.v1|openehr-ehr-evaluation.problem_diagnosis-sus.v1/item_tree|structure|at0001|openehr-ehr-evaluation.problem_diagnosis-sus.v1/cluster|tumour_-_tnm_cancer_staging|openehr-ehr-cluster.tnm_staging-sus.v1|openehr-ehr-evaluation.problem_diagnosis-sus.v1/cluster|clinical_(ctnm)|at0002|openehr-ehr-evaluation.problem_diagnosis-sus.v1/element|clinical_staging|at0010|openehr-ehr-evaluation.problem_diagnosis-sus.v1,/composition|outpatient_high_complexity_procedures|openehr-ehr-composition.outpatient_high_complexity_procedures.v1|openehr-ehr-composition.outpatient_high_complexity_procedures.v1/evaluation|problem_diagnosis|openehr-ehr-evaluation.problem_diagnosis-sus.v1|openehr-ehr-evaluation.problem_diagnosis-sus.v1/item_tree|structure|at0001|openehr-ehr-evaluation.problem_diagnosis-sus.v1/element|secondary_diagnosis|at0.1|openehr-ehr-evaluation.problem_diagnosis-sus.v1,cooccurrence,0.5,0.21052631578947367,0.41315789473684206,0.41315789473684206,8
/composition|outpatient_high_complexity_procedures|openehr-ehr-composition.outpatient_high_complexity_procedures.v1|openehr-ehr-composition.outpatient_high_complexity_procedures.v1/evaluation|problem_diagnosis|openehr-ehr-evaluation.problem_diagnosis-sus.v1|openehr-ehr-evaluation.problem_diagnosis-sus.v1/item_tree|structure|at0001|openehr-ehr-evaluation.problem_diagnosis-sus.v1/element|secondary_diagnosis|at0.1|openehr-ehr-evaluation.problem_diagnosis-sus.v1,/composition|outpatient_high_complexity_procedures|openehr-ehr-composition.outpatient_high_complexity_procedures.v1|openehr-ehr-composition.outpatient_high_complexity_procedures.v1/evaluation|problem_diagnosis|openehr-ehr-evaluation.problem_diagnosis-sus.v1|openehr-ehr-evaluation.problem_diagnosis-sus.v1/item_tree|structure|at0001|openehr-ehr-evaluation.problem_diagnosis-sus.v1/cluster|tumour_-_tnm_cancer_staging|openehr-ehr-cluster.tnm_staging-sus.v1|openehr-ehr-evaluation.problem_diagnosis-sus.v1/cluster|clinical_(ctnm)|at0002|openehr-ehr-evaluation.problem_diagnosis-sus.v1/element|clinical_staging|at0010|openehr-ehr-evaluation.problem_diagnosis-sus.v1,cooccurrence,0.5,0.21052631578947367,0.41315789473684206,0.41315789473684206,8
/composition|outpatient_high_complexity_procedures|openehr-ehr-composition.outpatient_high_complexity_procedures.v1|openehr-ehr-composition.outpatient_high_complexity_procedures.v1/evaluation|problem_diagnosis|openehr-ehr-evaluation.problem_diagnosis-sus.v1|openehr-ehr-evaluation.problem_diagnosis-sus.v1/item_tree|structure|at0001|openehr-ehr-evaluation.problem_diagnosis-sus.v1/cluster|tumour_-_tnm_cancer_staging|openehr-ehr-cluster.tnm_staging-sus.v1|openehr-ehr-evaluation.problem_diagnosis-sus.v1/cluster|pathological_(ptnm)|at0006|openehr-ehr-evaluation.problem_diagnosis-sus.v1/element|date_of_pathological_identification|at0.44|openehr-ehr-evaluation.problem_diagnosis-sus.v1,/composition|outpatient_high_complexity_procedures|openehr-ehr-composition.outpatient_high_complexity_procedures.v1|openehr-ehr-composition.outpatient_high_complexity_procedures.v1/evaluation|problem_diagnosis|openehr-ehr-evaluation.problem_diagnosis-sus.v1|openehr-ehr-evaluation.problem_diagnosis-sus.v1/item_tree|structure|at0001|openehr-ehr-evaluation.problem_diagnosis-sus.v1/cluster|tumour_-_tnm_cancer_staging|openehr-ehr-cluster.tnm_staging-sus.v1|openehr-ehr-evaluation.problem_diagnosis-sus.v1/cluster|pathological_(ptnm)|at0006|openehr-ehr-evaluation.problem_diagnosis-sus.v1/element|histopathological_grading_(g)|at0035|openehr-ehr-evaluation.problem_diagnosis-sus.v1,cooccurrence,0.8333333333333334,0.21052631578947367,0.6464912280701754,0.6464912280701754,8
/composition|outpatient_high_complexity_procedures|openehr-ehr-composition.outpatient_high_complexity_procedures.v1|openehr-ehr-composition.outpatient_high_complexity_procedures.v1/evaluation|problem_diagnosis|openehr-ehr-evaluation.problem_diagnosis-sus.v1|openehr-ehr-evaluation.problem_diagnosis-sus.v1/item_tree|structure|at0001|openehr-ehr-evaluation.problem_diagnosis-sus.v1/cluster|tumour_-_tnm_cancer_staging|openehr-ehr-cluster.tnm_staging-sus.v1|openehr-ehr-evaluation.problem_diagnosis-sus.v1/cluster|pathological_(ptnm)|at0006|openehr-ehr-evaluation.problem_diagnosis-sus.v1/element|histopathological_grading_(g)|at0035|openehr-ehr-evaluation.problem_diagnosis-sus.v1,/composition|outpatient_high_complexity_procedures|openehr-ehr-composition.outpatient_high_complexity_procedures.v1|openehr-ehr-composition.outpatient_high_complexity_procedures.v1/evaluation|problem_diagnosis|openehr-ehr-evaluation.problem_diagnosis-sus.v1|openehr-ehr-evaluation.problem_diagnosis-sus.v1/item_tree|structure|at0001|openehr-ehr-evaluation.problem_diagnosis-sus.v1/cluster|tumour_-_tnm_cancer_staging|openehr-ehr-cluster.tnm_staging-sus.v1|openehr-ehr-evaluation.problem_diagnosis-sus.v1/cluster|pathological_(ptnm)|at0006|openehr-ehr-evaluation.problem_diagnosis-sus.v1/element|date_of_pathological_identification|at0.44|openehr-ehr-evaluation.problem_diagnosis-sus.v1,cooccurrence,0.8333333333333334,0.21052631578947367,0.6464912280701754,0.6464912280701754,8
/composition|outpatient_high_complexity_procedures|openehr-ehr-composition.outpatient_high_complexity_procedures.v1|openehr-ehr-composition.outpatient_high_complexity_procedures.v1/evaluation|problem_diagnosis|openehr-ehr-evaluation.problem_diagnosis-sus.v1|openehr-ehr-evaluation.problem_diagnosis-sus.v1/item_tree|structure|at0001|openehr-ehr-evaluation.problem_diagnosis-sus.v1/cluster|tumour_-_tnm_cancer_staging|openehr-ehr-cluster.tnm_staging-sus.v1|openehr-ehr-evaluation.problem_diagnosis-sus.v1/cluster|pathological_(ptnm)|at0006|openehr-ehr-evaluation.problem_diagnosis-sus.v1/element|date_of_pathological_identification|at0.44|openehr-ehr-evaluation.problem_diagnosis-sus.v1,/composition|outpatient_high_complexity_procedures|openehr-ehr-composition.outpatient_high_complexity_procedures.v1|openehr-ehr-composition.outpatient_high_complexity_procedures.v1/evaluation|problem_diagnosis|openehr-ehr-evaluation.problem_diagnosis-sus.v1|openehr-ehr-evaluation.problem_diagnosis-sus.v1/item_tree|structure|at0001|openehr-ehr-evaluation.problem_diagnosis-sus.v1/cluster|tumour_-_tnm_cancer_staging|openehr-ehr-cluster.tnm_staging-sus.v1|openehr-ehr-evaluation.problem_diagnosis-sus.v1/element|topography|at0.43|openehr-ehr-evaluation.problem_diagnosis-sus.v1,cooccurrence,0.6666666666666666,0.21052631578947367,0.5298245614035088,0.5298245614035088,8
/composition|outpatient_high_complexity_procedures|openehr-ehr-composition.outpatient_high_complexity_procedures.v1|openehr-ehr-composition.outpatient_high_complexity_procedures.v1/evaluation|problem_diagnosis|openehr-ehr-evaluation.problem_diagnosis-sus.v1|openehr-ehr-evaluation.problem_diagnosis-sus.v1/item_tree|structure|at0001|openehr-ehr-evaluation.problem_diagnosis-sus.v1/cluster|tumour_-_tnm_cancer_staging|openehr-ehr-cluster.tnm_staging-sus.v1|openehr-ehr-evaluation.problem_diagnosis-sus.v1/element|topography|at0.43|openehr-ehr-evaluation.problem_diagnosis-sus.v1,/composition|outpatient_high_complexity_procedures|openehr-ehr-composition.outpatient_high_complexity_procedures.v1|openehr-ehr-composition.outpatient_high_complexity_procedures.v1/evaluation|problem_diagnosis|openehr-ehr-evaluation.problem_diagnosis-sus.v1|openehr-ehr-evaluation.problem_diagnosis-sus.v1/item_tree|structure|at0001|openehr-ehr-evaluation.problem_diagnosis-sus.v1/cluster|tumour_-_tnm_cancer_staging|openehr-ehr-cluster.tnm_staging-sus.v1|openehr-ehr-evaluation.problem_diagnosis-sus.v1/cluster|pathological_(ptnm)|at0006|openehr-ehr-evaluation.problem_diagnosis-sus.v1/element|date_of_pathological_identification|at0.44|openehr-ehr-evaluation.problem_diagnosis-sus.v1,cooccurrence,0.6666666666666666,0.21052631578947367,0.5298245614035088,0.5298245614035088,8
/composition|outpatient_high_complexity_procedures|openehr-ehr-composition.outpatient_high_complexity_procedures.v1|openehr-ehr-composition.outpatient_high_complexity_procedures.v1/evaluation|problem_diagnosis|openehr-ehr-evaluation.problem_diagnosis-sus.v1|openehr-ehr-evaluation.problem_diagnosis-sus.v1/item_tree|structure|at0001|openehr-ehr-evaluation.problem_diagnosis-sus.v1/cluster|tumour_-_tnm_cancer_staging|openehr-ehr-cluster.tnm_staging-sus.v1|openehr-ehr-evaluation.problem_diagnosis-sus.v1/cluster|pathological_(ptnm)|at0006|openehr-ehr-evaluation.problem_diagnosis-sus.v1/element|date_of_pathological_identification|at0.44|openehr-ehr-evaluation.problem_diagnosis-sus.v1,/composition|outpatient_high_complexity_procedures|openehr-ehr-composition.outpatient_high_complexity_procedures.v1|openehr-ehr-composition.outpatient_high_complexity_procedures.v1/evaluation|problem_diagnosis|openehr-ehr-evaluation.problem_diagnosis-sus.v1|openehr-ehr-evaluation.problem_diagnosis-sus.v1/item_tree|structure|at0001|openehr-ehr-evaluation.problem_diagnosis-sus.v1/element|associated_causes|at0.2|openehr-ehr-evaluation.problem_diagnosis-sus.v1,cooccurrence,0.5,0.21052631578947367,0.41315789473684206,0.41315789473684206,8
/composition|outpatient_high_complexity_procedures|openehr-ehr-composition.outpatient_high_complexity_procedures.v1|openehr-ehr-composition.outpatient_high_complexity_procedures.v1/evaluation|problem_diagnosis|openehr-ehr-evaluation.problem_diagnosis-sus.v1|openehr-ehr-evaluation.problem_diagnosis-sus.v1/item_tree|structure|at0001|openehr-ehr-evaluation.problem_diagnosis-sus.v1/element|associated_causes|at0.2|openehr-ehr-evaluation.problem_diagnosis-sus.v1,/composition|outpatient_high_complexity_procedures|openehr-ehr-composition.outpatient_high_complexity_procedures.v1|openehr-ehr-composition.outpatient_high_complexity_procedures.v1/evaluation|problem_diagnosis|openehr-ehr-evaluation.problem_diagnosis-sus.v1|openehr-ehr-evaluation.problem_diagnosis-sus.v1/item_tree|structure|at0001|openehr-ehr-evaluation.problem_diagnosis-sus.v1/cluster|tumour_-_tnm_cancer_staging|openehr-ehr-cluster.tnm_staging-sus.v1|openehr-ehr-evaluation.problem_diagnosis-sus.v1/cluster|pathological_(ptnm)|at0006|openehr-ehr-evaluation.problem_diagnosis-sus.v1/element|date_of_pathological_identification|at0.44|openehr-ehr-evaluation.problem_diagnosis-sus.v1,cooccurrence,0.5,0.21052631578947367,0.41315789473684206,0.41315789473684206,8
/composition|outpatient_high_complexity_procedures|openehr-ehr-composition.outpatient_high_complexity_procedures.v1|openehr-ehr-composition.outpatient_high_complexity_procedures.v1/evaluation|problem_diagnosis|openehr-ehr-evaluation.problem_diagnosis-sus.v1|openehr-ehr-evaluation.problem_diagnosis-sus.v1/item_tree|structure|at0001|openehr-ehr-evaluation.problem_diagnosis-sus.v1/cluster|tumour_-_tnm_cancer_staging|openehr-ehr-cluster.tnm_staging-sus.v1|openehr-ehr-evaluation.problem_diagnosis-sus.v1/cluster|pathological_(ptnm)|at0006|openehr-ehr-evaluation.problem_diagnosis-sus.v1/element|date_of_pathological_identification|at0.44|openehr-ehr-evaluation.problem_diagnosis-sus.v1,/composition|outpatient_high_complexity_procedures|openehr-ehr-composition.outpatient_high_complexity_procedures.v1|openehr-ehr-composition.outpatient_high_complexity_procedures.v1/evaluation|problem_diagnosis|openehr-ehr-evaluation.problem_diagnosis-sus.v1|openehr-ehr-evaluation.problem_diagnosis-sus.v1/item_tree|structure|at0001|openehr-ehr-evaluation.problem_diagnosis-sus.v1/element|invaded_regional_linphonodes|at0.4|openehr-ehr-evaluation.problem_diagnosis-sus.v1,cooccurrence,0.5,0.21052631578947367,0.41315789473684206,0.41315789473684206,8
/composition|outpatient_high_complexity_procedures|openehr-ehr-composition.outpatient_high_complexity_procedures.v1|openehr-ehr-composition.outpatient_high_complexity_procedures.v1/evaluation|problem_diagnosis|openehr-ehr-evaluation.problem_diagnosis-sus.v1|openehr-ehr-evaluation.problem_diagnosis-sus.v1/item_tree|structure|at0001|openehr-ehr-evaluation.problem_diagnosis-sus.v1/element|invaded_regional_linphonodes|at0.4|openehr-ehr-evaluation.problem_diagnosis-sus.v1,/composition|outpatient_high_complexity_procedures|openehr-ehr-composition.outpatient_high_complexity_procedures.v1|openehr-ehr-composition.outpatient_high_complexity_procedures.v1/evaluation|problem_diagnosis|openehr-ehr-evaluation.problem_diagnosis-sus.v1|openehr-ehr-evaluation.problem_diagnosis-sus.v1/item_tree|structure|at0001|openehr-ehr-evaluation.problem_diagnosis-sus.v1/cluster|tumour_-_tnm_cancer_staging|openehr-ehr-cluster.tnm_staging-sus.v1|openehr-ehr-evaluation.problem_diagnosis-sus.v1/cluster|pathological_(ptnm)|at0006|openehr-ehr-evaluation.problem_diagnosis-sus.v1/element|date_of_pathological_identification|at0.44|openehr-ehr-evaluation.problem_diagnosis-sus.v1,cooccurrence,0.5,0.21052631578947367,0.41315789473684206,0.41315789473684206,8
/composition|outpatient_high_complexity_procedures|openehr-ehr-composition.outpatient_high_complexity_procedures.v1|openehr-ehr-composition.outpatient_high_complexity_procedures.v1/evaluation|problem_diagnosis|openehr-ehr-evaluation.problem_diagnosis-sus.v1|openehr-ehr-evaluation.problem_diagnosis-sus.v1/item_tree|structure|at0001|openehr-ehr-evaluation.problem_diagnosis-sus.v1/cluster|tumour_-_tnm_cancer_staging|openehr-ehr-cluster.tnm_staging-sus.v1|openehr-ehr-evaluation.problem_diagnosis-sus.v1/cluster|pathological_(ptnm)|at0006|openehr-ehr-evaluation.problem_diagnosis-sus.v1/element|date_of_pathological_identification|at0.44|openehr-ehr-evaluation.problem_diagnosis-sus.v1,/composition|outpatient_high_complexity_procedures|openehr-ehr-composition.outpatient_high_complexity_procedures.v1|openehr-ehr-composition.outpatient_high_complexity_procedures.v1/evaluation|problem_diagnosis|openehr-ehr-evaluation.problem_diagnosis-sus.v1|openehr-ehr-evaluation.problem_diagnosis-sus.v1/item_tree|structure|at0001|openehr-ehr-evaluation.problem_diagnosis-sus.v1/element|problem|at0002.1|openehr-ehr-evaluation.problem_diagnosis-sus.v1,cooccurrence,0.5,0.21052631578947367,0.41315789473684206,0.41315789473684206,8
/composition|outpatient_high_complexity_procedures|openehr-ehr-composition.outpatient_high_complexity_procedures.v1|openehr-ehr-composition.outpatient_high_complexity_procedures.v1/evaluation|problem_diagnosis|openehr-ehr-evaluation.problem_diagnosis-sus.v1|openehr-ehr-evaluation.problem_diagnosis-sus.v1/item_tree|structure|at0001|openehr-ehr-evaluation.problem_diagnosis-sus.v1/element|problem|at0002.1|openehr-ehr-evaluation.problem_diagnosis-sus.v1,/composition|outpatient_high_complexity_procedures|openehr-ehr-composition.outpatient_high_complexity_procedures.v1|openehr-ehr-composition.outpatient_high_complexity_procedures.v1/evaluation|problem_diagnosis|openehr-ehr-evaluation.problem_diagnosis-sus.v1|openehr-ehr-evaluation.problem_diagnosis-sus.v1/item_tree|structure|at0001|openehr-ehr-evaluation.problem_diagnosis-sus.v1/cluster|tumour_-_tnm_cancer_staging|openehr-ehr-cluster.tnm_staging-sus.v1|openehr-ehr-evaluation.problem_diagnosis-sus.v1/cluster|pathological_(ptnm)|at0006|openehr-ehr-evaluation.problem_diagnosis-sus.v1/element|date_of_pathological_identification|at0.44|openehr-ehr-evaluation.problem_diagnosis-sus.v1,cooccurrence,0.5,0.21052631578947367,0.41315789473684206,0.41315789473684206,8
/composition|outpatient_high_complexity_procedures|openehr-ehr-composition.outpatient_high_complexity_procedures.v1|openehr-ehr-composition.outpatient_high_complexity_procedures.v1/evaluation|problem_diagnosis|openehr-ehr-evaluation.problem_diagnosis-sus.v1|openehr-ehr-evaluation.problem_diagnosis-sus.v1/item_tree|structure|at0001|openehr-ehr-evaluation.problem_diagnosis-sus.v1/cluster|tumour_-_tnm_cancer_staging|openehr-ehr-cluster.tnm_staging-sus.v1|openehr-ehr-evaluation.problem_diagnosis-sus.v1/cluster|pathological_(ptnm)|at0006|openehr-ehr-evaluation.problem_diagnosis-sus.v1/element|date_of_pathological_identification|at0.44|openehr-ehr-evaluation.problem_diagnosis-sus.v1,/composition|outpatient_high_complexity_procedures|openehr-ehr-composition.outpatient_high_complexity_procedures.v1|openehr-ehr-composition.outpatient_high_complexity_procedures.v1/evaluation|problem_diagnosis|openehr-ehr-evaluation.problem_diagnosis-sus.v1|openehr-ehr-evaluation.problem_diagnosis-sus.v1/item_tree|structure|at0001|openehr-ehr-evaluation.problem_diagnosis-sus.v1/element|secondary_diagnosis|at0.1|openehr-ehr-evaluation.problem_diagnosis-sus.v1,cooccurrence,0.5,0.21052631578947367,0.41315789473684206,0.41315789473684206,8
/composition|outpatient_high_complexity_procedures|openehr-ehr-composition.outpatient_high_complexity_procedures.v1|openehr-ehr-composition.outpatient_high_complexity_procedures.v1/evaluation|problem_diagnosis|openehr-ehr-evaluation.problem_diagnosis-sus.v1|openehr-ehr-evaluation.problem_diagnosis-sus.v1/item_tree|structure|at0001|openehr-ehr-evaluation.problem_diagnosis-sus.v1/element|secondary_diagnosis|at0.1|openehr-ehr-evaluation.problem_diagnosis-sus.v1,/composition|outpatient_high_complexity_procedures|openehr-ehr-composition.outpatient_high_complexity_procedures.v1|openehr-ehr-composition.outpatient_high_complexity_procedures.v1/evaluation|problem_diagnosis|openehr-ehr-evaluation.problem_diagnosis-sus.v1|openehr-ehr-evaluation.problem_diagnosis-sus.v1/item_tree|structure|at0001|openehr-ehr-evaluation.problem_diagnosis-sus.v1/cluster|tumour_-_tnm_cancer_staging|openehr-ehr-cluster.tnm_staging-sus.v1|openehr-ehr-evaluation.problem_diagnosis-sus.v1/cluster|pathological_(ptnm)|at0006|openehr-ehr-evaluation.problem_diagnosis-sus.v1/element|date_of_pathological_identification|at0.44|openehr-ehr-evaluation.problem_diagnosis-sus.v1,cooccurrence,0.5,0.21052631578947367,0.41315789473684206,0.41315789473684206,8
/composition|outpatient_high_complexity_procedures|openehr-ehr-composition.outpatient_high_complexity_procedures.v1|openehr-ehr-composition.outpatient_high_complexity_procedures.v1/evaluation|problem_diagnosis|openehr-ehr-evaluation.problem_diagnosis-sus.v1|openehr-ehr-evaluation.problem_diagnosis-sus.v1/item_tree|structure|at0001|openehr-ehr-evaluation.problem_diagnosis-sus.v1/cluster|tumour_-_tnm_cancer_staging|openehr-ehr-cluster.tnm_staging-sus.v1|openehr-ehr-evaluation.problem_diagnosis-sus.v1/cluster|pathological_(ptnm)|at0006|openehr-ehr-evaluation.problem_diagnosis-sus.v1/element|histopathological_grading_(g)|at0035|openehr-ehr-evaluation.problem_diagnosis-sus.v1,/composition|outpatient_high_complexity_procedures|openehr-ehr-composition.outpatient_high_complexity_procedures.v1|openehr-ehr-composition.outpatient_high_complexity_procedures.v1/evaluation|problem_diagnosis|openehr-ehr-evaluation.problem_diagnosis-sus.v1|openehr-ehr-evaluation.problem_diagnosis-sus.v1/item_tree|structure|at0001|openehr-ehr-evaluation.problem_diagnosis-sus.v1/cluster|tumour_-_tnm_cancer_staging|openehr-ehr-cluster.tnm_staging-sus.v1|openehr-ehr-evaluation.problem_diagnosis-sus.v1/element|topography|at0.43|openehr-ehr-evaluation.problem_diagnosis-sus.v1,cooccurrence,0.6666666666666666,0.21052631578947367,0.5298245614035088,0.5298245614035088,8
/composition|outpatient_high_complexity_procedures|openehr-ehr-composition.outpatient_high_complexity_procedures.v1|openehr-ehr-composition.outpatient_high_complexity_procedures.v1/evaluation|problem_diagnosis|openehr-ehr-evaluation.problem_diagnosis-sus.v1|openehr-ehr-evaluation.problem_diagnosis-sus.v1/item_tree|structure|at0001|openehr-ehr-evaluation.problem_diagnosis-sus.v1/cluster|tumour_-_tnm_cancer_staging|openehr-ehr-cluster.tnm_staging-sus.v1|openehr-ehr-evaluation.problem_diagnosis-sus.v1/element|topography|at0.43|openehr-ehr-evaluation.problem_diagnosis-sus.v1,/composition|outpatient_high_complexity_procedures|openehr-ehr-composition.outpatient_high_complexity_procedures.v1|openehr-ehr-composition.outpatient_high_complexity_procedures.v1/evaluation|problem_diagnosis|openehr-ehr-evaluation.problem_diagnosis-sus.v1|openehr-ehr-evaluation.problem_diagnosis-sus.v1/item_tree|structure|at0001|openehr-ehr-evaluation.problem_diagnosis-sus.v1/cluster|tumour_-_tnm_cancer_staging|openehr-ehr-cluster.tnm_staging-sus.v1|openehr-ehr-evaluation.problem_diagnosis-sus.v1/cluster|pathological_(ptnm)|at0006|openehr-ehr-evaluation.problem_diagnosis-sus.v1/element|histopathological_grading_(g)|at0035|openehr-ehr-evaluation.problem_diagnosis-sus.v1,cooccurrence,0.6666666666666666,0.21052631578947367,0.5298245614035088,0.5298245614035088,8
/composition|outpatient_high_complexity_procedures|openehr-ehr-composition.outpatient_high_complexity_procedures.v1|openehr-ehr-composition.outpatient_high_complexity_procedures.v1/evaluation|problem_diagnosis|openehr-ehr-evaluation.problem_diagnosis-sus.v1|openehr-ehr-evaluation.problem_diagnosis-sus.v1/item_tree|structure|at0001|openehr-ehr-evaluation.problem_diagnosis-sus.v1/cluster|tumour_-_tnm_cancer_staging|openehr-ehr-cluster.tnm_staging-sus.v1|openehr-ehr-evaluation.problem_diagnosis-sus.v1/cluster|pathological_(ptnm)|at0006|openehr-ehr-evaluation.problem_diagnosis-sus.v1/element|histopathological_grading_(g)|at0035|openehr-ehr-evaluation.problem_diagnosis-sus.v1,/composition|outpatient_high_complexity_procedures|openehr-ehr-composition.outpatient_high_complexity_procedures.v1|openehr-ehr-composition.outpatient_high_complexity_procedures.v1/evaluation|problem_diagnosis|openehr-ehr-evaluation.problem_diagnosis-sus.v1|openehr-ehr-evaluation.problem_diagnosis-sus.v1/item_tree|structure|at0001|openehr-ehr-evaluation.problem_diagnosis-sus.v1/element|associated_causes|at0.2|openehr-ehr-evaluation.problem_diagnosis-sus.v1,cooccurrence,0.5,0.21052631578947367,0.41315789473684206,0.41315789473684206,8
/composition|outpatient_high_complexity_procedures|openehr-ehr-composition.outpatient_high_complexity_procedures.v1|openehr-ehr-composition.outpatient_high_complexity_procedures.v1/evaluation|problem_diagnosis|openehr-ehr-evaluation.problem_diagnosis-sus.v1|openehr-ehr-evaluation.problem_diagnosis-sus.v1/item_tree|structure|at0001|openehr-ehr-evaluation.problem_diagnosis-sus.v1/element|associated_causes|at0.2|openehr-ehr-evaluation.problem_diagnosis-sus.v1,/composition|outpatient_high_complexity_procedures|openehr-ehr-composition.outpatient_high_complexity_procedures.v1|openehr-ehr-composition.outpatient_high_complexity_procedures.v1/evaluation|problem_diagnosis|openehr-ehr-evaluation.problem_diagnosis-sus.v1|openehr-ehr-evaluation.problem_diagnosis-sus.v1/item_tree|structure|at0001|openehr-ehr-evaluation.problem_diagnosis-sus.v1/cluster|tumour_-_tnm_cancer_staging|openehr-ehr-cluster.tnm_staging-sus.v1|openehr-ehr-evaluation.problem_diagnosis-sus.v1/cluster|pathological_(ptnm)|at0006|openehr-ehr-evaluation.problem_diagnosis-sus.v1/element|histopathological_grading_(g)|at0035|openehr-ehr-evaluation.problem_diagnosis-sus.v1,cooccurrence,0.5,0.21052631578947367,0.41315789473684206,0.41315789473684206,8
/composition|outpatient_high_complexity_procedures|openehr-ehr-composition.outpatient_high_complexity_procedures.v1|openehr-ehr-composition.outpatient_high_complexity_procedures.v1/evaluation|problem_diagnosis|openehr-ehr-evaluation.problem_diagnosis-sus.v1|openehr-ehr-evaluation.problem_diagnosis-sus.v1/item_tree|structure|at0001|openehr-ehr-evaluation.problem_diagnosis-sus.v1/cluster|tumour_-_tnm_cancer_staging|openehr-ehr-cluster.tnm_staging-sus.v1|openehr-ehr-evaluation.problem_diagnosis-sus.v1/cluster|pathological_(ptnm)|at0006|openehr-ehr-evaluation.problem_diagnosis-sus.v1/element|histopathological_grading_(g)|at0035|openehr-ehr-evaluation.problem_diagnosis-sus.v1,/composition|outpatient_high_complexity_procedures|openehr-ehr-composition.outpatient_high_complexity_procedures.v1|openehr-ehr-composition.outpatient_high_complexity_procedures.v1/evaluation|problem_diagnosis|openehr-ehr-evaluation.problem_diagnosis-sus.v1|openehr-ehr-evaluation.problem_diagnosis-sus.v1/item_tree|structure|at0001|openehr-ehr-evaluation.problem_diagnosis-sus.v1/element|invaded_regional_linphonodes|at0.4|openehr-ehr-evaluation.problem_diagnosis-sus.v1,cooccurrence,0.5,0.21052631578947367,0.41315789473684206,0.41315789473684206,8
/composition|outpatient_high_complexity_procedures|openehr-ehr-composition.outpatient_high_complexity_procedures.v1|openehr-ehr-composition.outpatient_high_complexity_procedures.v1/evaluation|problem_diagnosis|openehr-ehr-evaluation.problem_diagnosis-sus.v1|openehr-ehr-evaluation.problem_diagnosis-sus.v1/item_tree|structure|at0001|openehr-ehr-evaluation.problem_diagnosis-sus.v1/element|invaded_regional_linphonodes|at0.4|openehr-ehr-evaluation.problem_diagnosis-sus.v1,/composition|outpatient_high_complexity_procedures|openehr-ehr-composition.outpatient_high_complexity_procedures.v1|openehr-ehr-composition.outpatient_high_complexity_procedures.v1/evaluation|problem_diagnosis|openehr-ehr-evaluation.problem_diagnosis-sus.v1|openehr-ehr-evaluation.problem_diagnosis-sus.v1/item_tree|structure|at0001|openehr-ehr-evaluation.problem_diagnosis-sus.v1/cluster|tumour_-_tnm_cancer_staging|openehr-ehr-cluster.tnm_staging-sus.v1|openehr-ehr-evaluation.problem_diagnosis-sus.v1/cluster|pathological_(ptnm)|at0006|openehr-ehr-evaluation.problem_diagnosis-sus.v1/element|histopathological_grading_(g)|at0035|openehr-ehr-evaluation.problem_diagnosis-sus.v1,cooccurrence,0.5,0.21052631578947367,0.41315789473684206,0.41315789473684206,8
/composition|outpatient_high_complexity_procedures|openehr-ehr-composition.outpatient_high_complexity_procedures.v1|openehr-ehr-composition.outpatient_high_complexity_procedures.v1/evaluation|problem_diagnosis|openehr-ehr-evaluation.problem_diagnosis-sus.v1|openehr-ehr-evaluation.problem_diagnosis-sus.v1/item_tree|structure|at0001|openehr-ehr-evaluation.problem_diagnosis-sus.v1/cluster|tumour_-_tnm_cancer_staging|openehr-ehr-cluster.tnm_staging-sus.v1|openehr-ehr-evaluation.problem_diagnosis-sus.v1/cluster|pathological_(ptnm)|at0006|openehr-ehr-evaluation.problem_diagnosis-sus.v1/element|histopathological_grading_(g)|at0035|openehr-ehr-evaluation.problem_diagnosis-sus.v1,/composition|outpatient_high_complexity_procedures|openehr-ehr-composition.outpatient_high_complexity_procedures.v1|openehr-ehr-composition.outpatient_high_complexity_procedures.v1/evaluation|problem_diagnosis|openehr-ehr-evaluation.problem_diagnosis-sus.v1|openehr-ehr-evaluation.problem_diagnosis-sus.v1/item_tree|structure|at0001|openehr-ehr-evaluation.problem_diagnosis-sus.v1/element|problem|at0002.1|openehr-ehr-evaluation.problem_diagnosis-sus.v1,cooccurrence,0.5,0.21052631578947367,0.41315789473684206,0.41315789473684206,8
/composition|outpatient_high_complexity_procedures|openehr-ehr-composition.outpatient_high_complexity_procedures.v1|openehr-ehr-composition.outpatient_high_complexity_procedures.v1/evaluation|problem_diagnosis|openehr-ehr-evaluation.problem_diagnosis-sus.v1|openehr-ehr-evaluation.problem_diagnosis-sus.v1/item_tree|structure|at0001|openehr-ehr-evaluation.problem_diagnosis-sus.v1/element|problem|at0002.1|openehr-ehr-evaluation.problem_diagnosis-sus.v1,/composition|outpatient_high_complexity_procedures|openehr-ehr-composition.outpatient_high_complexity_procedures.v1|openehr-ehr-composition.outpatient_high_complexity_procedures.v1/evaluation|problem_diagnosis|openehr-ehr-evaluation.problem_diagnosis-sus.v1|openehr-ehr-evaluation.problem_diagnosis-sus.v1/item_tree|structure|at0001|openehr-ehr-evaluation.problem_diagnosis-sus.v1/cluster|tumour_-_tnm_cancer_staging|openehr-ehr-cluster.tnm_staging-sus.v1|openehr-ehr-evaluation.problem_diagnosis-sus.v1/cluster|pathological_(ptnm)|at0006|openehr-ehr-evaluation.problem_diagnosis-sus.v1/element|histopathological_grading_(g)|at0035|openehr-ehr-evaluation.problem_diagnosis-sus.v1,cooccurrence,0.5,0.21052631578947367,0.41315789473684206,0.41315789473684206,8
/composition|outpatient_high_complexity_procedures|openehr-ehr-composition.outpatient_high_complexity_procedures.v1|openehr-ehr-composition.outpatient_high_complexity_procedures.v1/evaluation|problem_diagnosis|openehr-ehr-evaluation.problem_diagnosis-sus.v1|openehr-ehr-evaluation.problem_diagnosis-sus.v1/item_tree|structure|at0001|openehr-ehr-evaluation.problem_diagnosis-sus.v1/cluster|tumour_-_tnm_cancer_staging|openehr-ehr-cluster.tnm_staging-sus.v1|openehr-ehr-evaluation.problem_diagnosis-sus.v1/cluster|pathological_(ptnm)|at0006|openehr-ehr-evaluation.problem_diagnosis-sus.v1/element|histopathological_grading_(g)|at0035|openehr-ehr-evaluation.problem_diagnosis-sus.v1,/composition|outpatient_high_complexity_procedures|openehr-ehr-composition.outpatient_high_complexity_procedures.v1|openehr-ehr-composition.outpatient_high_complexity_procedures.v1/evaluation|problem_diagnosis|openehr-ehr-evaluation.problem_diagnosis-sus.v1|openehr-ehr-evaluation.problem_diagnosis-sus.v1/item_tree|structure|at0001|openehr-ehr-evaluation.problem_diagnosis-sus.v1/element|secondary_diagnosis|at0.1|openehr-ehr-evaluation.problem_diagnosis-sus.v1,cooccurrence,0.5,0.21052631578947367,0.41315789473684206,0.41315789473684206,8
/composition|outpatient_high_complexity_procedures|openehr-ehr-composition.outpatient_high_complexity_procedures.v1|openehr-ehr-composition.outpatient_high_complexity_procedures.v1/evaluation|problem_diagnosis|openehr-ehr-evaluation.problem_diagnosis-sus.v1|openehr-ehr-evaluation.problem_diagnosis-sus.v1/item_tree|structure|at0001|openehr-ehr-evaluation.problem_diagnosis-sus.v1/element|secondary_diagnosis|at0.1|openehr-ehr-evaluation.problem_diagnosis-sus.v1,/composition|outpatient_high_complexity_procedures|openehr-ehr-composition.outpatient_high_complexity_procedures.v1|openehr-ehr-composition.outpatient_high_complexity_procedures.v1/evaluation|problem_diagnosis|openehr-ehr-evaluation.problem_diagnosis-sus.v1|openehr-ehr-evaluation.problem_diagnosis-sus.v1/item_tree|structure|at0001|openehr-ehr-evaluation.problem_diagnosis-sus.v1/cluster|tumour_-_tnm_cancer_staging|openehr-ehr-cluster.tnm_staging-sus.v1|openehr-ehr-evaluation.problem_diagnosis-sus.v1/cluster|pathological_(ptnm)|at0006|openehr-ehr-evaluation.problem_diagnosis-sus.v1/element|histopathological_grading_(g)|at0035|openehr-ehr-evaluation.problem_diagnosis-sus.v1,cooccurrence,0.5,0.21052631578947367,0.41315789473684206,0.41315789473684206,8
/composition|outpatient_high_complexity_procedures|openehr-ehr-composition.outpatient_high_complexity_procedures.v1|openehr-ehr-composition.outpatient_high_complexity_procedures.v1/evaluation|problem_diagnosis|openehr-ehr-evaluation.problem_diagnosis-sus.v1|openehr-ehr-evaluation.problem_diagnosis-sus.v1/item_tree|structure|at0001|openehr-ehr-evaluation.problem_diagnosis-sus.v1/cluster|tumour_-_tnm_cancer_staging|openehr-ehr-cluster.tnm_staging-sus.v1|openehr-ehr-evaluation.problem_diagnosis-sus.v1/element|topography|at0.43|openehr-ehr-evaluation.problem_diagnosis-sus.v1,/composition|outpatient_high_complexity_procedures|openehr-ehr-composition.outpatient_high_complexity_procedures.v1|openehr-ehr-composition.outpatient_high_complexity_procedures.v1/evaluation|problem_diagnosis|openehr-ehr-evaluation.problem_diagnosis-sus.v1|openehr-ehr-evaluation.problem_diagnosis-sus.v1/item_tree|structure|at0001|openehr-ehr-evaluation.problem_diagnosis-sus.v1/element|associated_causes|at0.2|openehr-ehr-evaluation.problem_diagnosis-sus.v1,cooccurrence,0.6,0.21052631578947367,0.4831578947368421,0.4831578947368421,8
/composition|outpatient_high_complexity_procedures|openehr-ehr-composition.outpatient_high_complexity_procedures.v1|openehr-ehr-composition.outpatient_high_complexity_procedures.v1/evaluation|problem_diagnosis|openehr-ehr-evaluation.problem_diagnosis-sus.v1|openehr-ehr-evaluation.problem_diagnosis-sus.v1/item_tree|structure|at0001|openehr-ehr-evaluation.problem_diagnosis-sus.v1/element|associated_causes|at0.2|openehr-ehr-evaluation.problem_diagnosis-sus.v1,/composition|outpatient_high_complexity_procedures|openehr-ehr-composition.outpatient_high_complexity_procedures.v1|openehr-ehr-composition.outpatient_high_complexity_procedures.v1/evaluation|problem_diagnosis|openehr-ehr-evaluation.problem_diagnosis-sus.v1|openehr-ehr-evaluation.problem_diagnosis-sus.v1/item_tree|structure|at0001|openehr-ehr-evaluation.problem_diagnosis-sus.v1/cluster|tumour_-_tnm_cancer_staging|openehr-ehr-cluster.tnm_staging-sus.v1|openehr-ehr-evaluation.problem_diagnosis-sus.v1/element|topography|at0.43|openehr-ehr-evaluation.problem_diagnosis-sus.v1,cooccurrence,0.6,0.21052631578947367,0.4831578947368421,0.4831578947368421,8
/composition|outpatient_high_complexity_procedures|openehr-ehr-composition.outpatient_high_complexity_procedures.v1|openehr-ehr-composition.outpatient_high_complexity_procedures.v1/evaluation|problem_diagnosis|openehr-ehr-evaluation.problem_diagnosis-sus.v1|openehr-ehr-evaluation.problem_diagnosis-sus.v1/item_tree|structure|at0001|openehr-ehr-evaluation.problem_diagnosis-sus.v1/cluster|tumour_-_tnm_cancer_staging|openehr-ehr-cluster.tnm_staging-sus.v1|openehr-ehr-evaluation.problem_diagnosis-sus.v1/element|topography|at0.43|openehr-ehr-evaluation.problem_diagnosis-sus.v1,/composition|outpatient_high_complexity_procedures|openehr-ehr-composition.outpatient_high_complexity_procedures.v1|openehr-ehr-composition.outpatient_high_complexity_procedures.v1/evaluation|problem_diagnosis|openehr-ehr-evaluation.problem_diagnosis-sus.v1|openehr-ehr-evaluation.problem_diagnosis-sus.v1/item_tree|structure|at0001|openehr-ehr-evaluation.problem_diagnosis-sus.v1/element|invaded_regional_linphonodes|at0.4|openehr-ehr-evaluation.problem_diagnosis-sus.v1,cooccurrence,0.6,0.21052631578947367,0.4831578947368421,0.4831578947368421,8
/composition|outpatient_high_complexity_procedures|openehr-ehr-composition.outpatient_high_complexity_procedures.v1|openehr-ehr-composition.outpatient_high_complexity_procedures.v1/evaluation|problem_diagnosis|openehr-ehr-evaluation.problem_diagnosis-sus.v1|openehr-ehr-evaluation.problem_diagnosis-sus.v1/item_tree|structure|at0001|openehr-ehr-evaluation.problem_diagnosis-sus.v1/element|invaded_regional_linphonodes|at0.4|openehr-ehr-evaluation.problem_diagnosis-sus.v1,/composition|outpatient_high_complexity_procedures|openehr-ehr-composition.outpatient_high_complexity_procedures.v1|openehr-ehr-composition.outpatient_high_complexity_procedures.v1/evaluation|problem_diagnosis|openehr-ehr-evaluation.problem_diagnosis-sus.v1|openehr-ehr-evaluation.problem_diagnosis-sus.v1/item_tree|structure|at0001|openehr-ehr-evaluation.problem_diagnosis-sus.v1/cluster|tumour_-_tnm_cancer_staging|openehr-ehr-cluster.tnm_staging-sus.v1|openehr-ehr-evaluation.problem_diagnosis-sus.v1/element|topography|at0.43|openehr-ehr-evaluation.problem_diagnosis-sus.v1,cooccurrence,0.6,0.21052631578947367,0.4831578947368421,0.4831578947368421,8
/composition|outpatient_high_complexity_procedures|openehr-ehr-composition.outpatient_high_complexity_procedures.v1|openehr-ehr-composition.outpatient_high_complexity_procedures.v1/evaluation|problem_diagnosis|openehr-ehr-evaluation.problem_diagnosis-sus.v1|openehr-ehr-evaluation.problem_diagnosis-sus.v1/item_tree|structure|at0001|openehr-ehr-evaluation.problem_diagnosis-sus.v1/cluster|tumour_-_tnm_cancer_staging|openehr-ehr-cluster.tnm_staging-sus.v1|openehr-ehr-evaluation.problem_diagnosis-sus.v1/element|topography|at0.43|openehr-ehr-evaluation.problem_diagnosis-sus.v1,/composition|outpatient_high_complexity_procedures|openehr-ehr-composition.outpatient_high_complexity_procedures.v1|openehr-ehr-composition.outpatient_high_complexity_procedures.v1/evaluation|problem_diagnosis|openehr-ehr-evaluation.problem_diagnosis-sus.v1|openehr-ehr-evaluation.problem_diagnosis-sus.v1/item_tree|structure|at0001|openehr-ehr-evaluation.problem_diagnosis-sus.v1/element|problem|at0002.1|openehr-ehr-evaluation.problem_diagnosis-sus.v1,cooccurrence,0.6,0.21052631578947367,0.4831578947368421,0.4831578947368421,8
/composition|outpatient_high_complexity_procedures|openehr-ehr-composition.outpatient_high_complexity_procedures.v1|openehr-ehr-composition.outpatient_high_complexity_procedures.v1/evaluation|problem_diagnosis|openehr-ehr-evaluation.problem_diagnosis-sus.v1|openehr-ehr-evaluation.problem_diagnosis-sus.v1/item_tree|structure|at0001|openehr-ehr-evaluation.problem_diagnosis-sus.v1/element|problem|at0002.1|openehr-ehr-evaluation.problem_diagnosis-sus.v1,/composition|outpatient_high_complexity_procedures|openehr-ehr-composition.outpatient_high_complexity_procedures.v1|openehr-ehr-composition.outpatient_high_complexity_procedures.v1/evaluation|problem_diagnosis|openehr-ehr-evaluation.problem_diagnosis-sus.v1|openehr-ehr-evaluation.problem_diagnosis-sus.v1/item_tree|structure|at0001|openehr-ehr-evaluation.problem_diagnosis-sus.v1/cluster|tumour_-_tnm_cancer_staging|openehr-ehr-cluster.tnm_staging-sus.v1|openehr-ehr-evaluation.problem_diagnosis-sus.v1/element|topography|at0.43|openehr-ehr-evaluation.problem_diagnosis-sus.v1,cooccurrence,0.6,0.21052631578947367,0.4831578947368421,0.4831578947368421,8
/composition|outpatient_high_complexity_procedures|openehr-ehr-composition.outpatient_high_complexity_procedures.v1|openehr-ehr-composition.outpatient_high_complexity_procedures.v1/evaluation|problem_diagnosis|openehr-ehr-evaluation.problem_diagnosis-sus.v1|openehr-ehr-evaluation.problem_diagnosis-sus.v1/item_tree|structure|at0001|openehr-ehr-evaluation.problem_diagnosis-sus.v1/cluster|tumour_-_tnm_cancer_staging|openehr-ehr-cluster.tnm_staging-sus.v1|openehr-ehr-evaluation.problem_diagnosis-sus.v1/element|topography|at0.43|openehr-ehr-evaluation.problem_diagnosis-sus.v1,/composition|outpatient_high_complexity_procedures|openehr-ehr-composition.outpatient_high_complexity_procedures.v1|openehr-ehr-composition.outpatient_high_complexity_procedures.v1/evaluation|problem_diagnosis|openehr-ehr-evaluation.problem_diagnosis-sus.v1|openehr-ehr-evaluation.problem_diagnosis-sus.v1/item_tree|structure|at0001|openehr-ehr-evaluation.problem_diagnosis-sus.v1/element|secondary_diagnosis|at0.1|openehr-ehr-evaluation.problem_diagnosis-sus.v1,cooccurrence,0.6,0.21052631578947367,0.4831578947368421,0.4831578947368421,8
/composition|outpatient_high_complexity_procedures|openehr-ehr-composition.outpatient_high_complexity_procedures.v1|openehr-ehr-composition.outpatient_high_complexity_procedures.v1/evaluation|problem_diagnosis|openehr-ehr-evaluation.problem_diagnosis-sus.v1|openehr-ehr-evaluation.problem_diagnosis-sus.v1/item_tree|structure|at0001|openehr-ehr-evaluation.problem_diagnosis-sus.v1/element|secondary_diagnosis|at0.1|openehr-ehr-evaluation.problem_diagnosis-sus.v1,/composition|outpatient_high_complexity_procedures|openehr-ehr-composition.outpatient_high_complexity_procedures.v1|openehr-ehr-composition.outpatient_high_complexity_procedures.v1/evaluation|problem_diagnosis|openehr-ehr-evaluation.problem_diagnosis-sus.v1|openehr-ehr-evaluation.problem_diagnosis-sus.v1/item_tree|structure|at0001|openehr-ehr-evaluation.problem_diagnosis-sus.v1/cluster|tumour_-_tnm_cancer_staging|openehr-ehr-cluster.tnm_staging-sus.v1|openehr-ehr-evaluation.problem_diagnosis-sus.v1/element|topography|at0.43|openehr-ehr-evaluation.problem_diagnosis-sus.v1,cooccurrence,0.6,0.21052631578947367,0.4831578947368421,0.4831578947368421,8
/composition|outpatient_high_complexity_procedures|openehr-ehr-composition.outpatient_high_complexity_procedures.v1|openehr-ehr-composition.outpatient_high_complexity_procedures.v1/evaluation|problem_diagnosis|openehr-ehr-evaluation.problem_diagnosis-sus.v1|openehr-ehr-evaluation.problem_diagnosis-sus.v1/item_tree|structure|at0001|openehr-ehr-evaluation.problem_diagnosis-sus.v1/element|associated_causes|at0.2|openehr-ehr-evaluation.problem_diagnosis-sus.v1,/composition|outpatient_high_complexity_procedures|openehr-ehr-composition.outpatient_high_complexity_procedures.v1|openehr-ehr-composition.outpatient_high_complexity_procedures.v1/evaluation|problem_diagnosis|openehr-ehr-evaluation.problem_diagnosis-sus.v1|openehr-ehr-evaluation.problem_diagnosis-sus.v1/item_tree|structure|at0001|openehr-ehr-evaluation.problem_diagnosis-sus.v1/element|invaded_regional_linphonodes|at0.4|openehr-ehr-evaluation.problem_diagnosis-sus.v1,cooccurrence,0.75,0.21052631578947367,0.588157894736842,0.588157894736842,8
/composition|outpatient_high_complexity_procedures|openehr-ehr-composition.outpatient_high_complexity_procedures.v1|openehr-ehr-composition.outpatient_high_complexity_procedures.v1/evaluation|problem_diagnosis|openehr-ehr-evaluation.problem_diagnosis-sus.v1|openehr-ehr-evaluation.problem_diagnosis-sus.v1/item_tree|structure|at0001|openehr-ehr-evaluation.problem_diagnosis-sus.v1/element|invaded_regional_linphonodes|at0.4|openehr-ehr-evaluation.problem_diagnosis-sus.v1,/composition|outpatient_high_complexity_procedures|openehr-ehr-composition.outpatient_high_complexity_procedures.v1|openehr-ehr-composition.outpatient_high_complexity_procedures.v1/evaluation|problem_diagnosis|openehr-ehr-evaluation.problem_diagnosis-sus.v1|openehr-ehr-evaluation.problem_diagnosis-sus.v1/item_tree|structure|at0001|openehr-ehr-evaluation.problem_diagnosis-sus.v1/element|associated_causes|at0.2|openehr-ehr-evaluation.problem_diagnosis-sus.v1,cooccurrence,0.75,0.21052631578947367,0.588157894736842,0.588157894736842,8
/composition|outpatient_high_complexity_procedures|openehr-ehr-composition.outpatient_high_complexity_procedures.v1|openehr-ehr-composition.outpatient_high_complexity_procedures.v1/evaluation|problem_diagnosis|openehr-ehr-evaluation.problem_diagnosis-sus.v1|openehr-ehr-evaluation.problem_diagnosis-sus.v1/item_tree|structure|at0001|openehr-ehr-evaluation.problem_diagnosis-sus.v1/element|associated_causes|at0.2|openehr-ehr-evaluation.problem_diagnosis-sus.v1,/composition|outpatient_high_complexity_procedures|openehr-ehr-composition.outpatient_high_complexity_procedures.v1|openehr-ehr-composition.outpatient_high_complexity_procedures.v1/evaluation|problem_diagnosis|openehr-ehr-evaluation.problem_diagnosis-sus.v1|openehr-ehr-evaluation.problem_diagnosis-sus.v1/item_tree|structure|at0001|openehr-ehr-evaluation.problem_diagnosis-sus.v1/element|problem|at0002.1|openehr-ehr-evaluation.problem_diagnosis-sus.v1,cooccurrence,0.75,0.7105263157894737,0.738157894736842,0.738157894736842,27
/composition|outpatient_high_complexity_procedures|openehr-ehr-composition.outpatient_high_complexity_procedures.v1|openehr-ehr-composition.outpatient_high_complexity_procedures.v1/evaluation|problem_diagnosis|openehr-ehr-evaluation.problem_diagnosis-sus.v1|openehr-ehr-evaluation.problem_diagnosis-sus.v1/item_tree|structure|at0001|openehr-ehr-evaluation.problem_diagnosis-sus.v1/element|problem|at0002.1|openehr-ehr-evaluation.problem_diagnosis-sus.v1,/composition|outpatient_high_complexity_procedures|openehr-ehr-composition.outpatient_high_complexity_procedures.v1|openehr-ehr-composition.outpatient_high_complexity_procedures.v1/evaluation|problem_diagnosis|openehr-ehr-evaluation.problem_diagnosis-sus.v1|openehr-ehr-evaluation.problem_diagnosis-sus.v1/item_tree|structure|at0001|openehr-ehr-evaluation.problem_diagnosis-sus.v1/element|associated_causes|at0.2|openehr-ehr-evaluation.problem_diagnosis-sus.v1,cooccurrence,0.75,0.7105263157894737,0.738157894736842,0.738157894736842,27
/composition|outpatient_high_complexity_procedures|openehr-ehr-composition.outpatient_high_complexity_procedures.v1|openehr-ehr-composition.outpatient_high_complexity_procedures.v1/evaluation|problem_diagnosis|openehr-ehr-evaluation.problem_diagnosis-sus.v1|openehr-ehr-evaluation.problem_diagnosis-sus.v1/item_tree|structure|at0001|openehr-ehr-evaluation.problem_diagnosis-sus.v1/element|associated_causes|at0.2|openehr-ehr-evaluation.problem_diagnosis-sus.v1,/composition|outpatient_high_complexity_procedures|openehr-ehr-composition.outpatient_high_complexity_procedures.v1|openehr-ehr-composition.outpatient_high_complexity_procedures.v1/evaluation|problem_diagnosis|openehr-ehr-evaluation.problem_diagnosis-sus.v1|openehr-ehr-evaluation.problem_diagnosis-sus.v1/item_tree|structure|at0001|openehr-ehr-evaluation.problem_diagnosis-sus.v1/element|secondary_diagnosis|at0.1|openehr-ehr-evaluation.problem_diagnosis-sus.v1,cooccurrence,0.75,0.7105263157894737,0.738157894736842,0.738157894736842,27
/composition|outpatient_high_complexity_procedures|openehr-ehr-composition.outpatient_high_complexity_procedures.v1|openehr-ehr-composition.outpatient_high_complexity_procedures.v1/evaluation|problem_diagnosis|openehr-ehr-evaluation.problem_diagnosis-sus.v1|openehr-ehr-evaluation.problem_diagnosis-sus.v1/item_tree|structure|at0001|openehr-ehr-evaluation.problem_diagnosis-sus.v1/element|secondary_diagnosis|at0.1|openehr-ehr-evaluation.problem_diagnosis-sus.v1,/composition|outpatient_high_complexity_procedures|openehr-ehr-composition.outpatient_high_complexity_procedures.v1|openehr-ehr-composition.outpatient_high_complexity_procedures.v1/evaluation|problem_diagnosis|openehr-ehr-evaluation.problem_diagnosis-sus.v1|openehr-ehr-evaluation.problem_diagnosis-sus.v1/item_tree|structure|at0001|openehr-ehr-evaluation.problem_diagnosis-sus.v1/element|associated_causes|at0.2|openehr-ehr-evaluation.problem_diagnosis-sus.v1,cooccurrence,0.75,0.7105263157894737,0.738157894736842,0.738157894736842,27
/composition|outpatient_high_complexity_procedures|openehr-ehr-composition.outpatient_high_complexity_procedures.v1|openehr-ehr-composition.outpatient_high_complexity_procedures.v1/evaluation|problem_diagnosis|openehr-ehr-evaluation.problem_diagnosis-sus.v1|openehr-ehr-evaluation.problem_diagnosis-sus.v1/item_tree|structure|at0001|openehr-ehr-evaluation.problem_diagnosis-sus.v1/element|invaded_regional_linphonodes|at0.4|openehr-ehr-evaluation.problem_diagnosis-sus.v1,/composition|outpatient_high_complexity_procedures|openehr-ehr-composition.outpatient_high_complexity_procedures.v1|openehr-ehr-composition.outpatient_high_complexity_procedures.v1/evaluation|problem_diagnosis|openehr-ehr-evaluation.problem_diagnosis-sus.v1|openehr-ehr-evaluation.problem_diagnosis-sus.v1/item_tree|structure|at0001|openehr-ehr-evaluation.problem_diagnosis-sus.v1/element|problem|at0002.1|openehr-ehr-evaluation.problem_diagnosis-sus.v1,cooccurrence,0.75,0.21052631578947367,0.588157894736842,0.588157894736842,8
/composition|outpatient_high_complexity_procedures|openehr-ehr-composition.outpatient_high_complexity_procedures.v1|openehr-ehr-composition.outpatient_high_complexity_procedures.v1/evaluation|problem_diagnosis|openehr-ehr-evaluation.problem_diagnosis-sus.v1|openehr-ehr-evaluation.problem_diagnosis-sus.v1/item_tree|structure|at0001|openehr-ehr-evaluation.problem_diagnosis-sus.v1/element|problem|at0002.1|openehr-ehr-evaluation.problem_diagnosis-sus.v1,/composition|outpatient_high_complexity_procedures|openehr-ehr-composition.outpatient_high_complexity_procedures.v1|openehr-ehr-composition.outpatient_high_complexity_procedures.v1/evaluation|problem_diagnosis|openehr-ehr-evaluation.problem_diagnosis-sus.v1|openehr-ehr-evaluation.problem_diagnosis-sus.v1/item_tree|structure|at0001|openehr-ehr-evaluation.problem_diagnosis-sus.v1/element|invaded_regional_linphonodes|at0.4|openehr-ehr-evaluation.problem_diagnosis-sus.v1,cooccurrence,0.75,0.21052631578947367,0.588157894736842,0.588157894736842,8
/composition|outpatient_high_complexity_procedures|openehr-ehr-composition.outpatient_high_complexity_procedures.v1|openehr-ehr-composition.outpatient_high_complexity_procedures.v1/evaluation|problem_diagnosis|openehr-ehr-evaluation.problem_diagnosis-sus.v1|openehr-ehr-evaluation.problem_diagnosis-sus.v1/item_tree|structure|at0001|openehr-ehr-evaluation.problem_diagnosis-sus.v1/element|invaded_regional_linphonodes|at0.4|openehr-ehr-evaluation.problem_diagnosis-sus.v1,/composition|outpatient_high_complexity_procedures|openehr-ehr-composition.outpatient_high_complexity_procedures.v1|openehr-ehr-composition.outpatient_high_complexity_procedures.v1/evaluation|problem_diagnosis|openehr-ehr-evaluation.problem_diagnosis-sus.v1|openehr-ehr-evaluation.problem_diagnosis-sus.v1/item_tree|structure|at0001|openehr-ehr-evaluation.problem_diagnosis-sus.v1/element|secondary_diagnosis|at0.1|openehr-ehr-evaluation.problem_diagnosis-sus.v1,cooccurrence,0.75,0.21052631578947367,0.588157894736842,0.588157894736842,8
/composition|outpatient_high_complexity_procedures|openehr-ehr-composition.outpatient_high_complexity_procedures.v1|openehr-ehr-composition.outpatient_high_complexity_procedures.v1/evaluation|problem_diagnosis|openehr-ehr-evaluation.problem_diagnosis-sus.v1|openehr-ehr-evaluation.problem_diagnosis-sus.v1/item_tree|structure|at0001|openehr-ehr-evaluation.problem_diagnosis-sus.v1/element|secondary_diagnosis|at0.1|openehr-ehr-evaluation.problem_diagnosis-sus.v1,/composition|outpatient_high_complexity_procedures|openehr-ehr-composition.outpatient_high_complexity_procedures.v1|openehr-ehr-composition.outpatient_high_complexity_procedures.v1/evaluation|problem_diagnosis|openehr-ehr-evaluation.problem_diagnosis-sus.v1|openehr-ehr-evaluation.problem_diagnosis-sus.v1/item_tree|structure|at0001|openehr-ehr-evaluation.problem_diagnosis-sus.v1/element|invaded_regional_linphonodes|at0.4|openehr-ehr-evaluation.problem_diagnosis-sus.v1,cooccurrence,0.75,0.21052631578947367,0.588157894736842,0.588157894736842,8
/composition|outpatient_high_complexity_procedures|openehr-ehr-composition.outpatient_high_complexity_procedures.v1|openehr-ehr-composition.outpatient_high_complexity_procedures.v1/evaluation|problem_diagnosis|openehr-ehr-evaluation.problem_diagnosis-sus.v1|openehr-ehr-evaluation.problem_diagnosis-sus.v1/item_tree|structure|at0001|openehr-ehr-evaluation.problem_diagnosis-sus.v1/element|problem|at0002.1|openehr-ehr-evaluation.problem_diagnosis-sus.v1,/composition|outpatient_high_complexity_procedures|openehr-ehr-composition.outpatient_high_complexity_procedures.v1|openehr-ehr-composition.outpatient_high_complexity_procedures.v1/evaluation|problem_diagnosis|openehr-ehr-evaluation.problem_diagnosis-sus.v1|openehr-ehr-evaluation.problem_diagnosis-sus.v1/item_tree|structure|at0001|openehr-ehr-evaluation.problem_diagnosis-sus.v1/element|secondary_diagnosis|at0.1|openehr-ehr-evaluation.problem_diagnosis-sus.v1,cooccurrence,0.75,0.7105263157894737,0.738157894736842,0.738157894736842,27
/composition|outpatient_high_complexity_procedures|openehr-ehr-composition.outpatient_high_complexity_procedures.v1|openehr-ehr-composition.outpatient_high_complexity_procedures.v1/evaluation|problem_diagnosis|openehr-ehr-evaluation.problem_diagnosis-sus.v1|openehr-ehr-evaluation.problem_diagnosis-sus.v1/item_tree|structure|at0001|openehr-ehr-evaluation.problem_diagnosis-sus.v1/element|secondary_diagnosis|at0.1|openehr-ehr-evaluation.problem_diagnosis-sus.v1,/composition|outpatient_high_complexity_procedures|openehr-ehr-composition.outpatient_high_complexity_procedures.v1|openehr-ehr-composition.outpatient_high_complexity_procedures.v1/evaluation|problem_diagnosis|openehr-ehr-evaluation.problem_diagnosis-sus.v1|openehr-ehr-evaluation.problem_diagnosis-sus.v1/item_tree|structure|at0001|openehr-ehr-evaluation.problem_diagnosis-sus.v1/element|problem|at0002.1|openehr-ehr-evaluation.problem_diagnosis-sus.v1,cooccurrence,0.75,0.7105263157894737,0.738157894736842,0.738157894736842,27
/composition|outpatient_high_complexity_procedures|openehr-ehr-composition.outpatient_high_complexity_procedures.v1|openehr-ehr-composition.outpatient_high_complexity_procedures.v1/action|procedure_undertaken|openehr-ehr-action.procedure-sus.v1|openehr-ehr-action.procedure-sus.v1/item_tree|procedure_list|at0001|openehr-ehr-action.procedure-sus.v1/element|procedure|at0002|openehr-ehr-action.procedure-sus.v1,/composition|outpatient_high_complexity_procedures|openehr-ehr-composition.outpatient_high_complexity_procedures.v1|openehr-ehr-composition.outpatient_high_complexity_procedures.v1/evaluation|bariatric_surgery_evaluation|openehr-ehr-evaluation.bariatric_surgery_evaluation.v1|openehr-ehr-evaluation.bariatric_surgery_evaluation.v1/item_tree|components|at0001|openehr-ehr-evaluation.bariatric_surgery_evaluation.v1/element|baros_score|at0003|openehr-ehr-evaluation.bariatric_surgery_evaluation.v1,cooccurrence,0.25,0.5,0.325,0.325,19
/composition|outpatient_high_complexity_procedures|openehr-ehr-composition.outpatient_high_complexity_procedures.v1|openehr-ehr-composition.outpatient_high_complexity_procedures.v1/evaluation|bariatric_surgery_evaluation|openehr-ehr-evaluation.bariatric_surgery_evaluation.v1|openehr-ehr-evaluation.bariatric_surgery_evaluation.v1/item_tree|components|at0001|openehr-ehr-evaluation.bariatric_surgery_evaluation.v1/element|baros_score|at0003|openehr-ehr-evaluation.bariatric_surgery_evaluation.v1,/composition|outpatient_high_complexity_procedures|openehr-ehr-composition.outpatient_high_complexity_procedures.v1|openehr-ehr-composition.outpatient_high_complexity_procedures.v1/action|procedure_undertaken|openehr-ehr-action.procedure-sus.v1|openehr-ehr-action.procedure-sus.v1/item_tree|procedure_list|at0001|openehr-ehr-action.procedure-sus.v1/element|procedure|at0002|openehr-ehr-action.procedure-sus.v1,cooccurrence,0.25,0.5,0.325,0.325,19
/composition|outpatient_high_complexity_procedures|openehr-ehr-composition.outpatient_high_complexity_procedures.v1|openehr-ehr-composition.outpatient_high_complexity_procedures.v1/action|procedure_undertaken|openehr-ehr-action.procedure-sus.v1|openehr-ehr-action.procedure-sus.v1/item_tree|procedure_list|at0001|openehr-ehr-action.procedure-sus.v1/element|procedure|at0002|openehr-ehr-action.procedure-sus.v1,/composition|outpatient_high_complexity_procedures|openehr-ehr-composition.outpatient_high_complexity_procedures.v1|openehr-ehr-composition.outpatient_high_complexity_procedures.v1/evaluation|bariatric_surgery_evaluation|openehr-ehr-evaluation.bariatric_surgery_evaluation.v1|openehr-ehr-evaluation.bariatric_surgery_evaluation.v1/item_tree|components|at0001|openehr-ehr-evaluation.bariatric_surgery_evaluation.v1/element|baros_table|at0004|openehr-ehr-evaluation.bariatric_surgery_evaluation.v1,cooccurrence,0.25,0.5,0.325,0.325,19
/composition|outpatient_high_complexity_procedures|openehr-ehr-composition.outpatient_high_complexity_procedures.v1|openehr-ehr-composition.outpatient_high_complexity_procedures.v1/evaluation|bariatric_surgery_evaluation|openehr-ehr-evaluation.bariatric_surgery_evaluation.v1|openehr-ehr-evaluation.bariatric_surgery_evaluation.v1/item_tree|components|at0001|openehr-ehr-evaluation.bariatric_surgery_evaluation.v1/element|baros_table|at0004|openehr-ehr-evaluation.bariatric_surgery_evaluation.v1,/composition|outpatient_high_complexity_procedures|openehr-ehr-composition.outpatient_high_complexity_procedures.v1|openehr-ehr-composition.outpatient_high_complexity_procedures.v1/action|procedure_undertaken|openehr-ehr-action.procedure-sus.v1|openehr-ehr-action.procedure-sus.v1/item_tree|procedure_list|at0001|openehr-ehr-action.procedure-sus.v1/element|procedure|at0002|openehr-ehr-action.procedure-sus.v1,cooccurrence,0.25,0.5,0.325,0.325,19
/composition|outpatient_high_complexity_procedures|openehr-ehr-composition.outpatient_high_complexity_procedures.v1|openehr-ehr-composition.outpatient_high_complexity_procedures.v1/action|procedure_undertaken|openehr-ehr-action.procedure-sus.v1|openehr-ehr-action.procedure-sus.v1/item_tree|procedure_list|at0001|openehr-ehr-action.procedure-sus.v1/element|procedure|at0002|openehr-ehr-action.procedure-sus.v1,/composition|outpatient_high_complexity_procedures|openehr-ehr-composition.outpatient_high_complexity_procedures.v1|openehr-ehr-composition.outpatient_high_complexity_procedures.v1/evaluation|bariatric_surgery_evaluation|openehr-ehr-evaluation.bariatric_surgery_evaluation.v1|openehr-ehr-evaluation.bariatric_surgery_evaluation.v1/item_tree|components|at0001|openehr-ehr-evaluation.bariatric_surgery_evaluation.v1/element|duration_of_follow-up_(months)|at0002|openehr-ehr-evaluation.bariatric_surgery_evaluation.v1,cooccurrence,0.25,0.5,0.325,0.325,19
/composition|outpatient_high_complexity_procedures|openehr-ehr-composition.outpatient_high_complexity_procedures.v1|openehr-ehr-composition.outpatient_high_complexity_procedures.v1/evaluation|bariatric_surgery_evaluation|openehr-ehr-evaluation.bariatric_surgery_evaluation.v1|openehr-ehr-evaluation.bariatric_surgery_evaluation.v1/item_tree|components|at0001|openehr-ehr-evaluation.bariatric_surgery_evaluation.v1/element|duration_of_follow-up_(months)|at0002|openehr-ehr-evaluation.bariatric_surgery_evaluation.v1,/composition|outpatient_high_complexity_procedures|openehr-ehr-composition.outpatient_high_complexity_procedures.v1|openehr-ehr-composition.outpatient_high_complexity_procedures.v1/action|procedure_undertaken|openehr-ehr-action.procedure-sus.v1|openehr-ehr-action.procedure-sus.v1/item_tree|procedure_list|at0001|openehr-ehr-action.procedure-sus.v1/element|procedure|at0002|openehr-ehr-action.procedure-sus.v1,cooccurrence,0.25,0.5,0.325,0.325,19
/composition|outpatient_high_complexity_procedures|openehr-ehr-composition.outpatient_high_complexity_procedures.v1|openehr-ehr-composition.outpatient_high_complexity_procedures.v1/action|procedure_undertaken|openehr-ehr-action.procedure-sus.v1|openehr-ehr-action.procedure-sus.v1/item_tree|procedure_list|at0001|openehr-ehr-action.procedure-sus.v1/element|procedure|at0002|openehr-ehr-action.procedure-sus.v1,/composition|outpatient_high_complexity_procedures|openehr-ehr-composition.outpatient_high_complexity_procedures.v1|openehr-ehr-composition.outpatient_high_complexity_procedures.v1/observation|body_mass_index|openehr-ehr-observation.body_mass_index.v1|openehr-ehr-observation.body_mass_index.v1/none|history|at0001|openehr-ehr-observation.body_mass_index.v1/point_event|any_event|at0002|openehr-ehr-observation.body_mass_index.v1/item_tree|single|at0003|openehr-ehr-observation.body_mass_index.v1/element|body_mass_index|at0004|openehr-ehr-observation.body_mass_index.v1,cooccurrence,0.16666666666666666,0.5,0.26666666666666666,0.26666666666666666,19
/composition|outpatient_high_complexity_procedures|openehr-ehr-composition.outpatient_high_complexity_procedures.v1|openehr-ehr-composition.outpatient_high_complexity_procedures.v1/observation|body_mass_index|openehr-ehr-observation.body_mass_index.v1|openehr-ehr-observation.body_mass_index.v1/none|history|at0001|openehr-ehr-observation.body_mass_index.v1/point_event|any_event|at0002|openehr-ehr-observation.body_mass_index.v1/item_tree|single|at0003|openehr-ehr-observation.body_mass_index.v1/element|body_mass_index|at0004|openehr-ehr-observation.body_mass_index.v1,/composition|outpatient_high_complexity_procedures|openehr-ehr-composition.outpatient_high_complexity_procedures.v1|openehr-ehr-composition.outpatient_high_complexity_procedures.v1/action|procedure_undertaken|openehr-ehr-action.procedure-sus.v1|openehr-ehr-action.procedure-sus.v1/item_tree|procedure_list|at0001|openehr-ehr-action.procedure-sus.v1/element|procedure|at0002|openehr-ehr-action.procedure-sus.v1,cooccurrence,0.16666666666666666,0.5,0.26666666666666666,0.26666666666666666,19
/composition|outpatient_high_complexity_procedures|openehr-ehr-composition.outpatient_high_complexity_procedures.v1|openehr-ehr-composition.outpatient_high_complexity_procedures.v1/admin_entry|hcpa|openehr-ehr-admin_entry.high_complexity_procedures_sus.v1|openehr-ehr-admin_entry.high_complexity_procedures_sus.v1/item_tree|components|at0001|openehr-ehr-admin_entry.high_complexity_procedures_sus.v1/cluster|general_data|at0023|openehr-ehr-admin_entry.high_complexity_procedures_sus.v1/element|healthcare_unit|at0011|openehr-ehr-admin_entry.high_complexity_procedures_sus.v1,/composition|outpatient_high_complexity_procedures|openehr-ehr-composition.outpatient_high_complexity_procedures.v1|openehr-ehr-composition.outpatient_high_complexity_procedures.v1/evaluation|bariatric_surgery_evaluation|openehr-ehr-evaluation.bariatric_surgery_evaluation.v1|openehr-ehr-evaluation.bariatric_surgery_evaluation.v1/item_tree|components|at0001|openehr-ehr-evaluation.bariatric_surgery_evaluation.v1/element|baros_score|at0003|openehr-ehr-evaluation.bariatric_surgery_evaluation.v1,cooccurrence,0.2,0.5,0.29000000000000004,0.29000000000000004,19
/composition|outpatient_high_complexity_procedures|openehr-ehr-composition.outpatient_high_complexity_procedures.v1|openehr-ehr-composition.outpatient_high_complexity_procedures.v1/evaluation|bariatric_surgery_evaluation|openehr-ehr-evaluation.bariatric_surgery_evaluation.v1|openehr-ehr-evaluation.bariatric_surgery_evaluation.v1/item_tree|components|at0001|openehr-ehr-evaluation.bariatric_surgery_evaluation.v1/element|baros_score|at0003|openehr-ehr-evaluation.bariatric_surgery_evaluation.v1,/composition|outpatient_high_complexity_procedures|openehr-ehr-composition.outpatient_high_complexity_procedures.v1|openehr-ehr-composition.outpatient_high_complexity_procedures.v1/admin_entry|hcpa|openehr-ehr-admin_entry.high_complexity_procedures_sus.v1|openehr-ehr-admin_entry.high_complexity_procedures_sus.v1/item_tree|components|at0001|openehr-ehr-admin_entry.high_complexity_procedures_sus.v1/cluster|general_data|at0023|openehr-ehr-admin_entry.high_complexity_procedures_sus.v1/element|healthcare_unit|at0011|openehr-ehr-admin_entry.high_complexity_procedures_sus.v1,cooccurrence,0.2,0.5,0.29000000000000004,0.29000000000000004,19
/composition|outpatient_high_complexity_procedures|openehr-ehr-composition.outpatient_high_complexity_procedures.v1|openehr-ehr-composition.outpatient_high_complexity_procedures.v1/admin_entry|hcpa|openehr-ehr-admin_entry.high_complexity_procedures_sus.v1|openehr-ehr-admin_entry.high_complexity_procedures_sus.v1/item_tree|components|at0001|openehr-ehr-admin_entry.high_complexity_procedures_sus.v1/cluster|general_data|at0023|openehr-ehr-admin_entry.high_complexity_procedures_sus.v1/element|healthcare_unit|at0011|openehr-ehr-admin_entry.high_complexity_procedures_sus.v1,/composition|outpatient_high_complexity_procedures|openehr-ehr-composition.outpatient_high_complexity_procedures.v1|openehr-ehr-composition.outpatient_high_complexity_procedures.v1/evaluation|bariatric_surgery_evaluation|openehr-ehr-evaluation.bariatric_surgery_evaluation.v1|openehr-ehr-evaluation.bariatric_surgery_evaluation.v1/item_tree|components|at0001|openehr-ehr-evaluation.bariatric_surgery_evaluation.v1/element|baros_table|at0004|openehr-ehr-evaluation.bariatric_surgery_evaluation.v1,cooccurrence,0.2,0.5,0.29000000000000004,0.29000000000000004,19
/composition|outpatient_high_complexity_procedures|openehr-ehr-composition.outpatient_high_complexity_procedures.v1|openehr-ehr-composition.outpatient_high_complexity_procedures.v1/evaluation|bariatric_surgery_evaluation|openehr-ehr-evaluation.bariatric_surgery_evaluation.v1|openehr-ehr-evaluation.bariatric_surgery_evaluation.v1/item_tree|components|at0001|openehr-ehr-evaluation.bariatric_surgery_evaluation.v1/element|baros_table|at0004|openehr-ehr-evaluation.bariatric_surgery_evaluation.v1,/composition|outpatient_high_complexity_procedures|openehr-ehr-composition.outpatient_high_complexity_procedures.v1|openehr-ehr-composition.outpatient_high_complexity_procedures.v1/admin_entry|hcpa|openehr-ehr-admin_entry.high_complexity_procedures_sus.v1|openehr-ehr-admin_entry.high_complexity_procedures_sus.v1/item_tree|components|at0001|openehr-ehr-admin_entry.high_complexity_procedures_sus.v1/cluster|general_data|at0023|openehr-ehr-admin_entry.high_complexity_procedures_sus.v1/element|healthcare_unit|at0011|openehr-ehr-admin_entry.high_complexity_procedures_sus.v1,cooccurrence,0.2,0.5,0.29000000000000004,0.29000000000000004,19
/composition|outpatient_high_complexity_procedures|openehr-ehr-composition.outpatient_high_complexity_procedures.v1|openehr-ehr-composition.outpatient_high_complexity_procedures.v1/admin_entry|hcpa|openehr-ehr-admin_entry.high_complexity_procedures_sus.v1|openehr-ehr-admin_entry.high_complexity_procedures_sus.v1/item_tree|components|at0001|openehr-ehr-admin_entry.high_complexity_procedures_sus.v1/cluster|general_data|at0023|openehr-ehr-admin_entry.high_complexity_procedures_sus.v1/element|healthcare_unit|at0011|openehr-ehr-admin_entry.high_complexity_procedures_sus.v1,/composition|outpatient_high_complexity_procedures|openehr-ehr-composition.outpatient_high_complexity_procedures.v1|openehr-ehr-composition.outpatient_high_complexity_procedures.v1/evaluation|bariatric_surgery_evaluation|openehr-ehr-evaluation.bariatric_surgery_evaluation.v1|openehr-ehr-evaluation.bariatric_surgery_evaluation.v1/item_tree|components|at0001|openehr-ehr-evaluation.bariatric_surgery_evaluation.v1/element|duration_of_follow-up_(months)|at0002|openehr-ehr-evaluation.bariatric_surgery_evaluation.v1,cooccurrence,0.2,0.5,0.29000000000000004,0.29000000000000004,19
/composition|outpatient_high_complexity_procedures|openehr-ehr-composition.outpatient_high_complexity_procedures.v1|openehr-ehr-composition.outpatient_high_complexity_procedures.v1/evaluation|bariatric_surgery_evaluation|openehr-ehr-evaluation.bariatric_surgery_evaluation.v1|openehr-ehr-evaluation.bariatric_surgery_evaluation.v1/item_tree|components|at0001|openehr-ehr-evaluation.bariatric_surgery_evaluation.v1/element|duration_of_follow-up_(months)|at0002|openehr-ehr-evaluation.bariatric_surgery_evaluation.v1,/composition|outpatient_high_complexity_procedures|openehr-ehr-composition.outpatient_high_complexity_procedures.v1|openehr-ehr-composition.outpatient_high_complexity_procedures.v1/admin_entry|hcpa|openehr-ehr-admin_entry.high_complexity_procedures_sus.v1|openehr-ehr-admin_entry.high_complexity_procedures_sus.v1/item_tree|components|at0001|openehr-ehr-admin_entry.high_complexity_procedures_sus.v1/cluster|general_data|at0023|openehr-ehr-admin_entry.high_complexity_procedures_sus.v1/element|healthcare_unit|at0011|openehr-ehr-admin_entry.high_complexity_procedures_sus.v1,cooccurrence,0.2,0.5,0.29000000000000004,0.29000000000000004,19
/composition|outpatient_high_complexity_procedures|openehr-ehr-composition.outpatient_high_complexity_procedures.v1|openehr-ehr-composition.outpatient_high_complexity_procedures.v1/admin_entry|hcpa|openehr-ehr-admin_entry.high_complexity_procedures_sus.v1|openehr-ehr-admin_entry.high_complexity_procedures_sus.v1/item_tree|components|at0001|openehr-ehr-admin_entry.high_complexity_procedures_sus.v1/cluster|general_data|at0023|openehr-ehr-admin_entry.high_complexity_procedures_sus.v1/element|healthcare_unit|at0011|openehr-ehr-admin_entry.high_complexity_procedures_sus.v1,/composition|outpatient_high_complexity_procedures|openehr-ehr-composition.outpatient_high_complexity_procedures.v1|openehr-ehr-composition.outpatient_high_complexity_procedures.v1/observation|body_mass_index|openehr-ehr-observation.body_mass_index.v1|openehr-ehr-observation.body_mass_index.v1/none|history|at0001|openehr-ehr-observation.body_mass_index.v1/point_event|any_event|at0002|openehr-ehr-observation.body_mass_index.v1/item_tree|single|at0003|openehr-ehr-observation.body_mass_index.v1/element|body_mass_index|at0004|openehr-ehr-observation.body_mass_index.v1,cooccurrence,0.16666666666666666,0.5,0.26666666666666666,0.26666666666666666,19
/composition|outpatient_high_complexity_procedures|openehr-ehr-composition.outpatient_high_complexity_procedures.v1|openehr-ehr-composition.outpatient_high_complexity_procedures.v1/observation|body_mass_index|openehr-ehr-observation.body_mass_index.v1|openehr-ehr-observation.body_mass_index.v1/none|history|at0001|openehr-ehr-observation.body_mass_index.v1/point_event|any_event|at0002|openehr-ehr-observation.body_mass_index.v1/item_tree|single|at0003|openehr-ehr-observation.body_mass_index.v1/element|body_mass_index|at0004|openehr-ehr-observation.body_mass_index.v1,/composition|outpatient_high_complexity_procedures|openehr-ehr-composition.outpatient_high_complexity_procedures.v1|openehr-ehr-composition.outpatient_high_complexity_procedures.v1/admin_entry|hcpa|openehr-ehr-admin_entry.high_complexity_procedures_sus.v1|openehr-ehr-admin_entry.high_complexity_procedures_sus.v1/item_tree|components|at0001|openehr-ehr-admin_entry.high_complexity_procedures_sus.v1/cluster|general_data|at0023|openehr-ehr-admin_entry.high_complexity_procedures_sus.v1/element|healthcare_unit|at0011|openehr-ehr-admin_entry.high_complexity_procedures_sus.v1,cooccurrence,0.16666666666666666,0.5,0.26666666666666666,0.26666666666666666,19
/composition|outpatient_high_complexity_procedures|openehr-ehr-composition.outpatient_high_complexity_procedures.v1|openehr-ehr-composition.outpatient_high_complexity_procedures.v1/admin_entry|hcpa|openehr-ehr-admin_entry.high_complexity_procedures_sus.v1|openehr-ehr-admin_entry.high_complexity_procedures_sus.v1/item_tree|components|at0001|openehr-ehr-admin_entry.high_complexity_procedures_sus.v1/cluster|general_data|at0023|openehr-ehr-admin_entry.high_complexity_procedures_sus.v1/element|issue_date|at0009|openehr-ehr-admin_entry.high_complexity_procedures_sus.v1,/composition|outpatient_high_complexity_procedures|openehr-ehr-composition.outpatient_high_complexity_procedures.v1|openehr-ehr-composition.outpatient_high_complexity_procedures.v1/evaluation|bariatric_surgery_evaluation|openehr-ehr-evaluation.bariatric_surgery_evaluation.v1|openehr-ehr-evaluation.bariatric_surgery_evaluation.v1/item_tree|components|at0001|openehr-ehr-evaluation.bariatric_surgery_evaluation.v1/element|baros_score|at0003|openehr-ehr-evaluation.bariatric_surgery_evaluation.v1,cooccurrence,0.2,0.5,0.29000000000000004,0.29000000000000004,19
/composition|outpatient_high_complexity_procedures|openehr-ehr-composition.outpatient_high_complexity_procedures.v1|openehr-ehr-composition.outpatient_high_complexity_procedures.v1/evaluation|bariatric_surgery_evaluation|openehr-ehr-evaluation.bariatric_surgery_evaluation.v1|openehr-ehr-evaluation.bariatric_surgery_evaluation.v1/item_tree|components|at0001|openehr-ehr-evaluation.bariatric_surgery_evaluation.v1/element|baros_score|at0003|openehr-ehr-evaluation.bariatric_surgery_evaluation.v1,/composition|outpatient_high_complexity_procedures|openehr-ehr-composition.outpatient_high_complexity_procedures.v1|openehr-ehr-composition.outpatient_high_complexity_procedures.v1/admin_entry|hcpa|openehr-ehr-admin_entry.high_complexity_procedures_sus.v1|openehr-ehr-admin_entry.high_complexity_procedures_sus.v1/item_tree|components|at0001|openehr-ehr-admin_entry.high_complexity_procedures_sus.v1/cluster|general_data|at0023|openehr-ehr-admin_entry.high_complexity_procedures_sus.v1/element|issue_date|at0009|openehr-ehr-admin_entry.high_complexity_procedures_sus.v1,cooccurrence,0.2,0.5,0.29000000000000004,0.29000000000000004,19
/composition|outpatient_high_complexity_procedures|openehr-ehr-composition.outpatient_high_complexity_procedures.v1|openehr-ehr-composition.outpatient_high_complexity_procedures.v1/admin_entry|hcpa|openehr-ehr-admin_entry.high_complexity_procedures_sus.v1|openehr-ehr-admin_entry.high_complexity_procedures_sus.v1/item_tree|components|at0001|openehr-ehr-admin_entry.high_complexity_procedures_sus.v1/cluster|general_data|at0023|openehr-ehr-admin_entry.high_complexity_procedures_sus.v1/element|issue_date|at0009|openehr-ehr-admin_entry.high_complexity_procedures_sus.v1,/composition|outpatient_high_complexity_procedures|openehr-ehr-composition.outpatient_high_complexity_procedures.v1|openehr-ehr-composition.outpatient_high_complexity_procedures.v1/evaluation|bariatric_surgery_evaluation|openehr-ehr-evaluation.bariatric_surgery_evaluation.v1|openehr-ehr-evaluation.bariatric_surgery_evaluation.v1/item_tree|components|at0001|openehr-ehr-evaluation.bariatric_surgery_evaluation.v1/element|baros_table|at0004|openehr-ehr-evaluation.bariatric_surgery_evaluation.v1,cooccurrence,0.2,0.5,0.29000000000000004,0.29000000000000004,19
/composition|outpatient_high_complexity_procedures|openehr-ehr-composition.outpatient_high_complexity_procedures.v1|openehr-ehr-composition.outpatient_high_complexity_procedures.v1/evaluation|bariatric_surgery_evaluation|openehr-ehr-evaluation.bariatric_surgery_evaluation.v1|openehr-ehr-evaluation.bariatric_surgery_evaluation.v1/item_tree|components|at0001|openehr-ehr-evaluation.bariatric_surgery_evaluation.v1/element|baros_table|at0004|openehr-ehr-evaluation.bariatric_surgery_evaluation.v1,/composition|outpatient_high_complexity_procedures|openehr-ehr-composition.outpatient_high_complexity_procedures.v1|openehr-ehr-composition.outpatient_high_complexity_procedures.v1/admin_entry|hcpa|openehr-ehr-admin_entry.high_complexity_procedures_sus.v1|openehr-ehr-admin_entry.high_complexity_procedures_sus.v1/item_tree|components|at0001|openehr-ehr-admin_entry.high_complexity_procedures_sus.v1/cluster|general_data|at0023|openehr-ehr-admin_entry.high_complexity_procedures_sus.v1/element|issue_date|at0009|openehr-ehr-admin_entry.high_complexity_procedures_sus.v1,cooccurrence,0.2,0.5,0.29000000000000004,0.29000000000000004,19
/composition|outpatient_high_complexity_procedures|openehr-ehr-composition.outpatient_high_complexity_procedures.v1|openehr-ehr-composition.outpatient_high_complexity_procedures.v1/admin_entry|hcpa|openehr-ehr-admin_entry.high_complexity_procedures_sus.v1|openehr-ehr-admin_entry.high_complexity_procedures_sus.v1/item_tree|components|at0001|openehr-ehr-admin_entry.high_complexity_procedures_sus.v1/cluster|general_data|at0023|openehr-ehr-admin_entry.high_complexity_procedures_sus.v1/element|issue_date|at0009|openehr-ehr-admin_entry.high_complexity_procedures_sus.v1,/composition|outpatient_high_complexity_procedures|openehr-ehr-composition.outpatient_high_complexity_procedures.v1|openehr-ehr-composition.outpatient_high_complexity_procedures.v1/evaluation|bariatric_surgery_evaluation|openehr-ehr-evaluation.bariatric_surgery_evaluation.v1|openehr-ehr-evaluation.bariatric_surgery_evaluation.v1/item_tree|components|at0001|openehr-ehr-evaluation.bariatric_surgery_evaluation.v1/element|duration_of_follow-up_(months)|at0002|openehr-ehr-evaluation.bariatric_surgery_evaluation.v1,cooccurrence,0.2,0.5,0.29000000000000004,0.29000000000000004,19
/composition|outpatient_high_complexity_procedures|openehr-ehr-composition.outpatient_high_complexity_procedures.v1|openehr-ehr-composition.outpatient_high_complexity_procedures.v1/evaluation|bariatric_surgery_evaluation|openehr-ehr-evaluation.bariatric_surgery_evaluation.v1|openehr-ehr-evaluation.bariatric_surgery_evaluation.v1/item_tree|components|at0001|openehr-ehr-evaluation.bariatric_surgery_evaluation.v1/element|duration_of_follow-up_(months)|at0002|openehr-ehr-evaluation.bariatric_surgery_evaluation.v1,/composition|outpatient_high_complexity_procedures|openehr-ehr-composition.outpatient_high_complexity_procedures.v1|openehr-ehr-composition.outpatient_high_complexity_procedures.v1/admin_entry|hcpa|openehr-ehr-admin_entry.high_complexity_procedures_sus.v1|openehr-ehr-admin_entry.high_complexity_procedures_sus.v1/item_tree|components|at0001|openehr-ehr-admin_entry.high_complexity_procedures_sus.v1/cluster|general_data|at0023|openehr-ehr-admin_entry.high_complexity_procedures_sus.v1/element|issue_date|at0009|openehr-ehr-admin_entry.high_complexity_procedures_sus.v1,cooccurrence,0.2,0.5,0.29000000000000004,0.29000000000000004,19
/composition|outpatient_high_complexity_procedures|openehr-ehr-composition.outpatient_high_complexity_procedures.v1|openehr-ehr-composition.outpatient_high_complexity_procedures.v1/admin_entry|hcpa|openehr-ehr-admin_entry.high_complexity_procedures_sus.v1|openehr-ehr-admin_entry.high_complexity_procedures_sus.v1/item_tree|components|at0001|openehr-ehr-admin_entry.high_complexity_procedures_sus.v1/cluster|general_data|at0023|openehr-ehr-admin_entry.high_complexity_procedures_sus.v1/element|issue_date|at0009|openehr-ehr-admin_entry.high_complexity_procedures_sus.v1,/composition|outpatient_high_complexity_procedures|openehr-ehr-composition.outpatient_high_complexity_procedures.v1|openehr-ehr-composition.outpatient_high_complexity_procedures.v1/observation|body_mass_index|openehr-ehr-observation.body_mass_index.v1|openehr-ehr-observation.body_mass_index.v1/none|history|at0001|openehr-ehr-observation.body_mass_index.v1/point_event|any_event|at0002|openehr-ehr-observation.body_mass_index.v1/item_tree|single|at0003|openehr-ehr-observation.body_mass_index.v1/element|body_mass_index|at0004|openehr-ehr-observation.body_mass_index.v1,cooccurrence,0.16666666666666666,0.5,0.26666666666666666,0.26666666666666666,19
/composition|outpatient_high_complexity_procedures|openehr-ehr-composition.outpatient_high_complexity_procedures.v1|openehr-ehr-composition.outpatient_high_complexity_procedures.v1/observation|body_mass_index|openehr-ehr-observation.body_mass_index.v1|openehr-ehr-observation.body_mass_index.v1/none|history|at0001|openehr-ehr-observation.body_mass_index.v1/point_event|any_event|at0002|openehr-ehr-observation.body_mass_index.v1/item_tree|single|at0003|openehr-ehr-observation.body_mass_index.v1/element|body_mass_index|at0004|openehr-ehr-observation.body_mass_index.v1,/composition|outpatient_high_complexity_procedures|openehr-ehr-composition.outpatient_high_complexity_procedures.v1|openehr-ehr-composition.outpatient_high_complexity_procedures.v1/admin_entry|hcpa|openehr-ehr-admin_entry.high_complexity_procedures_sus.v1|openehr-ehr-admin_entry.high_complexity_procedures_sus.v1/item_tree|components|at0001|openehr-ehr-admin_entry.high_complexity_procedures_sus.v1/cluster|general_data|at0023|openehr-ehr-admin_entry.high_complexity_procedures_sus.v1/element|issue_date|at0009|openehr-ehr-admin_entry.high_complexity_procedures_sus.v1,cooccurrence,0.16666666666666666,0.5,0.26666666666666666,0.26666666666666666,19
/composition|outpatient_high_complexity_procedures|openehr-ehr-composition.outpatient_high_complexity_procedures.v1|openehr-ehr-composition.outpatient_high_complexity_procedures.v1/admin_entry|hcpa|openehr-ehr-admin_entry.high_complexity_procedures_sus.v1|openehr-ehr-admin_entry.high_complexity_procedures_sus.v1/item_tree|components|at0001|openehr-ehr-admin_entry.high_complexity_procedures_sus.v1/cluster|general_data|at0023|openehr-ehr-admin_entry.high_complexity_procedures_sus.v1/element|patient_age|at0012|openehr-ehr-admin_entry.high_complexity_procedures_sus.v1,/composition|outpatient_high_complexity_procedures|openehr-ehr-composition.outpatient_high_complexity_procedures.v1|openehr-ehr-composition.outpatient_high_complexity_procedures.v1/evaluation|bariatric_surgery_evaluation|openehr-ehr-evaluation.bariatric_surgery_evaluation.v1|openehr-ehr-evaluation.bariatric_surgery_evaluation.v1/item_tree|components|at0001|openehr-ehr-evaluation.bariatric_surgery_evaluation.v1/element|baros_score|at0003|openehr-ehr-evaluation.bariatric_surgery_evaluation.v1,cooccurrence,0.2,0.5,0.29000000000000004,0.29000000000000004,19
/composition|outpatient_high_complexity_procedures|openehr-ehr-composition.outpatient_high_complexity_procedures.v1|openehr-ehr-composition.outpatient_high_complexity_procedures.v1/evaluation|bariatric_surgery_evaluation|openehr-ehr-evaluation.bariatric_surgery_evaluation.v1|openehr-ehr-evaluation.bariatric_surgery_evaluation.v1/item_tree|components|at0001|openehr-ehr-evaluation.bariatric_surgery_evaluation.v1/element|baros_score|at0003|openehr-ehr-evaluation.bariatric_surgery_evaluation.v1,/composition|outpatient_high_complexity_procedures|openehr-ehr-composition.outpatient_high_complexity_procedures.v1|openehr-ehr-composition.outpatient_high_complexity_procedures.v1/admin_entry|hcpa|openehr-ehr-admin_entry.high_complexity_procedures_sus.v1|openehr-ehr-admin_entry.high_complexity_procedures_sus.v1/item_tree|components|at0001|openehr-ehr-admin_entry.high_complexity_procedures_sus.v1/cluster|general_data|at0023|openehr-ehr-admin_entry.high_complexity_procedures_sus.v1/element|patient_age|at0012|openehr-ehr-admin_entry.high_complexity_procedures_sus.v1,cooccurrence,0.2,0.5,0.29000000000000004,0.29000000000000004,19
/composition|outpatient_high_complexity_procedures|openehr-ehr-composition.outpatient_high_complexity_procedures.v1|openehr-ehr-composition.outpatient_high_complexity_procedures.v1/admin_entry|hcpa|openehr-ehr-admin_entry.high_complexity_procedures_sus.v1|openehr-ehr-admin_entry.high_complexity_procedures_sus.v1/item_tree|components|at0001|openehr-ehr-admin_entry.high_complexity_procedures_sus.v1/cluster|general_data|at0023|openehr-ehr-admin_entry.high_complexity_procedures_sus.v1/element|patient_age|at0012|openehr-ehr-admin_entry.high_complexity_procedures_sus.v1,/composition|outpatient_high_complexity_procedures|openehr-ehr-composition.outpatient_high_complexity_procedures.v1|openehr-ehr-composition.outpatient_high_complexity_procedures.v1/evaluation|bariatric_surgery_evaluation|openehr-ehr-evaluation.bariatric_surgery_evaluation.v1|openehr-ehr-evaluation.bariatric_surgery_evaluation.v1/item_tree|components|at0001|openehr-ehr-evaluation.bariatric_surgery_evaluation.v1/element|baros_table|at0004|openehr-ehr-evaluation.bariatric_surgery_evaluation.v1,cooccurrence,0.2,0.5,0.29000000000000004,0.29000000000000004,19
/composition|outpatient_high_complexity_procedures|openehr-ehr-composition.outpatient_high_complexity_procedures.v1|openehr-ehr-composition.outpatient_high_complexity_procedures.v1/evaluation|bariatric_surgery_evaluation|openehr-ehr-evaluation.bariatric_surgery_evaluation.v1|openehr-ehr-evaluation.bariatric_surgery_evaluation.v1/item_tree|components|at0001|openehr-ehr-evaluation.bariatric_surgery_evaluation.v1/element|baros_table|at0004|openehr-ehr-evaluation.bariatric_surgery_evaluation.v1,/composition|outpatient_high_complexity_procedures|openehr-ehr-composition.outpatient_high_complexity_procedures.v1|openehr-ehr-composition.outpatient_high_complexity_procedures.v1/admin_entry|hcpa|openehr-ehr-admin_entry.high_complexity_procedures_sus.v1|openehr-ehr-admin_entry.high_complexity_procedures_sus.v1/item_tree|components|at0001|openehr-ehr-admin_entry.high_complexity_procedures_sus.v1/cluster|general_data|at0023|openehr-ehr-admin_entry.high_complexity_procedures_sus.v1/element|patient_age|at0012|openehr-ehr-admin_entry.high_complexity_procedures_sus.v1,cooccurrence,0.2,0.5,0.29000000000000004,0.29000000000000004,19
/composition|outpatient_high_complexity_procedures|openehr-ehr-composition.outpatient_high_complexity_procedures.v1|openehr-ehr-composition.outpatient_high_complexity_procedures.v1/admin_entry|hcpa|openehr-ehr-admin_entry.high_complexity_procedures_sus.v1|openehr-ehr-admin_entry.high_complexity_procedures_sus.v1/item_tree|components|at0001|openehr-ehr-admin_entry.high_complexity_procedures_sus.v1/cluster|general_data|at0023|openehr-ehr-admin_entry.high_complexity_procedures_sus.v1/element|patient_age|at0012|openehr-ehr-admin_entry.high_complexity_procedures_sus.v1,/composition|outpatient_high_complexity_procedures|openehr-ehr-composition.outpatient_high_complexity_procedures.v1|openehr-ehr-composition.outpatient_high_complexity_procedures.v1/evaluation|bariatric_surgery_evaluation|openehr-ehr-evaluation.bariatric_surgery_evaluation.v1|openehr-ehr-evaluation.bariatric_surgery_evaluation.v1/item_tree|components|at0001|openehr-ehr-evaluation.bariatric_surgery_evaluation.v1/element|duration_of_follow-up_(months)|at0002|openehr-ehr-evaluation.bariatric_surgery_evaluation.v1,cooccurrence,0.2,0.5,0.29000000000000004,0.29000000000000004,19
/composition|outpatient_high_complexity_procedures|openehr-ehr-composition.outpatient_high_complexity_procedures.v1|openehr-ehr-composition.outpatient_high_complexity_procedures.v1/evaluation|bariatric_surgery_evaluation|openehr-ehr-evaluation.bariatric_surgery_evaluation.v1|openehr-ehr-evaluation.bariatric_surgery_evaluation.v1/item_tree|components|at0001|openehr-ehr-evaluation.bariatric_surgery_evaluation.v1/element|duration_of_follow-up_(months)|at0002|openehr-ehr-evaluation.bariatric_surgery_evaluation.v1,/composition|outpatient_high_complexity_procedures|openehr-ehr-composition.outpatient_high_complexity_procedures.v1|openehr-ehr-composition.outpatient_high_complexity_procedures.v1/admin_entry|hcpa|openehr-ehr-admin_entry.high_complexity_procedures_sus.v1|openehr-ehr-admin_entry.high_complexity_procedures_sus.v1/item_tree|components|at0001|openehr-ehr-admin_entry.high_complexity_procedures_sus.v1/cluster|general_data|at0023|openehr-ehr-admin_entry.high_complexity_procedures_sus.v1/element|patient_age|at0012|openehr-ehr-admin_entry.high_complexity_procedures_sus.v1,cooccurrence,0.2,0.5,0.29000000000000004,0.29000000000000004,19
/composition|outpatient_high_complexity_procedures|openehr-ehr-composition.outpatient_high_complexity_procedures.v1|openehr-ehr-composition.outpatient_high_complexity_procedures.v1/admin_entry|hcpa|openehr-ehr-admin_entry.high_complexity_procedures_sus.v1|openehr-ehr-admin_entry.high_complexity_procedures_sus.v1/item_tree|components|at0001|openehr-ehr-admin_entry.high_complexity_procedures_sus.v1/cluster|general_data|at0023|openehr-ehr-admin_entry.high_complexity_procedures_sus.v1/element|patient_age|at0012|openehr-ehr-admin_entry.high_complexity_procedures_sus.v1,/composition|outpatient_high_complexity_procedures|openehr-ehr-composition.outpatient_high_complexity_procedures.v1|openehr-ehr-composition.outpatient_high_complexity_procedures.v1/observation|body_mass_index|openehr-ehr-observation.body_mass_index.v1|openehr-ehr-observation.body_mass_index.v1/none|history|at0001|openehr-ehr-observation.body_mass_index.v1/point_event|any_event|at0002|openehr-ehr-observation.body_mass_index.v1/item_tree|single|at0003|openehr-ehr-observation.body_mass_index.v1/element|body_mass_index|at0004|openehr-ehr-observation.body_mass_index.v1,cooccurrence,0.16666666666666666,0.5,0.26666666666666666,0.26666666666666666,19
/composition|outpatient_high_complexity_procedures|openehr-ehr-composition.outpatient_high_complexity_procedures.v1|openehr-ehr-composition.outpatient_high_complexity_procedures.v1/observation|body_mass_index|openehr-ehr-observation.body_mass_index.v1|openehr-ehr-observation.body_mass_index.v1/none|history|at0001|openehr-ehr-observation.body_mass_index.v1/point_event|any_event|at0002|openehr-ehr-observation.body_mass_index.v1/item_tree|single|at0003|openehr-ehr-observation.body_mass_index.v1/element|body_mass_index|at0004|openehr-ehr-observation.body_mass_index.v1,/composition|outpatient_high_complexity_procedures|openehr-ehr-composition.outpatient_high_complexity_procedures.v1|openehr-ehr-composition.outpatient_high_complexity_procedures.v1/admin_entry|hcpa|openehr-ehr-admin_entry.high_complexity_procedures_sus.v1|openehr-ehr-admin_entry.high_complexity_procedures_sus.v1/item_tree|components|at0001|openehr-ehr-admin_entry.high_complexity_procedures_sus.v1/cluster|general_data|at0023|openehr-ehr-admin_entry.high_complexity_procedures_sus.v1/element|patient_age|at0012|openehr-ehr-admin_entry.high_complexity_procedures_sus.v1,cooccurrence,0.16666666666666666,0.5,0.26666666666666666,0.26666666666666666,19
/composition|outpatient_high_complexity_procedures|openehr-ehr-composition.outpatient_high_complexity_procedures.v1|openehr-ehr-composition.outpatient_high_complexity_procedures.v1/admin_entry|hcpa|openehr-ehr-admin_entry.high_complexity_procedures_sus.v1|openehr-ehr-admin_entry.high_complexity_procedures_sus.v1/item_tree|components|at0001|openehr-ehr-admin_entry.high_complexity_procedures_sus.v1/cluster|general_data|at0023|openehr-ehr-admin_entry.high_complexity_procedures_sus.v1/element|reason_for_encounter|at0010|openehr-ehr-admin_entry.high_complexity_procedures_sus.v1,/composition|outpatient_high_complexity_procedures|openehr-ehr-composition.outpatient_high_complexity_procedures.v1|openehr-ehr-composition.outpatient_high_complexity_procedures.v1/evaluation|bariatric_surgery_evaluation|openehr-ehr-evaluation.bariatric_surgery_evaluation.v1|openehr-ehr-evaluation.bariatric_surgery_evaluation.v1/item_tree|components|at0001|openehr-ehr-evaluation.bariatric_surgery_evaluation.v1/element|baros_score|at0003|openehr-ehr-evaluation.bariatric_surgery_evaluation.v1,cooccurrence,0.2,0.5,0.29000000000000004,0.29000000000000004,19
/composition|outpatient_high_complexity_procedures|openehr-ehr-composition.outpatient_high_complexity_procedures.v1|openehr-ehr-composition.outpatient_high_complexity_procedures.v1/evaluation|bariatric_surgery_evaluation|openehr-ehr-evaluation.bariatric_surgery_evaluation.v1|openehr-ehr-evaluation.bariatric_surgery_evaluation.v1/item_tree|components|at0001|openehr-ehr-evaluation.bariatric_surgery_evaluation.v1/element|baros_score|at0003|openehr-ehr-evaluation.bariatric_surgery_evaluation.v1,/composition|outpatient_high_complexity_procedures|openehr-ehr-composition.outpatient_high_complexity_procedures.v1|openehr-ehr-composition.outpatient_high_complexity_procedures.v1/admin_entry|hcpa|openehr-ehr-admin_entry.high_complexity_procedures_sus.v1|openehr-ehr-admin_entry.high_complexity_procedures_sus.v1/item_tree|components|at0001|openehr-ehr-admin_entry.high_complexity_procedures_sus.v1/cluster|general_data|at0023|openehr-ehr-admin_entry.high_complexity_procedures_sus.v1/element|reason_for_encounter|at0010|openehr-ehr-admin_entry.high_complexity_procedures_sus.v1,cooccurrence,0.2,0.5,0.29000000000000004,0.29000000000000004,19
/composition|outpatient_high_complexity_procedures|openehr-ehr-composition.outpatient_high_complexity_procedures.v1|openehr-ehr-composition.outpatient_high_complexity_procedures.v1/admin_entry|hcpa|openehr-ehr-admin_entry.high_complexity_procedures_sus.v1|openehr-ehr-admin_entry.high_complexity_procedures_sus.v1/item_tree|components|at0001|openehr-ehr-admin_entry.high_complexity_procedures_sus.v1/cluster|general_data|at0023|openehr-ehr-admin_entry.high_complexity_procedures_sus.v1/element|reason_for_encounter|at0010|openehr-ehr-admin_entry.high_complexity_procedures_sus.v1,/composition|outpatient_high_complexity_procedures|openehr-ehr-composition.outpatient_high_complexity_procedures.v1|openehr-ehr-composition.outpatient_high_complexity_procedures.v1/evaluation|bariatric_surgery_evaluation|openehr-ehr-evaluation.bariatric_surgery_evaluation.v1|openehr-ehr-evaluation.bariatric_surgery_evaluation.v1/item_tree|components|at0001|openehr-ehr-evaluation.bariatric_surgery_evaluation.v1/element|baros_table|at0004|openehr-ehr-evaluation.bariatric_surgery_evaluation.v1,cooccurrence,0.2,0.5,0.29000000000000004,0.29000000000000004,19
/composition|outpatient_high_complexity_procedures|openehr-ehr-composition.outpatient_high_complexity_procedures.v1|openehr-ehr-composition.outpatient_high_complexity_procedures.v1/evaluation|bariatric_surgery_evaluation|openehr-ehr-evaluation.bariatric_surgery_evaluation.v1|openehr-ehr-evaluation.bariatric_surgery_evaluation.v1/item_tree|components|at0001|openehr-ehr-evaluation.bariatric_surgery_evaluation.v1/element|baros_table|at0004|openehr-ehr-evaluation.bariatric_surgery_evaluation.v1,/composition|outpatient_high_complexity_procedures|openehr-ehr-composition.outpatient_high_complexity_procedures.v1|openehr-ehr-composition.outpatient_high_complexity_procedures.v1/admin_entry|hcpa|openehr-ehr-admin_entry.high_complexity_procedures_sus.v1|openehr-ehr-admin_entry.high_complexity_procedures_sus.v1/item_tree|components|at0001|openehr-ehr-admin_entry.high_complexity_procedures_sus.v1/cluster|general_data|at0023|openehr-ehr-admin_entry.high_complexity_procedures_sus.v1/element|reason_for_encounter|at0010|openehr-ehr-admin_entry.high_complexity_procedures_sus.v1,cooccurrence,0.2,0.5,0.29000000000000004,0.29000000000000004,19
/composition|outpatient_high_complexity_procedures|openehr-ehr-composition.outpatient_high_complexity_procedures.v1|openehr-ehr-composition.outpatient_high_complexity_procedures.v1/admin_entry|hcpa|openehr-ehr-admin_entry.high_complexity_procedures_sus.v1|openehr-ehr-admin_entry.high_complexity_procedures_sus.v1/item_tree|components|at0001|openehr-ehr-admin_entry.high_complexity_procedures_sus.v1/cluster|general_data|at0023|openehr-ehr-admin_entry.high_complexity_procedures_sus.v1/element|reason_for_encounter|at0010|openehr-ehr-admin_entry.high_complexity_procedures_sus.v1,/composition|outpatient_high_complexity_procedures|openehr-ehr-composition.outpatient_high_complexity_procedures.v1|openehr-ehr-composition.outpatient_high_complexity_procedures.v1/evaluation|bariatric_surgery_evaluation|openehr-ehr-evaluation.bariatric_surgery_evaluation.v1|openehr-ehr-evaluation.bariatric_surgery_evaluation.v1/item_tree|components|at0001|openehr-ehr-evaluation.bariatric_surgery_evaluation.v1/element|duration_of_follow-up_(months)|at0002|openehr-ehr-evaluation.bariatric_surgery_evaluation.v1,cooccurrence,0.2,0.5,0.29000000000000004,0.29000000000000004,19
/composition|outpatient_high_complexity_procedures|openehr-ehr-composition.outpatient_high_complexity_procedures.v1|openehr-ehr-composition.outpatient_high_complexity_procedures.v1/evaluation|bariatric_surgery_evaluation|openehr-ehr-evaluation.bariatric_surgery_evaluation.v1|openehr-ehr-evaluation.bariatric_surgery_evaluation.v1/item_tree|components|at0001|openehr-ehr-evaluation.bariatric_surgery_evaluation.v1/element|duration_of_follow-up_(months)|at0002|openehr-ehr-evaluation.bariatric_surgery_evaluation.v1,/composition|outpatient_high_complexity_procedures|openehr-ehr-composition.outpatient_high_complexity_procedures.v1|openehr-ehr-composition.outpatient_high_complexity_procedures.v1/admin_entry|hcpa|openehr-ehr-admin_entry.high_complexity_procedures_sus.v1|openehr-ehr-admin_entry.high_complexity_procedures_sus.v1/item_tree|components|at0001|openehr-ehr-admin_entry.high_complexity_procedures_sus.v1/cluster|general_data|at0023|openehr-ehr-admin_entry.high_complexity_procedures_sus.v1/element|reason_for_encounter|at0010|openehr-ehr-admin_entry.high_complexity_procedures_sus.v1,cooccurrence,0.2,0.5,0.29000000000000004,0.29000000000000004,19
/composition|outpatient_high_complexity_procedures|openehr-ehr-composition.outpatient_high_complexity_procedures.v1|openehr-ehr-composition.outpatient_high_complexity_procedures.v1/admin_entry|hcpa|openehr-ehr-admin_entry.high_complexity_procedures_sus.v1|openehr-ehr-admin_entry.high_complexity_procedures_sus.v1/item_tree|components|at0001|openehr-ehr-admin_entry.high_complexity_procedures_sus.v1/cluster|general_data|at0023|openehr-ehr-admin_entry.high_complexity_procedures_sus.v1/element|reason_for_encounter|at0010|openehr-ehr-admin_entry.high_complexity_procedures_sus.v1,/composition|outpatient_high_complexity_procedures|openehr-ehr-composition.outpatient_high_complexity_procedures.v1|openehr-ehr-composition.outpatient_high_complexity_procedures.v1/observation|body_mass_index|openehr-ehr-observation.body_mass_index.v1|openehr-ehr-observation.body_mass_index.v1/none|history|at0001|openehr-ehr-observation.body_mass_index.v1/point_event|any_event|at0002|openehr-ehr-observation.body_mass_index.v1/item_tree|single|at0003|openehr-ehr-observation.body_mass_index.v1/element|body_mass_index|at0004|openehr-ehr-observation.body_mass_index.v1,cooccurrence,0.16666666666666666,0.5,0.26666666666666666,0.26666666666666666,19
/composition|outpatient_high_complexity_procedures|openehr-ehr-composition.outpatient_high_complexity_procedures.v1|openehr-ehr-composition.outpatient_high_complexity_procedures.v1/observation|body_mass_index|openehr-ehr-observation.body_mass_index.v1|openehr-ehr-observation.body_mass_index.v1/none|history|at0001|openehr-ehr-observation.body_mass_index.v1/point_event|any_event|at0002|openehr-ehr-observation.body_mass_index.v1/item_tree|single|at0003|openehr-ehr-observation.body_mass_index.v1/element|body_mass_index|at0004|openehr-ehr-observation.body_mass_index.v1,/composition|outpatient_high_complexity_procedures|openehr-ehr-composition.outpatient_high_complexity_procedures.v1|openehr-ehr-composition.outpatient_high_complexity_procedures.v1/admin_entry|hcpa|openehr-ehr-admin_entry.high_complexity_procedures_sus.v1|openehr-ehr-admin_entry.high_complexity_procedures_sus.v1/item_tree|components|at0001|openehr-ehr-admin_entry.high_complexity_procedures_sus.v1/cluster|general_data|at0023|openehr-ehr-admin_entry.high_complexity_procedures_sus.v1/element|reason_for_encounter|at0010|openehr-ehr-admin_entry.high_complexity_procedures_sus.v1,cooccurrence,0.16666666666666666,0.5,0.26666666666666666,0.26666666666666666,19
/composition|outpatient_high_complexity_procedures|openehr-ehr-composition.outpatient_high_complexity_procedures.v1|openehr-ehr-composition.outpatient_high_complexity_procedures.v1/admin_entry|hcpa|openehr-ehr-admin_entry.high_complexity_procedures_sus.v1|openehr-ehr-admin_entry.high_complexity_procedures_sus.v1/item_tree|components|at0001|openehr-ehr-admin_entry.high_complexity_procedures_sus.v1/cluster|general_data|at0023|openehr-ehr-admin_entry.high_complexity_procedures_sus.v1/element|state|at0028|openehr-ehr-admin_entry.high_complexity_procedures_sus.v1,/composition|outpatient_high_complexity_procedures|openehr-ehr-composition.outpatient_high_complexity_procedures.v1|openehr-ehr-composition.outpatient_high_complexity_procedures.v1/evaluation|bariatric_surgery_evaluation|openehr-ehr-evaluation.bariatric_surgery_evaluation.v1|openehr-ehr-evaluation.bariatric_surgery_evaluation.v1/item_tree|components|at0001|openehr-ehr-evaluation.bariatric_surgery_evaluation.v1/element|baros_score|at0003|openehr-ehr-evaluation.bariatric_surgery_evaluation.v1,cooccurrence,0.2,0.5,0.29000000000000004,0.29000000000000004,19
/composition|outpatient_high_complexity_procedures|openehr-ehr-composition.outpatient_high_complexity_procedures.v1|openehr-ehr-composition.outpatient_high_complexity_procedures.v1/evaluation|bariatric_surgery_evaluation|openehr-ehr-evaluation.bariatric_surgery_evaluation.v1|openehr-ehr-evaluation.bariatric_surgery_evaluation.v1/item_tree|components|at0001|openehr-ehr-evaluation.bariatric_surgery_evaluation.v1/element|baros_score|at0003|openehr-ehr-evaluation.bariatric_surgery_evaluation.v1,/composition|outpatient_high_complexity_procedures|openehr-ehr-composition.outpatient_high_complexity_procedures.v1|openehr-ehr-composition.outpatient_high_complexity_procedures.v1/admin_entry|hcpa|openehr-ehr-admin_entry.high_complexity_procedures_sus.v1|openehr-ehr-admin_entry.high_complexity_procedures_sus.v1/item_tree|components|at0001|openehr-ehr-admin_entry.high_complexity_procedures_sus.v1/cluster|general_data|at0023|openehr-ehr-admin_entry.high_complexity_procedures_sus.v1/element|state|at0028|openehr-ehr-admin_entry.high_complexity_procedures_sus.v1,cooccurrence,0.2,0.5,0.29000000000000004,0.29000000000000004,19
/composition|outpatient_high_complexity_procedures|openehr-ehr-composition.outpatient_high_complexity_procedures.v1|openehr-ehr-composition.outpatient_high_complexity_procedures.v1/admin_entry|hcpa|openehr-ehr-admin_entry.high_complexity_procedures_sus.v1|openehr-ehr-admin_entry.high_complexity_procedures_sus.v1/item_tree|components|at0001|openehr-ehr-admin_entry.high_complexity_procedures_sus.v1/cluster|general_data|at0023|openehr-ehr-admin_entry.high_complexity_procedures_sus.v1/element|state|at0028|openehr-ehr-admin_entry.high_complexity_procedures_sus.v1,/composition|outpatient_high_complexity_procedures|openehr-ehr-composition.outpatient_high_complexity_procedures.v1|openehr-ehr-composition.outpatient_high_complexity_procedures.v1/evaluation|bariatric_surgery_evaluation|openehr-ehr-evaluation.bariatric_surgery_evaluation.v1|openehr-ehr-evaluation.bariatric_surgery_evaluation.v1/item_tree|components|at0001|openehr-ehr-evaluation.bariatric_surgery_evaluation.v1/element|baros_table|at0004|openehr-ehr-evaluation.bariatric_surgery_evaluation.v1,cooccurrence,0.2,0.5,0.29000000000000004,0.29000000000000004,19
/composition|outpatient_high_complexity_procedures|openehr-ehr-composition.outpatient_high_complexity_procedures.v1|openehr-ehr-composition.outpatient_high_complexity_procedures.v1/evaluation|bariatric_surgery_evaluation|openehr-ehr-evaluation.bariatric_surgery_evaluation.v1|openehr-ehr-evaluation.bariatric_surgery_evaluation.v1/item_tree|components|at0001|openehr-ehr-evaluation.bariatric_surgery_evaluation.v1/element|baros_table|at0004|openehr-ehr-evaluation.bariatric_surgery_evaluation.v1,/composition|outpatient_high_complexity_procedures|openehr-ehr-composition.outpatient_high_complexity_procedures.v1|openehr-ehr-composition.outpatient_high_complexity_procedures.v1/admin_entry|hcpa|openehr-ehr-admin_entry.high_complexity_procedures_sus.v1|openehr-ehr-admin_entry.high_complexity_procedures_sus.v1/item_tree|components|at0001|openehr-ehr-admin_entry.high_complexity_procedures_sus.v1/cluster|general_data|at0023|openehr-ehr-admin_entry.high_complexity_procedures_sus.v1/element|state|at0028|openehr-ehr-admin_entry.high_complexity_procedures_sus.v1,cooccurrence,0.2,0.5,0.29000000000000004,0.29000000000000004,19
/composition|outpatient_high_complexity_procedures|openehr-ehr-composition.outpatient_high_complexity_procedures.v1|openehr-ehr-composition.outpatient_high_complexity_procedures.v1/admin_entry|hcpa|openehr-ehr-admin_entry.high_complexity_procedures_sus.v1|openehr-ehr-admin_entry.high_complexity_procedures_sus.v1/item_tree|components|at0001|openehr-ehr-admin_entry.high_complexity_procedures_sus.v1/cluster|general_data|at0023|openehr-ehr-admin_entry.high_complexity_procedures_sus.v1/element|state|at0028|openehr-ehr-admin_entry.high_complexity_procedures_sus.v1,/composition|outpatient_high_complexity_procedures|openehr-ehr-composition.outpatient_high_complexity_procedures.v1|openehr-ehr-composition.outpatient_high_complexity_procedures.v1/evaluation|bariatric_surgery_evaluation|openehr-ehr-evaluation.bariatric_surgery_evaluation.v1|openehr-ehr-evaluation.bariatric_surgery_evaluation.v1/item_tree|components|at0001|openehr-ehr-evaluation.bariatric_surgery_evaluation.v1/element|duration_of_follow-up_(months)|at0002|openehr-ehr-evaluation.bariatric_surgery_evaluation.v1,cooccurrence,0.2,0.5,0.29000000000000004,0.29000000000000004,19
/composition|outpatient_high_complexity_procedures|openehr-ehr-composition.outpatient_high_complexity_procedures.v1|openehr-ehr-composition.outpatient_high_complexity_procedures.v1/evaluation|bariatric_surgery_evaluation|openehr-ehr-evaluation.bariatric_surgery_evaluation.v1|openehr-ehr-evaluation.bariatric_surgery_evaluation.v1/item_tree|components|at0001|openehr-ehr-evaluation.bariatric_surgery_evaluation.v1/element|duration_of_follow-up_(months)|at0002|openehr-ehr-evaluation.bariatric_surgery_evaluation.v1,/composition|outpatient_high_complexity_procedures|openehr-ehr-composition.outpatient_high_complexity_procedures.v1|openehr-ehr-composition.outpatient_high_complexity_procedures.v1/admin_entry|hcpa|openehr-ehr-admin_entry.high_complexity_procedures_sus.v1|openehr-ehr-admin_entry.high_complexity_procedures_sus.v1/item_tree|components|at0001|openehr-ehr-admin_entry.high_complexity_procedures_sus.v1/cluster|general_data|at0023|openehr-ehr-admin_entry.high_complexity_procedures_sus.v1/element|state|at0028|openehr-ehr-admin_entry.high_complexity_procedures_sus.v1,cooccurrence,0.2,0.5,0.29000000000000004,0.29000000000000004,19
/composition|outpatient_high_complexity_procedures|openehr-ehr-composition.outpatient_high_complexity_procedures.v1|openehr-ehr-composition.outpatient_high_complexity_procedures.v1/admin_entry|hcpa|openehr-ehr-admin_entry.high_complexity_procedures_sus.v1|openehr-ehr-admin_entry.high_complexity_procedures_sus.v1/item_tree|components|at0001|openehr-ehr-admin_entry.high_complexity_procedures_sus.v1/cluster|general_data|at0023|openehr-ehr-admin_entry.high_complexity_procedures_sus.v1/element|state|at0028|openehr-ehr-admin_entry.high_complexity_procedures_sus.v1,/composition|outpatient_high_complexity_procedures|openehr-ehr-composition.outpatient_high_complexity_procedures.v1|openehr-ehr-composition.outpatient_high_complexity_procedures.v1/observation|body_mass_index|openehr-ehr-observation.body_mass_index.v1|openehr-ehr-observation.body_mass_index.v1/none|history|at0001|openehr-ehr-observation.body_mass_index.v1/point_event|any_event|at0002|openehr-ehr-observation.body_mass_index.v1/item_tree|single|at0003|openehr-ehr-observation.body_mass_index.v1/element|body_mass_index|at0004|openehr-ehr-observation.body_mass_index.v1,cooccurrence,0.16666666666666666,0.5,0.26666666666666666,0.26666666666666666,19
/composition|outpatient_high_complexity_procedures|openehr-ehr-composition.outpatient_high_complexity_procedures.v1|openehr-ehr-composition.outpatient_high_complexity_procedures.v1/observation|body_mass_index|openehr-ehr-observation.body_mass_index.v1|openehr-ehr-observation.body_mass_index.v1/none|history|at0001|openehr-ehr-observation.body_mass_index.v1/point_event|any_event|at0002|openehr-ehr-observation.body_mass_index.v1/item_tree|single|at0003|openehr-ehr-observation.body_mass_index.v1/element|body_mass_index|at0004|openehr-ehr-observation.body_mass_index.v1,/composition|outpatient_high_complexity_procedures|openehr-ehr-composition.outpatient_high_complexity_procedures.v1|openehr-ehr-composition.outpatient_high_complexity_procedures.v1/admin_entry|hcpa|openehr-ehr-admin_entry.high_complexity_procedures_sus.v1|openehr-ehr-admin_entry.high_complexity_procedures_sus.v1/item_tree|components|at0001|openehr-ehr-admin_entry.high_complexity_procedures_sus.v1/cluster|general_data|at0023|openehr-ehr-admin_entry.high_complexity_procedures_sus.v1/element|state|at0028|openehr-ehr-admin_entry.high_complexity_procedures_sus.v1,cooccurrence,0.16666666666666666,0.5,0.26666666666666666,0.26666666666666666,19
/composition|outpatient_high_complexity_procedures|openehr-ehr-composition.outpatient_high_complexity_procedures.v1|openehr-ehr-composition.outpatient_high_complexity_procedures.v1/admin_entry|patient_discharge|openehr-ehr-admin_entry.patient_discharge.v1|openehr-ehr-admin_entry.patient_discharge.v1/item_tree|components|at0001|openehr-ehr-admin_entry.patient_discharge.v1/element|date_of_discharge|at0002|openehr-ehr-admin_entry.patient_discharge.v1,/composition|outpatient_high_complexity_procedures|openehr-ehr-composition.outpatient_high_complexity_procedures.v1|openehr-ehr-composition.outpatient_high_complexity_procedures.v1/evaluation|bariatric_surgery_evaluation|openehr-ehr-evaluation.bariatric_surgery_evaluation.v1|openehr-ehr-evaluation.bariatric_surgery_evaluation.v1/item_tree|components|at0001|openehr-ehr-evaluation.bariatric_surgery_evaluation.v1/element|baros_score|at0003|openehr-ehr-evaluation.bariatric_surgery_evaluation.v1,cooccurrence,0.25,0.5,0.325,0.325,19
/composition|outpatient_high_complexity_procedures|openehr-ehr-composition.outpatient_high_complexity_procedures.v1|openehr-ehr-composition.outpatient_high_complexity_procedures.v1/evaluation|bariatric_surgery_evaluation|openehr-ehr-evaluation.bariatric_surgery_evaluation.v1|openehr-ehr-evaluation.bariatric_surgery_evaluation.v1/item_tree|components|at0001|openehr-ehr-evaluation.bariatric_surgery_evaluation.v1/element|baros_score|at0003|openehr-ehr-evaluation.bariatric_surgery_evaluation.v1,/composition|outpatient_high_complexity_procedures|openehr-ehr-composition.outpatient_high_complexity_procedures.v1|openehr-ehr-composition.outpatient_high_complexity_procedures.v1/admin_entry|patient_discharge|openehr-ehr-admin_entry.patient_discharge.v1|openehr-ehr-admin_entry.patient_discharge.v1/item_tree|components|at0001|openehr-ehr-admin_entry.patient_discharge.v1/element|date_of_discharge|at0002|openehr-ehr-admin_entry.patient_discharge.v1,cooccurrence,0.25,0.5,0.325,0.325,19
/composition|outpatient_high_complexity_procedures|openehr-ehr-composition.outpatient_high_complexity_procedures.v1|openehr-ehr-composition.outpatient_high_complexity_procedures.v1/admin_entry|patient_discharge|openehr-ehr-admin_entry.patient_discharge.v1|openehr-ehr-admin_entry.patient_discharge.v1/item_tree|components|at0001|openehr-ehr-admin_entry.patient_discharge.v1/element|date_of_discharge|at0002|openehr-ehr-admin_entry.patient_discharge.v1,/composition|outpatient_high_complexity_procedures|openehr-ehr-composition.outpatient_high_complexity_procedures.v1|openehr-ehr-composition.outpatient_high_complexity_procedures.v1/evaluation|bariatric_surgery_evaluation|openehr-ehr-evaluation.bariatric_surgery_evaluation.v1|openehr-ehr-evaluation.bariatric_surgery_evaluation.v1/item_tree|components|at0001|openehr-ehr-evaluation.bariatric_surgery_evaluation.v1/element|baros_table|at0004|openehr-ehr-evaluation.bariatric_surgery_evaluation.v1,cooccurrence,0.25,0.5,0.325,0.325,19
/composition|outpatient_high_complexity_procedures|openehr-ehr-composition.outpatient_high_complexity_procedures.v1|openehr-ehr-composition.outpatient_high_complexity_procedures.v1/evaluation|bariatric_surgery_evaluation|openehr-ehr-evaluation.bariatric_surgery_evaluation.v1|openehr-ehr-evaluation.bariatric_surgery_evaluation.v1/item_tree|components|at0001|openehr-ehr-evaluation.bariatric_surgery_evaluation.v1/element|baros_table|at0004|openehr-ehr-evaluation.bariatric_surgery_evaluation.v1,/composition|outpatient_high_complexity_procedures|openehr-ehr-composition.outpatient_high_complexity_procedures.v1|openehr-ehr-composition.outpatient_high_complexity_procedures.v1/admin_entry|patient_discharge|openehr-ehr-admin_entry.patient_discharge.v1|openehr-ehr-admin_entry.patient_discharge.v1/item_tree|components|at0001|openehr-ehr-admin_entry.patient_discharge.v1/element|date_of_discharge|at0002|openehr-ehr-admin_entry.patient_discharge.v1,cooccurrence,0.25,0.5,0.325,0.325,19
/composition|outpatient_high_complexity_procedures|openehr-ehr-composition.outpatient_high_complexity_procedures.v1|openehr-ehr-composition.outpatient_high_complexity_procedures.v1/admin_entry|patient_discharge|openehr-ehr-admin_entry.patient_discharge.v1|openehr-ehr-admin_entry.patient_discharge.v1/item_tree|components|at0001|openehr-ehr-admin_entry.patient_discharge.v1/element|date_of_discharge|at0002|openehr-ehr-admin_entry.patient_discharge.v1,/composition|outpatient_high_complexity_procedures|openehr-ehr-composition.outpatient_high_complexity_procedures.v1|openehr-ehr-composition.outpatient_high_complexity_procedures.v1/evaluation|bariatric_surgery_evaluation|openehr-ehr-evaluation.bariatric_surgery_evaluation.v1|openehr-ehr-evaluation.bariatric_surgery_evaluation.v1/item_tree|components|at0001|openehr-ehr-evaluation.bariatric_surgery_evaluation.v1/element|duration_of_follow-up_(months)|at0002|openehr-ehr-evaluation.bariatric_surgery_evaluation.v1,cooccurrence,0.25,0.5,0.325,0.325,19
/composition|outpatient_high_complexity_procedures|openehr-ehr-composition.outpatient_high_complexity_procedures.v1|openehr-ehr-composition.outpatient_high_complexity_procedures.v1/evaluation|bariatric_surgery_evaluation|openehr-ehr-evaluation.bariatric_surgery_evaluation.v1|openehr-ehr-evaluation.bariatric_surgery_evaluation.v1/item_tree|components|at0001|openehr-ehr-evaluation.bariatric_surgery_evaluation.v1/element|duration_of_follow-up_(months)|at0002|openehr-ehr-evaluation.bariatric_surgery_evaluation.v1,/composition|outpatient_high_complexity_procedures|openehr-ehr-composition.outpatient_high_complexity_procedures.v1|openehr-ehr-composition.outpatient_high_complexity_procedures.v1/admin_entry|patient_discharge|openehr-ehr-admin_entry.patient_discharge.v1|openehr-ehr-admin_entry.patient_discharge.v1/item_tree|components|at0001|openehr-ehr-admin_entry.patient_discharge.v1/element|date_of_discharge|at0002|openehr-ehr-admin_entry.patient_discharge.v1,cooccurrence,0.25,0.5,0.325,0.325,19
/composition|outpatient_high_complexity_procedures|openehr-ehr-composition.outpatient_high_complexity_procedures.v1|openehr-ehr-composition.outpatient_high_complexity_procedures.v1/admin_entry|patient_discharge|openehr-ehr-admin_entry.patient_discharge.v1|openehr-ehr-admin_entry.patient_discharge.v1/item_tree|components|at0001|openehr-ehr-admin_entry.patient_discharge.v1/element|date_of_discharge|at0002|openehr-ehr-admin_entry.patient_discharge.v1,/composition|outpatient_high_complexity_procedures|openehr-ehr-composition.outpatient_high_complexity_procedures.v1|openehr-ehr-composition.outpatient_high_complexity_procedures.v1/observation|body_mass_index|openehr-ehr-observation.body_mass_index.v1|openehr-ehr-observation.body_mass_index.v1/none|history|at0001|openehr-ehr-observation.body_mass_index.v1/point_event|any_event|at0002|openehr-ehr-observation.body_mass_index.v1/item_tree|single|at0003|openehr-ehr-observation.body_mass_index.v1/element|body_mass_index|at0004|openehr-ehr-observation.body_mass_index.v1,cooccurrence,0.16666666666666666,0.5,0.26666666666666666,0.26666666666666666,19
/composition|outpatient_high_complexity_procedures|openehr-ehr-composition.outpatient_high_complexity_procedures.v1|openehr-ehr-composition.outpatient_high_complexity_procedures.v1/observation|body_mass_index|openehr-ehr-observation.body_mass_index.v1|openehr-ehr-observation.body_mass_index.v1/none|history|at0001|openehr-ehr-observation.body_mass_index.v1/point_event|any_event|at0002|openehr-ehr-observation.body_mass_index.v1/item_tree|single|at0003|openehr-ehr-observation.body_mass_index.v1/element|body_mass_index|at0004|openehr-ehr-observation.body_mass_index.v1,/composition|outpatient_high_complexity_procedures|openehr-ehr-composition.outpatient_high_complexity_procedures.v1|openehr-ehr-composition.outpatient_high_complexity_procedures.v1/admin_entry|patient_discharge|openehr-ehr-admin_entry.patient_discharge.v1|openehr-ehr-admin_entry.patient_discharge.v1/item_tree|components|at0001|openehr-ehr-admin_entry.patient_discharge.v1/element|date_of_discharge|at0002|openehr-ehr-admin_entry.patient_discharge.v1,cooccurrence,0.16666666666666666,0.5,0.26666666666666666,0.26666666666666666,19
/composition|outpatient_high_complexity_procedures|openehr-ehr-composition.outpatient_high_complexity_procedures.v1|openehr-ehr-composition.outpatient_high_complexity_procedures.v1/admin_entry|patient_discharge|openehr-ehr-admin_entry.patient_discharge.v1|openehr-ehr-admin_entry.patient_discharge.v1/item_tree|components|at0001|openehr-ehr-admin_entry.patient_discharge.v1/element|reason_for_discharge|at0003|openehr-ehr-admin_entry.patient_discharge.v1,/composition|outpatient_high_complexity_procedures|openehr-ehr-composition.outpatient_high_complexity_procedures.v1|openehr-ehr-composition.outpatient_high_complexity_procedures.v1/evaluation|bariatric_surgery_evaluation|openehr-ehr-evaluation.bariatric_surgery_evaluation.v1|openehr-ehr-evaluation.bariatric_surgery_evaluation.v1/item_tree|components|at0001|openehr-ehr-evaluation.bariatric_surgery_evaluation.v1/element|baros_score|at0003|openehr-ehr-evaluation.bariatric_surgery_evaluation.v1,cooccurrence,0.25,0.5,0.325,0.325,19
/composition|outpatient_high_complexity_procedures|openehr-ehr-composition.outpatient_high_complexity_procedures.v1|openehr-ehr-composition.outpatient_high_complexity_procedures.v1/evaluation|bariatric_surgery_evaluation|openehr-ehr-evaluation.bariatric_surgery_evaluation.v1|openehr-ehr-evaluation.bariatric_surgery_evaluation.v1/item_tree|components|at0001|openehr-ehr-evaluation.bariatric_surgery_evaluation.v1/element|baros_score|at0003|openehr-ehr-evaluation.bariatric_surgery_evaluation.v1,/composition|outpatient_high_complexity_procedures|openehr-ehr-composition.outpatient_high_complexity_procedures.v1|openehr-ehr-composition.outpatient_high_complexity_procedures.v1/admin_entry|patient_discharge|openehr-ehr-admin_entry.patient_discharge.v1|openehr-ehr-admin_entry.patient_discharge.v1/item_tree|components|at0001|openehr-ehr-admin_entry.patient_discharge.v1/element|reason_for_discharge|at0003|openehr-ehr-admin_entry.patient_discharge.v1,cooccurrence,0.25,0.5,0.325,0.325,19
/composition|outpatient_high_complexity_procedures|openehr-ehr-composition.outpatient_high_complexity_procedures.v1|openehr-ehr-composition.outpatient_high_complexity_procedures.v1/admin_entry|patient_discharge|openehr-ehr-admin_entry.patient_discharge.v1|openehr-ehr-admin_entry.patient_discharge.v1/item_tree|components|at0001|openehr-ehr-admin_entry.patient_discharge.v1/element|reason_for_discharge|at0003|openehr-ehr-admin_entry.patient_discharge.v1,/composition|outpatient_high_complexity_procedures|openehr-ehr-composition.outpatient_high_complexity_procedures.v1|openehr-ehr-composition.outpatient_high_complexity_procedures.v1/evaluation|bariatric_surgery_evaluation|openehr-ehr-evaluation.bariatric_surgery_evaluation.v1|openehr-ehr-evaluation.bariatric_surgery_evaluation.v1/item_tree|components|at0001|openehr-ehr-evaluation.bariatric_surgery_evaluation.v1/element|baros_table|at0004|openehr-ehr-evaluation.bariatric_surgery_evaluation.v1,cooccurrence,0.25,0.5,0.325,0.325,19
/composition|outpatient_high_complexity_procedures|openehr-ehr-composition.outpatient_high_complexity_procedures.v1|openehr-ehr-composition.outpatient_high_complexity_procedures.v1/evaluation|bariatric_surgery_evaluation|openehr-ehr-evaluation.bariatric_surgery_evaluation.v1|openehr-ehr-evaluation.bariatric_surgery_evaluation.v1/item_tree|components|at0001|openehr-ehr-evaluation.bariatric_surgery_evaluation.v1/element|baros_table|at0004|openehr-ehr-evaluation.bariatric_surgery_evaluation.v1,/composition|outpatient_high_complexity_procedures|openehr-ehr-composition.outpatient_high_complexity_procedures.v1|openehr-ehr-composition.outpatient_high_complexity_procedures.v1/admin_entry|patient_discharge|openehr-ehr-admin_entry.patient_discharge.v1|openehr-ehr-admin_entry.patient_discharge.v1/item_tree|components|at0001|openehr-ehr-admin_entry.patient_discharge.v1/element|reason_for_discharge|at0003|openehr-ehr-admin_entry.patient_discharge.v1,cooccurrence,0.25,0.5,0.325,0.325,19
/composition|outpatient_high_complexity_procedures|openehr-ehr-composition.outpatient_high_complexity_procedures.v1|openehr-ehr-composition.outpatient_high_complexity_procedures.v1/admin_entry|patient_discharge|openehr-ehr-admin_entry.patient_discharge.v1|openehr-ehr-admin_entry.patient_discharge.v1/item_tree|components|at0001|openehr-ehr-admin_entry.patient_discharge.v1/element|reason_for_discharge|at0003|openehr-ehr-admin_entry.patient_discharge.v1,/composition|outpatient_high_complexity_procedures|openehr-ehr-composition.outpatient_high_complexity_procedures.v1|openehr-ehr-composition.outpatient_high_complexity_procedures.v1/evaluation|bariatric_surgery_evaluation|openehr-ehr-evaluation.bariatric_surgery_evaluation.v1|openehr-ehr-evaluation.bariatric_surgery_evaluation.v1/item_tree|components|at0001|openehr-ehr-evaluation.bariatric_surgery_evaluation.v1/element|duration_of_follow-up_(months)|at0002|openehr-ehr-evaluation.bariatric_surgery_evaluation.v1,cooccurrence,0.25,0.5,0.325,0.325,19
/composition|outpatient_high_complexity_procedures|openehr-ehr-composition.outpatient_high_complexity_procedures.v1|openehr-ehr-composition.outpatient_high_complexity_procedures.v1/evaluation|bariatric_surgery_evaluation|openehr-ehr-evaluation.bariatric_surgery_evaluation.v1|openehr-ehr-evaluation.bariatric_surgery_evaluation.v1/item_tree|components|at0001|openehr-ehr-evaluation.bariatric_surgery_evaluation.v1/element|duration_of_follow-up_(months)|at0002|openehr-ehr-evaluation.bariatric_surgery_evaluation.v1,/composition|outpatient_high_complexity_procedures|openehr-ehr-composition.outpatient_high_complexity_procedures.v1|openehr-ehr-composition.outpatient_high_complexity_procedures.v1/admin_entry|patient_discharge|openehr-ehr-admin_entry.patient_discharge.v1|openehr-ehr-admin_entry.patient_discharge.v1/item_tree|components|at0001|openehr-ehr-admin_entry.patient_discharge.v1/element|reason_for_discharge|at0003|openehr-ehr-admin_entry.patient_discharge.v1,cooccurrence,0.25,0.5,0.325,0.325,19
/composition|outpatient_high_complexity_procedures|openehr-ehr-composition.outpatient_high_complexity_procedures.v1|openehr-ehr-composition.outpatient_high_complexity_procedures.v1/admin_entry|patient_discharge|openehr-ehr-admin_entry.patient_discharge.v1|openehr-ehr-admin_entry.patient_discharge.v1/item_tree|components|at0001|openehr-ehr-admin_entry.patient_discharge.v1/element|reason_for_discharge|at0003|openehr-ehr-admin_entry.patient_discharge.v1,/composition|outpatient_high_complexity_procedures|openehr-ehr-composition.outpatient_high_complexity_procedures.v1|openehr-ehr-composition.outpatient_high_complexity_procedures.v1/observation|body_mass_index|openehr-ehr-observation.body_mass_index.v1|openehr-ehr-observation.body_mass_index.v1/none|history|at0001|openehr-ehr-observation.body_mass_index.v1/point_event|any_event|at0002|openehr-ehr-observation.body_mass_index.v1/item_tree|single|at0003|openehr-ehr-observation.body_mass_index.v1/element|body_mass_index|at0004|openehr-ehr-observation.body_mass_index.v1,cooccurrence,0.16666666666666666,0.5,0.26666666666666666,0.26666666666666666,19
/composition|outpatient_high_complexity_procedures|openehr-ehr-composition.outpatient_high_complexity_procedures.v1|openehr-ehr-composition.outpatient_high_complexity_procedures.v1/observation|body_mass_index|openehr-ehr-observation.body_mass_index.v1|openehr-ehr-observation.body_mass_index.v1/none|history|at0001|openehr-ehr-observation.body_mass_index.v1/point_event|any_event|at0002|openehr-ehr-observation.body_mass_index.v1/item_tree|single|at0003|openehr-ehr-observation.body_mass_index.v1/element|body_mass_index|at0004|openehr-ehr-observation.body_mass_index.v1,/composition|outpatient_high_complexity_procedures|openehr-ehr-composition.outpatient_high_complexity_procedures.v1|openehr-ehr-composition.outpatient_high_complexity_procedures.v1/admin_entry|patient_discharge|openehr-ehr-admin_entry.patient_discharge.v1|openehr-ehr-admin_entry.patient_discharge.v1/item_tree|components|at0001|openehr-ehr-admin_entry.patient_discharge.v1/element|reason_for_discharge|at0003|openehr-ehr-admin_entry.patient_discharge.v1,cooccurrence,0.16666666666666666,0.5,0.26666666666666666,0.26666666666666666,19
/composition|outpatient_high_complexity_procedures|openehr-ehr-composition.outpatient_high_complexity_procedures.v1|openehr-ehr-composition.outpatient_high_complexity_procedures.v1/evaluation|bariatric_surgery_evaluation|openehr-ehr-evaluation.bariatric_surgery_evaluation.v1|openehr-ehr-evaluation.bariatric_surgery_evaluation.v1/item_tree|components|at0001|openehr-ehr-evaluation.bariatric_surgery_evaluation.v1/element|baros_score|at0003|openehr-ehr-evaluation.bariatric_surgery_evaluation.v1,/composition|outpatient_high_complexity_procedures|openehr-ehr-composition.outpatient_high_complexity_procedures.v1|openehr-ehr-composition.outpatient_high_complexity_procedures.v1/evaluation|bariatric_surgery_evaluation|openehr-ehr-evaluation.bariatric_surgery_evaluation.v1|openehr-ehr-evaluation.bariatric_surgery_evaluation.v1/item_tree|components|at0001|openehr-ehr-evaluation.bariatric_surgery_evaluation.v1/element|baros_table|at0004|openehr-ehr-evaluation.bariatric_surgery_evaluation.v1,cooccurrence,0.75,0.5,0.6749999999999999,0.6749999999999999,19
/composition|outpatient_high_complexity_procedures|openehr-ehr-composition.outpatient_high_complexity_procedures.v1|openehr-ehr-composition.outpatient_high_complexity_procedures.v1/evaluation|bariatric_surgery_evaluation|openehr-ehr-evaluation.bariatric_surgery_evaluation.v1|openehr-ehr-evaluation.bariatric_surgery_evaluation.v1/item_tree|components|at0001|openehr-ehr-evaluation.bariatric_surgery_evaluation.v1/element|baros_table|at0004|openehr-ehr-evaluation.bariatric_surgery_evaluation.v1,/composition|outpatient_high_complexity_procedures|openehr-ehr-composition.outpatient_high_complexity_procedures.v1|openehr-ehr-composition.outpatient_high_complexity_procedures.v1/evaluation|bariatric_surgery_evaluation|openehr-ehr-evaluation.bariatric_surgery_evaluation.v1|openehr-ehr-evaluation.bariatric_surgery_evaluation.v1/item_tree|components|at0001|openehr-ehr-evaluation.bariatric_surgery_evaluation.v1/element|baros_score|at0003|openehr-ehr-evaluation.bariatric_surgery_evaluation.v1,cooccurrence,0.75,0.5,0.6749999999999999,0.6749999999999999,19
/composition|outpatient_high_complexity_procedures|openehr-ehr-composition.outpatient_high_complexity_procedures.v1|openehr-ehr-composition.outpatient_high_complexity_procedures.v1/evaluation|bariatric_surgery_evaluation|openehr-ehr-evaluation.bariatric_surgery_evaluation.v1|openehr-ehr-evaluation.bariatric_surgery_evaluation.v1/item_tree|components|at0001|openehr-ehr-evaluation.bariatric_surgery_evaluation.v1/element|baros_score|at0003|openehr-ehr-evaluation.bariatric_surgery_evaluation.v1,/composition|outpatient_high_complexity_procedures|openehr-ehr-composition.outpatient_high_complexity_procedures.v1|openehr-ehr-composition.outpatient_high_complexity_procedures.v1/evaluation|bariatric_surgery_evaluation|openehr-ehr-evaluation.bariatric_surgery_evaluation.v1|openehr-ehr-evaluation.bariatric_surgery_evaluation.v1/item_tree|components|at0001|openehr-ehr-evaluation.bariatric_surgery_evaluation.v1/element|duration_of_follow-up_(months)|at0002|openehr-ehr-evaluation.bariatric_surgery_evaluation.v1,cooccurrence,0.75,0.5,0.6749999999999999,0.6749999999999999,19
/composition|outpatient_high_complexity_procedures|openehr-ehr-composition.outpatient_high_complexity_procedures.v1|openehr-ehr-composition.outpatient_high_complexity_procedures.v1/evaluation|bariatric_surgery_evaluation|openehr-ehr-evaluation.bariatric_surgery_evaluation.v1|openehr-ehr-evaluation.bariatric_surgery_evaluation.v1/item_tree|components|at0001|openehr-ehr-evaluation.bariatric_surgery_evaluation.v1/element|duration_of_follow-up_(months)|at0002|openehr-ehr-evaluation.bariatric_surgery_evaluation.v1,/composition|outpatient_high_complexity_procedures|openehr-ehr-composition.outpatient_high_complexity_procedures.v1|openehr-ehr-composition.outpatient_high_complexity_procedures.v1/evaluation|bariatric_surgery_evaluation|openehr-ehr-evaluation.bariatric_surgery_evaluation.v1|openehr-ehr-evaluation.bariatric_surgery_evaluation.v1/item_tree|components|at0001|openehr-ehr-evaluation.bariatric_surgery_evaluation.v1/element|baros_score|at0003|openehr-ehr-evaluation.bariatric_surgery_evaluation.v1,cooccurrence,0.75,0.5,0.6749999999999999,0.6749999999999999,19
/composition|outpatient_high_complexity_procedures|openehr-ehr-composition.outpatient_high_complexity_procedures.v1|openehr-ehr-composition.outpatient_high_complexity_procedures.v1/evaluation|bariatric_surgery_evaluation|openehr-ehr-evaluation.bariatric_surgery_evaluation.v1|openehr-ehr-evaluation.bariatric_surgery_evaluation.v1/item_tree|components|at0001|openehr-ehr-evaluation.bariatric_surgery_evaluation.v1/element|baros_score|at0003|openehr-ehr-evaluation.bariatric_surgery_evaluation.v1,/composition|outpatient_high_complexity_procedures|openehr-ehr-composition.outpatient_high_complexity_procedures.v1|openehr-ehr-composition.outpatient_high_complexity_procedures.v1/evaluation|problem_diagnosis|openehr-ehr-evaluation.problem_diagnosis-sus.v1|openehr-ehr-evaluation.problem_diagnosis-sus.v1/item_tree|structure|at0001|openehr-ehr-evaluation.problem_diagnosis-sus.v1/element|associated_causes|at0.2|openehr-ehr-evaluation.problem_diagnosis-sus.v1,cooccurrence,0.25,0.5,0.325,0.325,19
/composition|outpatient_high_complexity_procedures|openehr-ehr-composition.outpatient_high_complexity_procedures.v1|openehr-ehr-composition.outpatient_high_complexity_procedures.v1/evaluation|problem_diagnosis|openehr-ehr-evaluation.problem_diagnosis-sus.v1|openehr-ehr-evaluation.problem_diagnosis-sus.v1/item_tree|structure|at0001|openehr-ehr-evaluation.problem_diagnosis-sus.v1/element|associated_causes|at0.2|openehr-ehr-evaluation.problem_diagnosis-sus.v1,/composition|outpatient_high_complexity_procedures|openehr-ehr-composition.outpatient_high_complexity_procedures.v1|openehr-ehr-composition.outpatient_high_complexity_procedures.v1/evaluation|bariatric_surgery_evaluation|openehr-ehr-evaluation.bariatric_surgery_evaluation.v1|openehr-ehr-evaluation.bariatric_surgery_evaluation.v1/item_tree|components|at0001|openehr-ehr-evaluation.bariatric_surgery_evaluation.v1/element|baros_score|at0003|openehr-ehr-evaluation.bariatric_surgery_evaluation.v1,cooccurrence,0.25,0.5,0.325,0.325,19
/composition|outpatient_high_complexity_procedures|openehr-ehr-composition.outpatient_high_complexity_procedures.v1|openehr-ehr-composition.outpatient_high_complexity_procedures.v1/evaluation|bariatric_surgery_evaluation|openehr-ehr-evaluation.bariatric_surgery_evaluation.v1|openehr-ehr-evaluation.bariatric_surgery_evaluation.v1/item_tree|components|at0001|openehr-ehr-evaluation.bariatric_surgery_evaluation.v1/element|baros_score|at0003|openehr-ehr-evaluation.bariatric_surgery_evaluation.v1,/composition|outpatient_high_complexity_procedures|openehr-ehr-composition.outpatient_high_complexity_procedures.v1|openehr-ehr-composition.outpatient_high_complexity_procedures.v1/evaluation|problem_diagnosis|openehr-ehr-evaluation.problem_diagnosis-sus.v1|openehr-ehr-evaluation.problem_diagnosis-sus.v1/item_tree|structure|at0001|openehr-ehr-evaluation.problem_diagnosis-sus.v1/element|problem|at0002.1|openehr-ehr-evaluation.problem_diagnosis-sus.v1,cooccurrence,0.25,0.5,0.325,0.325,19
/composition|outpatient_high_complexity_procedures|openehr-ehr-composition.outpatient_high_complexity_procedures.v1|openehr-ehr-composition.outpatient_high_complexity_procedures.v1/evaluation|problem_diagnosis|openehr-ehr-evaluation.problem_diagnosis-sus.v1|openehr-ehr-evaluation.problem_diagnosis-sus.v1/item_tree|structure|at0001|openehr-ehr-evaluation.problem_diagnosis-sus.v1/element|problem|at0002.1|openehr-ehr-evaluation.problem_diagnosis-sus.v1,/composition|outpatient_high_complexity_procedures|openehr-ehr-composition.outpatient_high_complexity_procedures.v1|openehr-ehr-composition.outpatient_high_complexity_procedures.v1/evaluation|bariatric_surgery_evaluation|openehr-ehr-evaluation.bariatric_surgery_evaluation.v1|openehr-ehr-evaluation.bariatric_surgery_evaluation.v1/item_tree|components|at0001|openehr-ehr-evaluation.bariatric_surgery_evaluation.v1/element|baros_score|at0003|openehr-ehr-evaluation.bariatric_surgery_evaluation.v1,cooccurrence,0.25,0.5,0.325,0.325,19
/composition|outpatient_high_complexity_procedures|openehr-ehr-composition.outpatient_high_complexity_procedures.v1|openehr-ehr-composition.outpatient_high_complexity_procedures.v1/evaluation|bariatric_surgery_evaluation|openehr-ehr-evaluation.bariatric_surgery_evaluation.v1|openehr-ehr-evaluation.bariatric_surgery_evaluation.v1/item_tree|components|at0001|openehr-ehr-evaluation.bariatric_surgery_evaluation.v1/element|baros_score|at0003|openehr-ehr-evaluation.bariatric_surgery_evaluation.v1,/composition|outpatient_high_complexity_procedures|openehr-ehr-composition.outpatient_high_complexity_procedures.v1|openehr-ehr-composition.outpatient_high_complexity_procedures.v1/evaluation|problem_diagnosis|openehr-ehr-evaluation.problem_diagnosis-sus.v1|openehr-ehr-evaluation.problem_diagnosis-sus.v1/item_tree|structure|at0001|openehr-ehr-evaluation.problem_diagnosis-sus.v1/element|secondary_diagnosis|at0.1|openehr-ehr-evaluation.problem_diagnosis-sus.v1,cooccurrence,0.25,0.5,0.325,0.325,19
/composition|outpatient_high_complexity_procedures|openehr-ehr-composition.outpatient_high_complexity_procedures.v1|openehr-ehr-composition.outpatient_high_complexity_procedures.v1/evaluation|problem_diagnosis|openehr-ehr-evaluation.problem_diagnosis-sus.v1|openehr-ehr-evaluation.problem_diagnosis-sus.v1/item_tree|structure|at0001|openehr-ehr-evaluation.problem_diagnosis-sus.v1/element|secondary_diagnosis|at0.1|openehr-ehr-evaluation.problem_diagnosis-sus.v1,/composition|outpatient_high_complexity_procedures|openehr-ehr-composition.outpatient_high_complexity_procedures.v1|openehr-ehr-composition.outpatient_high_complexity_procedures.v1/evaluation|bariatric_surgery_evaluation|openehr-ehr-evaluation.bariatric_surgery_evaluation.v1|openehr-ehr-evaluation.bariatric_surgery_evaluation.v1/item_tree|components|at0001|openehr-ehr-evaluation.bariatric_surgery_evaluation.v1/element|baros_score|at0003|openehr-ehr-evaluation.bariatric_surgery_evaluation.v1,cooccurrence,0.25,0.5,0.325,0.325,19
/composition|outpatient_high_complexity_procedures|openehr-ehr-composition.outpatient_high_complexity_procedures.v1|openehr-ehr-composition.outpatient_high_complexity_procedures.v1/evaluation|bariatric_surgery_evaluation|openehr-ehr-evaluation.bariatric_surgery_evaluation.v1|openehr-ehr-evaluation.bariatric_surgery_evaluation.v1/item_tree|components|at0001|openehr-ehr-evaluation.bariatric_surgery_evaluation.v1/element|baros_score|at0003|openehr-ehr-evaluation.bariatric_surgery_evaluation.v1,/composition|outpatient_high_complexity_procedures|openehr-ehr-composition.outpatient_high_complexity_procedures.v1|openehr-ehr-composition.outpatient_high_complexity_procedures.v1/observation|body_mass_index|openehr-ehr-observation.body_mass_index.v1|openehr-ehr-observation.body_mass_index.v1/none|history|at0001|openehr-ehr-observation.body_mass_index.v1/point_event|any_event|at0002|openehr-ehr-observation.body_mass_index.v1/item_tree|single|at0003|openehr-ehr-observation.body_mass_index.v1/element|body_mass_index|at0004|openehr-ehr-observation.body_mass_index.v1,cooccurrence,0.16666666666666666,0.5,0.26666666666666666,0.26666666666666666,19
/composition|outpatient_high_complexity_procedures|openehr-ehr-composition.outpatient_high_complexity_procedures.v1|openehr-ehr-composition.outpatient_high_complexity_procedures.v1/observation|body_mass_index|openehr-ehr-observation.body_mass_index.v1|openehr-ehr-observation.body_mass_index.v1/none|history|at0001|openehr-ehr-observation.body_mass_index.v1/point_event|any_event|at0002|openehr-ehr-observation.body_mass_index.v1/item_tree|single|at0003|openehr-ehr-observation.body_mass_index.v1/element|body_mass_index|at0004|openehr-ehr-observation.body_mass_index.v1,/composition|outpatient_high_complexity_procedures|openehr-ehr-composition.outpatient_high_complexity_procedures.v1|openehr-ehr-composition.outpatient_high_complexity_procedures.v1/evaluation|bariatric_surgery_evaluation|openehr-ehr-evaluation.bariatric_surgery_evaluation.v1|openehr-ehr-evaluation.bariatric_surgery_evaluation.v1/item_tree|components|at0001|openehr-ehr-evaluation.bariatric_surgery_evaluation.v1/element|baros_score|at0003|openehr-ehr-evaluation.bariatric_surgery_evaluation.v1,cooccurrence,0.16666666666666666,0.5,0.26666666666666666,0.26666666666666666,19
/composition|outpatient_high_complexity_procedures|openehr-ehr-composition.outpatient_high_complexity_procedures.v1|openehr-ehr-composition.outpatient_high_complexity_procedures.v1/evaluation|bariatric_surgery_evaluation|openehr-ehr-evaluation.bariatric_surgery_evaluation.v1|openehr-ehr-evaluation.bariatric_surgery_evaluation.v1/item_tree|components|at0001|openehr-ehr-evaluation.bariatric_surgery_evaluation.v1/element|baros_table|at0004|openehr-ehr-evaluation.bariatric_surgery_evaluation.v1,/composition|outpatient_high_complexity_procedures|openehr-ehr-composition.outpatient_high_complexity_procedures.v1|openehr-ehr-composition.outpatient_high_complexity_procedures.v1/evaluation|bariatric_surgery_evaluation|openehr-ehr-evaluation.bariatric_surgery_evaluation.v1|openehr-ehr-evaluation.bariatric_surgery_evaluation.v1/item_tree|components|at0001|openehr-ehr-evaluation.bariatric_surgery_evaluation.v1/element|duration_of_follow-up_(months)|at0002|openehr-ehr-evaluation.bariatric_surgery_evaluation.v1,cooccurrence,0.75,0.5,0.6749999999999999,0.6749999999999999,19
/composition|outpatient_high_complexity_procedures|openehr-ehr-composition.outpatient_high_complexity_procedures.v1|openehr-ehr-composition.outpatient_high_complexity_procedures.v1/evaluation|bariatric_surgery_evaluation|openehr-ehr-evaluation.bariatric_surgery_evaluation.v1|openehr-ehr-evaluation.bariatric_surgery_evaluation.v1/item_tree|components|at0001|openehr-ehr-evaluation.bariatric_surgery_evaluation.v1/element|duration_of_follow-up_(months)|at0002|openehr-ehr-evaluation.bariatric_surgery_evaluation.v1,/composition|outpatient_high_complexity_procedures|openehr-ehr-composition.outpatient_high_complexity_procedures.v1|openehr-ehr-composition.outpatient_high_complexity_procedures.v1/evaluation|bariatric_surgery_evaluation|openehr-ehr-evaluation.bariatric_surgery_evaluation.v1|openehr-ehr-evaluation.bariatric_surgery_evaluation.v1/item_tree|components|at0001|openehr-ehr-evaluation.bariatric_surgery_evaluation.v1/element|baros_table|at0004|openehr-ehr-evaluation.bariatric_surgery_evaluation.v1,cooccurrence,0.75,0.5,0.6749999999999999,0.6749999999999999,19
/composition|outpatient_high_complexity_procedures|openehr-ehr-composition.outpatient_high_complexity_procedures.v1|openehr-ehr-composition.outpatient_high_complexity_procedures.v1/evaluation|bariatric_surgery_evaluation|openehr-ehr-evaluation.bariatric_surgery_evaluation.v1|openehr-ehr-evaluation.bariatric_surgery_evaluation.v1/item_tree|components|at0001|openehr-ehr-evaluation.bariatric_surgery_evaluation.v1/element|baros_table|at0004|openehr-ehr-evaluation.bariatric_surgery_evaluation.v1,/composition|outpatient_high_complexity_procedures|openehr-ehr-composition.outpatient_high_complexity_procedures.v1|openehr-ehr-composition.outpatient_high_complexity_procedures.v1/evaluation|problem_diagnosis|openehr-ehr-evaluation.problem_diagnosis-sus.v1|openehr-ehr-evaluation.problem_diagnosis-sus.v1/item_tree|structure|at0001|openehr-ehr-evaluation.problem_diagnosis-sus.v1/element|associated_causes|at0.2|openehr-ehr-evaluation.problem_diagnosis-sus.v1,cooccurrence,0.25,0.5,0.325,0.325,19
/composition|outpatient_high_complexity_procedures|openehr-ehr-composition.outpatient_high_complexity_procedures.v1|openehr-ehr-composition.outpatient_high_complexity_procedures.v1/evaluation|problem_diagnosis|openehr-ehr-evaluation.problem_diagnosis-sus.v1|openehr-ehr-evaluation.problem_diagnosis-sus.v1/item_tree|structure|at0001|openehr-ehr-evaluation.problem_diagnosis-sus.v1/element|associated_causes|at0.2|openehr-ehr-evaluation.problem_diagnosis-sus.v1,/composition|outpatient_high_complexity_procedures|openehr-ehr-composition.outpatient_high_complexity_procedures.v1|openehr-ehr-composition.outpatient_high_complexity_procedures.v1/evaluation|bariatric_surgery_evaluation|openehr-ehr-evaluation.bariatric_surgery_evaluation.v1|openehr-ehr-evaluation.bariatric_surgery_evaluation.v1/item_tree|components|at0001|openehr-ehr-evaluation.bariatric_surgery_evaluation.v1/element|baros_table|at0004|openehr-ehr-evaluation.bariatric_surgery_evaluation.v1,cooccurrence,0.25,0.5,0.325,0.325,19
/composition|outpatient_high_complexity_procedures|openehr-ehr-composition.outpatient_high_complexity_procedures.v1|openehr-ehr-composition.outpatient_high_complexity_procedures.v1/evaluation|bariatric_surgery_evaluation|openehr-ehr-evaluation.bariatric_surgery_evaluation.v1|openehr-ehr-evaluation.bariatric_surgery_evaluation.v1/item_tree|components|at0001|openehr-ehr-evaluation.bariatric_surgery_evaluation.v1/element|baros_table|at0004|openehr-ehr-evaluation.bariatric_surgery_evaluation.v1,/composition|outpatient_high_complexity_procedures|openehr-ehr-composition.outpatient_high_complexity_procedures.v1|openehr-ehr-composition.outpatient_high_complexity_procedures.v1/evaluation|problem_diagnosis|openehr-ehr-evaluation.problem_diagnosis-sus.v1|openehr-ehr-evaluation.problem_diagnosis-sus.v1/item_tree|structure|at0001|openehr-ehr-evaluation.problem_diagnosis-sus.v1/element|problem|at0002.1|openehr-ehr-evaluation.problem_diagnosis-sus.v1,cooccurrence,0.25,0.5,0.325,0.325,19
/composition|outpatient_high_complexity_procedures|openehr-ehr-composition.outpatient_high_complexity_procedures.v1|openehr-ehr-composition.outpatient_high_complexity_procedures.v1/evaluation|problem_diagnosis|openehr-ehr-evaluation.problem_diagnosis-sus.v1|openehr-ehr-evaluation.problem_diagnosis-sus.v1/item_tree|structure|at0001|openehr-ehr-evaluation.problem_diagnosis-sus.v1/element|problem|at0002.1|openehr-ehr-evaluation.problem_diagnosis-sus.v1,/composition|outpatient_high_complexity_procedures|openehr-ehr-composition.outpatient_high_complexity_procedures.v1|openehr-ehr-composition.outpatient_high_complexity_procedures.v1/evaluation|bariatric_surgery_evaluation|openehr-ehr-evaluation.bariatric_surgery_evaluation.v1|openehr-ehr-evaluation.bariatric_surgery_evaluation.v1/item_tree|components|at0001|openehr-ehr-evaluation.bariatric_surgery_evaluation.v1/element|baros_table|at0004|openehr-ehr-evaluation.bariatric_surgery_evaluation.v1,cooccurrence,0.25,0.5,0.325,0.325,19
/composition|outpatient_high_complexity_procedures|openehr-ehr-composition.outpatient_high_complexity_procedures.v1|openehr-ehr-composition.outpatient_high_complexity_procedures.v1/evaluation|bariatric_surgery_evaluation|openehr-ehr-evaluation.bariatric_surgery_evaluation.v1|openehr-ehr-evaluation.bariatric_surgery_evaluation.v1/item_tree|components|at0001|openehr-ehr-evaluation.bariatric_surgery_evaluation.v1/element|baros_table|at0004|openehr-ehr-evaluation.bariatric_surgery_evaluation.v1,/composition|outpatient_high_complexity_procedures|openehr-ehr-composition.outpatient_high_complexity_procedures.v1|openehr-ehr-composition.outpatient_high_complexity_procedures.v1/evaluation|problem_diagnosis|openehr-ehr-evaluation.problem_diagnosis-sus.v1|openehr-ehr-evaluation.problem_diagnosis-sus.v1/item_tree|structure|at0001|openehr-ehr-evaluation.problem_diagnosis-sus.v1/element|secondary_diagnosis|at0.1|openehr-ehr-evaluation.problem_diagnosis-sus.v1,cooccurrence,0.25,0.5,0.325,0.325,19
/composition|outpatient_high_complexity_procedures|openehr-ehr-composition.outpatient_high_complexity_procedures.v1|openehr-ehr-composition.outpatient_high_complexity_procedures.v1/evaluation|problem_diagnosis|openehr-ehr-evaluation.problem_diagnosis-sus.v1|openehr-ehr-evaluation.problem_diagnosis-sus.v1/item_tree|structure|at0001|openehr-ehr-evaluation.problem_diagnosis-sus.v1/element|secondary_diagnosis|at0.1|openehr-ehr-evaluation.problem_diagnosis-sus.v1,/composition|outpatient_high_complexity_procedures|openehr-ehr-composition.outpatient_high_complexity_procedures.v1|openehr-ehr-composition.outpatient_high_complexity_procedures.v1/evaluation|bariatric_surgery_evaluation|openehr-ehr-evaluation.bariatric_surgery_evaluation.v1|openehr-ehr-evaluation.bariatric_surgery_evaluation.v1/item_tree|components|at0001|openehr-ehr-evaluation.bariatric_surgery_evaluation.v1/element|baros_table|at0004|openehr-ehr-evaluation.bariatric_surgery_evaluation.v1,cooccurrence,0.25,0.5,0.325,0.325,19
/composition|outpatient_high_complexity_procedures|openehr-ehr-composition.outpatient_high_complexity_procedures.v1|openehr-ehr-composition.outpatient_high_complexity_procedures.v1/evaluation|bariatric_surgery_evaluation|openehr-ehr-evaluation.bariatric_surgery_evaluation.v1|openehr-ehr-evaluation.bariatric_surgery_evaluation.v1/item_tree|components|at0001|openehr-ehr-evaluation.bariatric_surgery_evaluation.v1/element|baros_table|at0004|openehr-ehr-evaluation.bariatric_surgery_evaluation.v1,/composition|outpatient_high_complexity_procedures|openehr-ehr-composition.outpatient_high_complexity_procedures.v1|openehr-ehr-composition.outpatient_high_complexity_procedures.v1/observation|body_mass_index|openehr-ehr-observation.body_mass_index.v1|openehr-ehr-observation.body_mass_index.v1/none|history|at0001|openehr-ehr-observation.body_mass_index.v1/point_event|any_event|at0002|openehr-ehr-observation.body_mass_index.v1/item_tree|single|at0003|openehr-ehr-observation.body_mass_index.v1/element|body_mass_index|at0004|openehr-ehr-observation.body_mass_index.v1,cooccurrence,0.16666666666666666,0.5,0.26666666666666666,0.26666666666666666,19
/composition|outpatient_high_complexity_procedures|openehr-ehr-composition.outpatient_high_complexity_procedures.v1|openehr-ehr-composition.outpatient_high_complexity_procedures.v1/observation|body_mass_index|openehr-ehr-observation.body_mass_index.v1|openehr-ehr-observation.body_mass_index.v1/none|history|at0001|openehr-ehr-observation.body_mass_index.v1/point_event|any_event|at0002|openehr-ehr-observation.body_mass_index.v1/item_tree|single|at0003|openehr-ehr-observation.body_mass_index.v1/element|body_mass_index|at0004|openehr-ehr-observation.body_mass_index.v1,/composition|outpatient_high_complexity_procedures|openehr-ehr-composition.outpatient_high_complexity_procedures.v1|openehr-ehr-composition.outpatient_high_complexity_procedures.v1/evaluation|bariatric_surgery_evaluation|openehr-ehr-evaluation.bariatric_surgery_evaluation.v1|openehr-ehr-evaluation.bariatric_surgery_evaluation.v1/item_tree|components|at0001|openehr-ehr-evaluation.bariatric_surgery_evaluation.v1/element|baros_table|at0004|openehr-ehr-evaluation.bariatric_surgery_evaluation.v1,cooccurrence,0.16666666666666666,0.5,0.26666666666666666,0.26666666666666666,19
/composition|outpatient_high_complexity_procedures|openehr-ehr-composition.outpatient_high_complexity_procedures.v1|openehr-ehr-composition.outpatient_high_complexity_procedures.v1/evaluation|bariatric_surgery_evaluation|openehr-ehr-evaluation.bariatric_surgery_evaluation.v1|openehr-ehr-evaluation.bariatric_surgery_evaluation.v1/item_tree|components|at0001|openehr-ehr-evaluation.bariatric_surgery_evaluation.v1/element|duration_of_follow-up_(months)|at0002|openehr-ehr-evaluation.bariatric_surgery_evaluation.v1,/composition|outpatient_high_complexity_procedures|openehr-ehr-composition.outpatient_high_complexity_procedures.v1|openehr-ehr-composition.outpatient_high_complexity_procedures.v1/evaluation|problem_diagnosis|openehr-ehr-evaluation.problem_diagnosis-sus.v1|openehr-ehr-evaluation.problem_diagnosis-sus.v1/item_tree|structure|at0001|openehr-ehr-evaluation.problem_diagnosis-sus.v1/element|associated_causes|at0.2|openehr-ehr-evaluation.problem_diagnosis-sus.v1,cooccurrence,0.25,0.5,0.325,0.325,19
/composition|outpatient_high_complexity_procedures|openehr-ehr-composition.outpatient_high_complexity_procedures.v1|openehr-ehr-composition.outpatient_high_complexity_procedures.v1/evaluation|problem_diagnosis|openehr-ehr-evaluation.problem_diagnosis-sus.v1|openehr-ehr-evaluation.problem_diagnosis-sus.v1/item_tree|structure|at0001|openehr-ehr-evaluation.problem_diagnosis-sus.v1/element|associated_causes|at0.2|openehr-ehr-evaluation.problem_diagnosis-sus.v1,/composition|outpatient_high_complexity_procedures|openehr-ehr-composition.outpatient_high_complexity_procedures.v1|openehr-ehr-composition.outpatient_high_complexity_procedures.v1/evaluation|bariatric_surgery_evaluation|openehr-ehr-evaluation.bariatric_surgery_evaluation.v1|openehr-ehr-evaluation.bariatric_surgery_evaluation.v1/item_tree|components|at0001|openehr-ehr-evaluation.bariatric_surgery_evaluation.v1/element|duration_of_follow-up_(months)|at0002|openehr-ehr-evaluation.bariatric_surgery_evaluation.v1,cooccurrence,0.25,0.5,0.325,0.325,19
/composition|outpatient_high_complexity_procedures|openehr-ehr-composition.outpatient_high_complexity_procedures.v1|openehr-ehr-composition.outpatient_high_complexity_procedures.v1/evaluation|bariatric_surgery_evaluation|openehr-ehr-evaluation.bariatric_surgery_evaluation.v1|openehr-ehr-evaluation.bariatric_surgery_evaluation.v1/item_tree|components|at0001|openehr-ehr-evaluation.bariatric_surgery_evaluation.v1/element|duration_of_follow-up_(months)|at0002|openehr-ehr-evaluation.bariatric_surgery_evaluation.v1,/composition|outpatient_high_complexity_procedures|openehr-ehr-composition.outpatient_high_complexity_procedures.v1|openehr-ehr-composition.outpatient_high_complexity_procedures.v1/evaluation|problem_diagnosis|openehr-ehr-evaluation.problem_diagnosis-sus.v1|openehr-ehr-evaluation.problem_diagnosis-sus.v1/item_tree|structure|at0001|openehr-ehr-evaluation.problem_diagnosis-sus.v1/element|problem|at0002.1|openehr-ehr-evaluation.problem_diagnosis-sus.v1,cooccurrence,0.25,0.5,0.325,0.325,19
/composition|outpatient_high_complexity_procedures|openehr-ehr-composition.outpatient_high_complexity_procedures.v1|openehr-ehr-composition.outpatient_high_complexity_procedures.v1/evaluation|problem_diagnosis|openehr-ehr-evaluation.problem_diagnosis-sus.v1|openehr-ehr-evaluation.problem_diagnosis-sus.v1/item_tree|structure|at0001|openehr-ehr-evaluation.problem_diagnosis-sus.v1/element|problem|at0002.1|openehr-ehr-evaluation.problem_diagnosis-sus.v1,/composition|outpatient_high_complexity_procedures|openehr-ehr-composition.outpatient_high_complexity_procedures.v1|openehr-ehr-composition.outpatient_high_complexity_procedures.v1/evaluation|bariatric_surgery_evaluation|openehr-ehr-evaluation.bariatric_surgery_evaluation.v1|openehr-ehr-evaluation.bariatric_surgery_evaluation.v1/item_tree|components|at0001|openehr-ehr-evaluation.bariatric_surgery_evaluation.v1/element|duration_of_follow-up_(months)|at0002|openehr-ehr-evaluation.bariatric_surgery_evaluation.v1,cooccurrence,0.25,0.5,0.325,0.325,19
/composition|outpatient_high_complexity_procedures|openehr-ehr-composition.outpatient_high_complexity_procedures.v1|openehr-ehr-composition.outpatient_high_complexity_procedures.v1/evaluation|bariatric_surgery_evaluation|openehr-ehr-evaluation.bariatric_surgery_evaluation.v1|openehr-ehr-evaluation.bariatric_surgery_evaluation.v1/item_tree|components|at0001|openehr-ehr-evaluation.bariatric_surgery_evaluation.v1/element|duration_of_follow-up_(months)|at0002|openehr-ehr-evaluation.bariatric_surgery_evaluation.v1,/composition|outpatient_high_complexity_procedures|openehr-ehr-composition.outpatient_high_complexity_procedures.v1|openehr-ehr-composition.outpatient_high_complexity_procedures.v1/evaluation|problem_diagnosis|openehr-ehr-evaluation.problem_diagnosis-sus.v1|openehr-ehr-evaluation.problem_diagnosis-sus.v1/item_tree|structure|at0001|openehr-ehr-evaluation.problem_diagnosis-sus.v1/element|secondary_diagnosis|at0.1|openehr-ehr-evaluation.problem_diagnosis-sus.v1,cooccurrence,0.25,0.5,0.325,0.325,19
/composition|outpatient_high_complexity_procedures|openehr-ehr-composition.outpatient_high_complexity_procedures.v1|openehr-ehr-composition.outpatient_high_complexity_procedures.v1/evaluation|problem_diagnosis|openehr-ehr-evaluation.problem_diagnosis-sus.v1|openehr-ehr-evaluation.problem_diagnosis-sus.v1/item_tree|structure|at0001|openehr-ehr-evaluation.problem_diagnosis-sus.v1/element|secondary_diagnosis|at0.1|openehr-ehr-evaluation.problem_diagnosis-sus.v1,/composition|outpatient_high_complexity_procedures|openehr-ehr-composition.outpatient_high_complexity_procedures.v1|openehr-ehr-composition.outpatient_high_complexity_procedures.v1/evaluation|bariatric_surgery_evaluation|openehr-ehr-evaluation.bariatric_surgery_evaluation.v1|openehr-ehr-evaluation.bariatric_surgery_evaluation.v1/item_tree|components|at0001|openehr-ehr-evaluation.bariatric_surgery_evaluation.v1/element|duration_of_follow-up_(months)|at0002|openehr-ehr-evaluation.bariatric_surgery_evaluation.v1,cooccurrence,0.25,0.5,0.325,0.325,19
/composition|outpatient_high_complexity_procedures|openehr-ehr-composition.outpatient_high_complexity_procedures.v1|openehr-ehr-composition.outpatient_high_complexity_procedures.v1/evaluation|bariatric_surgery_evaluation|openehr-ehr-evaluation.bariatric_surgery_evaluation.v1|openehr-ehr-evaluation.bariatric_surgery_evaluation.v1/item_tree|components|at0001|openehr-ehr-evaluation.bariatric_surgery_evaluation.v1/element|duration_of_follow-up_(months)|at0002|openehr-ehr-evaluation.bariatric_surgery_evaluation.v1,/composition|outpatient_high_complexity_procedures|openehr-ehr-composition.outpatient_high_complexity_procedures.v1|openehr-ehr-composition.outpatient_high_complexity_procedures.v1/observation|body_mass_index|openehr-ehr-observation.body_mass_index.v1|openehr-ehr-observation.body_mass_index.v1/none|history|at0001|openehr-ehr-observation.body_mass_index.v1/point_event|any_event|at0002|openehr-ehr-observation.body_mass_index.v1/item_tree|single|at0003|openehr-ehr-observation.body_mass_index.v1/element|body_mass_index|at0004|openehr-ehr-observation.body_mass_index.v1,cooccurrence,0.16666666666666666,0.5,0.26666666666666666,0.26666666666666666,19
/composition|outpatient_high_complexity_procedures|openehr-ehr-composition.outpatient_high_complexity_procedures.v1|openehr-ehr-composition.outpatient_high_complexity_procedures.v1/observation|body_mass_index|openehr-ehr-observation.body_mass_index.v1|openehr-ehr-observation.body_mass_index.v1/none|history|at0001|openehr-ehr-observation.body_mass_index.v1/point_event|any_event|at0002|openehr-ehr-observation.body_mass_index.v1/item_tree|single|at0003|openehr-ehr-observation.body_mass_index.v1/element|body_mass_index|at0004|openehr-ehr-observation.body_mass_index.v1,/composition|outpatient_high_complexity_procedures|openehr-ehr-composition.outpatient_high_complexity_procedures.v1|openehr-ehr-composition.outpatient_high_complexity_procedures.v1/evaluation|bariatric_surgery_evaluation|openehr-ehr-evaluation.bariatric_surgery_evaluation.v1|openehr-ehr-evaluation.bariatric_surgery_evaluation.v1/item_tree|components|at0001|openehr-ehr-evaluation.bariatric_surgery_evaluation.v1/element|duration_of_follow-up_(months)|at0002|openehr-ehr-evaluation.bariatric_surgery_evaluation.v1,cooccurrence,0.16666666666666666,0.5,0.26666666666666666,0.26666666666666666,19
/composition|outpatient_high_complexity_procedures|openehr-ehr-composition.outpatient_high_complexity_procedures.v1|openehr-ehr-composition.outpatient_high_complexity_procedures.v1/evaluation|problem_diagnosis|openehr-ehr-evaluation.problem_diagnosis-sus.v1|openehr-ehr-evaluation.problem_diagnosis-sus.v1/item_tree|structure|at0001|openehr-ehr-evaluation.problem_diagnosis-sus.v1/element|associated_causes|at0.2|openehr-ehr-evaluation.problem_diagnosis-sus.v1,/composition|outpatient_high_complexity_procedures|openehr-ehr-composition.outpatient_high_complexity_procedures.v1|openehr-ehr-composition.outpatient_high_complexity_procedures.v1/observation|body_mass_index|openehr-ehr-observation.body_mass_index.v1|openehr-ehr-observation.body_mass_index.v1/none|history|at0001|openehr-ehr-observation.body_mass_index.v1/point_event|any_event|at0002|openehr-ehr-observation.body_mass_index.v1/item_tree|single|at0003|openehr-ehr-observation.body_mass_index.v1/element|body_mass_index|at0004|openehr-ehr-observation.body_mass_index.v1,cooccurrence,0.16666666666666666,0.5,0.26666666666666666,0.26666666666666666,19
/composition|outpatient_high_complexity_procedures|openehr-ehr-composition.outpatient_high_complexity_procedures.v1|openehr-ehr-composition.outpatient_high_complexity_procedures.v1/observation|body_mass_index|openehr-ehr-observation.body_mass_index.v1|openehr-ehr-observation.body_mass_index.v1/none|history|at0001|openehr-ehr-observation.body_mass_index.v1/point_event|any_event|at0002|openehr-ehr-observation.body_mass_index.v1/item_tree|single|at0003|openehr-ehr-observation.body_mass_index.v1/element|body_mass_index|at0004|openehr-ehr-observation.body_mass_index.v1,/composition|outpatient_high_complexity_procedures|openehr-ehr-composition.outpatient_high_complexity_procedures.v1|openehr-ehr-composition.outpatient_high_complexity_procedures.v1/evaluation|problem_diagnosis|openehr-ehr-evaluation.problem_diagnosis-sus.v1|openehr-ehr-evaluation.problem_diagnosis-sus.v1/item_tree|structure|at0001|openehr-ehr-evaluation.problem_diagnosis-sus.v1/element|associated_causes|at0.2|openehr-ehr-evaluation.problem_diagnosis-sus.v1,cooccurrence,0.16666666666666666,0.5,0.26666666666666666,0.26666666666666666,19
/composition|outpatient_high_complexity_procedures|openehr-ehr-composition.outpatient_high_complexity_procedures.v1|openehr-ehr-composition.outpatient_high_complexity_procedures.v1/evaluation|problem_diagnosis|openehr-ehr-evaluation.problem_diagnosis-sus.v1|openehr-ehr-evaluation.problem_diagnosis-sus.v1/item_tree|structure|at0001|openehr-ehr-evaluation.problem_diagnosis-sus.v1/element|problem|at0002.1|openehr-ehr-evaluation.problem_diagnosis-sus.v1,/composition|outpatient_high_complexity_procedures|openehr-ehr-composition.outpatient_high_complexity_procedures.v1|openehr-ehr-composition.outpatient_high_complexity_procedures.v1/observation|body_mass_index|openehr-ehr-observation.body_mass_index.v1|openehr-ehr-observation.body_mass_index.v1/none|history|at0001|openehr-ehr-observation.body_mass_index.v1/point_event|any_event|at0002|openehr-ehr-observation.body_mass_index.v1/item_tree|single|at0003|openehr-ehr-observation.body_mass_index.v1/element|body_mass_index|at0004|openehr-ehr-observation.body_mass_index.v1,cooccurrence,0.16666666666666666,0.5,0.26666666666666666,0.26666666666666666,19
/composition|outpatient_high_complexity_procedures|openehr-ehr-composition.outpatient_high_complexity_procedures.v1|openehr-ehr-composition.outpatient_high_complexity_procedures.v1/observation|body_mass_index|openehr-ehr-observation.body_mass_index.v1|openehr-ehr-observation.body_mass_index.v1/none|history|at0001|openehr-ehr-observation.body_mass_index.v1/point_event|any_event|at0002|openehr-ehr-observation.body_mass_index.v1/item_tree|single|at0003|openehr-ehr-observation.body_mass_index.v1/element|body_mass_index|at0004|openehr-ehr-observation.body_mass_index.v1,/composition|outpatient_high_complexity_procedures|openehr-ehr-composition.outpatient_high_complexity_procedures.v1|openehr-ehr-composition.outpatient_high_complexity_procedures.v1/evaluation|problem_diagnosis|openehr-ehr-evaluation.problem_diagnosis-sus.v1|openehr-ehr-evaluation.problem_diagnosis-sus.v1/item_tree|structure|at0001|openehr-ehr-evaluation.problem_diagnosis-sus.v1/element|problem|at0002.1|openehr-ehr-evaluation.problem_diagnosis-sus.v1,cooccurrence,0.16666666666666666,0.5,0.26666666666666666,0.26666666666666666,19
/composition|outpatient_high_complexity_procedures|openehr-ehr-composition.outpatient_high_complexity_procedures.v1|openehr-ehr-composition.outpatient_high_complexity_procedures.v1/evaluation|problem_diagnosis|openehr-ehr-evaluation.problem_diagnosis-sus.v1|openehr-ehr-evaluation.problem_diagnosis-sus.v1/item_tree|structure|at0001|openehr-ehr-evaluation.problem_diagnosis-sus.v1/element|secondary_diagnosis|at0.1|openehr-ehr-evaluation.problem_diagnosis-sus.v1,/composition|outpatient_high_complexity_procedures|openehr-ehr-composition.outpatient_high_complexity_procedures.v1|openehr-ehr-composition.outpatient_high_complexity_procedures.v1/observation|body_mass_index|openehr-ehr-observation.body_mass_index.v1|openehr-ehr-observation.body_mass_index.v1/none|history|at0001|openehr-ehr-observation.body_mass_index.v1/point_event|any_event|at0002|openehr-ehr-observation.body_mass_index.v1/item_tree|single|at0003|openehr-ehr-observation.body_mass_index.v1/element|body_mass_index|at0004|openehr-ehr-observation.body_mass_index.v1,cooccurrence,0.16666666666666666,0.5,0.26666666666666666,0.26666666666666666,19
/composition|outpatient_high_complexity_procedures|openehr-ehr-composition.outpatient_high_complexity_procedures.v1|openehr-ehr-composition.outpatient_high_complexity_procedures.v1/observation|body_mass_index|openehr-ehr-observation.body_mass_index.v1|openehr-ehr-observation.body_mass_index.v1/none|history|at0001|openehr-ehr-observation.body_mass_index.v1/point_event|any_event|at0002|openehr-ehr-observation.body_mass_index.v1/item_tree|single|at0003|openehr-ehr-observation.body_mass_index.v1/element|body_mass_index|at0004|openehr-ehr-observation.body_mass_index.v1,/composition|outpatient_high_complexity_procedures|openehr-ehr-composition.outpatient_high_complexity_procedures.v1|openehr-ehr-composition.outpatient_high_complexity_procedures.v1/evaluation|problem_diagnosis|openehr-ehr-evaluation.problem_diagnosis-sus.v1|openehr-ehr-evaluation.problem_diagnosis-sus.v1/item_tree|structure|at0001|openehr-ehr-evaluation.problem_diagnosis-sus.v1/element|secondary_diagnosis|at0.1|openehr-ehr-evaluation.problem_diagnosis-sus.v1,cooccurrence,0.16666666666666666,0.5,0.26666666666666666,0.26666666666666666,19
/composition|outpatient_high_complexity_procedures|openehr-ehr-composition.outpatient_high_complexity_procedures.v1|openehr-ehr-composition.outpatient_high_complexity_procedures.v1/admin_entry|hcpa|openehr-ehr-admin_entry.high_complexity_procedures_sus.v1|openehr-ehr-admin_entry.high_complexity_procedures_sus.v1/item_tree|components|at0001|openehr-ehr-admin_entry.high_complexity_procedures_sus.v1/cluster|chemotherapy|at0016|openehr-ehr-admin_entry.high_complexity_procedures_sus.v1/element|date_of_beginning_of_chemotherapy|at0031|openehr-ehr-admin_entry.high_complexity_procedures_sus.v1,/composition|outpatient_high_complexity_procedures|openehr-ehr-composition.outpatient_high_complexity_procedures.v1|openehr-ehr-composition.outpatient_high_complexity_procedures.v1/admin_entry|hcpa|openehr-ehr-admin_entry.high_complexity_procedures_sus.v1|openehr-ehr-admin_entry.high_complexity_procedures_sus.v1/item_tree|components|at0001|openehr-ehr-admin_entry.high_complexity_procedures_sus.v1/cluster|chemotherapy|at0016|openehr-ehr-admin_entry.high_complexity_procedures_sus.v1/element|duration_of_treatment|at0013|openehr-ehr-admin_entry.high_complexity_procedures_sus.v1,cooccurrence,0.8,0.10526315789473684,0.591578947368421,0.591578947368421,4
/composition|outpatient_high_complexity_procedures|openehr-ehr-composition.outpatient_high_complexity_procedures.v1|openehr-ehr-composition.outpatient_high_complexity_procedures.v1/admin_entry|hcpa|openehr-ehr-admin_entry.high_complexity_procedures_sus.v1|openehr-ehr-admin_entry.high_complexity_procedures_sus.v1/item_tree|components|at0001|openehr-ehr-admin_entry.high_complexity_procedures_sus.v1/cluster|chemotherapy|at0016|openehr-ehr-admin_entry.high_complexity_procedures_sus.v1/element|duration_of_treatment|at0013|openehr-ehr-admin_entry.high_complexity_procedures_sus.v1,/composition|outpatient_high_complexity_procedures|openehr-ehr-composition.outpatient_high_complexity_procedures.v1|openehr-ehr-composition.outpatient_high_complexity_procedures.v1/admin_entry|hcpa|openehr-ehr-admin_entry.high_complexity_procedures_sus.v1|openehr-ehr-admin_entry.high_complexity_procedures_sus.v1/item_tree|components|at0001|openehr-ehr-admin_entry.high_complexity_procedures_sus.v1/cluster|chemotherapy|at0016|openehr-ehr-admin_entry.high_complexity_procedures_sus.v1/element|date_of_beginning_of_chemotherapy|at0031|openehr-ehr-admin_entry.high_complexity_procedures_sus.v1,cooccurrence,0.8,0.10526315789473684,0.591578947368421,0.591578947368421,4
/composition|outpatient_high_complexity_procedures|openehr-ehr-composition.outpatient_high_complexity_procedures.v1|openehr-ehr-composition.outpatient_high_complexity_procedures.v1/admin_entry|hcpa|openehr-ehr-admin_entry.high_complexity_procedures_sus.v1|openehr-ehr-admin_entry.high_complexity_procedures_sus.v1/item_tree|components|at0001|openehr-ehr-admin_entry.high_complexity_procedures_sus.v1/cluster|chemotherapy|at0016|openehr-ehr-admin_entry.high_complexity_procedures_sus.v1/element|date_of_beginning_of_chemotherapy|at0031|openehr-ehr-admin_entry.high_complexity_procedures_sus.v1,/composition|outpatient_high_complexity_procedures|openehr-ehr-composition.outpatient_high_complexity_procedures.v1|openehr-ehr-composition.outpatient_high_complexity_procedures.v1/admin_entry|hcpa|openehr-ehr-admin_entry.high_complexity_procedures_sus.v1|openehr-ehr-admin_entry.high_complexity_procedures_sus.v1/item_tree|components|at0001|openehr-ehr-admin_entry.high_complexity_procedures_sus.v1/cluster|chemotherapy|at0016|openehr-ehr-admin_entry.high_complexity_procedures_sus.v1/element|schema|at0014|openehr-ehr-admin_entry.high_complexity_procedures_sus.v1,cooccurrence,0.8,0.10526315789473684,0.591578947368421,0.591578947368421,4
/composition|outpatient_high_complexity_procedures|openehr-ehr-composition.outpatient_high_complexity_procedures.v1|openehr-ehr-composition.outpatient_high_complexity_procedures.v1/admin_entry|hcpa|openehr-ehr-admin_entry.high_complexity_procedures_sus.v1|openehr-ehr-admin_entry.high_complexity_procedures_sus.v1/item_tree|components|at0001|openehr-ehr-admin_entry.high_complexity_procedures_sus.v1/cluster|chemotherapy|at0016|openehr-ehr-admin_entry.high_complexity_procedures_sus.v1/element|schema|at0014|openehr-ehr-admin_entry.high_complexity_procedures_sus.v1,/composition|outpatient_high_complexity_procedures|openehr-ehr-composition.outpatient_high_complexity_procedures.v1|openehr-ehr-composition.outpatient_high_complexity_procedures.v1/admin_entry|hcpa|openehr-ehr-admin_entry.high_complexity_procedures_sus.v1|openehr-ehr-admin_entry.high_complexity_procedures_sus.v1/item_tree|components|at0001|openehr-ehr-admin_entry.high_complexity_procedures_sus.v1/cluster|chemotherapy|at0016|openehr-ehr-admin_entry.high_complexity_procedures_sus.v1/element|date_of_beginning_of_chemotherapy|at0031|openehr-ehr-admin_entry.high_complexity_procedures_sus.v1,cooccurrence,0.8,0.10526315789473684,0.591578947368421,0.591578947368421,4
/composition|outpatient_high_complexity_procedures|openehr-ehr-composition.outpatient_high_complexity_procedures.v1|openehr-ehr-composition.outpatient_high_complexity_procedures.v1/admin_entry|hcpa|openehr-ehr-admin_entry.high_complexity_procedures_sus.v1|openehr-ehr-admin_entry.high_complexity_procedures_sus.v1/item_tree|components|at0001|openehr-ehr-admin_entry.high_complexity_procedures_sus.v1/cluster|chemotherapy|at0016|openehr-ehr-admin_entry.high_complexity_procedures_sus.v1/element|date_of_beginning_of_chemotherapy|at0031|openehr-ehr-admin_entry.high_complexity_procedures_sus.v1,/composition|outpatient_high_complexity_procedures|openehr-ehr-composition.outpatient_high_complexity_procedures.v1|openehr-ehr-composition.outpatient_high_complexity_procedures.v1/admin_entry|hcpa|openehr-ehr-admin_entry.high_complexity_procedures_sus.v1|openehr-ehr-admin_entry.high_complexity_procedures_sus.v1/item_tree|components|at0001|openehr-ehr-admin_entry.high_complexity_procedures_sus.v1/cluster|general_data|at0023|openehr-ehr-admin_entry.high_complexity_procedures_sus.v1/element|healthcare_unit|at0011|openehr-ehr-admin_entry.high_complexity_procedures_sus.v1,cooccurrence,0.6,0.10526315789473684,0.451578947368421,0.451578947368421,4
/composition|outpatient_high_complexity_procedures|openehr-ehr-composition.outpatient_high_complexity_procedures.v1|openehr-ehr-composition.outpatient_high_complexity_procedures.v1/admin_entry|hcpa|openehr-ehr-admin_entry.high_complexity_procedures_sus.v1|openehr-ehr-admin_entry.high_complexity_procedures_sus.v1/item_tree|components|at0001|openehr-ehr-admin_entry.high_complexity_procedures_sus.v1/cluster|general_data|at0023|openehr-ehr-admin_entry.high_complexity_procedures_sus.v1/element|healthcare_unit|at0011|openehr-ehr-admin_entry.high_complexity_procedures_sus.v1,/composition|outpatient_high_complexity_procedures|openehr-ehr-composition.outpatient_high_complexity_procedures.v1|openehr-ehr-composition.outpatient_high_complexity_procedures.v1/admin_entry|hcpa|openehr-ehr-admin_entry.high_complexity_procedures_sus.v1|openehr-ehr-admin_entry.high_complexity_procedures_sus.v1/item_tree|components|at0001|openehr-ehr-admin_entry.high_complexity_procedures_sus.v1/cluster|chemotherapy|at0016|openehr-ehr-admin_entry.high_complexity_procedures_sus.v1/element|date_of_beginning_of_chemotherapy|at0031|openehr-ehr-admin_entry.high_complexity_procedures_sus.v1,cooccurrence,0.6,0.10526315789473684,0.451578947368421,0.451578947368421,4
/composition|outpatient_high_complexity_procedures|openehr-ehr-composition.outpatient_high_complexity_procedures.v1|openehr-ehr-composition.outpatient_high_complexity_procedures.v1/admin_entry|hcpa|openehr-ehr-admin_entry.high_complexity_procedures_sus.v1|openehr-ehr-admin_entry.high_complexity_procedures_sus.v1/item_tree|components|at0001|openehr-ehr-admin_entry.high_complexity_procedures_sus.v1/cluster|chemotherapy|at0016|openehr-ehr-admin_entry.high_complexity_procedures_sus.v1/element|date_of_beginning_of_chemotherapy|at0031|openehr-ehr-admin_entry.high_complexity_procedures_sus.v1,/composition|outpatient_high_complexity_procedures|openehr-ehr-composition.outpatient_high_complexity_procedures.v1|openehr-ehr-composition.outpatient_high_complexity_procedures.v1/admin_entry|hcpa|openehr-ehr-admin_entry.high_complexity_procedures_sus.v1|openehr-ehr-admin_entry.high_complexity_procedures_sus.v1/item_tree|components|at0001|openehr-ehr-admin_entry.high_complexity_procedures_sus.v1/cluster|general_data|at0023|openehr-ehr-admin_entry.high_complexity_procedures_sus.v1/element|issue_date|at0009|openehr-ehr-admin_entry.high_complexity_procedures_sus.v1,cooccurrence,0.6,0.10526315789473684,0.451578947368421,0.451578947368421,4
/composition|outpatient_high_complexity_procedures|openehr-ehr-composition.outpatient_high_complexity_procedures.v1|openehr-ehr-composition.outpatient_high_complexity_procedures.v1/admin_entry|hcpa|openehr-ehr-admin_entry.high_complexity_procedures_sus.v1|openehr-ehr-admin_entry.high_complexity_procedures_sus.v1/item_tree|components|at0001|openehr-ehr-admin_entry.high_complexity_procedures_sus.v1/cluster|general_data|at0023|openehr-ehr-admin_entry.high_complexity_procedures_sus.v1/element|issue_date|at0009|openehr-ehr-admin_entry.high_complexity_procedures_sus.v1,/composition|outpatient_high_complexity_procedures|openehr-ehr-composition.outpatient_high_complexity_procedures.v1|openehr-ehr-composition.outpatient_high_complexity_procedures.v1/admin_entry|hcpa|openehr-ehr-admin_entry.high_complexity_procedures_sus.v1|openehr-ehr-admin_entry.high_complexity_procedures_sus.v1/item_tree|components|at0001|openehr-ehr-admin_entry.high_complexity_procedures_sus.v1/cluster|chemotherapy|at0016|openehr-ehr-admin_entry.high_complexity_procedures_sus.v1/element|date_of_beginning_of_chemotherapy|at0031|openehr-ehr-admin_entry.high_complexity_procedures_sus.v1,cooccurrence,0.6,0.10526315789473684,0.451578947368421,0.451578947368421,4
/composition|outpatient_high_complexity_procedures|openehr-ehr-composition.outpatient_high_complexity_procedures.v1|openehr-ehr-composition.outpatient_high_complexity_procedures.v1/admin_entry|hcpa|openehr-ehr-admin_entry.high_complexity_procedures_sus.v1|openehr-ehr-admin_entry.high_complexity_procedures_sus.v1/item_tree|components|at0001|openehr-ehr-admin_entry.high_complexity_procedures_sus.v1/cluster|chemotherapy|at0016|openehr-ehr-admin_entry.high_complexity_procedures_sus.v1/element|date_of_beginning_of_chemotherapy|at0031|openehr-ehr-admin_entry.high_complexity_procedures_sus.v1,/composition|outpatient_high_complexity_procedures|openehr-ehr-composition.outpatient_high_complexity_procedures.v1|openehr-ehr-composition.outpatient_high_complexity_procedures.v1/admin_entry|hcpa|openehr-ehr-admin_entry.high_complexity_procedures_sus.v1|openehr-ehr-admin_entry.high_complexity_procedures_sus.v1/item_tree|components|at0001|openehr-ehr-admin_entry.high_complexity_procedures_sus.v1/cluster|general_data|at0023|openehr-ehr-admin_entry.high_complexity_procedures_sus.v1/element|patient_age|at0012|openehr-ehr-admin_entry.high_complexity_procedures_sus.v1,cooccurrence,0.6,0.10526315789473684,0.451578947368421,0.451578947368421,4
/composition|outpatient_high_complexity_procedures|openehr-ehr-composition.outpatient_high_complexity_procedures.v1|openehr-ehr-composition.outpatient_high_complexity_procedures.v1/admin_entry|hcpa|openehr-ehr-admin_entry.high_complexity_procedures_sus.v1|openehr-ehr-admin_entry.high_complexity_procedures_sus.v1/item_tree|components|at0001|openehr-ehr-admin_entry.high_complexity_procedures_sus.v1/cluster|general_data|at0023|openehr-ehr-admin_entry.high_complexity_procedures_sus.v1/element|patient_age|at0012|openehr-ehr-admin_entry.high_complexity_procedures_sus.v1,/composition|outpatient_high_complexity_procedures|openehr-ehr-composition.outpatient_high_complexity_procedures.v1|openehr-ehr-composition.outpatient_high_complexity_procedures.v1/admin_entry|hcpa|openehr-ehr-admin_entry.high_complexity_procedures_sus.v1|openehr-ehr-admin_entry.high_complexity_procedures_sus.v1/item_tree|components|at0001|openehr-ehr-admin_entry.high_complexity_procedures_sus.v1/cluster|chemotherapy|at0016|openehr-ehr-admin_entry.high_complexity_procedures_sus.v1/element|date_of_beginning_of_chemotherapy|at0031|openehr-ehr-admin_entry.high_complexity_procedures_sus.v1,cooccurrence,0.6,0.10526315789473684,0.451578947368421,0.451578947368421,4
/composition|outpatient_high_complexity_procedures|openehr-ehr-composition.outpatient_high_complexity_procedures.v1|openehr-ehr-composition.outpatient_high_complexity_procedures.v1/admin_entry|hcpa|openehr-ehr-admin_entry.high_complexity_procedures_sus.v1|openehr-ehr-admin_entry.high_complexity_procedures_sus.v1/item_tree|components|at0001|openehr-ehr-admin_entry.high_complexity_procedures_sus.v1/cluster|chemotherapy|at0016|openehr-ehr-admin_entry.high_complexity_procedures_sus.v1/element|date_of_beginning_of_chemotherapy|at0031|openehr-ehr-admin_entry.high_complexity_procedures_sus.v1,/composition|outpatient_high_complexity_procedures|openehr-ehr-composition.outpatient_high_complexity_procedures.v1|openehr-ehr-composition.outpatient_high_complexity_procedures.v1/admin_entry|hcpa|openehr-ehr-admin_entry.high_complexity_procedures_sus.v1|openehr-ehr-admin_entry.high_complexity_procedures_sus.v1/item_tree|components|at0001|openehr-ehr-admin_entry.high_complexity_procedures_sus.v1/cluster|general_data|at0023|openehr-ehr-admin_entry.high_complexity_procedures_sus.v1/element|reason_for_encounter|at0010|openehr-ehr-admin_entry.high_complexity_procedures_sus.v1,cooccurrence,0.6,0.10526315789473684,0.451578947368421,0.451578947368421,4
/composition|outpatient_high_complexity_procedures|openehr-ehr-composition.outpatient_high_complexity_procedures.v1|openehr-ehr-composition.outpatient_high_complexity_procedures.v1/admin_entry|hcpa|openehr-ehr-admin_entry.high_complexity_procedures_sus.v1|openehr-ehr-admin_entry.high_complexity_procedures_sus.v1/item_tree|components|at0001|openehr-ehr-admin_entry.high_complexity_procedures_sus.v1/cluster|general_data|at0023|openehr-ehr-admin_entry.high_complexity_procedures_sus.v1/element|reason_for_encounter|at0010|openehr-ehr-admin_entry.high_complexity_procedures_sus.v1,/composition|outpatient_high_complexity_procedures|openehr-ehr-composition.outpatient_high_complexity_procedures.v1|openehr-ehr-composition.outpatient_high_complexity_procedures.v1/admin_entry|hcpa|openehr-ehr-admin_entry.high_complexity_procedures_sus.v1|openehr-ehr-admin_entry.high_complexity_procedures_sus.v1/item_tree|components|at0001|openehr-ehr-admin_entry.high_complexity_procedures_sus.v1/cluster|chemotherapy|at0016|openehr-ehr-admin_entry.high_complexity_procedures_sus.v1/element|date_of_beginning_of_chemotherapy|at0031|openehr-ehr-admin_entry.high_complexity_procedures_sus.v1,cooccurrence,0.6,0.10526315789473684,0.451578947368421,0.451578947368421,4
/composition|outpatient_high_complexity_procedures|openehr-ehr-composition.outpatient_high_complexity_procedures.v1|openehr-ehr-composition.outpatient_high_complexity_procedures.v1/admin_entry|hcpa|openehr-ehr-admin_entry.high_complexity_procedures_sus.v1|openehr-ehr-admin_entry.high_complexity_procedures_sus.v1/item_tree|components|at0001|openehr-ehr-admin_entry.high_complexity_procedures_sus.v1/cluster|chemotherapy|at0016|openehr-ehr-admin_entry.high_complexity_procedures_sus.v1/element|date_of_beginning_of_chemotherapy|at0031|openehr-ehr-admin_entry.high_complexity_procedures_sus.v1,/composition|outpatient_high_complexity_procedures|openehr-ehr-composition.outpatient_high_complexity_procedures.v1|openehr-ehr-composition.outpatient_high_complexity_procedures.v1/admin_entry|hcpa|openehr-ehr-admin_entry.high_complexity_procedures_sus.v1|openehr-ehr-admin_entry.high_complexity_procedures_sus.v1/item_tree|components|at0001|openehr-ehr-admin_entry.high_complexity_procedures_sus.v1/cluster|general_data|at0023|openehr-ehr-admin_entry.high_complexity_procedures_sus.v1/element|state|at0028|openehr-ehr-admin_entry.high_complexity_procedures_sus.v1,cooccurrence,0.6,0.10526315789473684,0.451578947368421,0.451578947368421,4
/composition|outpatient_high_complexity_procedures|openehr-ehr-composition.outpatient_high_complexity_procedures.v1|openehr-ehr-composition.outpatient_high_complexity_procedures.v1/admin_entry|hcpa|openehr-ehr-admin_entry.high_complexity_procedures_sus.v1|openehr-ehr-admin_entry.high_complexity_procedures_sus.v1/item_tree|components|at0001|openehr-ehr-admin_entry.high_complexity_procedures_sus.v1/cluster|general_data|at0023|openehr-ehr-admin_entry.high_complexity_procedures_sus.v1/element|state|at0028|openehr-ehr-admin_entry.high_complexity_procedures_sus.v1,/composition|outpatient_high_complexity_procedures|openehr-ehr-composition.outpatient_high_complexity_procedures.v1|openehr-ehr-composition.outpatient_high_complexity_procedures.v1/admin_entry|hcpa|openehr-ehr-admin_entry.high_complexity_procedures_sus.v1|openehr-ehr-admin_entry.high_complexity_procedures_sus.v1/item_tree|components|at0001|openehr-ehr-admin_entry.high_complexity_procedures_sus.v1/cluster|chemotherapy|at0016|openehr-ehr-admin_entry.high_complexity_procedures_sus.v1/element|date_of_beginning_of_chemotherapy|at0031|openehr-ehr-admin_entry.high_complexity_procedures_sus.v1,cooccurrence,0.6,0.10526315789473684,0.451578947368421,0.451578947368421,4
/composition|outpatient_high_complexity_procedures|openehr-ehr-composition.outpatient_high_complexity_procedures.v1|openehr-ehr-composition.outpatient_high_complexity_procedures.v1/admin_entry|hcpa|openehr-ehr-admin_entry.high_complexity_procedures_sus.v1|openehr-ehr-admin_entry.high_complexity_procedures_sus.v1/item_tree|components|at0001|openehr-ehr-admin_entry.high_complexity_procedures_sus.v1/cluster|chemotherapy|at0016|openehr-ehr-admin_entry.high_complexity_procedures_sus.v1/element|duration_of_treatment|at0013|openehr-ehr-admin_entry.high_complexity_procedures_sus.v1,/composition|outpatient_high_complexity_procedures|openehr-ehr-composition.outpatient_high_complexity_procedures.v1|openehr-ehr-composition.outpatient_high_complexity_procedures.v1/admin_entry|hcpa|openehr-ehr-admin_entry.high_complexity_procedures_sus.v1|openehr-ehr-admin_entry.high_complexity_procedures_sus.v1/item_tree|components|at0001|openehr-ehr-admin_entry.high_complexity_procedures_sus.v1/cluster|chemotherapy|at0016|openehr-ehr-admin_entry.high_complexity_procedures_sus.v1/element|schema|at0014|openehr-ehr-admin_entry.high_complexity_procedures_sus.v1,cooccurrence,0.8,0.10526315789473684,0.591578947368421,0.591578947368421,4
/composition|outpatient_high_complexity_procedures|openehr-ehr-composition.outpatient_high_complexity_procedures.v1|openehr-ehr-composition.outpatient_high_complexity_procedures.v1/admin_entry|hcpa|openehr-ehr-admin_entry.high_complexity_procedures_sus.v1|openehr-ehr-admin_entry.high_complexity_procedures_sus.v1/item_tree|components|at0001|openehr-ehr-admin_entry.high_complexity_procedures_sus.v1/cluster|chemotherapy|at0016|openehr-ehr-admin_entry.high_complexity_procedures_sus.v1/element|schema|at0014|openehr-ehr-admin_entry.high_complexity_procedures_sus.v1,/composition|outpatient_high_complexity_procedures|openehr-ehr-composition.outpatient_high_complexity_procedures.v1|openehr-ehr-composition.outpatient_high_complexity_procedures.v1/admin_entry|hcpa|openehr-ehr-admin_entry.high_complexity_procedures_sus.v1|openehr-ehr-admin_entry.high_complexity_procedures_sus.v1/item_tree|components|at0001|openehr-ehr-admin_entry.high_complexity_procedures_sus.v1/cluster|chemotherapy|at0016|openehr-ehr-admin_entry.high_complexity_procedures_sus.v1/element|duration_of_treatment|at0013|openehr-ehr-admin_entry.high_complexity_procedures_sus.v1,cooccurrence,0.8,0.10526315789473684,0.591578947368421,0.591578947368421,4
/composition|outpatient_high_complexity_procedures|openehr-ehr-composition.outpatient_high_complexity_procedures.v1|openehr-ehr-composition.outpatient_high_complexity_procedures.v1/admin_entry|hcpa|openehr-ehr-admin_entry.high_complexity_procedures_sus.v1|openehr-ehr-admin_entry.high_complexity_procedures_sus.v1/item_tree|components|at0001|openehr-ehr-admin_entry.high_complexity_procedures_sus.v1/cluster|chemotherapy|at0016|openehr-ehr-admin_entry.high_complexity_procedures_sus.v1/element|duration_of_treatment|at0013|openehr-ehr-admin_entry.high_complexity_procedures_sus.v1,/composition|outpatient_high_complexity_procedures|openehr-ehr-composition.outpatient_high_complexity_procedures.v1|openehr-ehr-composition.outpatient_high_complexity_procedures.v1/admin_entry|hcpa|openehr-ehr-admin_entry.high_complexity_procedures_sus.v1|openehr-ehr-admin_entry.high_complexity_procedures_sus.v1/item_tree|components|at0001|openehr-ehr-admin_entry.high_complexity_procedures_sus.v1/cluster|general_data|at0023|openehr-ehr-admin_entry.high_complexity_procedures_sus.v1/element|healthcare_unit|at0011|openehr-ehr-admin_entry.high_complexity_procedures_sus.v1,cooccurrence,0.6,0.10526315789473684,0.451578947368421,0.451578947368421,4
/composition|outpatient_high_complexity_procedures|openehr-ehr-composition.outpatient_high_complexity_procedures.v1|openehr-ehr-composition.outpatient_high_complexity_procedures.v1/admin_entry|hcpa|openehr-ehr-admin_entry.high_complexity_procedures_sus.v1|openehr-ehr-admin_entry.high_complexity_procedures_sus.v1/item_tree|components|at0001|openehr-ehr-admin_entry.high_complexity_procedures_sus.v1/cluster|general_data|at0023|openehr-ehr-admin_entry.high_complexity_procedures_sus.v1/element|healthcare_unit|at0011|openehr-ehr-admin_entry.high_complexity_procedures_sus.v1,/composition|outpatient_high_complexity_procedures|openehr-ehr-composition.outpatient_high_complexity_procedures.v1|openehr-ehr-composition.outpatient_high_complexity_procedures.v1/admin_entry|hcpa|openehr-ehr-admin_entry.high_complexity_procedures_sus.v1|openehr-ehr-admin_entry.high_complexity_procedures_sus.v1/item_tree|components|at0001|openehr-ehr-admin_entry.high_complexity_procedures_sus.v1/cluster|chemotherapy|at0016|openehr-ehr-admin_entry.high_complexity_procedures_sus.v1/element|duration_of_treatment|at0013|openehr-ehr-admin_entry.high_complexity_procedures_sus.v1,cooccurrence,0.6,0.10526315789473684,0.451578947368421,0.451578947368421,4
/composition|outpatient_high_complexity_procedures|openehr-ehr-composition.outpatient_high_complexity_procedures.v1|openehr-ehr-composition.outpatient_high_complexity_procedures.v1/admin_entry|hcpa|openehr-ehr-admin_entry.high_complexity_procedures_sus.v1|openehr-ehr-admin_entry.high_complexity_procedures_sus.v1/item_tree|components|at0001|openehr-ehr-admin_entry.high_complexity_procedures_sus.v1/cluster|chemotherapy|at0016|openehr-ehr-admin_entry.high_complexity_procedures_sus.v1/element|duration_of_treatment|at0013|openehr-ehr-admin_entry.high_complexity_procedures_sus.v1,/composition|outpatient_high_complexity_procedures|openehr-ehr-composition.outpatient_high_complexity_procedures.v1|openehr-ehr-composition.outpatient_high_complexity_procedures.v1/admin_entry|hcpa|openehr-ehr-admin_entry.high_complexity_procedures_sus.v1|openehr-ehr-admin_entry.high_complexity_procedures_sus.v1/item_tree|components|at0001|openehr-ehr-admin_entry.high_complexity_procedures_sus.v1/cluster|general_data|at0023|openehr-ehr-admin_entry.high_complexity_procedures_sus.v1/element|issue_date|at0009|openehr-ehr-admin_entry.high_complexity_procedures_sus.v1,cooccurrence,0.6,0.10526315789473684,0.451578947368421,0.451578947368421,4
/composition|outpatient_high_complexity_procedures|openehr-ehr-composition.outpatient_high_complexity_procedures.v1|openehr-ehr-composition.outpatient_high_complexity_procedures.v1/admin_entry|hcpa|openehr-ehr-admin_entry.high_complexity_procedures_sus.v1|openehr-ehr-admin_entry.high_complexity_procedures_sus.v1/item_tree|components|at0001|openehr-ehr-admin_entry.high_complexity_procedures_sus.v1/cluster|general_data|at0023|openehr-ehr-admin_entry.high_complexity_procedures_sus.v1/element|issue_date|at0009|openehr-ehr-admin_entry.high_complexity_procedures_sus.v1,/composition|outpatient_high_complexity_procedures|openehr-ehr-composition.outpatient_high_complexity_procedures.v1|openehr-ehr-composition.outpatient_high_complexity_procedures.v1/admin_entry|hcpa|openehr-ehr-admin_entry.high_complexity_procedures_sus.v1|openehr-ehr-admin_entry.high_complexity_procedures_sus.v1/item_tree|components|at0001|openehr-ehr-admin_entry.high_complexity_procedures_sus.v1/cluster|chemotherapy|at0016|openehr-ehr-admin_entry.high_complexity_procedures_sus.v1/element|duration_of_treatment|at0013|openehr-ehr-admin_entry.high_complexity_procedures_sus.v1,cooccurrence,0.6,0.10526315789473684,0.451578947368421,0.451578947368421,4
/composition|outpatient_high_complexity_procedures|openehr-ehr-composition.outpatient_high_complexity_procedures.v1|openehr-ehr-composition.outpatient_high_complexity_procedures.v1/admin_entry|hcpa|openehr-ehr-admin_entry.high_complexity_procedures_sus.v1|openehr-ehr-admin_entry.high_complexity_procedures_sus.v1/item_tree|components|at0001|openehr-ehr-admin_entry.high_complexity_procedures_sus.v1/cluster|chemotherapy|at0016|openehr-ehr-admin_entry.high_complexity_procedures_sus.v1/element|duration_of_treatment|at0013|openehr-ehr-admin_entry.high_complexity_procedures_sus.v1,/composition|outpatient_high_complexity_procedures|openehr-ehr-composition.outpatient_high_complexity_procedures.v1|openehr-ehr-composition.outpatient_high_complexity_procedures.v1/admin_entry|hcpa|openehr-ehr-admin_entry.high_complexity_procedures_sus.v1|openehr-ehr-admin_entry.high_complexity_procedures_sus.v1/item_tree|components|at0001|openehr-ehr-admin_entry.high_complexity_procedures_sus.v1/cluster|general_data|at0023|openehr-ehr-admin_entry.high_complexity_procedures_sus.v1/element|patient_age|at0012|openehr-ehr-admin_entry.high_complexity_procedures_sus.v1,cooccurrence,0.6,0.10526315789473684,0.451578947368421,0.451578947368421,4
/composition|outpatient_high_complexity_procedures|openehr-ehr-composition.outpatient_high_complexity_procedures.v1|openehr-ehr-composition.outpatient_high_complexity_procedures.v1/admin_entry|hcpa|openehr-ehr-admin_entry.high_complexity_procedures_sus.v1|openehr-ehr-admin_entry.high_complexity_procedures_sus.v1/item_tree|components|at0001|openehr-ehr-admin_entry.high_complexity_procedures_sus.v1/cluster|general_data|at0023|openehr-ehr-admin_entry.high_complexity_procedures_sus.v1/element|patient_age|at0012|openehr-ehr-admin_entry.high_complexity_procedures_sus.v1,/composition|outpatient_high_complexity_procedures|openehr-ehr-composition.outpatient_high_complexity_procedures.v1|openehr-ehr-composition.outpatient_high_complexity_procedures.v1/admin_entry|hcpa|openehr-ehr-admin_entry.high_complexity_procedures_sus.v1|openehr-ehr-admin_entry.high_complexity_procedures_sus.v1/item_tree|components|at0001|openehr-ehr-admin_entry.high_complexity_procedures_sus.v1/cluster|chemotherapy|at0016|openehr-ehr-admin_entry.high_complexity_procedures_sus.v1/element|duration_of_treatment|at0013|openehr-ehr-admin_entry.high_complexity_procedures_sus.v1,cooccurrence,0.6,0.10526315789473684,0.451578947368421,0.451578947368421,4
/composition|outpatient_high_complexity_procedures|openehr-ehr-composition.outpatient_high_complexity_procedures.v1|openehr-ehr-composition.outpatient_high_complexity_procedures.v1/admin_entry|hcpa|openehr-ehr-admin_entry.high_complexity_procedures_sus.v1|openehr-ehr-admin_entry.high_complexity_procedures_sus.v1/item_tree|components|at0001|openehr-ehr-admin_entry.high_complexity_procedures_sus.v1/cluster|chemotherapy|at0016|openehr-ehr-admin_entry.high_complexity_procedures_sus.v1/element|duration_of_treatment|at0013|openehr-ehr-admin_entry.high_complexity_procedures_sus.v1,/composition|outpatient_high_complexity_procedures|openehr-ehr-composition.outpatient_high_complexity_procedures.v1|openehr-ehr-composition.outpatient_high_complexity_procedures.v1/admin_entry|hcpa|openehr-ehr-admin_entry.high_complexity_procedures_sus.v1|openehr-ehr-admin_entry.high_complexity_procedures_sus.v1/item_tree|components|at0001|openehr-ehr-admin_entry.high_complexity_procedures_sus.v1/cluster|general_data|at0023|openehr-ehr-admin_entry.high_complexity_procedures_sus.v1/element|reason_for_encounter|at0010|openehr-ehr-admin_entry.high_complexity_procedures_sus.v1,cooccurrence,0.6,0.10526315789473684,0.451578947368421,0.451578947368421,4
/composition|outpatient_high_complexity_procedures|openehr-ehr-composition.outpatient_high_complexity_procedures.v1|openehr-ehr-composition.outpatient_high_complexity_procedures.v1/admin_entry|hcpa|openehr-ehr-admin_entry.high_complexity_procedures_sus.v1|openehr-ehr-admin_entry.high_complexity_procedures_sus.v1/item_tree|components|at0001|openehr-ehr-admin_entry.high_complexity_procedures_sus.v1/cluster|general_data|at0023|openehr-ehr-admin_entry.high_complexity_procedures_sus.v1/element|reason_for_encounter|at0010|openehr-ehr-admin_entry.high_complexity_procedures_sus.v1,/composition|outpatient_high_complexity_procedures|openehr-ehr-composition.outpatient_high_complexity_procedures.v1|openehr-ehr-composition.outpatient_high_complexity_procedures.v1/admin_entry|hcpa|openehr-ehr-admin_entry.high_complexity_procedures_sus.v1|openehr-ehr-admin_entry.high_complexity_procedures_sus.v1/item_tree|components|at0001|openehr-ehr-admin_entry.high_complexity_procedures_sus.v1/cluster|chemotherapy|at0016|openehr-ehr-admin_entry.high_complexity_procedures_sus.v1/element|duration_of_treatment|at0013|openehr-ehr-admin_entry.high_complexity_procedures_sus.v1,cooccurrence,0.6,0.10526315789473684,0.451578947368421,0.451578947368421,4
/composition|outpatient_high_complexity_procedures|openehr-ehr-composition.outpatient_high_complexity_procedures.v1|openehr-ehr-composition.outpatient_high_complexity_procedures.v1/admin_entry|hcpa|openehr-ehr-admin_entry.high_complexity_procedures_sus.v1|openehr-ehr-admin_entry.high_complexity_procedures_sus.v1/item_tree|components|at0001|openehr-ehr-admin_entry.high_complexity_procedures_sus.v1/cluster|chemotherapy|at0016|openehr-ehr-admin_entry.high_complexity_procedures_sus.v1/element|duration_of_treatment|at0013|openehr-ehr-admin_entry.high_complexity_procedures_sus.v1,/composition|outpatient_high_complexity_procedures|openehr-ehr-composition.outpatient_high_complexity_procedures.v1|openehr-ehr-composition.outpatient_high_complexity_procedures.v1/admin_entry|hcpa|openehr-ehr-admin_entry.high_complexity_procedures_sus.v1|openehr-ehr-admin_entry.high_complexity_procedures_sus.v1/item_tree|components|at0001|openehr-ehr-admin_entry.high_complexity_procedures_sus.v1/cluster|general_data|at0023|openehr-ehr-admin_entry.high_complexity_procedures_sus.v1/element|state|at0028|openehr-ehr-admin_entry.high_complexity_procedures_sus.v1,cooccurrence,0.6,0.10526315789473684,0.451578947368421,0.451578947368421,4
/composition|outpatient_high_complexity_procedures|openehr-ehr-composition.outpatient_high_complexity_procedures.v1|openehr-ehr-composition.outpatient_high_complexity_procedures.v1/admin_entry|hcpa|openehr-ehr-admin_entry.high_complexity_procedures_sus.v1|openehr-ehr-admin_entry.high_complexity_procedures_sus.v1/item_tree|components|at0001|openehr-ehr-admin_entry.high_complexity_procedures_sus.v1/cluster|general_data|at0023|openehr-ehr-admin_entry.high_complexity_procedures_sus.v1/element|state|at0028|openehr-ehr-admin_entry.high_complexity_procedures_sus.v1,/composition|outpatient_high_complexity_procedures|openehr-ehr-composition.outpatient_high_complexity_procedures.v1|openehr-ehr-composition.outpatient_high_complexity_procedures.v1/admin_entry|hcpa|openehr-ehr-admin_entry.high_complexity_procedures_sus.v1|openehr-ehr-admin_entry.high_complexity_procedures_sus.v1/item_tree|components|at0001|openehr-ehr-admin_entry.high_complexity_procedures_sus.v1/cluster|chemotherapy|at0016|openehr-ehr-admin_entry.high_complexity_procedures_sus.v1/element|duration_of_treatment|at0013|openehr-ehr-admin_entry.high_complexity_procedures_sus.v1,cooccurrence,0.6,0.10526315789473684,0.451578947368421,0.451578947368421,4
/composition|outpatient_high_complexity_procedures|openehr-ehr-composition.outpatient_high_complexity_procedures.v1|openehr-ehr-composition.outpatient_high_complexity_procedures.v1/admin_entry|hcpa|openehr-ehr-admin_entry.high_complexity_procedures_sus.v1|openehr-ehr-admin_entry.high_complexity_procedures_sus.v1/item_tree|components|at0001|openehr-ehr-admin_entry.high_complexity_procedures_sus.v1/cluster|chemotherapy|at0016|openehr-ehr-admin_entry.high_complexity_procedures_sus.v1/element|schema|at0014|openehr-ehr-admin_entry.high_complexity_procedures_sus.v1,/composition|outpatient_high_complexity_procedures|openehr-ehr-composition.outpatient_high_complexity_procedures.v1|openehr-ehr-composition.outpatient_high_complexity_procedures.v1/admin_entry|hcpa|openehr-ehr-admin_entry.high_complexity_procedures_sus.v1|openehr-ehr-admin_entry.high_complexity_procedures_sus.v1/item_tree|components|at0001|openehr-ehr-admin_entry.high_complexity_procedures_sus.v1/cluster|general_data|at0023|openehr-ehr-admin_entry.high_complexity_procedures_sus.v1/element|healthcare_unit|at0011|openehr-ehr-admin_entry.high_complexity_procedures_sus.v1,cooccurrence,0.6,0.10526315789473684,0.451578947368421,0.451578947368421,4
/composition|outpatient_high_complexity_procedures|openehr-ehr-composition.outpatient_high_complexity_procedures.v1|openehr-ehr-composition.outpatient_high_complexity_procedures.v1/admin_entry|hcpa|openehr-ehr-admin_entry.high_complexity_procedures_sus.v1|openehr-ehr-admin_entry.high_complexity_procedures_sus.v1/item_tree|components|at0001|openehr-ehr-admin_entry.high_complexity_procedures_sus.v1/cluster|general_data|at0023|openehr-ehr-admin_entry.high_complexity_procedures_sus.v1/element|healthcare_unit|at0011|openehr-ehr-admin_entry.high_complexity_procedures_sus.v1,/composition|outpatient_high_complexity_procedures|openehr-ehr-composition.outpatient_high_complexity_procedures.v1|openehr-ehr-composition.outpatient_high_complexity_procedures.v1/admin_entry|hcpa|openehr-ehr-admin_entry.high_complexity_procedures_sus.v1|openehr-ehr-admin_entry.high_complexity_procedures_sus.v1/item_tree|components|at0001|openehr-ehr-admin_entry.high_complexity_procedures_sus.v1/cluster|chemotherapy|at0016|openehr-ehr-admin_entry.high_complexity_procedures_sus.v1/element|schema|at0014|openehr-ehr-admin_entry.high_complexity_procedures_sus.v1,cooccurrence,0.6,0.10526315789473684,0.451578947368421,0.451578947368421,4
/composition|outpatient_high_complexity_procedures|openehr-ehr-composition.outpatient_high_complexity_procedures.v1|openehr-ehr-composition.outpatient_high_complexity_procedures.v1/admin_entry|hcpa|openehr-ehr-admin_entry.high_complexity_procedures_sus.v1|openehr-ehr-admin_entry.high_complexity_procedures_sus.v1/item_tree|components|at0001|openehr-ehr-admin_entry.high_complexity_procedures_sus.v1/cluster|chemotherapy|at0016|openehr-ehr-admin_entry.high_complexity_procedures_sus.v1/element|schema|at0014|openehr-ehr-admin_entry.high_complexity_procedures_sus.v1,/composition|outpatient_high_complexity_procedures|openehr-ehr-composition.outpatient_high_complexity_procedures.v1|openehr-ehr-composition.outpatient_high_complexity_procedures.v1/admin_entry|hcpa|openehr-ehr-admin_entry.high_complexity_procedures_sus.v1|openehr-ehr-admin_entry.high_complexity_procedures_sus.v1/item_tree|components|at0001|openehr-ehr-admin_entry.high_complexity_procedures_sus.v1/cluster|general_data|at0023|openehr-ehr-admin_entry.high_complexity_procedures_sus.v1/element|issue_date|at0009|openehr-ehr-admin_entry.high_complexity_procedures_sus.v1,cooccurrence,0.6,0.10526315789473684,0.451578947368421,0.451578947368421,4
/composition|outpatient_high_complexity_procedures|openehr-ehr-composition.outpatient_high_complexity_procedures.v1|openehr-ehr-composition.outpatient_high_complexity_procedures.v1/admin_entry|hcpa|openehr-ehr-admin_entry.high_complexity_procedures_sus.v1|openehr-ehr-admin_entry.high_complexity_procedures_sus.v1/item_tree|components|at0001|openehr-ehr-admin_entry.high_complexity_procedures_sus.v1/cluster|general_data|at0023|openehr-ehr-admin_entry.high_complexity_procedures_sus.v1/element|issue_date|at0009|openehr-ehr-admin_entry.high_complexity_procedures_sus.v1,/composition|outpatient_high_complexity_procedures|openehr-ehr-composition.outpatient_high_complexity_procedures.v1|openehr-ehr-composition.outpatient_high_complexity_procedures.v1/admin_entry|hcpa|openehr-ehr-admin_entry.high_complexity_procedures_sus.v1|openehr-ehr-admin_entry.high_complexity_procedures_sus.v1/item_tree|components|at0001|openehr-ehr-admin_entry.high_complexity_procedures_sus.v1/cluster|chemotherapy|at0016|openehr-ehr-admin_entry.high_complexity_procedures_sus.v1/element|schema|at0014|openehr-ehr-admin_entry.high_complexity_procedures_sus.v1,cooccurrence,0.6,0.10526315789473684,0.451578947368421,0.451578947368421,4
/composition|outpatient_high_complexity_procedures|openehr-ehr-composition.outpatient_high_complexity_procedures.v1|openehr-ehr-composition.outpatient_high_complexity_procedures.v1/admin_entry|hcpa|openehr-ehr-admin_entry.high_complexity_procedures_sus.v1|openehr-ehr-admin_entry.high_complexity_procedures_sus.v1/item_tree|components|at0001|openehr-ehr-admin_entry.high_complexity_procedures_sus.v1/cluster|chemotherapy|at0016|openehr-ehr-admin_entry.high_complexity_procedures_sus.v1/element|schema|at0014|openehr-ehr-admin_entry.high_complexity_procedures_sus.v1,/composition|outpatient_high_complexity_procedures|openehr-ehr-composition.outpatient_high_complexity_procedures.v1|openehr-ehr-composition.outpatient_high_complexity_procedures.v1/admin_entry|hcpa|openehr-ehr-admin_entry.high_complexity_procedures_sus.v1|openehr-ehr-admin_entry.high_complexity_procedures_sus.v1/item_tree|components|at0001|openehr-ehr-admin_entry.high_complexity_procedures_sus.v1/cluster|general_data|at0023|openehr-ehr-admin_entry.high_complexity_procedures_sus.v1/element|patient_age|at0012|openehr-ehr-admin_entry.high_complexity_procedures_sus.v1,cooccurrence,0.6,0.10526315789473684,0.451578947368421,0.451578947368421,4
/composition|outpatient_high_complexity_procedures|openehr-ehr-composition.outpatient_high_complexity_procedures.v1|openehr-ehr-composition.outpatient_high_complexity_procedures.v1/admin_entry|hcpa|openehr-ehr-admin_entry.high_complexity_procedures_sus.v1|openehr-ehr-admin_entry.high_complexity_procedures_sus.v1/item_tree|components|at0001|openehr-ehr-admin_entry.high_complexity_procedures_sus.v1/cluster|general_data|at0023|openehr-ehr-admin_entry.high_complexity_procedures_sus.v1/element|patient_age|at0012|openehr-ehr-admin_entry.high_complexity_procedures_sus.v1,/composition|outpatient_high_complexity_procedures|openehr-ehr-composition.outpatient_high_complexity_procedures.v1|openehr-ehr-composition.outpatient_high_complexity_procedures.v1/admin_entry|hcpa|openehr-ehr-admin_entry.high_complexity_procedures_sus.v1|openehr-ehr-admin_entry.high_complexity_procedures_sus.v1/item_tree|components|at0001|openehr-ehr-admin_entry.high_complexity_procedures_sus.v1/cluster|chemotherapy|at0016|openehr-ehr-admin_entry.high_complexity_procedures_sus.v1/element|schema|at0014|openehr-ehr-admin_entry.high_complexity_procedures_sus.v1,cooccurrence,0.6,0.10526315789473684,0.451578947368421,0.451578947368421,4
/composition|outpatient_high_complexity_procedures|openehr-ehr-composition.outpatient_high_complexity_procedures.v1|openehr-ehr-composition.outpatient_high_complexity_procedures.v1/admin_entry|hcpa|openehr-ehr-admin_entry.high_complexity_procedures_sus.v1|openehr-ehr-admin_entry.high_complexity_procedures_sus.v1/item_tree|components|at0001|openehr-ehr-admin_entry.high_complexity_procedures_sus.v1/cluster|chemotherapy|at0016|openehr-ehr-admin_entry.high_complexity_procedures_sus.v1/element|schema|at0014|openehr-ehr-admin_entry.high_complexity_procedures_sus.v1,/composition|outpatient_high_complexity_procedures|openehr-ehr-composition.outpatient_high_complexity_procedures.v1|openehr-ehr-composition.outpatient_high_complexity_procedures.v1/admin_entry|hcpa|openehr-ehr-admin_entry.high_complexity_procedures_sus.v1|openehr-ehr-admin_entry.high_complexity_procedures_sus.v1/item_tree|components|at0001|openehr-ehr-admin_entry.high_complexity_procedures_sus.v1/cluster|general_data|at0023|openehr-ehr-admin_entry.high_complexity_procedures_sus.v1/element|reason_for_encounter|at0010|openehr-ehr-admin_entry.high_complexity_procedures_sus.v1,cooccurrence,0.6,0.10526315789473684,0.451578947368421,0.451578947368421,4
/composition|outpatient_high_complexity_procedures|openehr-ehr-composition.outpatient_high_complexity_procedures.v1|openehr-ehr-composition.outpatient_high_complexity_procedures.v1/admin_entry|hcpa|openehr-ehr-admin_entry.high_complexity_procedures_sus.v1|openehr-ehr-admin_entry.high_complexity_procedures_sus.v1/item_tree|components|at0001|openehr-ehr-admin_entry.high_complexity_procedures_sus.v1/cluster|general_data|at0023|openehr-ehr-admin_entry.high_complexity_procedures_sus.v1/element|reason_for_encounter|at0010|openehr-ehr-admin_entry.high_complexity_procedures_sus.v1,/composition|outpatient_high_complexity_procedures|openehr-ehr-composition.outpatient_high_complexity_procedures.v1|openehr-ehr-composition.outpatient_high_complexity_procedures.v1/admin_entry|hcpa|openehr-ehr-admin_entry.high_complexity_procedures_sus.v1|openehr-ehr-admin_entry.high_complexity_procedures_sus.v1/item_tree|components|at0001|openehr-ehr-admin_entry.high_complexity_procedures_sus.v1/cluster|chemotherapy|at0016|openehr-ehr-admin_entry.high_complexity_procedures_sus.v1/element|schema|at0014|openehr-ehr-admin_entry.high_complexity_procedures_sus.v1,cooccurrence,0.6,0.10526315789473684,0.451578947368421,0.451578947368421,4
/composition|outpatient_high_complexity_procedures|openehr-ehr-composition.outpatient_high_complexity_procedures.v1|openehr-ehr-composition.outpatient_high_complexity_procedures.v1/admin_entry|hcpa|openehr-ehr-admin_entry.high_complexity_procedures_sus.v1|openehr-ehr-admin_entry.high_complexity_procedures_sus.v1/item_tree|components|at0001|openehr-ehr-admin_entry.high_complexity_procedures_sus.v1/cluster|chemotherapy|at0016|openehr-ehr-admin_entry.high_complexity_procedures_sus.v1/element|schema|at0014|openehr-ehr-admin_entry.high_complexity_procedures_sus.v1,/composition|outpatient_high_complexity_procedures|openehr-ehr-composition.outpatient_high_complexity_procedures.v1|openehr-ehr-composition.outpatient_high_complexity_procedures.v1/admin_entry|hcpa|openehr-ehr-admin_entry.high_complexity_procedures_sus.v1|openehr-ehr-admin_entry.high_complexity_procedures_sus.v1/item_tree|components|at0001|openehr-ehr-admin_entry.high_complexity_procedures_sus.v1/cluster|general_data|at0023|openehr-ehr-admin_entry.high_complexity_procedures_sus.v1/element|state|at0028|openehr-ehr-admin_entry.high_complexity_procedures_sus.v1,cooccurrence,0.6,0.10526315789473684,0.451578947368421,0.451578947368421,4
/composition|outpatient_high_complexity_procedures|openehr-ehr-composition.outpatient_high_complexity_procedures.v1|openehr-ehr-composition.outpatient_high_complexity_procedures.v1/admin_entry|hcpa|openehr-ehr-admin_entry.high_complexity_procedures_sus.v1|openehr-ehr-admin_entry.high_complexity_procedures_sus.v1/item_tree|components|at0001|openehr-ehr-admin_entry.high_complexity_procedures_sus.v1/cluster|general_data|at0023|openehr-ehr-admin_entry.high_complexity_procedures_sus.v1/element|state|at0028|openehr-ehr-admin_entry.high_complexity_procedures_sus.v1,/composition|outpatient_high_complexity_procedures|openehr-ehr-composition.outpatient_high_complexity_procedures.v1|openehr-ehr-composition.outpatient_high_complexity_procedures.v1/admin_entry|hcpa|openehr-ehr-admin_entry.high_complexity_procedures_sus.v1|openehr-ehr-admin_entry.high_complexity_procedures_sus.v1/item_tree|components|at0001|openehr-ehr-admin_entry.high_complexity_procedures_sus.v1/cluster|chemotherapy|at0016|openehr-ehr-admin_entry.high_complexity_procedures_sus.v1/element|schema|at0014|openehr-ehr-admin_entry.high_complexity_procedures_sus.v1,cooccurrence,0.6,0.10526315789473684,0.451578947368421,0.451578947368421,4
